hex_id,geometry,pred_peak_month,pred_peak_share,area_weight_km2,wind_peak_month,wind_peak_share,wind_profile_metric,circular_peak_month_difference,signed_peak_month_shift,peak_month_share_difference,abs_peak_month_share_difference
794,"POLYGON ((2732939.1628619023 1758977.3936584655, 2704072.072798036 1758977.3936557039, 2689638.52776754 1783977.0269913992, 2704072.072800926 1808976.660329873, 2732939.162864751 1808976.6603326425, 2747372.707895235 1783977.0269969436, 2732939.1628619023 1758977.3936584655))",11,0.1974305587963225,2164.999999979252,2,0.2048644848141854,frequency,3,-3,-0.007433926017862913,0.007433926017862913
795,"POLYGON ((2732939.162864751 1808976.6603326425, 2704072.072800926 1808976.660329873, 2689638.527770479 1833976.2936664824, 2704072.072803871 1858975.927004864, 2732939.162867655 1858975.9270076442, 2747372.7078980906 1833976.2936720366, 2732939.162864751 1808976.6603326425))",7,0.1811129594026909,2165.000000022563,2,0.2132218055233814,frequency,5,5,-0.03210884612069051,0.03210884612069051
796,"POLYGON ((2732939.162867655 1858975.9270076442, 2704072.072803871 1858975.927004864, 2689638.5277734715 1883975.5603403794, 2704072.072806866 1908975.1936786578, 2732939.1628706045 1908975.1936814294, 2747372.7079009954 1883975.5603459347, 2732939.162867655 1858975.9270076442))",1,0.369153134819733,2164.999999979252,2,0.3086672636505687,frequency,1,-1,0.06048587116916432,0.06048587116916432
797,"POLYGON ((2732939.1628706045 1908975.1936814294, 2704072.072806866 1908975.1936786578, 2689638.5277765105 1933974.8270150565, 2704072.072809901 1958974.4603532073, 2732939.162873597 1958974.460355984, 2747372.7079039454 1933974.8270206072, 2732939.1628706045 1908975.1936814294))",12,0.4332332655876096,2165.000000022563,2,0.3086672636505687,frequency,2,-2,0.12456600193704093,0.12456600193704093
798,"POLYGON ((2732939.162873597 1958974.460355984, 2704072.072809901 1958974.4603532073, 2689638.5277795894 1983974.0936884845, 2704072.0728129735 2008973.7270264928, 2732939.162876621 2008973.7270292558, 2747372.707906931 1983974.0936940208, 2732939.162873597 1958974.460355984))",2,0.4578833333429112,2164.999999979252,2,0.2762364914007305,frequency,0,0,0.18164684194218073,0.18164684194218073
799,"POLYGON ((2732939.162876621 2008973.7270292558, 2704072.0728129735 2008973.7270264928, 2689638.527782701 2033973.360362636, 2704072.0728160758 2058972.9937004868, 2732939.162879675 2058972.9937032415, 2747372.707909948 2033973.360368153, 2732939.162876621 2008973.7270292558))",2,0.268888532028283,2165.000000022563,2,0.2213941538837589,frequency,0,0,0.04749437814452409,0.04749437814452409
881,"POLYGON ((2776239.7979562897 1733977.7603253766, 2747372.7078924356 1733977.760322688, 2732939.1628619023 1758977.3936584655, 2747372.707895235 1783977.0269969436, 2776239.797959047 1783977.0269996386, 2790673.3429895686 1758977.3936638515, 2776239.7979562897 1733977.7603253766))",12,0.3468804308613709,2164.9999999792512,10,0.211678848051415,frequency,2,2,0.1352015828099559,0.1352015828099559
882,"POLYGON ((2776239.797959047 1783977.0269996386, 2747372.707895235 1783977.0269969436, 2732939.162864751 1808976.6603326425, 2747372.7078980906 1833976.2936720366, 2776239.797961861 1833976.2936747398, 2790673.3429923356 1808976.660338047, 2776239.797959047 1783977.0269996386))",12,0.4088506346926753,2165.0000000225623,2,0.2651269608542772,frequency,2,-2,0.14372367383839807,0.14372367383839807
883,"POLYGON ((2776239.797961861 1833976.2936747398, 2747372.7078980906 1833976.2936720366, 2732939.162867655 1858975.9270076442, 2747372.7079009954 1883975.5603459347, 2776239.797964723 1883975.5603486414, 2790673.3429951514 1858975.927013052, 2776239.797961861 1833976.2936747398))",4,0.2737225163638789,2164.9999999792512,2,0.2205320501917201,frequency,2,2,0.05319046617215881,0.05319046617215881
884,"POLYGON ((2776239.797964723 1883975.5603486414, 2747372.7079009954 1883975.5603459347, 2732939.1628706045 1908975.1936814294, 2747372.7079039454 1933974.8270206072, 2776239.797967626 1933974.8270233052, 2790673.342998012 1908975.1936868385, 2776239.797964723 1883975.5603486414))",1,0.2782547505346384,2165.0000000225623,2,0.2857100396412013,frequency,1,-1,-0.007455289106562901,0.007455289106562901
885,"POLYGON ((2776239.797967626 1933974.8270233052, 2747372.7079039454 1933974.8270206072, 2732939.162873597 1958974.460355984, 2747372.707906931 1983974.0936940208, 2776239.797970564 1983974.093696712, 2790673.3430009107 1958974.4603613769, 2776239.797967626 1933974.8270233052))",6,0.2912347287798743,2164.9999999792512,2,0.2743275986507784,frequency,4,4,0.016907130129095893,0.016907130129095893
886,"POLYGON ((2776239.797970564 1983974.093696712, 2747372.707906931 1983974.0936940208, 2732939.162876621 2008973.7270292558, 2747372.707909948 2033973.360368153, 2776239.797973532 2033973.36037083, 2790673.34300384 2008973.727034634, 2776239.797970564 1983974.093696712))",2,0.5826381904845304,2165.0000000225623,2,0.2546316603794651,frequency,0,0,0.32800653010506525,0.32800653010506525
887,"POLYGON ((2776239.797973532 2033973.36037083, 2747372.707909948 2033973.360368153, 2732939.162879675 2058972.9937032415, 2747372.707912989 2083972.6270409697, 2776239.7979765246 2083972.6270436358, 2790673.3430067953 2058972.9937085896, 2776239.797973532 2033973.36037083))",12,0.3329803914383458,2164.9999999792512,2,0.2526817385358348,frequency,2,-2,0.08029865290251098,0.08029865290251098
888,"POLYGON ((2776239.7979765246 2083972.6270436358, 2747372.707912989 2083972.6270409697, 2732939.1628827504 2108972.260376899, 2747372.7079160474 2133971.8937144475, 2776239.797979532 2133971.893717097, 2790673.343009772 2108972.260382222, 2776239.7979765246 2083972.6270436358))",2,0.1667523197233003,2165.0000000225523,2,0.2762487406736848,frequency,0,0,-0.10949642095038453,0.10949642095038453
970,"POLYGON ((2819540.4330560938 1808976.6603406752, 2790673.3429923356 1808976.660338047, 2776239.797961861 1833976.2936747398, 2790673.3429951514 1858975.927013052, 2819540.4330588644 1858975.9270156806, 2833973.9780893326 1833976.293679998, 2819540.4330560938 1808976.6603406752))",2,0.2930677244997424,2165.000000022563,10,0.2883710772047462,frequency,4,4,0.004696647294996192,0.004696647294996192
973,"POLYGON ((2819540.433064531 1958974.4603639967, 2790673.3430009107 1958974.4603613769, 2776239.797970564 1983974.093696712, 2790673.34300384 2008973.727034634, 2819540.433067413 2008973.7270372491, 2833973.9780977573 1983974.093701948, 2819540.433064531 1958974.4603639967))",11,0.3714363246365907,2164.999999979252,10,0.3011432823266798,frequency,1,1,0.0702930423099109,0.0702930423099109
974,"POLYGON ((2819540.433067413 2008973.7270372491, 2790673.34300384 2008973.727034634, 2776239.797973532 2033973.36037083, 2790673.3430067953 2058972.9937085896, 2819540.4330703197 2058972.9937111915, 2833973.9781006277 2033973.3603760453, 2819540.433067413 2008973.7270372491))",8,0.2514082296433366,2165.000000022563,2,0.2209795045013478,frequency,6,6,0.0304287251419888,0.0304287251419888
975,"POLYGON ((2819540.4330703197 2058972.9937111915, 2790673.3430067953 2058972.9937085896, 2776239.7979765246 2083972.6270436358, 2790673.343009772 2108972.260382222, 2819540.4330732427 2108972.2603848, 2833973.978103518 2083972.6270488158, 2819540.4330703197 2058972.9937111915))",2,0.6856319346324119,2165.0000000225527,2,0.2030575496672947,frequency,0,0,0.4825743849651172,0.4825743849651172
976,"POLYGON ((2819540.4330732427 2108972.2603848, 2790673.343009772 2108972.260382222, 2776239.797979532 2133971.893717097, 2790673.34301276 2158971.527054492, 2819540.433076181 2158971.5270570572, 2833973.978106424 2133971.8937222445, 2819540.4330732427 2108972.2603848))",4,0.1903399582823106,2164.999999979262,12,0.2430140864337602,frequency,4,4,-0.05267412815144962,0.05267412815144962
977,"POLYGON ((2819540.433076181 2158971.5270570572, 2790673.34301276 2158971.527054492, 2776239.797982552 2183971.160389198, 2790673.343015756 2208970.7937273923, 2819540.4330791254 2208970.7937299386, 2833973.9781093383 2183971.1603943016, 2819540.433076181 2158971.5270570572))",11,0.2962741168770533,2165.0000000225527,1,0.2781808755500677,frequency,2,-2,0.018093241326985587,0.018093241326985587
978,"POLYGON ((2819540.4330791254 2208970.7937299386, 2790673.343015756 2208970.7937273923, 2776239.797985577 2233970.4270619163, 2790673.3430187562 2258970.060398902, 2819540.4330820707 2258970.0604014164, 2833973.9781122585 2233970.4270669715, 2819540.4330791254 2208970.7937299386))",2,0.2130938272664707,2164.999999979262,1,0.235760886426461,frequency,1,1,-0.022667059159990316,0.022667059159990316
979,"POLYGON ((2819540.4330820707 2258970.0604014164, 2790673.3430187562 2258970.060398902, 2776239.797988601 2283969.693733232, 2790673.3430217514 2308969.3270709943, 2819540.4330850122 2308969.327073483, 2833973.978115175 2283969.6937382314, 2819540.4330820707 2258970.0604014164))",6,0.5374156344152399,2165.0000000225527,1,0.2483085638572568,frequency,5,5,0.28910707055798307,0.28910707055798307
981,"POLYGON ((2819540.433087944 2358968.593744114, 2790673.34302474 2358968.5937416647, 2776239.7979946295 2383968.2270755945, 2790673.343027712 2408967.860412881, 2819540.4330908637 2408967.8604153045, 2833973.978120984 2383968.227080462, 2819540.433087944 2358968.593744114))",1,0.4687871675799218,2165.0000000225527,1,0.2497646699555155,frequency,0,0,0.2190224976244063,0.2190224976244063
1055,"POLYGON ((2862841.0681451447 1683978.4936577247, 2833973.978081313 1683978.4936551873, 2819540.4330507023 1708978.1269911262, 2833973.978083931 1733977.760330609, 2862841.068147721 1733977.7603331583, 2877274.613178321 1708978.1269962036, 2862841.0681451447 1683978.4936577247))",12,0.5210405110208015,2165.000000022565,12,0.2326614408921108,frequency,0,0,0.2883790701286907,0.2883790701286907
1057,"POLYGON ((2862841.0681503536 1783977.027007447, 2833973.9780866057 1783977.027004893, 2819540.4330560938 1808976.6603406752, 2833973.9780893326 1833976.293679998, 2862841.068153034 1833976.2936825503, 2877274.613183543 1808976.6603457853, 2862841.0681503536 1783977.027007447))",2,0.3105995883824772,2165.000000022575,2,0.2750074868225002,frequency,0,0,0.035592101559976996,0.035592101559976996
1058,"POLYGON ((2862841.068153034 1833976.2936825503, 2833973.9780893326 1833976.293679998, 2819540.4330588644 1858975.9270156806, 2833973.9780921037 1883975.5603538956, 2862841.068155761 1883975.5603564535, 2877274.613186224 1858975.9270207894, 2862841.068153034 1833976.2936825503))",5,0.3847996975476009,2164.9999999792635,2,0.2218008856404637,frequency,3,3,0.1629988119071372,0.1629988119071372
1059,"POLYGON ((2862841.068155761 1883975.5603564535, 2833973.9780921037 1883975.5603538956, 2819540.4330616817 1908975.1936894676, 2833973.978094914 1933974.82702856, 2862841.068158523 1933974.8270311072, 2877274.6131889448 1908975.1936945685, 2862841.068155761 1883975.5603564535))",4,0.5569332078974083,2165.000000022575,2,0.2222186261700147,frequency,2,2,0.3347145817273936,0.3347145817273936
1060,"POLYGON ((2862841.068158523 1933974.8270311072, 2833973.978094914 1933974.82702856, 2819540.433064531 1958974.4603639967, 2833973.9780977573 1983974.093701948, 2862841.068161319 1983974.093704493, 2877274.613191701 1958974.4603690915, 2862841.068158523 1933974.8270311072))",2,0.2866595143360866,2164.9999999792635,10,0.2863570021516828,frequency,4,4,0.00030251218440380256,0.00030251218440380256
1061,"POLYGON ((2862841.068161319 1983974.093704493, 2833973.9780977573 1983974.093701948, 2819540.433067413 2008973.7270372491, 2833973.9781006277 2033973.3603760453, 2862841.068164139 2033973.3603785774, 2877274.6131944843 2008973.727042322, 2862841.068161319 1983974.093704493))",5,0.3267748973618946,2165.000000022575,10,0.2514909878428392,frequency,5,-5,0.07528390951905539,0.07528390951905539
1062,"POLYGON ((2862841.068164139 2033973.3603785774, 2833973.9781006277 2033973.3603760453, 2819540.4330703197 2058972.9937111915, 2833973.978103518 2083972.6270488158, 2862841.068166978 2083972.6270513316, 2877274.6131972894 2058972.9937162374, 2862841.068164139 2033973.3603785774))",2,0.5481293215202085,2164.9999999792635,2,0.2789540109222585,frequency,0,0,0.26917531059795,0.26917531059795
1063,"POLYGON ((2862841.068166978 2083972.6270513316, 2833973.978103518 2083972.6270488158, 2819540.4330732427 2108972.2603848, 2833973.978106424 2133971.8937222445, 2862841.068169833 2133971.893724745, 2877274.6132001122 2108972.260389815, 2862841.068166978 2083972.6270513316))",2,0.288800348749177,2165.000000022565,2,0.2529464367945857,frequency,0,0,0.035853911954591255,0.035853911954591255
1064,"POLYGON ((2862841.068169833 2133971.893724745, 2833973.978106424 2133971.8937222445, 2819540.433076181 2158971.5270570572, 2833973.9781093383 2183971.1603943016, 2862841.068172695 2183971.1603967776, 2877274.613202944 2158971.5270620305, 2862841.068169833 2133971.893724745))",11,0.2508138499611987,2164.999999979273,2,0.2030575496672947,frequency,3,-3,0.047756300293904014,0.047756300293904014
1065,"POLYGON ((2862841.068172695 2183971.1603967776, 2833973.9781093383 2183971.1603943016, 2819540.4330791254 2208970.7937299386, 2833973.9781122585 2233970.4270669715, 2862841.0681755603 2233970.4270694214, 2877274.613205783 2208970.7937348667, 2862841.068172695 2183971.1603967776))",12,0.1909273387185418,2165.000000022565,1,0.2826169302983921,frequency,1,-1,-0.09168959157985027,0.09168959157985027
1066,"POLYGON ((2862841.0681755603 2233970.4270694214, 2833973.9781122585 2233970.4270669715, 2819540.4330820707 2258970.0604014164, 2833973.978115175 2283969.6937382314, 2862841.068178423 2283969.693740654, 2877274.6132086203 2258970.060406291, 2862841.0681755603 2233970.4270694214))",1,0.3723657486324826,2164.999999979273,1,0.2466014782101087,frequency,0,0,0.12576427042237392,0.12576427042237392
1067,"POLYGON ((2862841.068178423 2283969.693740654, 2833973.978115175 2283969.6937382314, 2819540.4330850122 2308969.327073483, 2833973.9781180853 2333968.960410066, 2862841.068181281 2333968.9604124664, 2877274.613211453 2308969.327078297, 2862841.068178423 2283969.693740654))",1,0.3546844485074674,2165.000000022565,2,0.2408253572073083,frequency,1,-1,0.11385909130015909,0.11385909130015909
1068,"POLYGON ((2862841.068181281 2333968.9604124664, 2833973.9781180853 2333968.960410066, 2819540.433087944 2358968.593744114, 2833973.978120984 2383968.227080462, 2862841.0681841243 2383968.2270828267, 2877274.6132142763 2358968.593748868, 2862841.068181281 2333968.9604124664))",1,0.3430987809627758,2164.999999979273,1,0.2603231833487664,frequency,0,0,0.08277559761400938,0.08277559761400938
1069,"POLYGON ((2862841.0681841243 2383968.2270828267, 2833973.978120984 2383968.227080462, 2819540.4330908637 2408967.8604153045, 2833973.978123867 2433967.4937514067, 2862841.06818695 2433967.493753732, 2877274.6132170837 2408967.8604199872, 2862841.0681841243 2383968.2270828267))",1,0.4352112602514086,2165.000000022565,1,0.3135824460761515,frequency,0,0,0.12162881417525712,0.12162881417525712
1142,"POLYGON ((2906141.703239616 1658978.860324166, 2877274.6131757954 1658978.8603217078, 2862841.0681451447 1683978.4936577247, 2877274.613178321 1708978.1269962036, 2906141.7032421017 1708978.1269986767, 2920575.248272745 1683978.4936626495, 2906141.703239616 1658978.860324166))",1,0.4889647677343951,2164.999999979252,12,0.2110507537177113,frequency,1,1,0.2779140140166838,0.2779140140166838
1143,"POLYGON ((2906141.7032421017 1708978.1269986767, 2877274.613178321 1708978.1269962036, 2862841.068147721 1733977.7603331583, 2877274.6131809065 1758977.3936715773, 2906141.7032446433 1758977.3936740553, 2920575.248275237 1733977.7603381022, 2906141.7032421017 1708978.1269986767))",12,0.4795471475405219,2165.000000022563,2,0.2967453018314679,frequency,2,-2,0.182801845709054,0.182801845709054
1144,"POLYGON ((2906141.7032446433 1758977.3936740553, 2877274.6131809065 1758977.3936715773, 2862841.0681503536 1783977.027007447, 2877274.613183543 1808976.6603457853, 2906141.7032472347 1808976.6603482636, 2920575.2482777825 1783977.0270124075, 2906141.7032446433 1758977.3936740553))",12,0.4099313009224388,2164.9999999792512,2,0.3634469834412632,frequency,2,-2,0.0464843174811756,0.0464843174811756
1145,"POLYGON ((2906141.7032472347 1808976.6603482636, 2877274.613183543 1808976.6603457853, 2862841.068153034 1833976.2936825503, 2877274.613186224 1858975.9270207894, 2906141.703249871 1858975.927023273, 2920575.248280375 1833976.2936875222, 2906141.7032472347 1808976.6603482636))",11,0.3006705225208483,2165.000000022563,2,0.3388114318459576,frequency,3,-3,-0.03814090932510927,0.03814090932510927
1146,"POLYGON ((2906141.703249871 1858975.927023273, 2877274.613186224 1858975.9270207894, 2862841.068155761 1883975.5603564535, 2877274.6131889448 1908975.1936945685, 2906141.7032525437 1908975.193697046, 2920575.248283007 1883975.560361417, 2906141.703249871 1858975.927023273))",2,0.3168219031163851,2164.9999999792512,2,0.2767764890606536,frequency,0,0,0.040045414055731476,0.040045414055731476
1147,"POLYGON ((2906141.7032525437 1908975.193697046, 2877274.6131889448 1908975.1936945685, 2862841.068158523 1933974.8270311072, 2877274.613191701 1958974.4603690915, 2906141.703255251 1958974.4603715618, 2920575.2482856726 1933974.827036058, 2906141.7032525437 1908975.193697046))",12,0.4289112543655533,2165.000000022563,2,0.3021768874076992,frequency,2,-2,0.12673436695785406,0.12673436695785406
1148,"POLYGON ((2906141.703255251 1958974.4603715618, 2877274.613191701 1958974.4603690915, 2862841.068161319 1983974.093704493, 2877274.6131944843 2008973.727042322, 2906141.703257985 2008973.7270447828, 2920575.2482883683 1983974.0937094209, 2906141.703255251 1958974.4603715618))",10,0.2616319511257066,2164.9999999792512,10,0.2264802229583354,frequency,0,0,0.03515172816737119,0.03515172816737119
1149,"POLYGON ((2906141.703257985 2008973.7270447828, 2877274.6131944843 2008973.727042322, 2862841.068164139 2033973.3603785774, 2877274.6131972894 2058972.9937162374, 2906141.7032607384 2058972.9937186837, 2920575.2482910883 2033973.3603834824, 2906141.703257985 2008973.7270447828))",12,0.2926245203842975,2165.000000022563,10,0.2264802229583354,frequency,2,2,0.06614429742596209,0.06614429742596209
1150,"POLYGON ((2906141.7032607384 2058972.9937186837, 2877274.6131972894 2058972.9937162374, 2862841.068166978 2083972.6270513316, 2877274.6132001122 2108972.260389815, 2906141.703263509 2108972.2603922472, 2920575.248293825 2083972.6270562108, 2906141.7032607384 2058972.9937186837))",10,0.2838471653696561,2165.0000000225523,10,0.2567041845972194,frequency,0,0,0.02714298077243671,0.02714298077243671
1151,"POLYGON ((2906141.703263509 2108972.2603922472, 2877274.6132001122 2108972.260389815, 2862841.068169833 2133971.893724745, 2877274.613202944 2158971.5270620305, 2906141.7032662896 2158971.527064444, 2920575.2482965747 2133971.89372958, 2906141.703263509 2108972.2603922472))",12,0.3346475924925082,2164.999999979261,2,0.2408253572073083,frequency,2,-2,0.0938222352851999,0.0938222352851999
1152,"POLYGON ((2906141.7032662896 2158971.527064444, 2877274.613202944 2158971.5270620305, 2862841.068172695 2183971.1603967776, 2877274.613205783 2208970.7937348667, 2906141.7032690737 2208970.793737253, 2920575.248299331 2183971.160401576, 2906141.7032662896 2158971.527064444))",12,0.2705799283482293,2165.0000000225523,1,0.2750395736652598,frequency,1,-1,-0.0044596453170304695,0.0044596453170304695
1153,"POLYGON ((2906141.7032690737 2208970.793737253, 2877274.613205783 2208970.7937348667, 2862841.0681755603 2233970.4270694214, 2877274.6132086203 2258970.060406291, 2906141.7032718575 2258970.0604086523, 2920575.248302089 2233970.4270741744, 2906141.7032690737 2208970.793737253))",2,0.3476799544616636,2164.999999979261,1,0.2475868590313732,frequency,1,1,0.10009309543029041,0.10009309543029041
1154,"POLYGON ((2906141.7032718575 2258970.0604086523, 2877274.6132086203 2258970.060406291, 2862841.068178423 2283969.693740654, 2877274.613211453 2308969.327078297, 2906141.7032746365 2308969.327080635, 2920575.248304844 2283969.6937453514, 2906141.7032718575 2258970.0604086523))",1,0.2702443792721322,2165.0000000225523,2,0.2823044919538743,frequency,1,-1,-0.012060112681742119,0.012060112681742119
1155,"POLYGON ((2906141.7032746365 2308969.327080635, 2877274.613211453 2308969.327078297, 2862841.068181281 2333968.9604124664, 2877274.6132142763 2358968.593748868, 2906141.703277404 2358968.593751171, 2920575.24830759 2333968.9604170993, 2906141.7032746365 2308969.327080635))",1,0.6699814535050956,2164.999999979261,1,0.276422599929897,frequency,0,0,0.39355885357519865,0.39355885357519865
1156,"POLYGON ((2906141.703277404 2358968.593751171, 2877274.6132142763 2358968.593748868, 2862841.0681841243 2383968.2270828267, 2877274.6132170837 2408967.8604199872, 2906141.7032801555 2408967.860422255, 2920575.248310323 2383968.2270873967, 2906141.703277404 2358968.593751171))",1,0.3605877147769296,2165.0000000225523,1,0.3452596698135202,frequency,0,0,0.015328044963409393,0.015328044963409393
1157,"POLYGON ((2906141.7032801555 2408967.860422255, 2877274.6132170837 2408967.8604199872, 2862841.06818695 2433967.493753732, 2877274.613219873 2458967.1270896457, 2906141.703282889 2458967.1270918753, 2920575.2483130386 2433967.493758235, 2906141.7032801555 2408967.860422255))",1,0.4542597590129734,2164.999999979261,1,0.3969052050189109,frequency,0,0,0.057354553994062474,0.057354553994062474
1228,"POLYGON ((2949442.33833179 1583979.9603147919, 2920575.2482679393 1583979.9603124287, 2906141.7032371927 1608979.5936485557, 2920575.2482703105 1633979.2269870823, 2949442.3383341213 1633979.226989458, 2963875.8833648562 1608979.5936532973, 2949442.33833179 1583979.9603147919))",1,0.1931431985430457,2164.9999999792512,3,0.2114659168911577,frequency,2,-2,-0.018322718348112,0.018322718348112
1230,"POLYGON ((2949442.3383365143 1683978.4936650414, 2920575.248272745 1683978.4936626495, 2906141.7032421017 1708978.1269986767, 2920575.248275237 1733977.7603381022, 2949442.3383389646 1733977.7603405023, 2963875.8833695995 1708978.1270034665, 2949442.3383365143 1683978.4936650414))",12,0.2756114424787511,2165.0000000225523,2,0.2367490249002654,frequency,2,-2,0.038862417578485686,0.038862417578485686
1231,"POLYGON ((2949442.3383389646 1733977.7603405023, 2920575.248275237 1733977.7603381022, 2906141.7032446433 1758977.3936740553, 2920575.2482777825 1783977.0270124075, 2949442.338341465 1783977.027014809, 2963875.883372054 1758977.393678861, 2949442.3383389646 1733977.7603405023))",2,0.2989910278739434,2164.999999979252,2,0.3653225356604969,frequency,0,0,-0.0663315077865535,0.0663315077865535
1232,"POLYGON ((2949442.338341465 1783977.027014809, 2920575.2482777825 1783977.0270124075, 2906141.7032472347 1808976.6603482636, 2920575.248280375 1833976.2936875222, 2949442.3383440105 1833976.2936899234, 2963875.883374556 1808976.6603530808, 2949442.338341465 1783977.027014809))",10,0.2067380759205471,2165.000000022563,2,0.3507324691695593,frequency,4,-4,-0.1439943932490122,0.1439943932490122
1235,"POLYGON ((2949442.338349213 1933974.8270384553, 2920575.2482856726 1933974.827036058, 2906141.703255251 1958974.4603715618, 2920575.2482883683 1983974.0937094209, 2949442.3383518597 1983974.0937118146, 2963875.883382282 1958974.4603763488, 2949442.338349213 1933974.8270384553))",10,0.3164022374727652,2164.999999979252,1,0.225833264541032,frequency,3,-3,0.09056897293173319,0.09056897293173319
1236,"POLYGON ((2949442.3383518597 1983974.0937118146, 2920575.2482883683 1983974.0937094209, 2906141.703257985 2008973.7270447828, 2920575.2482910883 2033973.3603834824, 2949442.338354527 2033973.3603858578, 2963875.8833849155 2008973.7270495521, 2949442.3383518597 1983974.0937118146))",11,0.3591201813991543,2165.000000022563,10,0.2326614408921108,frequency,1,1,0.1264587405070435,0.1264587405070435
1237,"POLYGON ((2949442.338354527 2033973.3603858578, 2920575.2482910883 2033973.3603834824, 2906141.7032607384 2058972.9937186837, 2920575.248293825 2083972.6270562108, 2949442.338357213 2083972.627058574, 2963875.8833875675 2058972.9937234295, 2949442.338354527 2033973.3603858578))",3,0.3033855696650155,2164.999999979252,10,0.3088018689484094,frequency,5,5,-0.005416299283393877,0.005416299283393877
1238,"POLYGON ((2949442.338357213 2083972.627058574, 2920575.248293825 2083972.6270562108, 2906141.703263509 2108972.2603922472, 2920575.2482965747 2133971.89372958, 2949442.338359909 2133971.893731926, 2963875.883390232 2108972.260396955, 2949442.338357213 2083972.627058574))",12,0.4366304112747924,2165.0000000225523,10,0.3088018689484094,frequency,2,2,0.12782854232638302,0.12782854232638302
1239,"POLYGON ((2949442.338359909 2133971.893731926, 2920575.2482965747 2133971.89372958, 2906141.7032662896 2158971.527064444, 2920575.248299331 2183971.160401576, 2949442.338362612 2183971.1604039003, 2963875.883392906 2158971.5270691086, 2949442.338359909 2133971.893731926))",2,0.6203720044052058,2164.999999979261,2,0.2304708817338427,frequency,0,0,0.3899011226713631,0.3899011226713631
1240,"POLYGON ((2949442.338362612 2183971.1604039003, 2920575.248299331 2183971.160401576, 2906141.7032690737 2208970.793737253, 2920575.248302089 2233970.4270741744, 2949442.338365316 2233970.42707647, 2963875.8833955824 2208970.7937418744, 2949442.338362612 2183971.1604039003))",2,0.2631319274218137,2165.0000000225523,1,0.2466014782101087,frequency,1,1,0.01653044921170499,0.01653044921170499
1241,"POLYGON ((2949442.338365316 2233970.42707647, 2920575.248302089 2233970.4270741744, 2906141.7032718575 2258970.0604086523, 2920575.248304844 2283969.6937453514, 2949442.338368016 2283969.693747624, 2963875.883398258 2258970.060413229, 2949442.338365316 2233970.42707647))",2,0.3664219883947468,2164.999999979261,12,0.2584367925612634,frequency,2,2,0.10798519583348343,0.10798519583348343
1242,"POLYGON ((2949442.338368016 2283969.693747624, 2920575.248304844 2283969.6937453514, 2906141.7032746365 2308969.327080635, 2920575.24830759 2333968.9604170993, 2949442.338370707 2333968.9604193433, 2963875.8834009273 2308969.327085154, 2949442.338368016 2283969.693747624))",2,0.3842610559999674,2165.0000000225523,12,0.2978149157006263,frequency,2,2,0.08644614029934111,0.08644614029934111
1243,"POLYGON ((2949442.338370707 2333968.9604193433, 2920575.24830759 2333968.9604170993, 2906141.703277404 2358968.593751171, 2920575.248310323 2383968.2270873967, 2949442.3383733854 2383968.227089611, 2963875.8834035834 2358968.5937556266, 2949442.338370707 2333968.9604193433))",5,0.2049342025544999,2164.999999979261,12,0.3234433015911844,frequency,5,5,-0.1185090990366845,0.1185090990366845
1244,"POLYGON ((2949442.3383733854 2383968.227089611, 2920575.248310323 2383968.2270873967, 2906141.7032801555 2408967.860422255, 2920575.2483130386 2433967.493758235, 2949442.3383760443 2433967.4937604093, 2963875.883406225 2408967.860426649, 2949442.3383733854 2383968.227089611))",1,0.3904311199668716,2165.0000000225523,1,0.3724525485077954,frequency,0,0,0.017978571459076165,0.017978571459076165
1316,"POLYGON ((2992742.973428661 1608979.593655602, 2963875.8833648562 1608979.5936532973, 2949442.3383341213 1633979.226989458, 2963875.8833671995 1658978.8603289374, 2992742.9734309604 1658978.8603312438, 3007176.5184616894 1633979.2269940728, 2992742.973428661 1608979.593655602))",6,0.2152149759319738,2165.000000022563,2,0.2215973331278903,frequency,4,4,-0.006382357195916483,0.006382357195916483
1317,"POLYGON ((2992742.9734309604 1658978.8603312438, 2963875.8833671995 1658978.8603289374, 2949442.3383365143 1683978.4936650414, 2963875.8833695995 1708978.1270034665, 2992742.97343332 1708978.127005793, 3007176.5184639976 1683978.4936696757, 2992742.9734309604 1658978.8603312438))",3,0.2520209330061845,2164.999999979252,2,0.2413066953113264,frequency,1,1,0.010714237694858103,0.010714237694858103
1319,"POLYGON ((2992742.973435729 1758977.3936811907, 2963875.883372054 1758977.393678861, 2949442.338341465 1783977.027014809, 2963875.883374556 1808976.6603530808, 2992742.973438184 1808976.6603554122, 3007176.5184687693 1783977.0270194695, 2992742.973435729 1758977.3936811907))",2,0.4061418472572171,2164.9999999792512,2,0.3653225356604969,frequency,0,0,0.0408193115967202,0.0408193115967202
1321,"POLYGON ((2992742.9734406783 1858975.9270304167, 2963875.8833770966 1858975.9270280849, 2949442.338346596 1883975.5603638187, 2963875.8833796754 1908975.193701854, 2992742.9734432083 1908975.1937041802, 3007176.51847371 1883975.5603684774, 2992742.9734406783 1858975.9270304167))",2,0.4638296752353671,2164.9999999792512,1,0.2770816234380184,frequency,1,1,0.1867480517973487,0.1867480517973487
1323,"POLYGON ((2992742.9734457666 1958974.4603786748, 2963875.883382282 1958974.4603763488, 2949442.3383518597 1983974.0937118146, 2963875.8833849155 2008973.7270495521, 2992742.973448347 2008973.7270518588, 3007176.5184787745 1983974.0937164424, 2992742.9734457666 1958974.4603786748))",2,0.2503800725793794,2164.9999999792512,2,0.2653697743182899,frequency,0,0,-0.01498970173891051,0.01498970173891051
1324,"POLYGON ((2992742.973448347 2008973.7270518588, 2963875.8833849155 2008973.7270495521, 2949442.338354527 2033973.3603858578, 2963875.8833875675 2058972.9937234295, 2992742.973450946 2058972.9937257192, 3007176.5184813393 2033973.3603904655, 2992742.973448347 2008973.7270518588))",2,0.2747002491570314,2165.000000022563,2,0.3359696940656516,frequency,0,0,-0.061269444908620185,0.061269444908620185
1325,"POLYGON ((2992742.973450946 2058972.9937257192, 2963875.8833875675 2058972.9937234295, 2949442.338357213 2083972.627058574, 2963875.883390232 2108972.260396955, 2992742.973453558 2108972.2603992294, 3007176.51848392 2083972.6270631473, 2992742.973450946 2058972.9937257192))",10,0.4612549604708071,2165.0000000225523,10,0.2239851700635094,frequency,0,0,0.2372697904072977,0.2372697904072977
1326,"POLYGON ((2992742.973453558 2108972.2603992294, 2963875.883390232 2108972.260396955, 2949442.338359909 2133971.893731926, 2963875.883392906 2158971.5270691086, 2992742.973456179 2158971.52707137, 3007176.518486509 2133971.893736462, 2992742.973453558 2108972.2603992294))",10,0.2752121753590313,2164.999999979261,2,0.2642845258523284,frequency,4,-4,0.010927649506702886,0.010927649506702886
1327,"POLYGON ((2992742.973456179 2158971.52707137, 2963875.883392906 2158971.5270691086, 2949442.338362612 2183971.1604039003, 2963875.8833955824 2208970.7937418744, 2992742.9734588023 2208970.7937441138, 3007176.5184891047 2183971.1604083963, 2992742.973456179 2158971.52707137))",2,0.2466302111582699,2165.0000000225523,2,0.2209795045013478,frequency,0,0,0.025650706656922123,0.025650706656922123
1328,"POLYGON ((2992742.9734588023 2208970.7937441138, 2963875.8833955824 2208970.7937418744, 2949442.338365316 2233970.42707647, 2963875.883398258 2258970.060413229, 2992742.973461422 2258970.0604154384, 3007176.5184917 2233970.427080921, 2992742.9734588023 2208970.7937441138))",10,0.3776858137371842,2164.999999979261,10,0.2159339382222723,frequency,0,0,0.16175187551491188,0.16175187551491188
1329,"POLYGON ((2992742.973461422 2258970.0604154384, 2963875.883398258 2258970.060413229, 2949442.338368016 2283969.693747624, 2963875.8834009273 2308969.327085154, 2992742.973464035 2308969.32708733, 3007176.5184942884 2283969.6937520183, 2992742.973461422 2258970.0604154384))",1,0.414802490834363,2165.0000000225523,1,0.311218945774507,frequency,0,0,0.10358354505985601,0.10358354505985601
1330,"POLYGON ((2992742.973464035 2308969.32708733, 2963875.8834009273 2308969.327085154, 2949442.338370707 2333968.9604193433, 2963875.8834035834 2358968.5937556266, 2992742.973466637 2358968.593757784, 3007176.51849687 2333968.9604236805, 2992742.973464035 2308969.32708733))",1,0.5328971154463379,2164.999999979261,12,0.3236019552446297,frequency,1,1,0.20929516020170819,0.20929516020170819
1331,"POLYGON ((2992742.973466637 2358968.593757784, 2963875.8834035834 2358968.5937556266, 2949442.3383733854 2383968.227089611, 2963875.883406225 2408967.860426649, 2992742.9734692224 2408967.8604287663, 3007176.5184994377 2383968.227093891, 2992742.973466637 2358968.593757784))",1,0.3181554254508385,2165.0000000225523,1,0.4281735901601299,frequency,0,0,-0.11001816470929138,0.11001816470929138
1404,"POLYGON ((3036043.6085254448 1633979.226996307, 3007176.5184616894 1633979.2269940728, 2992742.9734309604 1658978.8603312438, 3007176.5184639976 1683978.4936696757, 3036043.6085277116 1683978.4936719288, 3050477.153558432 1658978.8603357312, 3036043.6085254448 1633979.226996307))",12,0.572776164714571,2165.000000022563,12,0.2523659716506332,frequency,0,0,0.32041019306393786,0.32041019306393786
1406,"POLYGON ((3036043.6085300287 1733977.7603474087, 3007176.5184663604 1733977.7603451603, 2992742.973435729 1758977.3936811907, 3007176.5184687693 1783977.0270194695, 3036043.6085323934 1783977.027021734, 3050477.1535630217 1758977.3936857043, 3036043.6085300287 1733977.7603474087))",10,0.2661194682603013,2164.999999979252,2,0.2892078657474033,frequency,4,-4,-0.023088397487102008,0.023088397487102008
1407,"POLYGON ((3036043.6085323934 1783977.027021734, 3007176.5184687693 1783977.0270194695, 2992742.973438184 1808976.6603554122, 3007176.5184712224 1833976.293694591, 3036043.608534797 1833976.2936968482, 3050477.1535653826 1808976.6603599286, 3036043.6085323934 1783977.027021734))",10,0.5425588922359605,2165.000000022563,2,0.3522935678585566,frequency,4,-4,0.19026532437740395,0.19026532437740395
1409,"POLYGON ((3036043.6085372367 1883975.560370733, 3007176.51847371 1883975.5603684774, 2992742.9734432083 1908975.1937041802, 3007176.518476229 1933974.827043103, 3036043.608539706 1933974.8270453552, 3050477.153570211 1908975.1937086838, 3036043.6085372367 1883975.560370733))",10,0.2455333357310166,2165.000000022563,2,0.3653225356604969,frequency,4,-4,-0.11978919992948028,0.11978919992948028
1410,"POLYGON ((3036043.608539706 1933974.8270453552, 3007176.518476229 1933974.827043103, 2992742.9734457666 1958974.4603786748, 3007176.5184787745 1983974.0937164424, 3036043.6085421992 1983974.0937186813, 3050477.153572668 1958974.4603831621, 3036043.608539706 1933974.8270453552))",12,0.4999479808889323,2164.999999979252,2,0.2449452824154278,frequency,2,-2,0.2550026984735045,0.2550026984735045
1411,"POLYGON ((3036043.6085421992 1983974.0937186813, 3007176.5184787745 1983974.0937164424, 2992742.973448347 2008973.7270518588, 3007176.5184813393 2033973.3603904655, 3036043.6085447124 2033973.360392694, 3050477.1535751466 2008973.7270563282, 3036043.6085421992 1983974.0937186813))",12,0.4785798034653929,2165.000000022563,2,0.3024923465007076,frequency,2,-2,0.1760874569646853,0.1760874569646853
1412,"POLYGON ((3036043.6085447124 2033973.360392694, 3007176.5184813393 2033973.3603904655, 2992742.973450946 2058972.9937257192, 3007176.51848392 2083972.6270631473, 3036043.6085472405 2083972.6270653624, 3050477.15357764 2058972.9937301623, 3036043.6085447124 2033973.360392694))",10,0.2778342052800848,2164.999999979252,2,0.2023994822338826,frequency,4,-4,0.07543472304620219,0.07543472304620219
1415,"POLYGON ((3036043.608552317 2183971.160410571, 3007176.5184891047 2183971.1604083963, 2992742.9734588023 2208970.7937441138, 3007176.5184917 2233970.427080921, 3036043.608554857 2233970.427083069, 3050477.1535851713 2208970.7937484346, 3036043.608552317 2183971.160410571))",2,0.1704537716276269,2165.0000000225523,2,0.264574105298878,frequency,0,0,-0.09412033367125108,0.09412033367125108
1416,"POLYGON ((3036043.608554857 2233970.427083069, 3007176.5184917 2233970.427080921, 2992742.973461422 2258970.0604154384, 3007176.5184942884 2283969.6937520183, 3036043.6085573914 2283969.693754144, 3050477.153587681 2258970.0604197076, 3036043.608554857 2233970.427083069))",12,0.23986366486546,2164.999999979261,2,0.2779756684769584,frequency,2,-2,-0.03811200361149841,0.03811200361149841
1417,"POLYGON ((3036043.6085573914 2283969.693754144, 3007176.5184942884 2283969.6937520183, 2992742.973464035 2308969.32708733, 3007176.51849687 2333968.9604236805, 3036043.608559916 2333968.960425774, 3050477.153590183 2308969.3270915477, 3036043.6085573914 2283969.693754144))",1,0.2329580532129845,2165.0000000225523,2,0.3097076656466757,frequency,1,-1,-0.07674961243369119,0.07674961243369119
1418,"POLYGON ((3036043.608559916 2333968.960425774, 3007176.51849687 2333968.9604236805, 2992742.973466637 2358968.593757784, 3007176.5184994377 2383968.227093891, 3036043.6085624266 2383968.2270959476, 3050477.153592674 2358968.5937619396, 3036043.608559916 2333968.960425774))",1,0.1952515069089322,2164.999999979261,1,0.2305202383800385,frequency,0,0,-0.03526873147110629,0.03526873147110629
1419,"POLYGON ((3036043.6085624266 2383968.2270959476, 3007176.5184994377 2383968.227093891, 2992742.9734692224 2408967.8604287663, 3007176.518501984 2433967.493764618, 3036043.608564919 2433967.493766653, 3050477.1535951486 2408967.860432867, 3036043.6085624266 2383968.2270959476))",1,0.3622119322914693,2165.0000000225523,1,0.2838329523134881,frequency,0,0,0.07837897997798121,0.07837897997798121
1438,"POLYGON ((3036043.608602859 3333954.2937452085, 3007176.518540852 3333954.2937439783, 2992742.9735106695 3358953.92707357, 3007176.5185424713 3383953.560404284, 3036043.6086044367 3383953.560405473, 3050477.153634642 3358953.927075987, 3036043.608602859 3333954.2937452085))",2,0.783169186286997,2164.999999979261,2,0.2643899581087557,frequency,0,0,0.5187792281782413,0.5187792281782413
1491,"POLYGON ((3079344.243618965 1608979.5936622112, 3050477.1535562146 1608979.593660056, 3036043.6085254448 1633979.226996307, 3050477.153558432 1658978.8603357312, 3079344.2436211393 1658978.8603378988, 3093777.7886519046 1633979.2270006356, 3079344.243618965 1608979.5936622112))",12,0.3173435937076495,2164.9999999725514,2,0.1934796626490965,frequency,2,-2,0.12386393105855298,0.12386393105855298
1494,"POLYGON ((3079344.243625638 1758977.3936878843, 3050477.1535630217 1758977.3936857043, 3036043.6085323934 1783977.027021734, 3050477.1535653826 1808976.6603599286, 3079344.243627952 1808976.6603621098, 3093777.7886585807 1783977.0270260999, 3079344.243625638 1758977.3936878843))",12,0.202627198183722,2164.9999999292404,2,0.3381600779269524,frequency,2,-2,-0.13553287974323042,0.13553287974323042
1495,"POLYGON ((3079344.243627952 1808976.6603621098, 3050477.1535653826 1808976.6603599286, 3036043.608534797 1833976.2936968482, 3050477.1535677817 1858975.9270349338, 3079344.2436303007 1858975.92703711, 3093777.7886608876 1833976.293701213, 3079344.243627952 1808976.6603621098))",11,0.749993994771418,2164.9999999725514,2,0.2661122574481374,frequency,3,-3,0.48388173732328066,0.48388173732328066
1496,"POLYGON ((3079344.2436303007 1858975.92703711, 3050477.1535677817 1858975.9270349338, 3036043.6085372367 1883975.560370733, 3050477.153570211 1908975.1937086838, 3079344.2436326807 1908975.1937108599, 3093777.788663229 1883975.560375096, 3079344.2436303007 1858975.92703711))",12,0.3915883297482986,2164.9999999292404,2,0.2895237231603676,frequency,2,-2,0.10206460658793098,0.10206460658793098
1497,"POLYGON ((3079344.2436326807 1908975.1937108599, 3050477.153570211 1908975.1937086838, 3036043.608539706 1933974.8270453552, 3050477.153572668 1958974.4603831621, 3079344.2436350863 1958974.4603853293, 3093777.7886655964 1933974.8270497017, 3079344.2436326807 1908975.1937108599))",1,0.1896811747534408,2164.9999999725514,2,0.2660724777179144,frequency,1,-1,-0.07639130296447363,0.07639130296447363
1498,"POLYGON ((3079344.2436350863 1958974.4603853293, 3050477.153572668 1958974.4603831621, 3036043.6085421992 1983974.0937186813, 3050477.1535751466 2008973.7270563282, 3079344.2436375124 2008973.727058485, 3093777.788667987 1983974.0937230096, 3079344.2436350863 1958974.4603853293))",1,0.1957714914043828,2164.9999999292404,2,0.2128000983769306,frequency,1,-1,-0.017028606972547794,0.017028606972547794
1499,"POLYGON ((3079344.2436375124 2008973.727058485, 3050477.1535751466 2008973.7270563282, 3036043.6085447124 2033973.360392694, 3050477.15357764 2058972.9937301623, 3079344.2436399534 2058972.9937323038, 3093777.7886703936 2033973.3603969913, 3079344.2436375124 2008973.727058485))",2,0.2152310221878915,2164.9999999725514,2,0.2883177794270782,frequency,0,0,-0.0730867572391867,0.0730867572391867
1503,"POLYGON ((3079344.243647321 2208970.793750517, 3050477.1535851713 2208970.7937484346, 3036043.608554857 2233970.427083069, 3050477.153587681 2258970.0604197076, 3079344.243649777 2258970.060421775, 3093777.7886801036 2233970.427087219, 3079344.243647321 2208970.793750517))",9,0.258244116574513,2164.9999999292504,2,0.2880444956683936,frequency,5,-5,-0.029800379093880558,0.029800379093880558
1504,"POLYGON ((3079344.243649777 2258970.060421775, 3050477.153587681 2258970.0604197076, 3036043.6085573914 2283969.693754144, 3050477.153590183 2308969.3270915477, 3079344.2436522236 2308969.327093587, 3093777.788682527 2283969.693758241, 3079344.243649777 2258970.060421775))",3,0.2615600960225801,2164.999999972541,2,0.226703471291505,frequency,1,1,0.03485662473107512,0.03485662473107512
1505,"POLYGON ((3079344.2436522236 2308969.327093587, 3050477.153590183 2308969.3270915477, 3036043.608559916 2333968.960425774, 3050477.153592674 2358968.5937619396, 3079344.243654658 2358968.5937639466, 3093777.788684941 2333968.9604298174, 3079344.2436522236 2308969.327093587))",5,0.1706157255302268,2164.9999999292504,10,0.3065263091343038,frequency,5,-5,-0.13591058360407698,0.13591058360407698
1506,"POLYGON ((3079344.243654658 2358968.5937639466, 3050477.153592674 2358968.5937619396, 3036043.6085624266 2383968.2270959476, 3050477.1535951486 2408967.860432867, 3079344.243657076 2408967.8604348386, 3093777.78868734 2383968.227099931, 3079344.243654658 2358968.5937639466))",1,0.3991648664950439,2164.999999972541,12,0.2790851624926696,frequency,1,1,0.12007970400237428,0.12007970400237428
1526,"POLYGON ((3079344.243695598 3358953.9270771425, 3050477.153634642 3358953.927075987, 3036043.6086044367 3383953.560405473, 3050477.153636166 3408953.1937360005, 3079344.2436970817 3408953.1937371134, 3093777.788727311 3383953.560407745, 3079344.243695598 3358953.9270771425))",2,0.4103587289567985,2164.9999999292304,1,0.2603231833487664,frequency,1,1,0.15003554560803206,0.15003554560803206
1579,"POLYGON ((3122644.8787156083 1633979.2270027262, 3093777.7886519046 1633979.2270006356, 3079344.2436211393 1658978.8603378988, 3093777.7886540834 1683978.4936762757, 3122644.878717743 1683978.4936783756, 3137078.423748504 1658978.860342094, 3122644.8787156083 1633979.2270027262))",9,0.3368455183439521,2165.000000022563,2,0.3069465467612191,frequency,5,-5,0.029898971582733025,0.029898971582733025
1581,"POLYGON ((3122644.8787199236 1733977.7603538777, 3093777.7886563106 1733977.7603517743, 3079344.243625638 1758977.3936878843, 3093777.7886585807 1783977.0270260999, 3122644.878722146 1783977.027028207, 3137078.4237528173 1758977.3936921011, 3122644.8787199236 1733977.7603538777))",2,0.4298840124726807,2164.999999979252,10,0.2587876958080276,frequency,4,4,0.17109631666465314,0.17109631666465314
1582,"POLYGON ((3122644.878722146 1783977.027028207, 3093777.7886585807 1783977.0270260999, 3079344.243627952 1808976.6603621098, 3093777.7886608876 1833976.293701213, 3122644.878724405 1833976.293703325, 3137078.423755034 1808976.6603663254, 3122644.878722146 1783977.027028207))",2,0.2755341538888839,2165.000000022563,2,0.3378643492891961,frequency,0,0,-0.062330195400312205,0.062330195400312205
1583,"POLYGON ((3122644.878724405 1833976.293703325, 3093777.7886608876 1833976.293701213, 3079344.2436303007 1858975.92703711, 3093777.788663229 1883975.560375096, 3122644.878726695 1883975.5603772, 3137078.423757285 1858975.9270413294, 3122644.878724405 1833976.293703325))",12,0.3273548328431742,2164.999999979252,1,0.2399361777414472,frequency,1,-1,0.08741865510172697,0.08741865510172697
1584,"POLYGON ((3122644.878726695 1883975.5603772, 3093777.788663229 1883975.560375096, 3079344.2436326807 1908975.1937108599, 3093777.7886655964 1933974.8270497017, 3122644.878729011 1933974.8270517942, 3137078.423759564 1908975.1937150653, 3122644.878726695 1883975.5603772))",12,0.2190418388710661,2165.000000022563,2,0.3026834089390082,frequency,2,-2,-0.0836415700679421,0.0836415700679421
1585,"POLYGON ((3122644.878729011 1933974.8270517942, 3093777.7886655964 1933974.8270497017, 3079344.2436350863 1958974.4603853293, 3093777.788667987 1983974.0937230096, 3122644.8787313495 1983974.093725097, 3137078.423761865 1958974.4603895138, 3122644.878729011 1933974.8270517942))",11,0.5704947983172513,2164.999999979252,10,0.2436275926181831,frequency,1,1,0.32686720569906813,0.32686720569906813
1586,"POLYGON ((3122644.8787313495 1983974.093725097, 3093777.788667987 1983974.0937230096, 3079344.2436375124 2008973.727058485, 3093777.7886703936 2033973.3603969913, 3122644.8787337043 2033973.360399072, 3137078.423764186 2008973.7270626512, 3122644.8787313495 1983974.093725097))",10,0.2207090372210293,2165.000000022563,11,0.2030365443270194,frequency,1,-1,0.017672492894009906,0.017672492894009906
1587,"POLYGON ((3122644.8787337043 2033973.360399072, 3093777.7886703936 2033973.3603969913, 3079344.2436399534 2058972.9937323038, 3093777.7886728146 2083972.6270696318, 3122644.878736071 2083972.6270716926, 3137078.423766521 2058972.9937364436, 3122644.8787337043 2033973.360399072))",12,0.2510718048591728,2164.999999979252,1,0.2488889641814475,frequency,1,-1,0.0021828406777253118,0.0021828406777253118
1589,"POLYGON ((3122644.8787384443 2133971.893744937, 3093777.788675243 2133971.8937428957, 3079344.2436448634 2158971.5270778453, 3093777.788677674 2183971.1604147605, 3122644.8787408206 2183971.1604167847, 3137078.423771212 2158971.5270819115, 3122644.8787384443 2133971.893744937))",8,0.2080225274438774,2164.999999979261,1,0.2990129012562047,frequency,5,-5,-0.09099037381232733,0.09099037381232733
1592,"POLYGON ((3122644.8787455624 2283969.693760213, 3093777.788682527 2283969.693758241, 3079344.2436522236 2308969.327093587, 3093777.788684941 2333968.9604298174, 3122644.878747921 2333968.9604317667, 3137078.423778239 2308969.327097509, 3122644.8787455624 2283969.693760213))",10,0.2363466546375365,2165.0000000225523,2,0.2119486882034149,frequency,4,-4,0.02439796643412162,0.02439796643412162
1593,"POLYGON ((3122644.878747921 2333968.9604317667, 3093777.788684941 2333968.9604298174, 3079344.243654658 2358968.5937639466, 3093777.78868734 2383968.227099931, 3122644.878750262 2383968.2271018443, 3137078.4237805614 2358968.5937678125, 3122644.878747921 2333968.9604317667))",1,0.3098771694673349,2164.999999979261,2,0.2270753228279954,frequency,1,-1,0.08280184663933951,0.08280184663933951
1613,"POLYGON ((3122644.8787877695 3333954.2937487084, 3093777.7887258176 3333954.2937475746, 3079344.243695598 3358953.9270771425, 3093777.788727311 3383953.560407745, 3122644.878789221 3383953.5604088297, 3137078.4238194623 3358953.9270793693, 3122644.8787877695 3333954.2937487084))",1,0.6160554585305958,2164.999999979261,1,0.2742864610667768,frequency,0,0,0.34176899746381906,0.34176899746381906
1614,"POLYGON ((3122644.878789221 3383953.5604088297, 3093777.788727311 3383953.560407745, 3079344.2436970817 3408953.1937371134, 3093777.78872874 3433952.8270684625, 3122644.8787906105 3433952.827069509, 3137078.423820862 3408953.1937392456, 3122644.878789221 3383953.5604088297))",3,0.3528632471301851,2165.0000000225523,1,0.3090584692577688,frequency,2,2,0.04380477787241627,0.04380477787241627
1615,"POLYGON ((3122644.8787906105 3433952.827069509, 3093777.78872874 3433952.8270684625, 3079344.2436985 3458952.460397644, 3093777.788730108 3483952.0937277623, 3122644.8787919404 3483952.093728765, 3137078.423822202 3458952.460399689, 3122644.8787906105 3433952.827069509))",12,0.6847759107397171,2164.999999979261,1,0.2085480105989233,frequency,1,-1,0.4762279001407938,0.4762279001407938
1618,"POLYGON ((3122644.878794414 3583950.627047031, 3093777.788732655 3583950.627046114, 3079344.243702378 3608950.260375749, 3093777.7887338363 3633949.8937052013, 3122644.8787955586 3633949.8937060703, 3137078.4238258563 3608950.260377528, 3122644.878794414 3583950.627047031))",12,0.426940336742083,2165.0000000225523,1,0.3476932208133221,frequency,1,-1,0.07924711592876088,0.07924711592876088
1666,"POLYGON ((3165945.5138101173 1608979.593668396, 3137078.423746417 1608979.5936663814, 3122644.8787156083 1633979.2270027262, 3137078.423748504 1658978.860342094, 3165945.51381216 1658978.8603441177, 3180379.0588429663 1633979.2270067628, 3165945.5138101173 1608979.593668396))",12,0.2257880071437205,2165.000000022563,2,0.2854575568802848,frequency,2,-2,-0.0596695497365643,0.0596695497365643
1667,"POLYGON ((3165945.51381216 1658978.8603441177, 3137078.423748504 1658978.860342094, 3122644.878717743 1683978.4936783756, 3137078.4237506394 1708978.127016681, 3165945.513814249 1708978.1270187055, 3180379.0588450097 1683978.4936824262, 3165945.51381216 1658978.8603441177))",8,0.4300278865044617,2164.999999979252,2,0.2196650155813206,frequency,6,6,0.21036287092314113,0.21036287092314113
1668,"POLYGON ((3165945.513814249 1708978.1270187055, 3137078.4237506394 1708978.127016681, 3122644.8787199236 1733977.7603538777, 3137078.4237528173 1758977.3936921011, 3165945.51381638 1758977.3936941344, 3180379.0588470967 1733977.7603579424, 3165945.513814249 1708978.1270187055))",9,0.3179077156290251,2165.000000022563,10,0.2434174845834861,frequency,1,-1,0.07449023104553898,0.07449023104553898
1669,"POLYGON ((3165945.51381638 1758977.3936941344, 3137078.4237528173 1758977.3936921011, 3122644.878722146 1783977.027028207, 3137078.423755034 1808976.6603663254, 3165945.513818548 1808976.6603683617, 3180379.058849223 1783977.0270322768, 3165945.51381638 1758977.3936941344))",10,0.22729556308745,2164.9999999792512,2,0.2655038751056371,frequency,4,-4,-0.03820831201818711,0.03820831201818711
1670,"POLYGON ((3165945.513818548 1808976.6603683617, 3137078.423755034 1808976.6603663254, 3122644.878724405 1833976.293703325, 3137078.423757285 1858975.9270413294, 3165945.5138207483 1858975.9270433567, 3180379.058851382 1833976.2937073887, 3165945.513818548 1808976.6603683617))",12,0.250569082098621,2165.000000022563,10,0.2902365258819054,frequency,2,2,-0.039667443783284406,0.039667443783284406
1671,"POLYGON ((3165945.5138207483 1858975.9270433567, 3137078.423757285 1858975.9270413294, 3122644.878726695 1883975.5603772, 3137078.423759564 1908975.1937150653, 3165945.513822976 1908975.193717093, 3180379.0588535713 1883975.560381255, 3165945.5138207483 1858975.9270433567))",12,0.3636758289479856,2164.9999999792512,2,0.2886450678217593,frequency,2,-2,0.07503076112622631,0.07503076112622631
1672,"POLYGON ((3165945.513822976 1908975.193717093, 3137078.423759564 1908975.1937150653, 3122644.878729011 1933974.8270517942, 3137078.423761865 1958974.4603895138, 3165945.5138252256 1958974.4603915317, 3180379.058855783 1933974.8270558405, 3165945.513822976 1908975.193717093))",10,0.3020874488029298,2165.000000022563,2,0.2532240411154468,frequency,4,-4,0.04886340768748304,0.04886340768748304
1674,"POLYGON ((3165945.513827493 2008973.7270646559, 3137078.423764186 2008973.7270626512, 3122644.8787337043 2033973.360399072, 3137078.423766521 2058972.9937364436, 3165945.513829773 2058972.9937384315, 3180379.058860264 2033973.3604030684, 3165945.513827493 2008973.7270646559))",9,0.2184501208328803,2165.000000022563,2,0.3516988035348096,frequency,5,-5,-0.1332486827019293,0.1332486827019293
1675,"POLYGON ((3165945.513829773 2058972.9937384315, 3137078.423766521 2058972.9937364436, 3122644.878736071 2083972.6270716926, 3137078.423768864 2108972.26040987, 3165945.5138320634 2108972.2604118492, 3180379.058862523 2083972.627075663, 3165945.513829773 2058972.9937384315))",3,0.5038501952113477,2165.0000000225523,2,0.2316070438573535,frequency,1,1,0.27224315135399413,0.27224315135399413
1676,"POLYGON ((3165945.5138320634 2108972.2604118492, 3137078.423768864 2108972.26040987, 3122644.8787384443 2133971.893744937, 3137078.423771212 2158971.5270819115, 3165945.5138343554 2158971.5270838663, 3180379.0588647868 2133971.893748873, 3165945.5138320634 2108972.2604118492))",12,0.2621585113590338,2164.999999979261,1,0.2482720938223481,frequency,1,-1,0.01388641753668568,0.01388641753668568
1679,"POLYGON ((3165945.5138389356 2258970.0604276587, 3137078.423775903 2258970.0604257435, 3122644.8787455624 2283969.693760213, 3137078.423778239 2308969.327097509, 3165945.5138412146 2308969.327099396, 3180379.05887157 2283969.6937640123, 3165945.5138389356 2258970.0604276587))",4,0.2014309684163062,2165.0000000225523,12,0.2151298351485687,frequency,4,4,-0.013698866732262505,0.013698866732262505
1680,"POLYGON ((3165945.5138412146 2308969.327099396, 3137078.423778239 2308969.327097509, 3122644.878747921 2333968.9604317667, 3137078.4237805614 2358968.5937678125, 3165945.5138434814 2358968.593769673, 3180379.0588738155 2333968.960435512, 3165945.5138412146 2308969.327099396))",2,0.4438184964281371,2164.999999979261,2,0.3496649967842649,frequency,0,0,0.09415349964387221,0.09415349964387221
1701,"POLYGON ((3165945.513881368 3358953.9270804357, 3137078.4238194623 3358953.9270793693, 3122644.878789221 3383953.5604088297, 3137078.423820862 3408953.1937392456, 3165945.5138827274 3408953.1937402673, 3180379.058912992 3383953.5604109173, 3165945.513881368 3358953.9270804357))",1,0.4108714787574866,2164.999999979241,12,0.2297770594981943,frequency,1,1,0.1810944192592923,0.1810944192592923
1702,"POLYGON ((3165945.5138827274 3408953.1937402673, 3137078.423820862 3408953.1937392456, 3122644.8787906105 3433952.827069509, 3137078.423822202 3458952.460399689, 3165945.5138840275 3458952.4604006624, 3180379.058914303 3433952.8270715093, 3165945.5138827274 3408953.1937402673))",1,0.5812165569082212,2165.0000000225723,1,0.2090436716432068,frequency,0,0,0.37217288526501435,0.37217288526501435
1703,"POLYGON ((3165945.5138840275 3458952.4604006624, 3137078.423822202 3458952.460399689, 3122644.8787919404 3483952.093728765, 3137078.4238234805 3508951.727058707, 3165945.51388527 3508951.727059643, 3180379.0589155536 3483952.0937306723, 3165945.5138840275 3458952.4604006624))",2,0.2796442447906779,2164.999999979241,1,0.2095530406784093,frequency,1,1,0.0700912041122686,0.0700912041122686
1754,"POLYGON ((3209246.1489066198 1633979.2270087074, 3180379.0588429663 1633979.2270067628, 3165945.51381216 1658978.8603441177, 3180379.0588450097 1683978.4936824262, 3209246.148908617 1683978.493684377, 3223679.693939423 1658978.8603480149, 3209246.1489066198 1633979.2270087074))",2,0.2520309783143658,2165.000000022563,2,0.3101054154443715,frequency,0,0,-0.05807443713000571,0.05807443713000571
1755,"POLYGON ((3209246.148908617 1683978.493684377, 3180379.0588450097 1683978.4936824262, 3165945.513814249 1708978.1270187055, 3180379.0588470967 1733977.7603579424, 3209246.1489106575 1733977.7603599, 3223679.693941419 1708978.1270226236, 3209246.148908617 1683978.493684377))",12,0.3536876433109152,2165.0000000225523,10,0.2317585590408902,frequency,2,2,0.12192908427002497,0.12192908427002497
1756,"POLYGON ((3209246.1489106575 1733977.7603599, 3180379.0588470967 1733977.7603579424, 3165945.51381638 1758977.3936941344, 3180379.058849223 1783977.0270322768, 3209246.1489127344 1783977.027034238, 3223679.693943453 1758977.393698052, 3209246.1489106575 1733977.7603599))",12,0.4393435927938316,2164.999999979252,1,0.2474582222505422,frequency,1,-1,0.1918853705432894,0.1918853705432894
1757,"POLYGON ((3209246.1489127344 1783977.027034238, 3180379.058849223 1783977.0270322768, 3165945.513818548 1808976.6603683617, 3180379.058851382 1833976.2937073887, 3209246.148914844 1833976.2937093482, 3223679.693945522 1808976.6603722798, 3209246.1489127344 1783977.027034238))",10,0.2719583465255935,2165.000000022563,2,0.2313747912898288,frequency,4,-4,0.04058355523576468,0.04058355523576468
1762,"POLYGON ((3209246.1489235144 2033973.3604049943, 3180379.058860264 2033973.3604030684, 3165945.513829773 2058972.9937384315, 3180379.058862523 2083972.627075663, 3209246.1489257184 2083972.627077569, 3223679.6939562215 2058972.993742271, 3209246.1489235144 2033973.3604049943))",2,0.4595071528691489,2164.999999979252,2,0.2507851764575931,frequency,0,0,0.20872197641155582,0.20872197641155582
1763,"POLYGON ((3209246.1489257184 2083972.627077569, 3180379.058862523 2083972.627075663, 3165945.5138320634 2108972.2604118492, 3180379.0588647868 2133971.893748873, 3209246.1489279275 2133971.893750762, 3223679.6939584 2108972.260415645, 3209246.1489257184 2083972.627077569))",12,0.3062994941380294,2165.0000000225523,2,0.2418012231495276,frequency,2,-2,0.06449827098850183,0.06449827098850183
1766,"POLYGON ((3209246.1489323443 2233970.427094916, 3180379.0588693144 2233970.4270930653, 3165945.5138389356 2258970.0604276587, 3180379.05887157 2283969.6937640123, 3209246.148934544 2283969.693765839, 3223679.6939649396 2258970.0604313402, 3209246.1489323443 2233970.427094916))",10,0.357270989119505,2164.999999979261,1,0.2494536764821481,frequency,3,-3,0.10781731263735689,0.10781731263735689
1767,"POLYGON ((3209246.148934544 2283969.693765839, 3180379.05887157 2283969.6937640123, 3165945.5138412146 2308969.327099396, 3180379.0588738155 2333968.960435512, 3209246.1489367327 2333968.960437309, 3223679.6939671054 2308969.3271030225, 3209246.148934544 2283969.693765839))",3,0.2776081522813835,2165.0000000225523,2,0.2348856504979319,frequency,1,1,0.04272250178345163,0.04272250178345163
1768,"POLYGON ((3209246.1489367327 2333968.960437309, 3180379.0588738155 2333968.960435512, 3165945.5138434814 2358968.593769673, 3180379.058876045 2383968.2271055337, 3209246.1489389073 2383968.227107309, 3223679.69396926 2358968.59377325, 3209246.1489367327 2333968.960437309))",1,0.4210136879736871,2164.999999979261,2,0.2513421742957902,frequency,1,-1,0.1696715136778969,0.1696715136778969
1789,"POLYGON ((3209246.1489748526 3383953.560411911, 3180379.058912992 3383953.5604109173, 3165945.5138827274 3408953.1937402673, 3180379.058914303 3433952.8270715093, 3209246.148976123 3433952.8270724574, 3223679.6940064095 3408953.193742213, 3209246.1489748526 3383953.560411911))",12,0.3352024834915776,2165.0000000225523,12,0.3088162698909198,frequency,0,0,0.026386213600657793,0.026386213600657793
1790,"POLYGON ((3209246.148976123 3433952.8270724574, 3180379.058914303 3433952.8270715093, 3165945.5138840275 3458952.4604006624, 3180379.0589155536 3483952.0937306723, 3209246.148977338 3483952.093731585, 3223679.6940076333 3458952.4604025283, 3209246.148976123 3433952.8270724574))",2,0.3332535649026882,2164.999999979261,1,0.2100910434243767,frequency,1,1,0.1231625214783115,0.1231625214783115
1792,"POLYGON ((3209246.1489784955 3533951.3603912964, 3180379.0589167476 3533951.360390422, 3165945.5138864527 3558950.9937192146, 3180379.0589178824 3583950.627048771, 3209246.148979596 3583950.627049606, 3223679.694009913 3558950.993720917, 3209246.1489784955 3533951.3603912964))",2,0.5506255507277242,2164.999999979261,1,0.3022846688827695,frequency,1,1,0.24834088184495473,0.24834088184495473
1793,"POLYGON ((3209246.148979596 3583950.627049606, 3180379.0589178824 3583950.627048771, 3165945.5138875744 3608950.2603783812, 3180379.0589189595 3633949.8937077317, 3209246.1489806403 3633949.8937085303, 3223679.6940109665 3608950.260380006, 3209246.148979596 3583950.627049606))",12,0.3008089671070849,2165.0000000225523,12,0.3242045255752498,frequency,0,0,-0.023395558468164934,0.023395558468164934
1794,"POLYGON ((3209246.1489806403 3633949.8937085303, 3180379.0589189595 3633949.8937077317, 3165945.5138886385 3658949.5270361723, 3180379.0589199793 3683949.16036532, 3209246.148981627 3683949.160366076, 3223679.6940119658 3658949.52703772, 3209246.1489806403 3633949.8937085303))",3,0.3355579531718113,2164.999999979261,1,0.2707950283987475,frequency,2,2,0.06476292477306383,0.06476292477306383
1841,"POLYGON ((3252546.784001125 1608979.5936741473, 3223679.6939374716 1608979.5936722765, 3209246.1489066198 1633979.2270087074, 3223679.693939423 1658978.8603480149, 3252546.7840030305 1658978.860349893, 3266980.3290338824 1633979.2270124515, 3252546.784001125 1608979.5936741473))",2,0.2088777788865944,2165.000000022563,2,0.2652313726284276,frequency,0,0,-0.05635359374183321,0.05635359374183321
1842,"POLYGON ((3252546.7840030305 1658978.860349893, 3223679.693939423 1658978.8603480149, 3209246.148908617 1683978.493684377, 3223679.693941419 1708978.1270226236, 3252546.784004979 1708978.1270245013, 3266980.329035786 1683978.493688138, 3252546.7840030305 1658978.860349893))",2,0.6385228222020745,2164.999999979252,1,0.3165461023752429,frequency,1,1,0.32197671982683157,0.32197671982683157
1843,"POLYGON ((3252546.784004979 1708978.1270245013, 3223679.693941419 1708978.1270226236, 3209246.1489106575 1733977.7603599, 3223679.693943453 1758977.393698052, 3252546.7840069644 1758977.3936999417, 3266980.3290377287 1733977.7603636642, 3252546.784004979 1708978.1270245013))",1,0.2344943639235438,2165.000000022563,2,0.3327282426250906,frequency,1,-1,-0.09823387870154679,0.09823387870154679
1844,"POLYGON ((3252546.7840069644 1758977.3936999417, 3223679.693943453 1758977.393698052, 3209246.1489127344 1783977.027034238, 3223679.693945522 1808976.6603722798, 3252546.784008983 1808976.6603741646, 3266980.329039707 1783977.0270380012, 3252546.7840069644 1758977.3936999417))",2,0.5123378396363432,2164.9999999792512,2,0.2361611743151839,frequency,0,0,0.27617666532115925,0.27617666532115925
1850,"POLYGON ((3252546.7840194153 2058972.9937441077, 3223679.6939562215 2058972.993742271, 3209246.1489257184 2083972.627077569, 3223679.6939584 2108972.260415645, 3252546.7840215405 2108972.2604174754, 3266980.3290520553 2083972.6270812384, 3252546.7840194153 2058972.9937441077))",2,0.2603893167206563,2165.0000000225523,1,0.2362675357952687,frequency,1,1,0.02412178092538758,0.02412178092538758
1851,"POLYGON ((3252546.7840215405 2108972.2604174754, 3223679.6939584 2108972.260415645, 3209246.1489279275 2133971.893750762, 3223679.6939605814 2158971.527087629, 3252546.7840236668 2158971.527089441, 3266980.3290541535 2133971.8937543985, 3252546.7840215405 2108972.2604174754))",3,0.2644173434304707,2164.999999979261,1,0.3300122830922967,frequency,2,2,-0.065594939661826,0.065594939661826
1852,"POLYGON ((3252546.7840236668 2158971.527089441, 3223679.6939605814 2158971.527087629, 3209246.148930137 2183971.16042255, 3223679.6939627635 2208970.793760204, 3252546.784025791 2208970.793761987, 3266980.329056251 2183971.1604261454, 3252546.7840236668 2158971.527089441))",12,0.4113473076676319,2165.0000000225523,1,0.2922187705116692,frequency,1,-1,0.11912853715596267,0.11912853715596267
1853,"POLYGON ((3252546.784025791 2208970.793761987, 3223679.6939627635 2208970.793760204, 3209246.1489323443 2233970.427094916, 3223679.6939649396 2258970.0604313402, 3252546.7840279113 2258970.060433102, 3266980.3290583454 2233970.4270984703, 3252546.784025791 2208970.793761987))",1,0.3845071440156947,2164.999999979261,1,0.3724525485077954,frequency,0,0,0.01205459550789928,0.01205459550789928
1854,"POLYGON ((3252546.7840279113 2258970.060433102, 3223679.6939649396 2258970.0604313402, 3209246.148934544 2283969.693765839, 3223679.6939671054 2308969.3271030225, 3252546.7840300216 2308969.3271047645, 3266980.3290604325 2283969.6937693465, 3252546.7840279113 2258970.060433102))",2,0.3824862387348665,2165.0000000225523,1,0.2826760066558111,frequency,1,1,0.09981023207905537,0.09981023207905537
1855,"POLYGON ((3252546.7840300216 2308969.3271047645, 3223679.6939671054 2308969.3271030225, 3209246.1489367327 2333968.960437309, 3223679.69396926 2358968.59377325, 3252546.784032119 2358968.5937749622, 3266980.3290625094 2333968.9604407693, 3252546.7840300216 2308969.3271047645))",5,0.2336187240495187,2164.999999979261,11,0.2697440123341928,frequency,6,-6,-0.03612528828467412,0.03612528828467412
1877,"POLYGON ((3252546.784068229 3408953.1937431474, 3223679.6940064095 3408953.193742213, 3209246.148976123 3433952.8270724574, 3223679.6940076333 3458952.4604025283, 3252546.784069415 3458952.4604034214, 3266980.329099723 3433952.82707428, 3252546.784068229 3408953.1937431474))",12,0.4192699416343484,2165.0000000225723,12,0.2957679888796413,frequency,0,0,0.1235019527547071,0.1235019527547071
1878,"POLYGON ((3252546.784069415 3458952.4604034214, 3223679.6940076333 3458952.4604025283, 3209246.148977338 3483952.093731585, 3223679.694008803 3508951.7270614314, 3252546.7840705463 3508951.727062279, 3266980.329100864 3483952.0937333256, 3252546.784069415 3458952.4604034214))",1,0.3267585905994348,2164.999999979241,1,0.2261160874606252,frequency,0,0,0.1006425031388096,0.1006425031388096
1880,"POLYGON ((3252546.7840716215 3558950.9937217236, 3223679.694009913 3558950.993720917, 3209246.148979596 3583950.627049606, 3223679.6940109665 3608950.260380006, 3252546.784072644 3608950.2603807854, 3266980.3291029814 3583950.6270511886, 3252546.7840716215 3558950.9937217236))",1,0.4629782566035839,2165.0000000225523,1,0.3035350523696279,frequency,0,0,0.15944320423395597,0.15944320423395597
1881,"POLYGON ((3252546.784072644 3608950.2603807854, 3223679.6940109665 3608950.260380006, 3209246.1489806403 3633949.8937085303, 3223679.6940119658 3658949.52703772, 3252546.784073611 3658949.5270384597, 3266980.3291039597 3633949.8937100368, 3252546.784072644 3608950.2603807854))",1,0.5383655616356854,2164.999999979261,1,0.3142593603843466,frequency,0,0,0.2241062012513388,0.2241062012513388
1930,"POLYGON ((3295847.4190993463 1683978.493689944, 3266980.329035786 1683978.493688138, 3252546.784004979 1708978.1270245013, 3266980.3290377287 1733977.7603636642, 3295847.4191012406 1733977.7603654778, 3310280.964132052 1708978.1270281184, 3295847.4190993463 1683978.493689944))",1,0.5763251289737085,2165.0000000225523,2,0.3398452374964973,frequency,1,-1,0.23647989147721116,0.23647989147721116
1931,"POLYGON ((3295847.4191012406 1733977.7603654778, 3266980.3290377287 1733977.7603636642, 3252546.7840069644 1758977.3936999417, 3266980.329039707 1783977.0270380012, 3295847.4191031684 1783977.0270398129, 3310280.964133938 1758977.3937035562, 3295847.4191012406 1733977.7603654778))",2,0.3090332384405448,2164.999999979252,1,0.3535919782857488,frequency,1,1,-0.044558739845203976,0.044558739845203976
1932,"POLYGON ((3295847.4191031684 1783977.0270398129, 3266980.329039707 1783977.0270380012, 3252546.784008983 1808976.6603741646, 3266980.329041715 1833976.2937131105, 3295847.419105125 1833976.293714922, 3310280.9641358554 1808976.6603777811, 3295847.4191031684 1783977.0270398129))",3,0.2753734983235253,2165.000000022563,1,0.2805673943751629,frequency,2,2,-0.005193896051637614,0.005193896051637614
1936,"POLYGON ((3295847.419111127 1983974.0937365682, 3266980.3290478764 1983974.093734783, 3252546.7840172993 2008973.7270703735, 3266980.329049961 2033973.3604086924, 3295847.419113157 2033973.3604104647, 3310280.964143746 2008973.7270739332, 3295847.419111127 1983974.0937365682))",12,0.3647381899145924,2165.000000022563,2,0.3876075874780337,frequency,2,-2,-0.022869397563441307,0.022869397563441307
1937,"POLYGON ((3295847.419113157 2033973.3604104647, 3266980.329049961 2033973.3604086924, 3252546.7840194153 2058972.9937441077, 3266980.3290520553 2083972.6270812384, 3295847.419115195 2083972.6270829965, 3310280.9641457535 2058972.9937476444, 3295847.419113157 2033973.3604104647))",2,0.2337619655631026,2164.999999979252,2,0.3698178771989699,frequency,0,0,-0.1360559116358673,0.1360559116358673
1938,"POLYGON ((3295847.419115195 2083972.6270829965, 3266980.3290520553 2083972.6270812384, 3252546.7840215405 2108972.2604174754, 3266980.3290541535 2133971.8937543985, 3295847.419117237 2133971.893756138, 3310280.964147766 2108972.2604209734, 3295847.419115195 2083972.6270829965))",2,0.380793302364988,2165.0000000225523,2,0.3117628405351746,frequency,0,0,0.06903046182981337,0.06903046182981337
1939,"POLYGON ((3295847.419117237 2133971.893756138, 3266980.3290541535 2133971.8937543985, 3252546.7840236668 2158971.527089441, 3266980.329056251 2183971.1604261454, 3295847.4191192803 2183971.1604278735, 3310280.9641497815 2158971.527092909, 3295847.419117237 2133971.893756138))",9,0.2194324608050894,2164.999999979261,1,0.2497646699555155,frequency,4,-4,-0.030332209150426087,0.030332209150426087
1940,"POLYGON ((3295847.4191192803 2183971.1604278735, 3266980.329056251 2183971.1604261454, 3252546.784025791 2208970.793761987, 3266980.3290583454 2233970.4270984703, 3295847.4191213176 2233970.4271001713, 3310280.9641517936 2208970.793765415, 3295847.4191192803 2183971.1604278735))",12,0.4153995027371413,2165.0000000225523,10,0.2561065153772199,frequency,2,2,0.15929298735992142,0.15929298735992142
1941,"POLYGON ((3295847.4191213176 2233970.4271001713, 3266980.3290583454 2233970.4270984703, 3252546.7840279113 2258970.060433102, 3266980.3290604325 2283969.6937693465, 3295847.4191233492 2283969.69377103, 3310280.964153801 2258970.060436487, 3295847.4191213176 2233970.4271001713))",11,0.3227219243914818,2164.999999979261,2,0.3160186255750897,frequency,3,-3,0.006703298816392089,0.006703298816392089
1942,"POLYGON ((3295847.4191233492 2283969.69377103, 3266980.3290604325 2283969.6937693465, 3252546.7840300216 2308969.3271047645, 3266980.3290625094 2333968.9604407693, 3295847.419125369 2333968.9604424257, 3310280.964155798 2308969.327108101, 3295847.4191233492 2283969.69377103))",1,0.2300924958560779,2165.0000000225523,2,0.329168148709463,frequency,1,-1,-0.09907565285338507,0.09907565285338507
1953,"POLYGON ((3295847.4191442593 2833961.627123811, 3266980.3290819447 2833961.627122473, 3252546.784051675 2858961.2604552815, 3266980.329083695 2883960.89378829, 3295847.4191459594 2883960.8937895927, 3310280.9641762516 2858961.2604579045, 3295847.4191442593 2833961.627123811))",10,0.7756763127708548,2165.0000000225523,12,0.2809770374113253,frequency,2,-2,0.4946992753595295,0.4946992753595295
1954,"POLYGON ((3295847.4191459594 2883960.8937895927, 3266980.329083695 2883960.89378829, 3252546.784053428 2908960.527119855, 3266980.3290854013 2933960.1604525875, 3295847.4191476135 2933960.160453843, 3310280.9641779037 2908960.527122401, 3295847.4191459594 2883960.8937895927))",1,0.5503153618846386,2164.999999979261,12,0.2940767263814938,frequency,1,1,0.2562386355031448,0.2562386355031448
1969,"POLYGON ((3295847.4191656015 3633949.893710759, 3266980.3291039597 3633949.8937100368, 3252546.784073611 3658949.5270384597, 3266980.3291048827 3683949.1603675075, 3295847.419166493 3683949.1603681906, 3310280.9641968627 3658949.5270398622, 3295847.4191656015 3633949.893710759))",11,0.3069004561888332,2164.999999979261,1,0.2832967911956064,frequency,2,-2,0.023603664993226803,0.023603664993226803
2017,"POLYGON ((3339148.0541937617 1658978.8603552282, 3310280.9641302 1658978.8603535001, 3295847.4190993463 1683978.493689944, 3310280.964132052 1708978.1270281184, 3339148.0541955647 1708978.1270298492, 3353581.599226422 1683978.4936934046, 3339148.0541937617 1658978.8603552282))",1,0.3948658776199873,2164.999999979252,11,0.3068498811860729,frequency,2,2,0.08801599643391439,0.08801599643391439
2018,"POLYGON ((3339148.0541955647 1708978.1270298492, 3310280.964132052 1708978.1270281184, 3295847.4191012406 1733977.7603654778, 3310280.964133938 1758977.3937035562, 3339148.0541974013 1758977.3937052905, 3353581.5992282177 1733977.7603689432, 3339148.0541955647 1708978.1270298492))",11,0.386889666060234,2165.000000022563,1,0.3408483077881485,frequency,2,-2,0.0460413582720855,0.0460413582720855
2019,"POLYGON ((3339148.0541974013 1758977.3937052905, 3310280.964133938 1758977.3937035562, 3295847.4191031684 1783977.0270398129, 3310280.9641358554 1808976.6603777811, 3339148.054199267 1808976.6603795146, 3353581.5992300445 1783977.0270432825, 3339148.0541974013 1758977.3937052905))",12,0.5547132543166525,2164.9999999792512,1,0.4269063749414809,frequency,1,-1,0.1278068793751716,0.1278068793751716
2022,"POLYGON ((3339148.0542030716 1908975.1937281892, 3310280.964139765 1908975.1937264665, 3295847.419109109 1933974.8270633288, 3310280.9641417493 1958974.4604008682, 3339148.0542050013 1958974.4604025811, 3353581.599235669 1933974.8270667677, 3339148.0542030716 1908975.1937281892))",12,0.2658762445851086,2165.000000022563,1,0.288831054545795,frequency,1,-1,-0.022954809960686384,0.022954809960686384
2023,"POLYGON ((3339148.0542050013 1958974.4604025811, 3310280.9641417493 1958974.4604008682, 3295847.419111127 1983974.0937365682, 3310280.964143746 2008973.7270739332, 3339148.054206944 2008973.727075639, 3353581.5992375775 1983974.093739989, 3339148.0542050013 1958974.4604025811))",10,0.2783727473279648,2164.9999999792512,2,0.3338963198460589,frequency,4,-4,-0.05552357251809409,0.05552357251809409
2024,"POLYGON ((3339148.054206944 2008973.727075639, 3310280.964143746 2008973.7270739332, 3295847.419113157 2033973.3604104647, 3310280.9641457535 2058972.9937476444, 3339148.054208896 2058972.993749341, 3353581.5992394984 2033973.360413865, 3339148.054206944 2008973.727075639))",2,0.4559266989537888,2165.000000022563,2,0.3876282598289175,frequency,0,0,0.06829843912487127,0.06829843912487127
2025,"POLYGON ((3339148.054208896 2058972.993749341, 3310280.9641457535 2058972.9937476444, 3295847.419115195 2083972.6270829965, 3310280.964147766 2108972.2604209734, 3339148.054210853 2108972.2604226535, 3353581.5992414253 2083972.6270863663, 3339148.054208896 2058972.993749341))",3,0.2818833203710332,2165.0000000225523,2,0.3177837995207488,frequency,1,1,-0.035900479149715614,0.035900479149715614
2026,"POLYGON ((3339148.054210853 2108972.2604226535, 3310280.964147766 2108972.2604209734, 3295847.419117237 2133971.893756138, 3310280.9641497815 2158971.527092909, 3339148.0542128123 2158971.52709457, 3353581.599243356 2133971.893759479, 3339148.054210853 2108972.2604226535))",12,0.3616948286389721,2164.999999979261,2,0.2529587618390583,frequency,2,-2,0.10873606679991382,0.10873606679991382
2027,"POLYGON ((3339148.0542128123 2158971.52709457, 3310280.9641497815 2158971.527092909, 3295847.4191192803 2183971.1604278735, 3310280.9641517936 2208970.793765415, 3339148.054214768 2208970.7937670583, 3353581.5992452847 2183971.16043117, 3339148.0542128123 2158971.52709457))",12,0.2716219369847236,2165.0000000225523,2,0.2883578156743053,frequency,2,-2,-0.016735878689581707,0.016735878689581707
2028,"POLYGON ((3339148.054214768 2208970.7937670583, 3310280.9641517936 2208970.793765415, 3295847.4191213176 2233970.4271001713, 3310280.964153801 2258970.060436487, 3339148.0542167183 2258970.0604381077, 3353581.599247211 2233970.4271034375, 3339148.054214768 2208970.7937670583))",11,0.2601632645303903,2164.999999979261,1,0.4652196944079031,frequency,2,-2,-0.20505642987751282,0.20505642987751282
2029,"POLYGON ((3339148.0542167183 2258970.0604381077, 3310280.964153801 2258970.060436487, 3295847.4191233492 2283969.69377103, 3310280.964155798 2308969.327108101, 3339148.054218659 2308969.3271097005, 3353581.5992491283 2283969.6937742475, 3339148.0542167183 2258970.0604381077))",1,0.3367695438273717,2165.0000000225523,1,0.3928622716536017,frequency,0,0,-0.05609272782623004,0.05609272782623004
2040,"POLYGON ((3339148.054236871 2808961.9937931774, 3310280.9641745575 2808961.9937918903, 3295847.4191442593 2833961.627123811, 3310280.9641762516 2858961.2604579045, 3339148.054238515 2858961.2604591646, 3353581.5992688364 2833961.6271263575, 3339148.054236871 2808961.9937931774))",3,0.4251621143411336,2165.0000000225523,12,0.243345578201416,frequency,3,3,0.1818165361397176,0.1818165361397176
2041,"POLYGON ((3339148.054238515 2858961.2604591646, 3310280.9641762516 2858961.2604579045, 3295847.4191459594 2883960.8937895927, 3310280.9641779037 2908960.527122401, 3339148.0542401173 2908960.527123625, 3353581.5992704346 2883960.8937920644, 3339148.054238515 2858961.2604591646))",12,0.6072470851850129,2164.999999979261,12,0.3264398063659101,frequency,0,0,0.28080727881910283,0.28080727881910283
2042,"POLYGON ((3339148.0542401173 2908960.527123625, 3310280.9641779037 2908960.527122401, 3295847.4191476135 2933960.160453843, 3310280.964179514 2958959.7937873853, 3339148.054241677 2958959.7937885644, 3353581.5992719913 2933960.160456246, 3339148.0542401173 2908960.527123625))",3,0.2851907675266244,2165.0000000225523,12,0.3260812908064008,frequency,3,3,-0.04089052327977638,0.04089052327977638
2046,"POLYGON ((3339148.054246087 3108957.593778326, 3310280.9641840635 3108957.593777254, 3295847.419153774 3133957.227107761, 3310280.9641854847 3158956.860440218, 3339148.0542474636 3158956.8604412503, 3353581.599277776 3133957.22710986, 3339148.054246087 3108957.593778326))",12,0.3923969820560858,2165.0000000225523,12,0.2942723532889706,frequency,0,0,0.0981246287671152,0.0981246287671152
2108,"POLYGON ((3382448.6892952607 1833976.2937200433, 3353581.599231897 1833976.2937183802, 3339148.0542011587 1858975.9270544904, 3353581.599233774 1883975.560392224, 3382448.6892970833 1883975.5603938778, 3396882.2343278322 1858975.927057807, 3382448.6892952607 1833976.2937200433))",2,0.284901633936127,2164.999999979252,1,0.4114838938559829,frequency,1,1,-0.1265822599198559,0.1265822599198559
2109,"POLYGON ((3382448.6892970833 1883975.5603938778, 3353581.599233774 1883975.560392224, 3339148.0542030716 1908975.1937281892, 3353581.599235669 1933974.8270667677, 3382448.689298924 1933974.827068415, 3396882.234329637 1908975.1937314863, 3382448.6892970833 1883975.5603938778))",4,0.1734007769420293,2165.000000022563,1,0.3714380541216533,frequency,3,3,-0.19803727717962402,0.19803727717962402
2110,"POLYGON ((3382448.689298924 1933974.827068415, 3353581.599235669 1933974.8270667677, 3339148.0542050013 1958974.4604025811, 3353581.5992375775 1983974.093739989, 3382448.689300779 1983974.0937416272, 3396882.2343314583 1958974.4604058655, 3382448.689298924 1933974.827068415))",12,0.4402076815314554,2164.999999979252,2,0.3327282426250906,frequency,2,-2,0.1074794389063648,0.1074794389063648
2111,"POLYGON ((3382448.689300779 1983974.0937416272, 3353581.5992375775 1983974.093739989, 3339148.054206944 2008973.727075639, 3353581.5992394984 2033973.360413865, 3382448.6893026438 2033973.360415493, 3396882.234333291 2008973.727078902, 3382448.689300779 1983974.0937416272))",2,0.330384885839185,2165.000000022563,2,0.3129704067622781,frequency,0,0,0.017414479076906908,0.017414479076906908
2112,"POLYGON ((3382448.6893026438 2033973.360415493, 3353581.5992394984 2033973.360413865, 3339148.054208896 2058972.993749341, 3353581.5992414253 2083972.6270863663, 3382448.689304515 2083972.6270879805, 3396882.234335132 2058972.9937525736, 3382448.6893026438 2033973.360415493))",2,0.2207544917055046,2164.999999979252,2,0.3378918371082745,frequency,0,0,-0.11713734540276988,0.11713734540276988
2113,"POLYGON ((3382448.689304515 2083972.6270879805, 3353581.5992414253 2083972.6270863663, 3339148.054210853 2108972.2604226535, 3353581.599243356 2133971.893759479, 3382448.6893063886 2133971.8937610732, 3396882.2343369764 2108972.2604258573, 3382448.689304515 2083972.6270879805))",2,0.4001444241877099,2165.0000000225523,1,0.2825578786285071,frequency,1,1,0.11758654555920278,0.11758654555920278
2114,"POLYGON ((3382448.6893063886 2133971.8937610732, 3353581.599243356 2133971.893759479, 3339148.0542128123 2158971.52709457, 3353581.5992452847 2183971.16043117, 3382448.689308262 2183971.160432749, 3396882.234338823 2158971.5270977416, 3382448.6893063886 2133971.8937610732))",2,0.4120951059820714,2164.999999979261,2,0.30697247507954,frequency,0,0,0.10512263090253138,0.10512263090253138
2115,"POLYGON ((3382448.689308262 2183971.160432749, 3353581.5992452847 2183971.16043117, 3339148.054214768 2208970.7937670583, 3353581.599247211 2233970.4271034375, 3382448.68931013 2233970.427104989, 3396882.234340665 2208970.7937701894, 3382448.689308262 2183971.160432749))",1,0.4982627775927457,2165.0000000225523,2,0.3327282426250906,frequency,1,-1,0.16553453496765508,0.16553453496765508
2116,"POLYGON ((3382448.68931013 2233970.427104989, 3353581.599247211 2233970.4271034375, 3339148.0542167183 2258970.0604381077, 3353581.5992491283 2283969.6937742475, 3382448.689311992 2283969.6937757833, 3396882.234342502 2258970.060441198, 3382448.68931013 2233970.427104989))",2,0.3127364798982993,2164.999999979261,2,0.4362771020624009,frequency,0,0,-0.12354062216410161,0.12354062216410161
2117,"POLYGON ((3382448.689311992 2283969.6937757833, 3353581.5992491283 2283969.6937742475, 3339148.054218659 2308969.3271097005, 3353581.599251035 2333968.960445596, 3382448.689313842 2333968.9604471084, 3396882.2343443297 2308969.3271127497, 3382448.689311992 2283969.6937757833))",1,0.3203984568393191,2165.0000000225523,2,0.4362771020624009,frequency,1,-1,-0.11587864522308178,0.11587864522308178
2127,"POLYGON ((3382448.689329513 2783962.360462374, 3353581.5992671987 2783962.360461129, 3339148.054236871 2808961.9937931774, 3353581.5992688364 2833961.6271263575, 3382448.6893311 2833961.6271275724, 3396882.2343614493 2808961.9937956366, 3382448.689329513 2783962.360462374))",10,0.3728485414269327,2164.999999979261,12,0.2604610246091884,frequency,2,-2,0.11238751681774428,0.11238751681774428
2128,"POLYGON ((3382448.6893311 2833961.6271275724, 3353581.5992688364 2833961.6271263575, 3339148.054238515 2858961.2604591646, 3353581.5992704346 2883960.8937920644, 3382448.689332648 2883960.893793245, 3396882.2343629915 2858961.2604615525, 3382448.6893311 2833961.6271275724))",10,0.2915267464475521,2165.0000000225523,12,0.2438602295974303,frequency,2,-2,0.0476665168501218,0.0476665168501218
2129,"POLYGON ((3382448.689332648 2883960.893793245, 3353581.5992704346 2883960.8937920644, 3339148.0542401173 2908960.527123625, 3353581.5992719913 2933960.160456246, 3382448.689334155 2933960.1604573894, 3396882.2343644956 2908960.527125948, 3382448.689332648 2883960.893793245))",10,0.2379782346430765,2164.999999979261,12,0.3505239422872713,frequency,2,-2,-0.1125457076441948,0.1125457076441948
2134,"POLYGON ((3382448.689339755 3133957.2271108585, 3353581.599277776 3133957.22710986, 3339148.0542474636 3158956.8604412503, 3353581.599279105 3183956.493772512, 3382448.6893410417 3183956.4937734813, 3396882.234371377 3158956.8604432065, 3382448.689339755 3133957.2271108585))",12,0.4837639608577843,2165.0000000225523,12,0.2899961930491683,frequency,0,0,0.193767767808616,0.193767767808616
2136,"POLYGON ((3382448.689342282 3233955.760435624, 3353581.599280388 3233955.760434695, 3339148.0542500685 3258955.393764641, 3353581.5992816193 3283955.027095397, 3382448.689343472 3283955.0270962873, 3396882.234373815 3258955.3937664567, 3382448.689342282 3233955.760435624))",12,0.4261488595046931,2164.999999979261,12,0.3377924091202035,frequency,0,0,0.08835645038448964,0.08835645038448964
2137,"POLYGON ((3382448.689343472 3283955.0270962873, 3353581.5992816193 3283955.027095397, 3339148.054251296 3308954.660425133, 3353581.599282803 3333954.293756645, 3382448.6893446157 3333954.2937574983, 3396882.234374962 3308954.660426876, 3382448.689343472 3283955.0270962873))",12,0.6473388747777331,2165.0000000225523,12,0.3220801598526035,frequency,0,0,0.3252587149251296,0.3252587149251296
2145,"POLYGON ((3382448.6893512574 3683949.1603701003, 3353581.599289682 3683949.160369496, 3339148.054259294 3708948.793698735, 3353581.5992904664 3733948.427027508, 3382448.6893520136 3733948.4270280837, 3396882.23438242 3708948.793699928, 3382448.6893512574 3683949.1603701003))",12,0.588410736738634,2165.0000000225523,12,0.4010401857031335,frequency,0,0,0.1873705510355005,0.1873705510355005
2194,"POLYGON ((3425749.3243877017 1758977.3937101963, 3396882.2343242834 1758977.3937086114, 3382448.689293459 1783977.0270449386, 3396882.234326046 1808976.660382834, 3425749.3243894125 1808976.660384417, 3440182.8694202453 1783977.027048109, 3425749.3243877017 1758977.3937101963))",1,0.57098593880128,2164.9999999792512,1,0.4733343984238428,frequency,0,0,0.09765154037743723,0.09765154037743723
2195,"POLYGON ((3425749.3243894125 1808976.660384417, 3396882.234326046 1808976.660382834, 3382448.6892952607 1833976.2937200433, 3396882.2343278322 1858975.927057807, 3425749.3243911453 1858975.9270593808, 3440182.869421941 1833976.2937232044, 3425749.3243894125 1808976.660384417))",2,0.4108918218652179,2165.000000022563,1,0.4503315543718517,frequency,1,1,-0.039439732506633796,0.039439732506633796
2196,"POLYGON ((3425749.3243911453 1858975.9270593808, 3396882.2343278322 1858975.927057807, 3382448.6892970833 1883975.5603938778, 3396882.234329637 1908975.1937314863, 3425749.3243928966 1908975.1937330607, 3440182.869423657 1883975.5603970296, 3425749.3243911453 1858975.9270593808))",1,0.2792138388778338,2164.9999999792512,1,0.3167332973688899,frequency,0,0,-0.03751945849105609,0.03751945849105609
2197,"POLYGON ((3425749.3243928966 1908975.1937330607, 3396882.234329637 1908975.1937314863, 3382448.689298924 1933974.827068415, 3396882.2343314583 1958974.4604058655, 3425749.324394663 1958974.4604074268, 3440182.869425389 1933974.8270715524, 3425749.3243928966 1908975.1937330607))",12,0.2860704684905857,2165.000000022563,1,0.3298505725143232,frequency,1,-1,-0.0437801040237375,0.0437801040237375
2198,"POLYGON ((3425749.324394663 1958974.4604074268, 3396882.2343314583 1958974.4604058655, 3382448.689300779 1983974.0937416272, 3396882.234333291 2008973.727078902, 3425749.3243964403 2008973.7270804525, 3440182.8694271334 1983974.0937447464, 3425749.324394663 1958974.4604074268))",2,0.3390580282304415,2164.9999999792512,2,0.3664130021959388,frequency,0,0,-0.027354973965497298,0.027354973965497298
2199,"POLYGON ((3425749.3243964403 2008973.7270804525, 3396882.234333291 2008973.727078902, 3382448.6893026438 2033973.360415493, 3396882.234335132 2058972.9937525736, 3425749.324398225 2058972.9937541126, 3440182.869428887 2033973.3604185872, 3425749.3243964403 2008973.7270804525))",8,0.2013943483656743,2165.000000022563,2,0.2959658892831922,frequency,6,6,-0.09457154091751788,0.09457154091751788
2200,"POLYGON ((3425749.324398225 2058972.9937541126, 3396882.234335132 2058972.9937525736, 3382448.689304515 2083972.6270879805, 3396882.2343369764 2108972.2604258573, 3425749.3244000142 2108972.26042739, 3440182.8694306468 2083972.6270910525, 3425749.324398225 2058972.9937541126))",2,0.4129196089740958,2165.0000000225523,2,0.4020972911091821,frequency,0,0,0.010822317864913722,0.010822317864913722
2203,"POLYGON ((3425749.324403589 2208970.7937716832, 3396882.234340665 2208970.7937701894, 3382448.68931013 2233970.427104989, 3396882.234342502 2258970.060441198, 3425749.3244053693 2258970.0604426744, 3440182.8694359222 2233970.427107962, 3425749.324403589 2208970.7937716832))",3,0.2424176348651762,2164.999999979261,2,0.2656300211218609,frequency,1,1,-0.023212386256684703,0.023212386256684703
2204,"POLYGON ((3425749.3244053693 2258970.0604426744, 3396882.234342502 2258970.060441198, 3382448.689311992 2283969.6937757833, 3396882.2343443297 2308969.3271127497, 3425749.3244071403 2308969.3271142007, 3440182.8694376694 2283969.6937787086, 3425749.3244053693 2258970.0604426744))",2,0.3117761184791405,2165.0000000225523,1,0.4971340792575013,frequency,1,1,-0.1853579607783608,0.1853579607783608
2205,"POLYGON ((3425749.3244071403 2308969.3271142007, 3396882.2343443297 2308969.3271127497, 3382448.689313842 2333968.9604471084, 3396882.234346145 2358968.593782824, 3425749.324408898 2358968.59378425, 3440182.8694394063 2333968.960449991, 3425749.3244071403 2308969.3271142007))",1,0.4151848976342669,2164.999999979261,1,0.2941650861805258,frequency,0,0,0.12101981145374113,0.12101981145374113
2214,"POLYGON ((3425749.3244221862 2758962.7271303935, 3396882.23435987 2758962.727129197, 3382448.689329513 2783962.360462374, 3396882.2343614493 2808961.9937956366, 3425749.324423715 2808961.993796808, 3440182.869454095 2783962.360464746, 3425749.3244221862 2758962.7271303935))",12,0.3568669533839184,2165.0000000225723,12,0.2430642159289595,frequency,0,0,0.11380273745495889,0.11380273745495889
2215,"POLYGON ((3425749.324423715 2808961.993796808, 3396882.2343614493 2808961.9937956366, 3382448.6893311 2833961.6271275724, 3396882.2343629915 2858961.2604615525, 3425749.324425207 2858961.260462692, 3440182.8694555806 2833961.6271298816, 3425749.324423715 2808961.993796808))",11,0.3032593087209693,2165.0000000225523,12,0.2310543036589455,frequency,1,-1,0.07220500506202379,0.07220500506202379
2216,"POLYGON ((3425749.324425207 2858961.260462692, 3396882.2343629915 2858961.2604615525, 3382448.689332648 2883960.893793245, 3396882.2343644956 2908960.527125948, 3425749.3244266603 2908960.5271270447, 3440182.869457029 2883960.893795485, 3425749.324425207 2858961.260462692))",11,0.2732257009661583,2164.999999979261,10,0.2096973159327465,frequency,1,1,0.0635283850334118,0.0635283850334118
2222,"POLYGON ((3425749.3244333128 3158956.8604441374, 3396882.234371377 3158956.8604432065, 3382448.6893410417 3183956.4937734813, 3396882.2343726195 3208956.127104569, 3425749.3244345137 3208956.12710547, 3440182.8694648724 3183956.493775312, 3425749.3244333128 3158956.8604441374))",12,0.258575555546532,2164.999999979261,12,0.4010810643120993,frequency,0,0,-0.14250550876556728,0.14250550876556728
2224,"POLYGON ((3425749.324435667 3258955.3937673187, 3396882.234373815 3258955.3937664567, 3382448.689343472 3283955.0270962873, 3396882.234374962 3308954.660426876, 3425749.324436776 3308954.660427704, 3440182.86946714 3283955.0270979847, 3425749.324435667 3258955.3937673187))",12,0.2567317457250281,2164.999999979261,2,0.301219880370587,frequency,2,-2,-0.0444881346455589,0.0444881346455589
2225,"POLYGON ((3425749.324436776 3308954.660427704, 3396882.234374962 3308954.660426876, 3382448.6893446157 3333954.2937574983, 3396882.2343760626 3358953.927087844, 3425749.3244378376 3358953.927088636, 3440182.8694682047 3333954.2937591197, 3425749.324436776 3308954.660427704))",1,0.3605701947488343,2165.0000000225527,2,0.3356516224738693,frequency,1,-1,0.024918572274964967,0.024918572274964967
2226,"POLYGON ((3425749.3244378376 3358953.927088636, 3396882.2343760626 3358953.927087844, 3382448.6893457114 3383953.56041726, 3396882.2343771146 3408953.1937473654, 3425749.324438853 3408953.193748126, 3440182.8694692254 3383953.5604188126, 3425749.3244378376 3358953.927088636))",2,0.3909633358163074,2164.999999979241,12,0.2302692510460847,frequency,2,2,0.16069408477022268,0.16069408477022268
2231,"POLYGON ((3425749.324442449 3608950.260384918, 3396882.234380842 3608950.2603842854, 3382448.689350454 3633949.8937127627, 3396882.234381655 3658949.527041791, 3425749.324443232 3658949.527042389, 3440182.869473637 3633949.893713994, 3425749.324442449 3608950.260384918))",3,0.5577267839457435,2164.999999979261,12,0.3510583573650058,frequency,3,3,0.2066684265807377,0.2066684265807377
2232,"POLYGON ((3425749.324443232 3658949.527042389, 3396882.234381655 3658949.527041791, 3382448.6893512574 3683949.1603701003, 3396882.23438242 3708948.793699928, 3425749.324443969 3708948.793700501, 3440182.8694743835 3683949.16037127, 3425749.324443232 3658949.527042389))",2,0.3872180127162069,2165.0000000225523,1,0.3446620500299763,frequency,1,1,0.04255596268623063,0.04255596268623063
2233,"POLYGON ((3425749.324443969 3708948.793700501, 3396882.23438242 3708948.793699928, 3382448.6893520136 3733948.4270280837, 3396882.2343831393 3758948.060356724, 3425749.3244446614 3758948.0603572614, 3440182.8694750844 3733948.4270291906, 3425749.324443969 3708948.793700501))",12,0.2700919293513513,2164.999999979261,1,0.3914259776398496,frequency,1,-1,-0.12133404828849831,0.12133404828849831
2234,"POLYGON ((3425749.3244446614 3758948.0603572614, 3396882.2343831393 3758948.060356724, 3382448.689352723 3783947.693684723, 3396882.234383812 3808947.3270141818, 3425749.324445308 3808947.3270146884, 3440182.8694757423 3783947.693685773, 3425749.3244446614 3758948.0603572614))",11,0.2927503289667438,2165.0000000225523,1,0.3839685216957822,frequency,2,-2,-0.09121819272903842,0.09121819272903842
2235,"POLYGON ((3425749.324445308 3808947.3270146884, 3396882.234383812 3808947.3270141818, 3382448.689353388 3833946.9603420435, 3396882.234384441 3858946.5936703254, 3425749.3244459135 3858946.5936708064, 3440182.869476356 3833946.960343028, 3425749.324445308 3808947.3270146884))",2,0.3641733374258746,2164.999999979261,1,0.4067475483798799,frequency,1,1,-0.04257421095400532,0.04257421095400532
2236,"POLYGON ((3425749.3244459135 3858946.5936708064, 3396882.234384441 3858946.5936703254, 3382448.6893540043 3883946.2269980395, 3396882.2343850248 3908945.8603271605, 3425749.324446475 3908945.8603276154, 3440182.869476927 3883946.2269989722, 3425749.3244459135 3858946.5936708064))",1,0.6474734886211166,2165.0000000225523,1,0.5019797281676259,frequency,0,0,0.14549376045349072,0.14549376045349072
2285,"POLYGON ((3469049.9594885986 1933974.8270730427, 3440182.869425389 1933974.8270715524, 3425749.324394663 1958974.4604074268, 3440182.8694271334 1983974.0937447464, 3469049.959490289 1983974.0937462351, 3483483.5045210286 1958974.460410407, 3469049.9594885986 1933974.8270730427))",7,0.2473401029089754,2164.999999979252,1,0.3491903502246948,frequency,6,6,-0.1018502473157194,0.1018502473157194
2286,"POLYGON ((3469049.959490289 1983974.0937462351, 3440182.8694271334 1983974.0937447464, 3425749.3243964403 2008973.7270804525, 3440182.869428887 2033973.3604185872, 3469049.959491987 2033973.3604200648, 3483483.504522695 2008973.7270834188, 3469049.959490289 1983974.0937462351))",2,0.3794351042437968,2165.000000022563,2,0.3504340638044638,frequency,0,0,0.029001040439332992,0.029001040439332992
2287,"POLYGON ((3469049.959491987 2033973.3604200648, 3440182.869428887 2033973.3604185872, 3425749.324398225 2058972.9937541126, 3440182.8694306468 2083972.6270910525, 3469049.9594936883 2083972.6270925077, 3483483.504524367 2058972.9937570507, 3469049.959491987 2033973.3604200648))",2,0.2918847361094727,2164.999999979252,2,0.4346334560557703,frequency,0,0,-0.14274871994629762,0.14274871994629762
2289,"POLYGON ((3469049.959495393 2133971.893765557, 3440182.8694324074 2133971.8937641145, 3425749.3244018033 2158971.5270992536, 3440182.8694341676 2183971.1604357567, 3469049.9594970965 2183971.1604371853, 3483483.504527719 2158971.527102132, 3469049.959495393 2133971.893765557))",1,0.2313228004345928,2164.999999979261,2,0.3927037240895799,frequency,1,-1,-0.16138092365498707,0.16138092365498707
2290,"POLYGON ((3469049.9594970965 2183971.1604371853, 3440182.8694341676 2183971.1604357567, 3425749.324403589 2208970.7937716832, 3440182.8694359222 2233970.427107962, 3469049.9594987943 2233970.427109371, 3483483.504529391 2208970.793774526, 3469049.9594970965 2183971.1604371853))",1,0.3129334653769123,2165.0000000225523,1,0.3691230410136712,frequency,0,0,-0.056189575636758915,0.056189575636758915
2291,"POLYGON ((3469049.9594987943 2233970.427109371, 3440182.8694359222 2233970.427107962, 3425749.3244053693 2258970.0604426744, 3440182.8694376694 2283969.6937787086, 3469049.9595004846 2283969.6937800986, 3483483.5045310576 2258970.0604454777, 3469049.9594987943 2233970.427109371))",12,0.2546688156025231,2164.999999979261,2,0.2263492825892188,frequency,2,-2,0.028319533013304282,0.028319533013304282
2292,"POLYGON ((3469049.9595004846 2283969.6937800986, 3440182.8694376694 2283969.6937787086, 3425749.3244071403 2308969.3271142007, 3440182.8694394063 2333968.960449991, 3469049.9595021647 2333968.96045136, 3483483.5045327144 2308969.327116963, 3469049.9595004846 2283969.6937800986))",1,0.3653303483779965,2165.0000000225523,1,0.4709715463966487,frequency,0,0,-0.10564119801865218,0.10564119801865218
2293,"POLYGON ((3469049.9595021647 2333968.96045136, 3440182.8694394063 2333968.960449991, 3425749.324408898 2358968.59378425, 3440182.8694411293 2383968.227119787, 3469049.9595038304 2383968.2271211282, 3483483.504534359 2358968.593786969, 3469049.9595021647 2333968.96045136))",1,0.6399809915063679,2164.999999979261,1,0.405704402254851,frequency,0,0,0.2342765892515169,0.2342765892515169
2294,"POLYGON ((3469049.9595038304 2383968.2271211282, 3440182.8694411293 2383968.227119787, 3425749.3244106406 2408967.8604548126, 3440182.869442835 2433967.4937900905, 3469049.9595054807 2433967.493791414, 3483483.504535989 2408967.860457485, 3469049.9595038304 2383968.2271211282))",1,0.5976133641544972,2165.0000000225523,1,0.2632569196401906,frequency,0,0,0.33435644451430657,0.33435644451430657
2295,"POLYGON ((3469049.9595054807 2433967.493791414, 3440182.869442835 2433967.4937900905, 3425749.3244123654 2458967.1271238755, 3440182.869444521 2483966.760459886, 3469049.9595071105 2483966.760461181, 3483483.504537602 2458967.127126503, 3469049.9595054807 2433967.493791414))",1,0.5725369168821376,2165.0000000225523,1,0.2918397436180403,frequency,0,0,0.28069717326409727,0.28069717326409727
2299,"POLYGON ((3469049.9595118645 2633964.5604653982, 3440182.869449438 2633964.5604641787, 3425749.3244190295 2658964.193796994, 3440182.8694510222 2683963.827131897, 3469049.9595133965 2683963.8271330907, 3483483.504543828 2658964.1937993965, 3469049.9595118645 2633964.5604653982))",1,0.3284807497448306,2165.0000000225523,12,0.265256318924002,frequency,1,1,0.06322443082082863,0.06322443082082863
2300,"POLYGON ((3469049.9595133965 2683963.8271330907, 3440182.8694510222 2683963.827131897, 3425749.3244206244 2708963.46046446, 3440182.8694525757 2733963.093798089, 3469049.959514896 2733963.0937992437, 3483483.504545318 2708963.4604668063, 3469049.9595133965 2683963.8271330907))",3,0.4867548686294419,2164.999999979261,1,0.2158569932115308,frequency,2,2,0.2708978754179111,0.2708978754179111
2301,"POLYGON ((3469049.959514896 2733963.0937992437, 3440182.8694525757 2733963.093798089, 3425749.3244221862 2758962.7271303935, 3440182.869454095 2783962.360464746, 3469049.9595163646 2783962.360465876, 3483483.5045467764 2758962.7271326827, 3469049.959514896 2733963.0937992437))",3,0.3162548250238313,2165.0000000225523,2,0.2532240411154468,frequency,1,1,0.06303078390838451,0.06303078390838451
2302,"POLYGON ((3469049.9595163646 2783962.360465876, 3440182.869454095 2783962.360464746, 3425749.324423715 2808961.993796808, 3440182.8694555806 2833961.6271298816, 3469049.9595177984 2833961.6271309736, 3483483.5045482023 2808961.9937990317, 3469049.9595163646 2783962.360465876))",12,0.2457993933849624,2164.999999979261,12,0.2427424780561075,frequency,0,0,0.003056915328854909,0.003056915328854909
2303,"POLYGON ((3469049.9595177984 2833961.6271309736, 3440182.8694555806 2833961.6271298816, 3425749.324425207 2858961.260462692, 3440182.869457029 2883960.893795485, 3469049.9595191972 2883960.893796546, 3483483.5045495937 2858961.2604648513, 3469049.9595177984 2833961.6271309736))",12,0.5389203953706129,2165.0000000225523,12,0.2162645904091343,frequency,0,0,0.3226558049614786,0.3226558049614786
2309,"POLYGON ((3469049.9595256085 3133957.227113658, 3440182.8694636705 3133957.2271127556, 3425749.3244333128 3158956.8604441374, 3440182.8694648724 3183956.493775312, 3469049.9595267675 3183956.493776178, 3483483.5045571476 3158956.8604459097, 3469049.9595256085 3133957.227113658))",11,0.6511100002840621,2165.0000000225523,12,0.2895849899019311,frequency,1,-1,0.361525010382131,0.361525010382131
2310,"POLYGON ((3469049.9595267675 3183956.493776178, 3440182.8694648724 3183956.493775312, 3425749.3244345137 3208956.12710547, 3440182.8694660286 3233955.7604373824, 3469049.9595278823 3233955.7604382113, 3483483.5045582633 3208956.12710717, 3469049.9595267675 3183956.493776178))",2,0.3100869167156153,2165.0000000225523,12,0.3700340711642512,frequency,2,2,-0.05994715444863591,0.05994715444863591
2311,"POLYGON ((3469049.9595278823 3233955.7604382113, 3440182.8694660286 3233955.7604373824, 3425749.324435667 3258955.3937673187, 3440182.86946714 3283955.0270979847, 3469049.9595289542 3283955.0270987814, 3483483.504559336 3258955.393768951, 3469049.9595278823 3233955.7604382113))",2,0.4069961878256966,2164.999999979261,12,0.3563343375806586,frequency,2,2,0.050661850245038,0.050661850245038
2312,"POLYGON ((3469049.9595289542 3283955.0270987814, 3440182.86946714 3283955.0270979847, 3425749.324436776 3308954.660427704, 3440182.8694682047 3333954.2937591197, 3469049.959529982 3333954.2937598904, 3483483.504560366 3308954.66042927, 3469049.9595289542 3283955.0270987814))",2,0.3067922334000948,2165.0000000225523,2,0.2300215702632956,frequency,0,0,0.07677066313679923,0.07677066313679923
2313,"POLYGON ((3469049.959529982 3333954.2937598904, 3440182.8694682047 3333954.2937591197, 3425749.3244378376 3358953.927088636, 3440182.8694692254 3383953.5604188126, 3469049.9595309654 3383953.560419552, 3483483.5045613535 3358953.9270901415, 3469049.959529982 3333954.2937598904))",2,0.5237891084405804,2164.999999979261,2,0.3174194847246067,frequency,0,0,0.20636962371597367,0.20636962371597367
2314,"POLYGON ((3469049.9595309654 3383953.560419552, 3440182.8694692254 3383953.5604188126, 3425749.324438853 3408953.193748126, 3440182.8694702005 3433952.827079073, 3469049.9595319037 3433952.8270797734, 3483483.504562297 3408953.1937495694, 3469049.9595309654 3383953.560419552))",1,0.3307036307814307,2165.0000000225523,2,0.3109412308656467,frequency,1,-1,0.019762399915784046,0.019762399915784046
2319,"POLYGON ((3469049.959535214 3633949.8937145737, 3440182.869473637 3633949.893713994, 3425749.324443232 3658949.527042389, 3440182.8694743835 3683949.16037127, 3469049.959535932 3683949.1603718214, 3483483.504566357 3658949.527043523, 3469049.959535214 3633949.8937145737))",12,0.6530813503213083,2164.999999979261,12,0.3896183476027312,frequency,0,0,0.26346300271857714,0.26346300271857714
2320,"POLYGON ((3469049.959535932 3683949.1603718214, 3440182.8694743835 3683949.16037127, 3425749.324443969 3708948.793700501, 3440182.8694750844 3733948.4270291906, 3469049.959536606 3733948.4270297117, 3483483.5045670383 3708948.7937015705, 3469049.959535932 3683949.1603718214))",2,0.3628163966825151,2165.0000000225523,12,0.4066477353445198,frequency,2,2,-0.043831338662004726,0.043831338662004726
2321,"POLYGON ((3469049.959536606 3733948.4270297117, 3440182.8694750844 3733948.4270291906, 3425749.3244446614 3758948.0603572614, 3440182.8694757423 3783947.693685773, 3469049.9595372374 3783947.6936862636, 3483483.504567678 3758948.0603582747, 3469049.959536606 3733948.4270297117))",12,0.3052511470985046,2164.999999979261,1,0.3676992486380405,frequency,1,-1,-0.062448101539535894,0.062448101539535894
2322,"POLYGON ((3469049.9595372374 3783947.6936862636, 3440182.8694757423 3783947.693685773, 3425749.324445308 3808947.3270146884, 3440182.869476356 3833946.960343028, 3469049.9595378274 3833946.960343493, 3483483.5045682765 3808947.3270156514, 3469049.9595372374 3783947.6936862636))",11,0.3763418691990069,2165.0000000225523,1,0.3614394021796388,frequency,2,-2,0.014902467019368093,0.014902467019368093
2323,"POLYGON ((3469049.9595378274 3833946.960343493, 3440182.869476356 3833946.960343028, 3425749.3244459135 3858946.5936708064, 3440182.869476927 3883946.2269989722, 3469049.959538376 3883946.2269994104, 3483483.504568834 3858946.593671708, 3469049.9595378274 3833946.960343493))",2,0.2463773799834086,2164.999999979261,1,0.4518378784062735,frequency,1,1,-0.20546049842286487,0.20546049842286487
2373,"POLYGON ((3512350.5945841903 1958974.4604118222, 3483483.5045210286 1958974.460410407, 3469049.959490289 1983974.0937462351, 3483483.504522695 2008973.7270834188, 3512350.5945858 2008973.7270848195, 3526784.139616556 1983974.0937490521, 3512350.5945841903 1958974.4604118222))",1,0.2989396653229111,2164.9999999792512,1,0.2712848716268201,frequency,0,0,0.02765479369609103,0.02765479369609103
2374,"POLYGON ((3512350.5945858 2008973.7270848195, 3483483.504522695 2008973.7270834188, 3469049.959491987 2033973.3604200648, 3483483.504524367 2058972.9937570507, 3512350.594587417 2058972.9937584489, 3526784.1396181416 2033973.3604228601, 3512350.5945858 2008973.7270848195))",2,0.6604725203951807,2165.000000022563,1,0.3713020728516804,frequency,1,1,0.2891704475435003,0.2891704475435003
2376,"POLYGON ((3512350.594589035 2108972.260431677, 3483483.5045260424 2108972.2604302936, 3469049.959495393 2133971.893765557, 3483483.504527719 2158971.527102132, 3512350.5945906537 2158971.527103491, 3526784.1396213216 2133971.893768302, 3512350.594589035 2108972.260431677))",1,0.5324752995712885,2164.999999979261,2,0.3296384198727752,frequency,1,-1,0.20283687969851327,0.20283687969851327
2377,"POLYGON ((3512350.5945906537 2158971.527103491, 3483483.504527719 2158971.527102132, 3469049.9594970965 2183971.1604371853, 3483483.504529391 2208970.793774526, 3512350.594592269 2208970.793775873, 3526784.139622911 2183971.1604398987, 3512350.5945906537 2158971.527103491))",1,0.4526046682021655,2165.0000000225523,1,0.2975981334236945,frequency,0,0,0.15500653477847098,0.15500653477847098
2378,"POLYGON ((3512350.594592269 2208970.793775873, 3483483.504529391 2208970.793774526, 3469049.9594987943 2233970.427109371, 3483483.5045310576 2258970.0604454777, 3512350.594593879 2258970.060446808, 3526784.139624494 2233970.4271120466, 3512350.594592269 2208970.793775873))",2,0.5206504418543203,2164.999999979261,2,0.4188280783052073,frequency,0,0,0.101822363549113,0.101822363549113
2379,"POLYGON ((3512350.594593879 2258970.060446808, 3483483.5045310576 2258970.0604454777, 3469049.9595004846 2283969.6937800986, 3483483.5045327144 2308969.327116963, 3512350.594595479 2308969.327118273, 3526784.1396260713 2283969.6937827426, 3512350.594593879 2258970.060446808))",1,0.3507150375860347,2165.0000000225523,1,0.3300122830922967,frequency,0,0,0.020702754493737985,0.020702754493737985
2380,"POLYGON ((3512350.594595479 2308969.327118273, 3483483.5045327144 2308969.327116963, 3469049.9595021647 2333968.96045136, 3483483.504534359 2358968.593786969, 3512350.594597067 2358968.59378826, 3526784.1396276373 2333968.96045396, 3512350.594595479 2308969.327118273))",1,0.4238022146536175,2164.999999979261,1,0.4263287713928657,frequency,0,0,-0.002526556739248176,0.002526556739248176
2381,"POLYGON ((3512350.594597067 2358968.59378826, 3483483.504534359 2358968.593786969, 3469049.9595038304 2383968.2271211282, 3483483.504535989 2408967.860457485, 3512350.5945986407 2408967.860458754, 3526784.1396291903 2383968.227123689, 3512350.594597067 2358968.59378826))",1,0.5658871699487759,2165.0000000225523,1,0.3159083035682288,frequency,0,0,0.24997886638054706,0.24997886638054706
2382,"POLYGON ((3512350.5945986407 2408967.860458754, 3483483.504535989 2408967.860457485, 3469049.9595054807 2433967.493791414, 3483483.504537602 2458967.127126503, 3512350.594600197 2458967.1271277443, 3526784.1396307275 2433967.493793923, 3512350.5945986407 2408967.860458754))",1,0.5753273279704649,2164.999999979261,1,0.2778881133871771,frequency,0,0,0.2974392145832878,0.2974392145832878
2383,"POLYGON ((3512350.594600197 2458967.1271277443, 3483483.504537602 2458967.127126503, 3469049.9595071105 2483966.760461181, 3483483.5045391945 2508966.393796006, 3512350.594601734 2508966.393797221, 3526784.1396322474 2483966.7604636503, 3512350.594600197 2458967.1271277443))",1,0.5048756829004732,2165.0000000225527,1,0.2934737736136615,frequency,0,0,0.21140190928681174,0.21140190928681174
2384,"POLYGON ((3512350.594601734 2508966.393797221, 3483483.5045391945 2508966.393796006, 3469049.95950872 2533966.0271294396, 3483483.5045407643 2558965.6604639958, 3512350.594603249 2558965.660465184, 3526784.139633746 2533966.027131855, 3512350.594601734 2508966.393797221))",1,0.4117685479869897,2164.999999979261,12,0.3120390068871472,frequency,1,1,0.0997295410998425,0.0997295410998425
2385,"POLYGON ((3512350.594603249 2558965.660465184, 3483483.5045407643 2558965.6604639958, 3469049.9595103064 2583965.2937981887, 3483483.504542309 2608964.9271324547, 3512350.5946047404 2608964.9271336235, 3526784.1396352216 2583965.2938005403, 3512350.594603249 2558965.660465184))",10,0.3037221688296344,2165.0000000225527,1,0.3031710001375705,frequency,3,-3,0.000551168692063897,0.000551168692063897
2387,"POLYGON ((3512350.594606205 2658964.1938005327, 3483483.504543828 2658964.1937993965, 3469049.9595133965 2683963.8271330907, 3483483.504545318 2708963.4604668063, 3512350.594607642 2708963.460467916, 3526784.1396380975 2683963.827135337, 3512350.594606205 2658964.1938005327))",2,0.4786533398172666,2165.0000000225527,1,0.2365771151637179,frequency,1,1,0.2420762246535487,0.2420762246535487
2388,"POLYGON ((3512350.594607642 2708963.460467916, 3483483.504545318 2708963.4604668063, 3469049.959514896 2733963.0937992437, 3483483.5045467764 2758962.7271326827, 3512350.5946090487 2758962.727133764, 3526784.139639493 2733963.093801437, 3512350.594607642 2708963.460467916))",1,0.2608862618868794,2164.999999979241,1,0.2343980245979801,frequency,0,0,0.02648823728889932,0.02648823728889932
2389,"POLYGON ((3512350.5946090487 2758962.727133764, 3483483.5045467764 2758962.7271326827, 3469049.9595163646 2783962.360465876, 3483483.5045482023 2808961.9937990317, 3512350.5946104242 2808961.993800086, 3526784.1396408593 2783962.36046801, 3512350.5946090487 2758962.727133764))",1,0.27274470341375,2165.0000000225723,1,0.2482720938223481,frequency,0,0,0.024472609591401906,0.024472609591401906
2390,"POLYGON ((3512350.5946104242 2808961.993800086, 3483483.5045482023 2808961.9937990317, 3469049.9595177984 2833961.6271309736, 3483483.5045495937 2858961.2604648513, 3512350.594611766 2858961.2604658734, 3526784.139642193 2833961.627133049, 3512350.5946104242 2808961.993800086))",3,0.2139135297024709,2165.0000000225523,11,0.1699513886271997,frequency,4,4,0.043962141075271216,0.043962141075271216
2391,"POLYGON ((3512350.594611766 2858961.2604658734, 3483483.5045495937 2858961.2604648513, 3469049.9595191972 2883960.893796546, 3483483.5045509497 2908960.527129148, 3512350.5946130725 2908960.527130134, 3526784.1396434926 2883960.8937985576, 3512350.594611766 2858961.2604658734))",10,0.4557838715430491,2164.999999979261,12,0.2577545330998528,frequency,2,-2,0.1980293384431963,0.1980293384431963
2393,"POLYGON ((3512350.5946143433 2958959.793794874, 3483483.5045522675 2958959.7937939167, 3469049.9595218813 2983959.4271251233, 3483483.5045535476 3008959.0604571723, 3512350.594615577 3008959.0604581004, 3526784.139645987 2983959.4271270153, 3512350.5946143433 2958959.793794874))",8,0.3157656696959182,2164.999999979261,12,0.273507769225616,frequency,4,-4,0.0422579004703022,0.0422579004703022
2397,"POLYGON ((3512350.594619044 3158956.860446744, 3483483.5045571476 3158956.8604459097, 3469049.9595267675 3183956.493776178, 3483483.5045582633 3208956.12710717, 3512350.59462012 3208956.127107975, 3526784.139650521 3183956.493777814, 3512350.594619044 3158956.860446744))",2,0.4873705726796284,2164.999999979261,1,0.3484624782189382,frequency,1,1,0.1389080944606902,0.1389080944606902
2398,"POLYGON ((3512350.59462012 3208956.127107975, 3483483.5045582633 3208956.12710717, 3469049.9595278823 3233955.7604382113, 3483483.504559336 3258955.393768951, 3512350.594621153 3258955.3937697266, 3526784.1396515546 3233955.7604397857, 3512350.59462012 3208956.127107975))",12,0.4645996608209126,2165.0000000225527,1,0.3653371611793783,frequency,1,-1,0.09926249964153427,0.09926249964153427
2399,"POLYGON ((3512350.594621153 3258955.3937697266, 3483483.504559336 3258955.393768951, 3469049.9595289542 3283955.0270987814, 3483483.504560366 3308954.66042927, 3512350.5946221445 3308954.6604300146, 3526784.1396525493 3283955.0271002986, 3512350.594621153 3258955.3937697266))",12,0.2729091569753786,2164.999999979261,2,0.2883311236074917,frequency,2,-2,-0.015421966632113093,0.015421966632113093
2400,"POLYGON ((3512350.5946221445 3308954.6604300146, 3483483.504560366 3308954.66042927, 3469049.959529982 3333954.2937598904, 3483483.5045613535 3358953.9270901415, 3512350.594623094 3358953.9270908493, 3526784.1396534997 3333954.2937613367, 3512350.5946221445 3308954.6604300146))",12,0.2841896156769261,2165.0000000225527,2,0.3005658998560833,frequency,2,-2,-0.016376284179157208,0.016376284179157208
2401,"POLYGON ((3512350.594623094 3358953.9270908493, 3483483.5045613535 3358953.9270901415, 3469049.9595309654 3383953.560419552, 3483483.504562297 3408953.1937495694, 3512350.5946240015 3408953.193750244, 3526784.1396544115 3383953.560420941, 3512350.594623094 3358953.9270908493))",12,0.2817941038629137,2164.999999979241,12,0.3085069453321766,frequency,0,0,-0.026712841469262893,0.026712841469262893
2402,"POLYGON ((3512350.5946240015 3408953.193750244, 3483483.504562297 3408953.1937495694, 3469049.9595319037 3433952.8270797734, 3483483.504563195 3458952.460409558, 3512350.5946248663 3458952.460410211, 3526784.13965528 3433952.827081104, 3512350.5946240015 3408953.193750244))",3,0.4760187843990923,2165.0000000225723,2,0.2648778338879362,frequency,1,1,0.2111409505111561,0.2111409505111561
2404,"POLYGON ((3512350.594625689 3508951.7270687604, 3483483.504564051 3508951.7270681392, 3469049.959533647 3533951.3603979643, 3483483.504564862 3558950.993727314, 3512350.5946264695 3558950.993727907, 3526784.1396568925 3533951.360399179, 3512350.594625689 3508951.7270687604))",12,0.4943609094481964,2165.0000000225723,1,0.3155962854377727,frequency,1,-1,0.1787646240104237,0.1787646240104237
2406,"POLYGON ((3512350.5946272076 3608950.260386666, 3483483.5045656306 3608950.2603861033, 3469049.959535214 3633949.8937145737, 3483483.504566357 3658949.527043523, 3512350.5946279042 3658949.5270440495, 3526784.1396583393 3633949.8937156703, 3512350.5946272076 3608950.260386666))",9,0.3157263667700262,2164.999999979261,1,0.3025750301297377,frequency,4,-4,0.013151336640288502,0.013151336640288502
2407,"POLYGON ((3512350.5946279042 3658949.5270440495, 3483483.504566357 3658949.527043523, 3469049.959535932 3683949.1603718214, 3483483.5045670383 3708948.7937015705, 3512350.5946285585 3708948.7937020697, 3526784.139659 3683949.160372853, 3512350.5946279042 3658949.5270440495))",12,0.5717005151093206,2165.0000000225523,1,0.397363680929511,frequency,1,-1,0.1743368341798096,0.1743368341798096
2409,"POLYGON ((3512350.594629173 3758948.060358752, 3483483.504567678 3758948.0603582747, 3469049.9595372374 3783947.6936862636, 3483483.5045682765 3808947.3270156514, 3512350.594629747 3808947.3270161, 3526784.1396602048 3783947.69368719, 3512350.594629173 3758948.060358752))",1,0.3656156886460367,2165.0000000225523,12,0.3917936078225383,frequency,1,1,-0.026177919176501585,0.026177919176501585
2410,"POLYGON ((3512350.594629747 3808947.3270161, 3483483.5045682765 3808947.3270156514, 3469049.9595378274 3833946.960343493, 3483483.504568834 3858946.593671708, 3512350.5946302833 3858946.5936721363, 3526784.1396607477 3833946.9603443686, 3512350.594629747 3808947.3270161))",11,0.541702074528195,2164.999999979261,1,0.4703510884668828,frequency,2,-2,0.07135098606131218,0.07135098606131218
2411,"POLYGON ((3512350.5946302833 3858946.5936721363, 3483483.504568834 3858946.593671708, 3469049.959538376 3883946.2269994104, 3483483.504569351 3908945.860328462, 3512350.5946307788 3908945.860328865, 3526784.139661252 3883946.2270002365, 3512350.5946302833 3858946.5936721363))",12,0.3645117088467993,2165.0000000225523,1,0.4716894192574853,frequency,1,-1,-0.10717771041068602,0.10717771041068602
2412,"POLYGON ((3512350.5946307788 3908945.860328865, 3483483.504569351 3908945.860328462, 3469049.9595388835 3933945.493656032, 3483483.5045698285 3958945.126983929, 3512350.5946312374 3958945.126984313, 3526784.139661717 3933945.493656804, 3512350.5946307788 3908945.860328865))",1,0.6133443620847737,2164.999999979261,1,0.3458000344339859,frequency,0,0,0.26754432765078784,0.26754432765078784
2413,"POLYGON ((3512350.5946312374 3958945.126984313, 3483483.5045698285 3958945.126983929, 3469049.959539352 3983944.760312373, 3483483.50457027 4008944.3936401326, 3512350.594631657 4008944.39364048, 3526784.1396621494 3983944.7603131095, 3512350.5946312374 3958945.126984313))",1,0.3928297877936166,2165.0000000225527,1,0.3458000344339859,frequency,0,0,0.04702975335963072,0.04702975335963072
2461,"POLYGON ((3555651.2296796697 1983974.0937503884, 3526784.139616556 1983974.0937490521, 3512350.5945858 2008973.7270848195, 3526784.1396181416 2033973.3604228601, 3555651.2296811985 2033973.3604241875, 3570084.7747119702 2008973.727087477, 3555651.2296796697 1983974.0937503884))",2,0.3191721980636616,2165.000000022563,1,0.4960477496370382,frequency,1,1,-0.1768755515733766,0.1768755515733766
2462,"POLYGON ((3555651.2296811985 2033973.3604241875, 3526784.1396181416 2033973.3604228601, 3512350.594587417 2058972.9937584489, 3526784.1396197304 2083972.627095283, 3555651.2296827305 2083972.6270965966, 3570084.774713474 2058972.9937610836, 3555651.2296811985 2033973.3604241875))",1,0.3962312907164497,2164.999999979252,1,0.434076589198911,frequency,0,0,-0.03784529848246132,0.03784529848246132
2464,"POLYGON ((3555651.2296842653 2133971.893769606, 3526784.1396213216 2133971.893768302, 3512350.5945906537 2158971.527103491, 3526784.139622911 2183971.1604398987, 3555651.2296857964 2183971.1604411798, 3570084.7747164844 2158971.5271060793, 3555651.2296842653 2133971.893769606))",1,0.2434139695895264,2164.999999979261,1,0.362475442043222,frequency,0,0,-0.11906147245369561,0.11906147245369561
2465,"POLYGON ((3555651.2296857964 2183971.1604411798, 3526784.139622911 2183971.1604398987, 3512350.594592269 2208970.793775873, 3526784.139624494 2233970.4271120466, 3555651.229687324 2233970.427113318, 3570084.7747179847 2208970.793778427, 3555651.2296857964 2183971.1604411798))",1,0.2875735344282383,2165.0000000225523,2,0.3286992174379683,frequency,1,-1,-0.04112568300973002,0.04112568300973002
2466,"POLYGON ((3555651.229687324 2233970.427113318, 3526784.139624494 2233970.4271120466, 3512350.594593879 2258970.060446808, 3526784.1396260713 2283969.6937827426, 3555651.2296888432 2283969.6937839924, 3570084.7747194795 2258970.060449324, 3555651.229687324 2233970.427113318))",2,0.2913273336718353,2164.999999979261,12,0.3548490575208209,frequency,2,2,-0.06352172384898563,0.06352172384898563
2467,"POLYGON ((3555651.2296888432 2283969.6937839924, 3526784.1396260713 2283969.6937827426, 3512350.594595479 2308969.327118273, 3526784.1396276373 2333968.96045396, 3555651.2296903525 2333968.9604551885, 3570084.774720966 2308969.32712075, 3555651.2296888432 2283969.6937839924))",1,0.3278469943516012,2165.0000000225523,12,0.4022821006527591,frequency,1,1,-0.0744351063011579,0.0744351063011579
2468,"POLYGON ((3555651.2296903525 2333968.9604551885, 3526784.1396276373 2333968.96045396, 3512350.594597067 2358968.59378826, 3526784.1396291903 2383968.227123689, 3555651.2296918486 2383968.2271248978, 3570084.7747224406 2358968.5937907, 3555651.2296903525 2333968.9604551885))",1,0.5350966784754084,2164.999999979261,1,0.3330075284904342,frequency,0,0,0.20208914998497424,0.20208914998497424
2469,"POLYGON ((3555651.2296918486 2383968.2271248978, 3526784.1396291903 2383968.227123689, 3512350.5945986407 2408967.860458754, 3526784.1396307275 2433967.493793923, 3555651.2296933294 2433967.4937951067, 3570084.7747239023 2408967.860461154, 3555651.2296918486 2383968.2271248978))",1,0.5853054860994292,2165.0000000225523,1,0.4391228060464833,frequency,0,0,0.14618268005294593,0.14618268005294593
2470,"POLYGON ((3555651.2296933294 2433967.4937951067, 3526784.1396307275 2433967.493793923, 3512350.594600197 2458967.1271277443, 3526784.1396322474 2483966.7604636503, 3555651.2296947935 2483966.760464811, 3570084.7747253454 2458967.1271300893, 3555651.2296933294 2433967.4937951067))",1,0.4064620184006619,2165.0000000225523,12,0.2916920485225879,frequency,1,1,0.11476996987807397,0.11476996987807397
2471,"POLYGON ((3555651.2296947935 2483966.760464811, 3526784.1396322474 2483966.7604636503, 3512350.594601734 2508966.393797221, 3526784.139633746 2533966.027131855, 3555651.229696237 2533966.027132995, 3570084.7747267727 2508966.3937995294, 3555651.2296947935 2483966.760464811))",5,0.2551292787428049,2164.999999979261,12,0.2320632062009567,frequency,5,5,0.023066072541848198,0.023066072541848198
2472,"POLYGON ((3555651.229696237 2533966.027132995, 3526784.139633746 2533966.027131855, 3512350.594603249 2558965.660465184, 3526784.1396352216 2583965.2938005403, 3555651.2296976587 2583965.293801658, 3570084.774728178 2558965.6604674435, 3555651.229696237 2533966.027132995))",12,0.2784692149202307,2165.0000000225523,1,0.3145104839659656,frequency,1,-1,-0.0360412690457349,0.0360412690457349
2473,"POLYGON ((3555651.2296976587 2583965.293801658, 3526784.1396352216 2583965.2938005403, 3512350.5946047404 2608964.9271336235, 3526784.139636673 2633964.5604677033, 3555651.229699057 2633964.5604687994, 3570084.774729561 2608964.9271358293, 3555651.2296976587 2583965.293801658))",3,0.1882225905685594,2164.999999979261,1,0.3158642820741495,frequency,2,2,-0.12764169150559013,0.12764169150559013
2474,"POLYGON ((3555651.229699057 2633964.5604687994, 3526784.139636673 2633964.5604677033, 3512350.594606205 2658964.1938005327, 3526784.1396380975 2683963.827135337, 3555651.229700428 2683963.827136399, 3570084.7747309194 2658964.193802691, 3555651.229699057 2633964.5604687994))",10,0.3345744189802382,2165.0000000225523,12,0.2655764364192441,frequency,2,-2,0.0689979825609941,0.0689979825609941
2477,"POLYGON ((3555651.229703086 2783962.3604690125, 3526784.1396408593 2783962.36046801, 3512350.5946104242 2808961.993800086, 3526784.139642193 2833961.627133049, 3555651.22970437 2833961.627134028, 3570084.7747348277 2808961.9938020664, 3555651.229703086 2783962.3604690125))",3,0.2914952632372299,2164.999999979261,12,0.2222287157820432,frequency,3,3,0.0692665474551867,0.0692665474551867
2479,"POLYGON ((3555651.2297056206 2883960.893799508, 3526784.1396434926 2883960.8937985576, 3512350.5946130725 2908960.527130134, 3526784.139644758 2933960.160462546, 3555651.229706838 2933960.160463468, 3570084.7747372813 2908960.5271320106, 3555651.2297056206 2883960.893799508))",12,0.6510426018410742,2164.999999979261,12,0.3456049043711485,frequency,0,0,0.3054376974699257,0.3054376974699257
2480,"POLYGON ((3555651.229706838 2933960.160463468, 3526784.139644758 2933960.160462546, 3512350.5946143433 2958959.793794874, 3526784.139645987 2983959.4271270153, 3555651.2297080206 2983959.427127908, 3570084.7747384575 2958959.7937966916, 3555651.229706838 2933960.160463468))",12,0.4469772350530257,2165.0000000225523,12,0.3456049043711485,frequency,0,0,0.10137233068187723,0.10137233068187723
2484,"POLYGON ((3555651.2297113477 3133957.2271161648, 3526784.139649446 3133957.2271153596, 3512350.594619044 3158956.860446744, 3526784.139650521 3183956.493777814, 3555651.22971238 3183956.4937785873, 3570084.774742804 3158956.8604483143, 3555651.2297113477 3133957.2271161648))",12,0.4001699498679547,2165.0000000225523,12,0.3553288796490974,frequency,0,0,0.044841070218857304,0.044841070218857304
2486,"POLYGON ((3555651.2297133747 3233955.7604405335, 3526784.1396515546 3233955.7604397857, 3512350.594621153 3258955.3937697266, 3526784.1396525493 3283955.0271002986, 3555651.2297143294 3283955.0271010105, 3570084.7747447523 3258955.39377118, 3555651.2297133747 3233955.7604405335))",12,0.6385373934485816,2164.999999979261,1,0.3148248195417071,frequency,1,-1,0.3237125739068745,0.3237125739068745
2487,"POLYGON ((3555651.2297143294 3283955.0271010105, 3526784.1396525493 3283955.0271002986, 3512350.5946221445 3308954.6604300146, 3526784.1396534997 3333954.2937613367, 3555651.229715243 3333954.2937620203, 3570084.7747456683 3308954.660431412, 3555651.2297143294 3283955.0271010105))",12,0.4653568269785315,2165.0000000225523,2,0.2889328928413262,frequency,2,-2,0.17642393413720525,0.17642393413720525
2488,"POLYGON ((3555651.229715243 3333954.2937620203, 3526784.1396534997 3333954.2937613367, 3512350.594623094 3358953.9270908493, 3526784.1396544115 3383953.560420941, 3555651.2297161184 3383953.5604215953, 3570084.774746545 3358953.9270921927, 3555651.229715243 3333954.2937620203))",2,0.4438554785004757,2164.999999979261,2,0.275710798349103,frequency,0,0,0.16814468015137268,0.16814468015137268
2489,"POLYGON ((3555651.2297161184 3383953.5604215953, 3526784.1396544115 3383953.560420941, 3512350.5946240015 3408953.193750244, 3526784.13965528 3433952.827081104, 3555651.229716953 3433952.827081728, 3570084.7747473815 3408953.1937515247, 3555651.2297161184 3383953.5604215953))",2,0.3038060583360641,2165.0000000225523,2,0.2759856204814135,frequency,0,0,0.027820437854650604,0.027820437854650604
2490,"POLYGON ((3555651.229716953 3433952.827081728, 3526784.13965528 3433952.827081104, 3512350.5946248663 3458952.460410211, 3526784.139656106 3483952.09373984, 3555651.2297177464 3483952.093740442, 3570084.774748179 3458952.460411434, 3555651.229716953 3433952.827081728))",12,0.4742015510534391,2164.999999979261,12,0.2895997650508102,frequency,0,0,0.1846017860026289,0.1846017860026289
2491,"POLYGON ((3555651.2297177464 3483952.093740442, 3526784.139656106 3483952.09373984, 3512350.594625689 3508951.7270687604, 3526784.1396568925 3533951.360399179, 3555651.2297185 3533951.360399743, 3570084.774748937 3508951.7270699274, 3555651.2297177464 3483952.093740442))",1,0.4293098996354982,2165.0000000225523,1,0.2888839413206851,frequency,0,0,0.14042595831481308,0.14042595831481308
2492,"POLYGON ((3555651.2297185 3533951.360399743, 3526784.1396568925 3533951.360399179, 3512350.5946264695 3558950.993727907, 3526784.1396576366 3583950.6270571146, 3555651.229719214 3583950.627057655, 3570084.7747496553 3558950.993729015, 3555651.2297185 3533951.360399743))",12,0.7200864312571422,2164.999999979261,1,0.2886192509500329,frequency,1,-1,0.43146718030710934,0.43146718030710934
2493,"POLYGON ((3555651.229719214 3583950.627057655, 3526784.1396576366 3583950.6270571146, 3512350.5946272076 3608950.260386666, 3526784.1396583393 3633949.8937156703, 3555651.229719887 3633949.8937161756, 3570084.774750335 3608950.26038772, 3555651.229719214 3583950.627057655))",9,0.4140374756126554,2165.0000000225523,1,0.316640856987771,frequency,4,-4,0.09739661862488441,0.09739661862488441
2494,"POLYGON ((3555651.229719887 3633949.8937161756, 3526784.1396583393 3633949.8937156703, 3512350.5946279042 3658949.5270440495, 3526784.139659 3683949.160372853, 3555651.2297205236 3683949.1603733464, 3570084.7747509754 3658949.52704505, 3555651.229719887 3633949.8937161756))",1,0.2580682001322867,2164.999999979261,1,0.3320083171716833,frequency,0,0,-0.07394011703939657,0.07394011703939657
2495,"POLYGON ((3555651.2297205236 3683949.1603733464, 3526784.139659 3683949.160372853, 3512350.5946285585 3708948.7937020697, 3526784.1396596227 3733948.4270306937, 3555651.229721119 3733948.427031155, 3570084.774751577 3708948.793703018, 3555651.2297205236 3683949.1603733464))",12,0.5171815156047488,2165.0000000225523,1,0.3659508151350211,frequency,1,-1,0.1512307004697277,0.1512307004697277
2497,"POLYGON ((3555651.2297216766 3783947.693687626, 3526784.1396602048 3783947.69368719, 3512350.594629747 3808947.3270161, 3526784.1396607477 3833946.9603443686, 3555651.229722196 3833946.960344777, 3570084.774752669 3808947.3270169473, 3555651.2297216766 3783947.693687626))",1,0.4318171668842606,2165.0000000225523,1,0.3799371081606741,frequency,0,0,0.051880058723586475,0.051880058723586475
2498,"POLYGON ((3555651.229722196 3833946.960344777, 3526784.1396607477 3833946.9603443686, 3512350.5946302833 3858946.5936721363, 3526784.139661252 3883946.2270002365, 3555651.2297226796 3883946.2270006253, 3570084.7747531584 3858946.5936729265, 3555651.229722196 3833946.960344777))",12,0.2210848589961749,2164.999999979261,1,0.3488292846291897,frequency,1,-1,-0.12774442563301483,0.12774442563301483
2499,"POLYGON ((3555651.2297226796 3883946.2270006253, 3526784.139661252 3883946.2270002365, 3512350.5946307788 3908945.860328865, 3526784.139661717 3933945.493656804, 3555651.2297231266 3933945.4936571773, 3570084.774753614 3908945.860329619, 3555651.2297226796 3883946.2270006253))",12,0.2839736134954007,2165.0000000225523,1,0.3507746725373519,frequency,1,-1,-0.06680105904195122,0.06680105904195122
2501,"POLYGON ((3555651.229723537 3983944.760313445, 3526784.1396621494 3983944.7603131095, 3512350.594631657 4008944.39364048, 3526784.1396625433 4033944.02696814, 3555651.2297239145 4033944.0269684624, 3570084.7747544167 4008944.3936411403, 3555651.229723537 3983944.760313445))",1,0.7326225882109368,2164.999999979261,1,0.4193237225650444,frequency,0,0,0.31329886564589243,0.31329886564589243
2551,"POLYGON ((3598951.864777931 2108972.2604355244, 3570084.7747149793 2108972.260434292, 3555651.2296842653 2133971.893769606, 3570084.7747164844 2158971.5271060793, 3598951.8647793788 2158971.5271072965, 3613385.409810112 2133971.8937720563, 3598951.864777931 2108972.2604355244))",2,0.2122507661744038,2164.999999979261,2,0.2307013222648723,frequency,0,0,-0.0184505560904685,0.0184505560904685
2552,"POLYGON ((3598951.8647793788 2158971.5271072965, 3570084.7747164844 2158971.5271060793, 3555651.2296857964 2183971.1604411798, 3570084.7747179847 2208970.793778427, 3598951.864780823 2208970.7937796344, 3613385.40981153 2183971.160443608, 3598951.8647793788 2158971.5271072965))",2,0.3577060717918606,2165.0000000225523,1,0.2482857688299413,frequency,1,1,0.10942030296191929,0.10942030296191929
2553,"POLYGON ((3598951.864780823 2208970.7937796344, 3570084.7747179847 2208970.793778427, 3555651.229687324 2233970.427113318, 3570084.7747194795 2258970.060449324, 3598951.86478226 2258970.0604505125, 3613385.409812942 2233970.4271157114, 3598951.864780823 2208970.7937796344))",2,0.4221758106684356,2164.999999979261,12,0.3241364037122001,frequency,2,2,0.09803940695623553,0.09803940695623553
2554,"POLYGON ((3598951.86478226 2258970.0604505125, 3570084.7747194795 2258970.060449324, 3555651.2296888432 2283969.6937839924, 3570084.774720966 2308969.32712075, 3598951.864783689 2308969.3271219223, 3613385.4098143466 2283969.693786345, 3598951.86478226 2258970.0604505125))",1,0.2515316061748628,2165.0000000225523,12,0.3237798122687198,frequency,1,1,-0.07224820609385701,0.07224820609385701
2555,"POLYGON ((3598951.864783689 2308969.3271219223, 3570084.774720966 2308969.32712075, 3555651.2296903525 2333968.9604551885, 3570084.7747224406 2358968.5937907, 3598951.864785107 2358968.593791846, 3613385.4098157426 2333968.9604575094, 3598951.864783689 2308969.3271219223))",12,0.3972237037523897,2164.999999979261,1,0.2622608215026435,frequency,1,-1,0.13496288224974617,0.13496288224974617
2556,"POLYGON ((3598951.864785107 2358968.593791846, 3570084.7747224406 2358968.5937907, 3555651.2296918486 2383968.2271248978, 3570084.7747239023 2408967.860461154, 3598951.864786512 2408967.8604622832, 3613385.409817126 2383968.2271271795, 3598951.864785107 2358968.593791846))",1,0.5695684419642821,2165.0000000225523,1,0.356220146609948,frequency,0,0,0.21334829535433414,0.21334829535433414
2557,"POLYGON ((3598951.864786512 2408967.8604622832, 3570084.7747239023 2408967.860461154, 3555651.2296933294 2433967.4937951067, 3570084.7747253454 2458967.1271300893, 3598951.864787901 2458967.127131206, 3613385.409818495 2433967.4937973483, 3598951.864786512 2408967.8604622832))",1,0.5186225999911674,2164.999999979261,1,0.2929975307474751,frequency,0,0,0.22562506924369236,0.22562506924369236
2558,"POLYGON ((3598951.864787901 2458967.127131206, 3570084.7747253454 2458967.1271300893, 3555651.2296947935 2483966.760464811, 3570084.7747267727 2508966.3937995294, 3598951.8647892717 2508966.393800616, 3613385.409819847 2483966.7604670054, 3598951.864787901 2458967.127131206))",10,0.1690380526832791,2165.0000000225527,12,0.2421955835804557,frequency,2,-2,-0.07315753089717661,0.07315753089717661
2559,"POLYGON ((3598951.8647892717 2508966.393800616, 3570084.7747267727 2508966.3937995294, 3555651.229696237 2533966.027132995, 3570084.774728178 2558965.6604674435, 3598951.864790622 2558965.660468503, 3613385.40982118 2533966.027135146, 3598951.8647892717 2508966.393800616))",3,0.2145690506043062,2164.999999979261,12,0.2522334456762605,frequency,3,3,-0.03766439507195429,0.03766439507195429
2560,"POLYGON ((3598951.864790622 2558965.660468503, 3570084.774728178 2558965.6604674435, 3555651.2296976587 2583965.293801658, 3570084.774729561 2608964.9271358293, 3598951.8647919507 2608964.9271368645, 3613385.4098224933 2583965.293803759, 3598951.864790622 2558965.660468503))",10,0.1900518359097008,2165.0000000225527,1,0.302517012138921,frequency,3,-3,-0.11246517622922023,0.11246517622922023
2561,"POLYGON ((3598951.8647919507 2608964.9271368645, 3570084.774729561 2608964.9271358293, 3555651.229699057 2633964.5604687994, 3570084.7747309194 2658964.193802691, 3598951.8647932564 2658964.1938037043, 3613385.4098237846 2633964.56047085, 3598951.8647919507 2608964.9271368645))",2,0.3072996447773093,2164.999999979261,1,0.2375996549885894,frequency,1,1,0.06969998978871991,0.06969998978871991
2562,"POLYGON ((3598951.8647932564 2658964.1938037043, 3570084.7747309194 2658964.193802691, 3555651.229700428 2683963.827136399, 3570084.7747322507 2708963.4604700124, 3598951.8647945356 2708963.4604710024, 3613385.4098250503 2683963.8271384058, 3598951.8647932564 2658964.1938037043))",4,0.2947181862134439,2165.0000000225527,1,0.2163328212352198,frequency,3,3,0.07838536497822413,0.07838536497822413
2563,"POLYGON ((3598951.8647945356 2708963.4604710024, 3570084.7747322507 2708963.4604700124, 3555651.229701772 2733963.0938024744, 3570084.774733554 2758962.727135807, 3598951.8647957873 2758962.727136769, 3613385.40982629 2733963.0938044228, 3598951.8647945356 2708963.4604710024))",2,0.243265329714724,2164.999999979241,2,0.2357723802376554,frequency,0,0,0.007492949477068606,0.007492949477068606
2564,"POLYGON ((3598951.8647957873 2758962.727136769, 3570084.774733554 2758962.727135807, 3555651.229703086 2783962.3604690125, 3570084.7747348277 2808961.9938020664, 3598951.864797011 2808961.993803002, 3613385.409827503 2783962.360470916, 3598951.8647957873 2758962.727136769))",8,0.2051071015034683,2165.0000000225723,2,0.2357723802376554,frequency,6,6,-0.03066527873418709,0.03066527873418709
2565,"POLYGON ((3598951.864797011 2808961.993803002, 3570084.7747348277 2808961.9938020664, 3555651.22970437 2833961.627134028, 3570084.774736071 2858961.260467802, 3598951.864798205 2858961.2604687116, 3613385.409828686 2833961.6271358696, 3598951.864797011 2808961.993803002))",2,0.2605931459242982,2165.0000000225523,2,0.1934886765149539,frequency,0,0,0.06710446940934431,0.06710446940934431
2566,"POLYGON ((3598951.864798205 2858961.2604687116, 3570084.774736071 2858961.260467802, 3555651.2297056206 2883960.893799508, 3570084.7747372813 2908960.5271320106, 3598951.8647993663 2908960.5271328883, 3613385.4098298396 2883960.8938012957, 3598951.864798205 2858961.2604687116))",10,0.4153082861828913,2164.999999979261,2,0.1678557158479138,frequency,4,-4,0.24745257033497747,0.24745257033497747
2567,"POLYGON ((3598951.8647993663 2908960.5271328883, 3570084.7747372813 2908960.5271320106, 3555651.229706838 2933960.160463468, 3570084.7747384575 2958959.7937966916, 3598951.864800496 2958959.7937975456, 3613385.409830962 2933960.1604652004, 3598951.8647993663 2908960.5271328883))",12,0.4556182329979566,2165.0000000225523,12,0.3259562839616583,frequency,0,0,0.1296619490362983,0.1296619490362983
2571,"POLYGON ((3598951.8648036784 3108957.5937864315, 3570084.774741773 3108957.593785661, 3555651.2297113477 3133957.2271161648, 3570084.774742804 3158956.8604483143, 3598951.864804668 3158956.860449058, 3613385.409835115 3133957.2271176656, 3598951.8648036784 3108957.5937864315))",2,0.4477413905599822,2165.0000000225523,12,0.2784035545155519,frequency,2,2,0.1693378360444303,0.1693378360444303
2572,"POLYGON ((3598951.864804668 3158956.860449058, 3570084.774742804 3158956.8604483143, 3555651.22971238 3183956.4937785873, 3570084.774743798 3208956.127109491, 3598951.864805621 3208956.1271102014, 3613385.409836067 3183956.4937800406, 3598951.864804668 3158956.860449058))",1,0.3092329503631657,2164.999999979261,12,0.3557392836786971,frequency,1,1,-0.04650633331553139,0.04650633331553139
2576,"POLYGON ((3598951.8648082544 3358953.927092818, 3570084.774746545 3358953.9270921927, 3555651.2297161184 3383953.5604215953, 3570084.7747473815 3408953.1937515247, 3598951.864809057 3408953.1937521296, 3613385.4098395035 3383953.5604228238, 3598951.8648082544 3358953.927092818))",1,0.3408240417119942,2164.999999979241,12,0.2641048629631731,frequency,1,1,0.07671917874882112,0.07671917874882112
2577,"POLYGON ((3598951.864809057 3408953.1937521296, 3570084.7747473815 3408953.1937515247, 3555651.229716953 3433952.827081728, 3570084.774748179 3458952.460411434, 3598951.8648098204 3458952.4604120054, 3613385.4098402685 3433952.827082898, 3598951.864809057 3408953.1937521296))",2,0.2457645711077715,2165.0000000225723,12,0.2756749841263824,frequency,2,2,-0.029910413018610915,0.029910413018610915
2578,"POLYGON ((3598951.8648098204 3458952.4604120054, 3570084.774748179 3458952.460411434, 3555651.2297177464 3483952.093740442, 3570084.774748937 3508951.7270699274, 3598951.864810546 3508951.727070466, 3613385.4098409982 3483952.093741559, 3598951.8648098204 3458952.4604120054))",12,0.3936904722085012,2164.999999979241,2,0.2757107983491031,frequency,2,-2,0.11797967385939806,0.11797967385939806
2579,"POLYGON ((3598951.864810546 3508951.727070466, 3570084.774748937 3508951.7270699274, 3555651.2297185 3533951.360399743, 3570084.7747496553 3558950.993729015, 3598951.8648112356 3558950.9937295406, 3613385.40984169 3533951.360400813, 3598951.864810546 3508951.727070466))",12,0.4302935529721219,2165.0000000225723,12,0.2827235816804799,frequency,0,0,0.147569971291642,0.147569971291642
2580,"POLYGON ((3598951.8648112356 3558950.9937295406, 3570084.7747496553 3558950.993729015, 3555651.229719214 3583950.627057655, 3570084.774750335 3608950.26038772, 3598951.864811885 3608950.2603882127, 3613385.409842346 3583950.6270586755, 3598951.8648112356 3558950.9937295406))",12,0.2816205485709813,2165.0000000225523,1,0.2742864610667767,frequency,1,-1,0.007334087504204612,0.007334087504204612
2581,"POLYGON ((3598951.864811885 3608950.2603882127, 3570084.774750335 3608950.26038772, 3555651.229719887 3633949.8937161756, 3570084.7747509754 3658949.52704505, 3598951.864812498 3658949.527045517, 3613385.409842963 3633949.8937171474, 3598951.864811885 3608950.2603882127))",12,0.38132174005515,2164.999999979261,1,0.2754591854449498,frequency,1,-1,0.10586255461020022,0.10586255461020022
2585,"POLYGON ((3598951.8648141185 3808947.3270173445, 3570084.774752669 3808947.3270169473, 3555651.229722196 3833946.960344777, 3570084.7747531584 3858946.5936729265, 3598951.8648145865 3858946.593673301, 3613385.4098450732 3833946.960345543, 3598951.8648141185 3808947.3270173445))",12,0.5582473609635793,2164.999999979261,1,0.2626280615940349,frequency,1,-1,0.2956192993695444,0.2956192993695444
2586,"POLYGON ((3598951.8648145865 3858946.593673301, 3570084.7747531584 3858946.5936729265, 3555651.2297226796 3883946.2270006253, 3570084.774753614 3908945.860329619, 3598951.8648150205 3908945.8603299614, 3613385.4098455156 3883946.2270013504, 3598951.8648145865 3858946.593673301))",1,0.4270082868291875,2165.0000000225523,1,0.3513222280446672,frequency,0,0,0.07568605878452034,0.07568605878452034
2637,"POLYGON ((3642252.499870293 2033973.3604278634, 3613385.409807273 2033973.3604266865, 3598951.864776483 2058972.9937623267, 3613385.409808692 2083972.6270990742, 3642252.4998716544 2083972.6271002404, 3656686.0449024644 2058972.993764674, 3642252.499870293 2033973.3604278634))",2,0.4358828235270078,2164.999999979252,1,0.2504759469212627,frequency,1,1,0.18540687660574512,0.18540687660574512
2638,"POLYGON ((3642252.4998716544 2083972.6271002404, 3613385.409808692 2083972.6270990742, 3598951.864777931 2108972.2604355244, 3613385.409810112 2133971.8937720563, 3642252.4998730165 2133971.8937732084, 3656686.0449037985 2108972.2604378415, 3642252.4998716544 2083972.6271002404))",12,0.5371988988331594,2165.0000000225523,1,0.3089737328513445,frequency,1,-1,0.22822516598181491,0.22822516598181491
2639,"POLYGON ((3642252.4998730165 2133971.8937732084, 3613385.409810112 2133971.8937720563, 3598951.8647793788 2158971.5271072965, 3613385.40981153 2183971.160443608, 3642252.4998743767 2183971.160444746, 3656686.0449051308 2158971.527109586, 3642252.4998730165 2133971.8937732084))",12,0.215948452826095,2164.999999979261,2,0.2877584370329854,frequency,2,-2,-0.07180998420689041,0.07180998420689041
2640,"POLYGON ((3642252.4998743767 2183971.160444746, 3613385.40981153 2183971.160443608, 3598951.864780823 2208970.7937796344, 3613385.409812942 2233970.4271157114, 3642252.4998757318 2233970.427116831, 3656686.0449064597 2208970.793781896, 3642252.4998743767 2183971.160444746))",12,0.2660159697468312,2165.0000000225523,2,0.2645050200499092,frequency,2,-2,0.0015109496969220038,0.0015109496969220038
2641,"POLYGON ((3642252.4998757318 2233970.427116831, 3613385.409812942 2233970.4271157114, 3598951.86478226 2258970.0604505125, 3613385.4098143466 2283969.693786345, 3642252.4998770803 2283969.6937874565, 3656686.044907783 2258970.060452743, 3642252.4998757318 2233970.427116831))",12,0.270947405875766,2164.999999979261,12,0.3243358505844125,frequency,0,0,-0.05338844470864651,0.05338844470864651
2642,"POLYGON ((3642252.4998770803 2283969.6937874565, 3613385.4098143466 2283969.693786345, 3598951.864783689 2308969.3271219223, 3613385.4098157426 2333968.9604575094, 3642252.4998784196 2333968.960458603, 3656686.0449090987 2308969.327124121, 3642252.4998770803 2283969.6937874565))",12,0.6448032763355555,2165.0000000225523,1,0.1993419341708031,frequency,1,-1,0.44546134216475236,0.44546134216475236
2643,"POLYGON ((3642252.4998784196 2333968.960458603, 3613385.4098157426 2333968.9604575094, 3598951.864785107 2358968.593791846, 3613385.409817126 2383968.2271271795, 3642252.499879745 2383968.2271282487, 3656686.044910403 2358968.59379401, 3642252.4998784196 2333968.960458603))",5,0.348397220100704,2164.999999979261,12,0.2331302724942222,frequency,5,5,0.11526694760648182,0.11526694760648182
2644,"POLYGON ((3642252.499879745 2383968.2271282487, 3613385.409817126 2383968.2271271795, 3598951.864786512 2408967.8604622832, 3613385.409818495 2433967.4937973483, 3642252.499881058 2433967.4937983975, 3656686.0449116947 2408967.8604643983, 3642252.499879745 2383968.2271282487))",3,0.2085584037101041,2165.0000000225523,1,0.331726075282118,frequency,2,2,-0.12316767157201391,0.12316767157201391
2645,"POLYGON ((3642252.499881058 2433967.4937983975, 3613385.409818495 2433967.4937973483, 3598951.864787901 2458967.127131206, 3613385.409819847 2483966.7604670054, 3642252.4998823544 2483966.760468035, 3656686.044912972 2458967.1271332875, 3642252.499881058 2433967.4937983975))",4,0.3510272242655015,2165.0000000225523,2,0.2796301551267499,frequency,2,2,0.0713970691387516,0.0713970691387516
2646,"POLYGON ((3642252.4998823544 2483966.760468035, 3613385.409819847 2483966.7604670054, 3598951.8647892717 2508966.393800616, 3613385.40982118 2533966.027135146, 3642252.499883633 2533966.0271361535, 3656686.0449142326 2508966.393802657, 3642252.4998823544 2483966.760468035))",1,0.2174317745875189,2164.999999979261,12,0.3080617404887348,frequency,1,1,-0.09062996590121591,0.09062996590121591
2647,"POLYGON ((3642252.499883633 2533966.0271361535, 3613385.40982118 2533966.027135146, 3598951.864790622 2558965.660468503, 3613385.4098224933 2583965.293803759, 3642252.4998848923 2583965.2938047503, 3656686.044915474 2558965.6604704983, 3642252.499883633 2533966.0271361535))",1,0.3859127630694774,2165.0000000225523,1,0.2606387662014253,frequency,0,0,0.12527399686805213,0.12527399686805213
2648,"POLYGON ((3642252.4998848923 2583965.2938047503, 3613385.4098224933 2583965.293803759, 3598951.8647919507 2608964.9271368645, 3613385.4098237846 2633964.56047085, 3642252.499886129 2633964.5604718095, 3656686.044916695 2608964.9271388147, 3642252.4998848923 2583965.2938047503))",1,0.1560346542690872,2164.999999979261,1,0.2606387662014253,frequency,0,0,-0.1046041119323381,0.1046041119323381
2649,"POLYGON ((3642252.499886129 2633964.5604718095, 3613385.4098237846 2633964.56047085, 3598951.8647932564 2658964.1938037043, 3613385.4098250503 2683963.8271384058, 3642252.499887343 2683963.827139347, 3656686.0449178936 2658964.1938056033, 3642252.499886129 2633964.5604718095))",1,0.2186907609676738,2165.0000000225523,1,0.2162913000924217,frequency,0,0,0.002399460875252085,0.002399460875252085
2650,"POLYGON ((3642252.499887343 2683963.827139347, 3613385.4098250503 2683963.8271384058, 3598951.8647945356 2708963.4604710024, 3613385.40982629 2733963.0938044228, 3642252.499888531 2733963.0938053406, 3656686.0449190694 2708963.46047286, 3642252.499887343 2683963.827139347))",5,0.2848489840432741,2164.999999979261,1,0.2158666255258917,frequency,4,4,0.06898235851738238,0.06898235851738238
2651,"POLYGON ((3642252.499888531 2733963.0938053406, 3613385.40982629 2733963.0938044228, 3598951.8647957873 2758962.727136769, 3613385.409827503 2783962.360470916, 3642252.4998896928 2783962.360471803, 3656686.044920219 2758962.727138577, 3642252.499888531 2733963.0938053406))",1,0.2614474480591205,2165.0000000225523,1,0.2205834820271103,frequency,0,0,0.0408639660320102,0.0408639660320102
2652,"POLYGON ((3642252.4998896928 2783962.360471803, 3613385.409827503 2783962.360470916, 3598951.864797011 2808961.993803002, 3613385.409828686 2833961.6271358696, 3642252.499890827 2833961.6271367376, 3656686.0449213414 2808961.9938047575, 3642252.4998896928 2783962.360471803))",7,0.2069639658857592,2164.999999979261,1,0.2272900471397294,frequency,6,6,-0.020326081253970202,0.020326081253970202
2653,"POLYGON ((3642252.499890827 2833961.6271367376, 3613385.409828686 2833961.6271358696, 3598951.864798205 2858961.2604687116, 3613385.4098298396 2883960.8938012957, 3642252.499891932 2883960.8938021385, 3656686.044922438 2858961.260470421, 3642252.499890827 2833961.6271367376))",3,0.1930950254544489,2165.0000000225523,1,0.2497754167383793,frequency,2,2,-0.056680391283930404,0.056680391283930404
2654,"POLYGON ((3642252.499891932 2883960.8938021385, 3613385.4098298396 2883960.8938012957, 3598951.8647993663 2908960.5271328883, 3613385.409830962 2933960.1604652004, 3642252.4998930073 2933960.1604660195, 3656686.044923504 2908960.527134545, 3642252.499891932 2883960.8938021385))",8,0.2334470786326099,2164.999999979261,12,0.2315633240853678,frequency,4,-4,0.0018837545472421002,0.0018837545472421002
2655,"POLYGON ((3642252.4998930073 2933960.1604660195, 3613385.409830962 2933960.1604652004, 3598951.864800496 2958959.7937975456, 3613385.4098320515 2983959.4271295825, 3642252.49989405 2983959.4271303685, 3656686.0449245395 2958959.7937991465, 3642252.4998930073 2933960.1604660195))",2,0.3342204603421143,2165.0000000225523,12,0.2731610435982942,frequency,2,2,0.061059416743820094,0.061059416743820094
2659,"POLYGON ((3642252.4998969836 3133957.227118377, 3613385.409835115 3133957.2271176656, 3598951.864804668 3158956.860449058, 3613385.409836067 3183956.4937800406, 3642252.499897894 3183956.4937807214, 3656686.0449283635 3158956.860450446, 3642252.4998969836 3133957.227118377))",12,0.2363390338028316,2165.0000000225523,12,0.2963503872719811,frequency,0,0,-0.06001135346914949,0.06001135346914949
2660,"POLYGON ((3642252.499897894 3183956.4937807214, 3613385.409836067 3183956.4937800406, 3598951.864805621 3208956.1271102014, 3613385.4098369814 3233955.7604419347, 3642252.499898769 3233955.760442582, 3656686.0449292366 3208956.1271115346, 3642252.499897894 3183956.4937807214))",12,0.5649652968179306,2165.0000000225523,2,0.3725539387857501,frequency,2,-2,0.1924113580321805,0.1924113580321805
2662,"POLYGON ((3642252.4998996095 3283955.0271029803, 3613385.4098378588 3283955.0271023493, 3598951.8648074144 3308954.6604320677, 3613385.4098386997 3333954.293763309, 3642252.4999004127 3333954.2937639095, 3656686.044930878 3308954.660433298, 3642252.4998996095 3283955.0271029803))",12,0.4879043803359408,2165.0000000225523,2,0.3530355710082909,frequency,2,-2,0.13486880932764989,0.13486880932764989
2664,"POLYGON ((3642252.499901182 3383953.560423403, 3613385.4098395035 3383953.5604228238, 3598951.864809057 3408953.1937521296, 3613385.4098402685 3433952.827082898, 3642252.4999019145 3433952.827083453, 3656686.0449323803 3408953.19375325, 3642252.499901182 3383953.560423403))",12,0.6828317112701984,2165.0000000225523,2,0.3305409084167968,frequency,2,-2,0.3522908028534016,0.3522908028534016
2666,"POLYGON ((3642252.4999026116 3483952.093742087, 3613385.4098409982 3483952.093741559, 3598951.864810546 3508951.727070466, 3613385.40984169 3533951.360400813, 3642252.499903272 3533951.360401308, 3656686.0449337424 3508951.7270714967, 3642252.4999026116 3483952.093742087))",12,0.2914270622307158,2165.0000000225523,2,0.2403348089149139,frequency,2,-2,0.05109225331580189,0.05109225331580189
2725,"POLYGON ((3685553.134965438 2058972.9937657672, 3656686.0449024644 2058972.993764674, 3642252.4998716544 2083972.6271002404, 3656686.0449037985 2108972.2604378415, 3685553.1349667152 2108972.2604389316, 3699986.6799975443 2083972.627102425, 3685553.134965438 2058972.9937657672))",3,0.4376906926227449,2165.000000022565,1,0.2163231472720679,frequency,2,2,0.22136754535067701,0.22136754535067701
2726,"POLYGON ((3685553.1349667152 2108972.2604389316, 3656686.0449037985 2108972.2604378415, 3642252.4998730165 2133971.8937732084, 3656686.0449051308 2158971.527109586, 3685553.13496799 2158971.527110664, 3699986.6799987913 2133971.893775367, 3685553.1349667152 2108972.2604389316))",1,0.2331925372666108,2164.999999979274,1,0.2644059323446092,frequency,0,0,-0.03121339507799839,0.03121339507799839
2727,"POLYGON ((3685553.13496799 2158971.527110664, 3656686.0449051308 2158971.527109586, 3642252.4998743767 2183971.160444746, 3656686.0449064597 2208970.793781896, 3685553.1349692615 2208970.7937829536, 3699986.680000037 2183971.160446882, 3685553.13496799 2158971.527110664))",1,0.6777786007170972,2165.000000022565,2,0.4472907232093135,frequency,1,-1,0.23048787750778366,0.23048787750778366
2728,"POLYGON ((3685553.1349692615 2208970.7937829536, 3656686.0449064597 2208970.793781896, 3642252.4998757318 2233970.427116831, 3656686.044907783 2258970.060452743, 3685553.134970528 2258970.060453792, 3699986.6800012775 2233970.427118942, 3685553.1349692615 2208970.7937829536))",1,0.3514328250475138,2164.999999979274,12,0.3663215159347561,frequency,1,1,-0.014888690887242317,0.014888690887242317
2729,"POLYGON ((3685553.134970528 2258970.060453792, 3656686.044907783 2258970.060452743, 3642252.4998770803 2283969.6937874565, 3656686.0449090987 2308969.327124121, 3685553.1349717854 2308969.3271251475, 3699986.680002511 2283969.6937895315, 3685553.134970528 2258970.060453792))",12,0.3482711827573275,2165.000000022565,1,0.2934737736136615,frequency,1,-1,0.05479740914366599,0.05479740914366599
2730,"POLYGON ((3685553.1349717854 2308969.3271251475, 3656686.0449090987 2308969.327124121, 3642252.4998784196 2333968.960458603, 3656686.044910403 2358968.59379401, 3685553.1349730333 2358968.593795023, 3699986.6800037352 2333968.9604606368, 3685553.1349717854 2308969.3271251475))",1,0.3291892080783767,2164.999999979274,12,0.261754523306586,frequency,1,1,0.06743468477179071,0.06743468477179071
2731,"POLYGON ((3685553.1349730333 2358968.593795023, 3656686.044910403 2358968.59379401, 3642252.499879745 2383968.2271282487, 3656686.0449116947 2408967.8604643983, 3685553.1349742687 2408967.860465396, 3699986.680004949 2383968.2271302594, 3685553.1349730333 2358968.593795023))",1,0.3133286792200474,2165.000000022565,1,0.2378625203503101,frequency,0,0,0.07546615886973732,0.07546615886973732
2732,"POLYGON ((3685553.1349742687 2408967.860465396, 3656686.0449116947 2408967.8604643983, 3642252.499881058 2433967.4937983975, 3656686.044912972 2458967.1271332875, 3685553.13497549 2458967.127134261, 3699986.6800061497 2433967.4938003663, 3685553.1349742687 2408967.860465396))",9,0.2500727706774209,2164.999999979274,12,0.2427683073003871,frequency,3,-3,0.007304463377033804,0.007304463377033804
2733,"POLYGON ((3685553.13497549 2458967.127134261, 3656686.044912972 2458967.1271332875, 3642252.4998823544 2483966.760468035, 3656686.0449142326 2508966.393802657, 3685553.1349766958 2508966.393803611, 3699986.680007335 2483966.7604699647, 3685553.13497549 2458967.127134261))",1,0.3459381248377687,2165.000000022565,12,0.2445536821215123,frequency,1,1,0.1013844427162564,0.1013844427162564
2734,"POLYGON ((3685553.1349766958 2508966.393803611, 3656686.0449142326 2508966.393802657, 3642252.499883633 2533966.0271361535, 3656686.044915474 2558965.6604704983, 3685553.1349778827 2558965.6604714375, 3699986.6800085045 2533966.027138045, 3685553.1349766958 2508966.393803611))",12,0.2777452343744447,2164.999999979274,12,0.3068826257957531,frequency,0,0,-0.02913739142130839,0.02913739142130839
2735,"POLYGON ((3685553.1349778827 2558965.6604714375, 3656686.044915474 2558965.6604704983, 3642252.4998848923 2583965.2938047503, 3656686.044916695 2608964.9271388147, 3685553.1349790497 2608964.9271397316, 3699986.6800096547 2583965.2938065976, 3685553.1349778827 2558965.6604714375))",1,0.2525460055471777,2165.000000022565,12,0.2557493490214386,frequency,1,1,-0.003203343474260878,0.003203343474260878
2736,"POLYGON ((3685553.1349790497 2608964.9271397316, 3656686.044916695 2608964.9271388147, 3642252.499886129 2633964.5604718095, 3656686.0449178936 2658964.1938056033, 3685553.134980196 2658964.193806499, 3699986.680010785 2633964.560473615, 3685553.1349790497 2608964.9271397316))",10,0.2716782363545574,2164.999999979274,12,0.2617808972703155,frequency,2,-2,0.009897339084241896,0.009897339084241896
2737,"POLYGON ((3685553.134980196 2658964.193806499, 3656686.0449178936 2658964.1938056033, 3642252.499887343 2683963.827139347, 3656686.0449190694 2708963.46047286, 3685553.1349813193 2708963.460473729, 3699986.680011894 2683963.8271411057, 3685553.134980196 2658964.193806499))",9,0.2016219361490517,2165.000000022565,12,0.2239940092700386,frequency,3,-3,-0.022372073120986907,0.022372073120986907
2738,"POLYGON ((3685553.1349813193 2708963.460473729, 3656686.0449190694 2708963.46047286, 3642252.499888531 2733963.0938053406, 3656686.044920219 2758962.727138577, 3685553.1349824183 2758962.727139424, 3699986.6800129786 2733963.09380705, 3685553.1349813193 2708963.460473729))",2,0.3808577545109085,2164.999999979254,2,0.2119595051290765,frequency,0,0,0.16889824938183198,0.16889824938183198
2739,"POLYGON ((3685553.1349824183 2758962.727139424, 3656686.044920219 2758962.727138577, 3642252.4998896928 2783962.360471803, 3656686.0449213414 2808961.9938047575, 3685553.1349834916 2808961.993805586, 3699986.6800140403 2783962.3604734684, 3685553.1349824183 2758962.727139424))",1,0.257834064029704,2165.000000022584,1,0.2600223396012695,frequency,0,0,-0.0021882755715655344,0.0021882755715655344
2740,"POLYGON ((3685553.1349834916 2808961.993805586, 3656686.0449213414 2808961.9938047575, 3642252.499890827 2833961.6271367376, 3656686.044922438 2858961.260470421, 3685553.1349845375 2858961.260471211, 3699986.680015076 2833961.627138358, 3685553.1349834916 2808961.993805586))",9,0.2147940311111291,2165.000000022565,12,0.2545271992886416,frequency,3,-3,-0.03973316817751249,0.03973316817751249
2741,"POLYGON ((3685553.1349845375 2858961.260471211, 3656686.044922438 2858961.260470421, 3642252.499891932 2883960.8938021385, 3656686.044923504 2908960.527134545, 3685553.134985556 2908960.527135315, 3699986.6800160846 2883960.893803712, 3685553.1349845375 2858961.260471211))",10,0.2076306967970328,2164.999999979274,1,0.2260707263556834,frequency,3,-3,-0.018440029558650595,0.018440029558650595
2742,"POLYGON ((3685553.134985556 2908960.527135315, 3656686.044923504 2908960.527134545, 3642252.4998930073 2933960.1604660195, 3656686.0449245395 2958959.7937991465, 3685553.134986546 2958959.793799898, 3699986.680017065 2933960.1604675334, 3685553.134985556 2908960.527135315))",12,0.4372035156478103,2165.000000022565,12,0.3630424201579991,frequency,0,0,0.0741610954898112,0.0741610954898112
2743,"POLYGON ((3685553.134986546 2958959.793799898, 3656686.0449245395 2958959.7937991465, 3642252.49989405 2983959.4271303685, 3656686.0449255444 3008959.0604622317, 3685553.134987506 3008959.0604629563, 3699986.680018016 2983959.427131838, 3685553.134986546 2958959.793799898))",10,0.369305365683483,2164.999999979274,1,0.263565299145867,frequency,3,-3,0.10574006653761597,0.10574006653761597
2746,"POLYGON ((3685553.134989332 3108957.593788547, 3656686.0449274573 3108957.593787875, 3642252.4998969836 3133957.227118377, 3656686.0449283635 3158956.860450446, 3685553.1349901976 3158956.860451094, 3699986.680020692 3133957.2271197005, 3685553.134989332 3108957.593788547))",12,0.4488139966983401,2165.000000022565,1,0.2253703334407134,frequency,1,-1,0.2234436632576267,0.2234436632576267
2747,"POLYGON ((3685553.1349901976 3158956.860451094, 3656686.0449283635 3158956.860450446, 3642252.499897894 3183956.4937807214, 3656686.0449292366 3208956.1271115346, 3685553.134991031 3208956.1271121628, 3699986.6800215207 3183956.493781993, 3685553.1349901976 3158956.860451094))",11,0.22463149454261,2164.999999979274,2,0.2789690008230798,frequency,3,-3,-0.054337506280469794,0.054337506280469794
2748,"POLYGON ((3685553.134991031 3208956.1271121628, 3656686.0449292366 3208956.1271115346, 3642252.499898769 3233955.760442582, 3656686.044930075 3258955.3937731483, 3685553.1349918307 3258955.3937737504, 3699986.680022318 3233955.760443807, 3685553.134991031 3208956.1271121628))",12,0.4083313131995436,2165.000000022565,2,0.2950036485652095,frequency,2,-2,0.11332766463433408,0.11332766463433408
2808,"POLYGON ((3728853.7700545704 1833976.2937360085, 3699986.679991358 1833976.2937349505, 3685553.134960372 1858975.927071336, 3699986.67999258 1883975.560408733, 3728853.770055737 1883975.560409786, 3743287.3150867405 1858975.9270734435, 3728853.7700545704 1833976.2937360085))",1,0.4131492790887072,2164.9999999792512,1,0.2915371007464907,frequency,0,0,0.12161217834221649,0.12161217834221649
2813,"POLYGON ((3728853.770060473 2083972.6271034465, 3699986.6799975443 2083972.627102425, 3685553.1349667152 2108972.2604389316, 3699986.6799987913 2133971.893775367, 3728853.770061663 2133971.893776376, 3743287.3150925143 2108972.260440955, 3728853.770060473 2083972.6271034465))",10,0.4961658017675786,2165.0000000225523,2,0.2451621696592857,frequency,4,-4,0.2510036321082929,0.2510036321082929
2814,"POLYGON ((3728853.770061663 2133971.893776376, 3699986.6799987913 2133971.893775367, 3685553.13496799 2158971.527110664, 3699986.680000037 2183971.160446882, 3728853.770062851 2183971.1604478783, 3743287.3150936738 2158971.527112664, 3728853.770061663 2133971.893776376))",1,0.4045260428042644,2164.999999979262,2,0.1932860674662362,frequency,1,-1,0.2112399753380282,0.2112399753380282
2815,"POLYGON ((3728853.770062851 2183971.1604478783, 3699986.680000037 2183971.160446882, 3685553.1349692615 2208970.7937829536, 3699986.6800012775 2233970.427118942, 3728853.7700640336 2233970.427119922, 3743287.315094831 2208970.7937849322, 3728853.770062851 2183971.1604478783))",12,0.4281534444505593,2165.0000000225523,1,0.2579774881433111,frequency,1,-1,0.1701759563072482,0.1701759563072482
2816,"POLYGON ((3728853.7700640336 2233970.427119922, 3699986.6800012775 2233970.427118942, 3685553.134970528 2258970.060453792, 3699986.680002511 2283969.6937895315, 3728853.7700652103 2283969.693790503, 3743287.3150959816 2258970.0604557367, 3728853.7700640336 2233970.427119922))",11,0.3902997631321524,2164.999999979262,12,0.288946848113308,frequency,1,-1,0.10135291501884441,0.10135291501884441
2817,"POLYGON ((3728853.7700652103 2283969.693790503, 3699986.680002511 2283969.6937895315, 3685553.1349717854 2308969.3271251475, 3699986.6800037352 2333968.9604606368, 3728853.770066378 2333968.960461593, 3743287.3150971257 2308969.3271270664, 3728853.7700652103 2283969.693790503))",12,0.2869302035467747,2165.0000000225523,12,0.2885502407437165,frequency,0,0,-0.0016200371969418148,0.0016200371969418148
2818,"POLYGON ((3728853.770066378 2333968.960461593, 3699986.6800037352 2333968.9604606368, 3685553.1349730333 2358968.593795023, 3699986.680004949 2383968.2271302594, 3728853.770067534 2383968.227131186, 3743287.3150982605 2358968.5937969154, 3728853.770066378 2333968.960461593))",1,0.1670325745287505,2164.999999979262,12,0.2714289313316855,frequency,1,1,-0.10439635680293499,0.10439635680293499
2819,"POLYGON ((3728853.770067534 2383968.227131186, 3699986.680004949 2383968.2271302594, 3685553.1349742687 2408967.860465396, 3699986.6800061497 2433967.4938003663, 3728853.7700686795 2433967.493801287, 3743287.315099383 2408967.860467249, 3728853.770067534 2383968.227131186))",2,0.3945761041741739,2165.0000000225523,10,0.1944613656817253,frequency,4,4,0.20011473849244857,0.20011473849244857
2820,"POLYGON ((3728853.7700686795 2433967.493801287, 3699986.6800061497 2433967.4938003663, 3685553.13497549 2458967.127134261, 3699986.680007335 2483966.7604699647, 3728853.77006981 2483966.760470869, 3743287.315100493 2458967.1271360815, 3728853.7700686795 2433967.493801287))",12,0.2679296913160325,2165.0000000225527,10,0.2328605598355458,frequency,2,2,0.03506913148048671,0.03506913148048671
2821,"POLYGON ((3728853.77006981 2483966.760470869, 3699986.680007335 2483966.7604699647, 3685553.1349766958 2508966.393803611, 3699986.6800085045 2533966.027138045, 3728853.7700709235 2533966.027138924, 3743287.3151015877 2508966.3938053893, 3728853.77006981 2483966.760470869))",3,0.3620905205789453,2164.999999979262,12,0.2641576255371895,frequency,3,3,0.09793289504175579,0.09793289504175579
2822,"POLYGON ((3728853.7700709235 2533966.027138924, 3699986.6800085045 2533966.027138045, 3685553.1349778827 2558965.6604714375, 3699986.6800096547 2583965.2938065976, 3728853.77007202 2583965.2938074544, 3743287.3151026657 2558965.6604731763, 3728853.7700709235 2533966.027138924))",12,0.2455332737447961,2165.0000000225527,12,0.2957244978983565,frequency,0,0,-0.050191224153560365,0.050191224153560365
2823,"POLYGON ((3728853.77007202 2583965.2938074544, 3699986.6800096547 2583965.2938065976, 3685553.1349790497 2608964.9271397316, 3699986.680010785 2633964.560473615, 3728853.770073097 2633964.5604744577, 3743287.3151037265 2608964.927141433, 3728853.77007202 2583965.2938074544))",1,0.3101140872142187,2164.999999979262,12,0.3536750918986692,frequency,1,1,-0.04356100468445051,0.04356100468445051
2824,"POLYGON ((3728853.770073097 2633964.5604744577, 3699986.680010785 2633964.560473615, 3685553.134980196 2658964.193806499, 3699986.680011894 2683963.8271411057, 3728853.7700741533 2683963.827141919, 3743287.3151047667 2658964.1938081565, 3728853.770073097 2633964.5604744577))",2,0.2343451800071493,2165.0000000225527,12,0.2832036934079219,frequency,2,2,-0.0488585134007726,0.0488585134007726
2825,"POLYGON ((3728853.7700741533 2683963.827141919, 3699986.680011894 2683963.8271411057, 3685553.1349813193 2708963.460473729, 3699986.6800129786 2733963.09380705, 3728853.7700751876 2733963.093807852, 3743287.315105786 2708963.460475341, 3728853.7700741533 2683963.827141919))",12,0.239232506465102,2164.999999979262,1,0.2158666255258917,frequency,1,-1,0.0233658809392103,0.0233658809392103
2826,"POLYGON ((3728853.7700751876 2733963.093807852, 3699986.6800129786 2733963.09380705, 3685553.1349824183 2758962.727139424, 3699986.6800140403 2783962.3604734684, 3728853.770076199 2783962.3604742484, 3743287.3151067835 2758962.7271409943, 3728853.7700751876 2733963.093807852))",2,0.2523327462944056,2165.0000000225527,12,0.2527871753274086,frequency,2,2,-0.00045442903300296766,0.00045442903300296766
2827,"POLYGON ((3728853.770076199 2783962.3604742484, 3699986.6800140403 2783962.3604734684, 3685553.1349834916 2808961.993805586, 3699986.680015076 2833961.627138358, 3728853.7700771857 2833961.627139115, 3743287.3151077577 2808961.9938071123, 3728853.770076199 2783962.3604742484))",2,0.2915737914635486,2164.999999979262,1,0.2474402943271657,frequency,1,1,0.044133497136382926,0.044133497136382926
2828,"POLYGON ((3728853.7700771857 2833961.627139115, 3699986.680015076 2833961.627138358, 3685553.1349845375 2858961.260471211, 3699986.6800160846 2883960.893803712, 3728853.7700781454 2883960.893804439, 3743287.3151087062 2858961.2604726953, 3728853.7700771857 2833961.627139115))",10,0.199974752608374,2165.0000000225523,12,0.291642698969483,frequency,2,-2,-0.09166794636110903,0.09166794636110903
2829,"POLYGON ((3728853.7700781454 2883960.893804439, 3699986.6800160846 2883960.893803712, 3685553.134985556 2908960.527135315, 3699986.680017065 2933960.1604675334, 3728853.7700790795 2933960.1604682417, 3743287.315109631 2908960.5271367584, 3728853.7700781454 2883960.893804439))",5,0.2558702454651442,2164.999999979262,1,0.2704029202901885,frequency,4,4,-0.014532674825044278,0.014532674825044278
2830,"POLYGON ((3728853.7700790795 2933960.1604682417, 3699986.680017065 2933960.1604675334, 3685553.134986546 2958959.793799898, 3699986.680018016 2983959.427131838, 3728853.770079986 2983959.4271325273, 3743287.315110528 2958959.7938012863, 3728853.7700790795 2933960.1604682417))",3,0.2837271071183214,2165.0000000225523,12,0.3427604384145142,frequency,3,3,-0.059033331296192815,0.059033331296192815
2834,"POLYGON ((3728853.7700825324 3133957.227120318, 3699986.680020692 3133957.2271197005, 3685553.1349901976 3158956.860451094, 3699986.6800215207 3183956.493781993, 3728853.7700833217 3183956.493782588, 3743287.315113837 3158956.8604523004, 3728853.7700825324 3133957.227120318))",1,0.3682263655430799,2165.0000000225523,1,0.2277962212272139,frequency,0,0,0.140430144315866,0.140430144315866
2836,"POLYGON ((3728853.77008408 3233955.760444375, 3699986.680022318 3233955.760443807, 3685553.1349918307 3258955.3937737504, 3699986.680023083 3283955.027104151, 3728853.7700848076 3283955.0271046977, 3743287.315115315 3258955.393774859, 3728853.77008408 3233955.760444375))",2,0.5241316371324983,2164.999999979262,2,0.2248217586480063,frequency,0,0,0.29930987848449203,0.29930987848449203
2837,"POLYGON ((3728853.7700848076 3283955.0271046977, 3699986.680023083 3283955.027104151, 3685553.134992597 3308954.6604338717, 3699986.6800238155 3333954.293765039, 3728853.7700855033 3333954.293765556, 3743287.3151160087 3308954.6604349376, 3728853.7700848076 3283955.0271046977))",2,0.4618821201104927,2165.0000000225527,2,0.2659957932424759,frequency,0,0,0.19588632686801677,0.19588632686801677
2904,"POLYGON ((3772154.4051586944 2258970.0604566433, 3743287.3150959816 2258970.0604557367, 3728853.7700652103 2283969.693790503, 3743287.3150971257 2308969.3271270664, 3772154.405159781 2308969.327127962, 3786587.9501905763 2283969.693792292, 3772154.4051586944 2258970.0604566433))",12,0.296086107524091,2165.0000000225527,1,0.2501973021833723,frequency,1,-1,0.04588880534071865,0.04588880534071865
2905,"POLYGON ((3772154.405159781 2308969.327127962, 3743287.3150971257 2308969.3271270664, 3728853.770066378 2333968.960461593, 3743287.3150982605 2358968.5937969154, 3772154.4051608583 2358968.5937977843, 3786587.95019163 2333968.9604633553, 3772154.405159781 2308969.327127962))",1,0.4028569019852996,2164.999999979262,12,0.2901662474694804,frequency,1,1,0.11269065451581922,0.11269065451581922
2906,"POLYGON ((3772154.4051608583 2358968.5937977843, 3743287.3150982605 2358968.5937969154, 3728853.770067534 2383968.227131186, 3743287.315099383 2408967.860467249, 3772154.405161925 2408967.8604681087, 3786587.950192674 2383968.227132929, 3772154.4051608583 2358968.5937977843))",2,0.2799055137026793,2165.0000000225527,12,0.392021636354601,frequency,2,2,-0.11211612265192172,0.11211612265192172
2907,"POLYGON ((3772154.405161925 2408967.8604681087, 3743287.315099383 2408967.860467249, 3728853.7700686795 2433967.493801287, 3743287.315100493 2458967.1271360815, 3772154.405162979 2458967.127136918, 3786587.9501937064 2433967.493802984, 3772154.405161925 2408967.8604681087))",11,0.3400145560806914,2164.999999979262,1,0.2217500040179697,frequency,2,-2,0.11826455206272171,0.11826455206272171
2908,"POLYGON ((3772154.405162979 2458967.127136918, 3743287.315100493 2458967.1271360815, 3728853.77006981 2483966.760470869, 3743287.3151015877 2508966.3938053893, 3772154.4051640187 2508966.3938062126, 3786587.950194726 2483966.760472534, 3772154.405162979 2458967.127136918))",12,0.2364957789990873,2165.0000000225527,1,0.2217500040179697,frequency,1,-1,0.014745774981117593,0.014745774981117593
2909,"POLYGON ((3772154.4051640187 2508966.3938062126, 3743287.3151015877 2508966.3938053893, 3728853.7700709235 2533966.027138924, 3743287.3151026657 2558965.6604731763, 3772154.405165043 2558965.660473985, 3786587.9501957307 2533966.027140554, 3772154.4051640187 2508966.3938062126))",1,0.2544884396628456,2164.999999979262,12,0.2765682462773705,frequency,1,1,-0.022079806614524855,0.022079806614524855
2910,"POLYGON ((3772154.405165043 2558965.660473985, 3743287.3151026657 2558965.6604731763, 3728853.77007202 2583965.2938074544, 3743287.3151037265 2608964.927141433, 3772154.4051660495 2608964.9271422215, 3786587.9501967193 2583965.293809049, 3772154.405165043 2558965.660473985))",12,0.2890620618974315,2165.0000000225527,12,0.2778176044505063,frequency,0,0,0.011244457446925205,0.011244457446925205
2911,"POLYGON ((3772154.4051660495 2608964.9271422215, 3743287.3151037265 2608964.927141433, 3728853.770073097 2633964.5604744577, 3743287.3151047667 2658964.1938081565, 3772154.405167038 2658964.1938089253, 3786587.95019769 2633964.5604760116, 3772154.4051660495 2608964.9271422215))",8,0.2717654215439305,2164.999999979262,12,0.3087750024878097,frequency,4,-4,-0.03700958094387918,0.03700958094387918
2912,"POLYGON ((3772154.405167038 2658964.1938089253, 3743287.3151047667 2658964.1938081565, 3728853.7700741533 2683963.827141919, 3743287.315105786 2708963.460475341, 3772154.4051680053 2708963.4604760916, 3786587.950198643 2683963.8271434405, 3772154.405167038 2658964.1938089253))",2,0.3889476397045909,2165.0000000225527,12,0.2866584567515158,frequency,2,2,0.1022891829530751,0.1022891829530751
2913,"POLYGON ((3772154.4051680053 2708963.4604760916, 3743287.315105786 2708963.460475341, 3728853.7700751876 2733963.093807852, 3743287.3151067835 2758962.7271409943, 3772154.4051689524 2758962.7271417268, 3786587.950199575 2733963.093809333, 3772154.4051680053 2708963.4604760916))",10,0.249177926842329,2164.9999999792417,12,0.2551423491173032,frequency,2,-2,-0.005964422274974207,0.005964422274974207
2914,"POLYGON ((3772154.4051689524 2758962.7271417268, 3743287.3151067835 2758962.7271409943, 3728853.770076199 2783962.3604742484, 3743287.3151077577 2808961.9938071123, 3772154.405169877 2808961.993807826, 3786587.950200486 2783962.360475688, 3772154.4051689524 2758962.7271417268))",1,0.2120099592008856,2165.0000000225723,12,0.2681912063764039,frequency,1,1,-0.05618124717551831,0.05618124717551831
2915,"POLYGON ((3772154.405169877 2808961.993807826, 3743287.3151077577 2808961.9938071123, 3728853.7700771857 2833961.627139115, 3743287.3151087062 2858961.2604726953, 3772154.405170778 2858961.260473384, 3786587.950201374 2833961.627140507, 3772154.405169877 2808961.993807826))",8,0.3164710702503393,2165.0000000225527,12,0.2845083564151918,frequency,4,-4,0.03196271383514754,0.03196271383514754
2916,"POLYGON ((3772154.405170778 2858961.260473384, 3743287.3151087062 2858961.2604726953, 3728853.7700781454 2883960.893804439, 3743287.315109631 2908960.5271367584, 3772154.4051716547 2908960.527137423, 3786587.9502022387 2883960.8938057944, 3772154.405170778 2858961.260473384))",9,0.2578519840263163,2164.999999979262,12,0.2775255533731883,frequency,3,-3,-0.019673569346871977,0.019673569346871977
2917,"POLYGON ((3772154.4051716547 2908960.527137423, 3743287.315109631 2908960.5271367584, 3728853.7700790795 2933960.1604682417, 3743287.315110528 2958959.7938012863, 3772154.405172506 2958959.793801932, 3786587.9502030797 2933960.160469559, 3772154.4051716547 2908960.527137423))",12,0.1863530217721558,2165.0000000225527,12,0.4117322349843952,frequency,0,0,-0.22537921321223942,0.22537921321223942
2918,"POLYGON ((3772154.405172506 2958959.793801932, 3743287.315110528 2958959.7938012863, 3728853.770079986 2983959.4271325273, 3743287.3151113978 3008959.0604642984, 3772154.405173331 3008959.060464924, 3786587.9502038956 2983959.4271337963, 3772154.405172506 2958959.793801932))",12,0.334025046525794,2164.999999979262,12,0.3913245264743865,frequency,0,0,-0.05729947994859247,0.05729947994859247
2919,"POLYGON ((3772154.405173331 3008959.060464924, 3743287.3151113978 3008959.0604642984, 3728853.770080864 3033958.693795295, 3743287.3151122397 3058958.3271278, 3772154.4051741296 3058958.327128402, 3786587.950204686 3033958.693796522, 3772154.405173331 3008959.060464924))",2,0.4052101795247065,2165.0000000225527,1,0.2848188177514983,frequency,1,1,0.1203913617732082,0.1203913617732082
2920,"POLYGON ((3772154.4051741296 3058958.327128402, 3743287.3151122397 3058958.3271278, 3728853.770081713 3083957.9604585534, 3743287.3151130527 3108957.5937897973, 3772154.405174901 3108957.593790377, 3786587.95020545 3083957.9604597404, 3772154.4051741296 3058958.327128402))",2,0.3974640268793035,2164.999999979262,1,0.2600223396012696,frequency,1,1,0.1374416872780339,0.1374416872780339
2925,"POLYGON ((3772154.4051777045 3308954.6604354377, 3743287.3151160087 3308954.6604349376, 3728853.7700855033 3333954.293765556, 3743287.3151166723 3358953.927095566, 3772154.4051783327 3358953.9270960405, 3786587.950208857 3333954.293766518, 3772154.4051777045 3308954.6604354377))",1,0.2571991854753636,2165.0000000225527,2,0.2880444956683936,frequency,1,-1,-0.030845310193029996,0.030845310193029996
2992,"POLYGON ((3815455.0402532453 2283969.6937931185, 3786587.9501905763 2283969.693792292, 3772154.405159781 2308969.327127962, 3786587.95019163 2333968.9604633553, 3815455.0402542423 2333968.9604641697, 3829888.585285061 2308969.327129595, 3815455.0402532453 2283969.6937931185))",3,0.2986066258348137,2165.0000000225523,10,0.2580105263718076,frequency,5,5,0.040596099463006075,0.040596099463006075
2993,"POLYGON ((3815455.0402542423 2333968.9604641697, 3786587.95019163 2333968.9604633553, 3772154.4051608583 2358968.5937977843, 3786587.950192674 2383968.227132929, 3815455.04025523 2383968.2271337253, 3829888.585286026 2358968.5937993964, 3815455.0402542423 2333968.9604641697))",12,0.3885164307802892,2164.999999979262,12,0.310048848987814,frequency,0,0,0.0784675817924752,0.0784675817924752
2994,"POLYGON ((3815455.04025523 2383968.2271337253, 3786587.950192674 2383968.227132929, 3772154.405161925 2408967.8604681087, 3786587.9501937064 2433967.493802984, 3815455.0402562064 2433967.493803772, 3829888.58528698 2408967.860469692, 3815455.04025523 2383968.2271337253))",12,0.4124589549120354,2165.0000000225523,3,0.2182326620350508,frequency,3,-3,0.1942262928769846,0.1942262928769846
2995,"POLYGON ((3815455.0402562064 2433967.493803772, 3786587.9501937064 2433967.493802984, 3772154.405162979 2458967.127136918, 3786587.950194726 2483966.760472534, 3815455.040257171 2483966.7604733016, 3829888.585287923 2458967.1271384787, 3815455.0402562064 2433967.493803772))",4,0.2479262906391216,2165.0000000225527,4,0.2529805379809703,frequency,0,0,-0.0050542473418487,0.0050542473418487
2996,"POLYGON ((3815455.040257171 2483966.7604733016, 3786587.950194726 2483966.760472534, 3772154.4051640187 2508966.3938062126, 3786587.9501957307 2533966.027140554, 3815455.0402581207 2533966.0271413093, 3829888.585288853 2508966.39380774, 3815455.040257171 2483966.7604733016))",2,0.2187657659475874,2164.999999979262,4,0.2385631550991111,frequency,2,-2,-0.01979738915152371,0.01979738915152371
2997,"POLYGON ((3815455.0402581207 2533966.0271413093, 3786587.9501957307 2533966.027140554, 3772154.405165043 2558965.660473985, 3786587.9501967193 2583965.293809049, 3815455.0402590563 2583965.29380979, 3829888.585289768 2558965.660475473, 3815455.0402581207 2533966.0271413093))",1,0.3231002189151559,2165.0000000225527,1,0.2983367449136533,frequency,0,0,0.024763474001502583,0.024763474001502583
2998,"POLYGON ((3815455.0402590563 2583965.29380979, 3786587.9501967193 2583965.293809049, 3772154.4051660495 2608964.9271422215, 3786587.95019769 2633964.5604760116, 3815455.040259974 2633964.5604767324, 3829888.585290668 2608964.9271436725, 3815455.0402590563 2583965.29380979))",1,0.2835804821070966,2164.999999979262,12,0.2906495827585583,frequency,1,1,-0.007069100651461713,0.007069100651461713
2999,"POLYGON ((3815455.040259974 2633964.5604767324, 3786587.95019769 2633964.5604760116, 3772154.405167038 2658964.1938089253, 3786587.950198643 2683963.8271434405, 3815455.0402608733 2683963.8271441357, 3829888.585291551 2658964.1938103405, 3815455.040259974 2633964.5604767324))",4,0.3469016436970322,2165.0000000225527,12,0.3216208148141128,frequency,4,4,0.02528082888291938,0.02528082888291938
3000,"POLYGON ((3815455.0402608733 2683963.8271441357, 3786587.950198643 2683963.8271434405, 3772154.4051680053 2708963.4604760916, 3786587.950199575 2733963.093809333, 3815455.0402617548 2733963.0938100084, 3829888.585292416 2708963.460477474, 3815455.0402608733 2683963.8271441357))",2,0.2188992790809845,2164.999999979262,12,0.2781102708490683,frequency,2,2,-0.05921099176808381,0.05921099176808381
3001,"POLYGON ((3815455.0402617548 2733963.0938100084, 3786587.950199575 2733963.093809333, 3772154.4051689524 2758962.7271417268, 3786587.950200486 2783962.360475688, 3815455.040262616 2783962.3604763476, 3829888.585293262 2758962.727143068, 3815455.0402617548 2733963.0938100084))",1,0.3230526517707072,2165.0000000225527,1,0.2905986474992802,frequency,0,0,0.03245400427142697,0.03245400427142697
3002,"POLYGON ((3815455.040262616 2783962.3604763476, 3786587.950200486 2783962.360475688, 3772154.405169877 2808961.993807826, 3786587.950201374 2833961.627140507, 3815455.040263456 2833961.6271411516, 3829888.585294088 2808961.993809128, 3815455.040262616 2783962.3604763476))",2,0.200918771378244,2164.999999979262,2,0.2307115747623106,frequency,0,0,-0.02979280338406662,0.02979280338406662
3003,"POLYGON ((3815455.040263456 2833961.6271411516, 3786587.950201374 2833961.627140507, 3772154.405170778 2858961.260473384, 3786587.9502022387 2883960.8938057944, 3815455.040264273 2883960.89380642, 3829888.5852948925 2858961.2604746534, 3815455.040263456 2833961.6271411516))",5,0.309871153129456,2165.0000000225523,2,0.2880578145634867,frequency,3,3,0.021813338565969287,0.021813338565969287
3004,"POLYGON ((3815455.040264273 2883960.89380642, 3786587.9502022387 2883960.8938057944, 3772154.4051716547 2908960.527137423, 3786587.9502030797 2933960.160469559, 3815455.040265067 2933960.160470156, 3829888.5852956753 2908960.5271386486, 3815455.040264273 2883960.89380642))",10,0.2010839241319822,2164.999999979262,12,0.2418358725912901,frequency,2,-2,-0.04075194845930791,0.04075194845930791
3005,"POLYGON ((3815455.040265067 2933960.160470156, 3786587.9502030797 2933960.160469559, 3772154.405172506 2958959.793801932, 3786587.9502038956 2983959.4271337963, 3815455.040265838 2983959.4271343737, 3829888.5852964353 2958959.7938031177, 3815455.040265067 2933960.160470156))",2,0.273169329936259,2165.0000000225523,12,0.3241205385255907,frequency,2,2,-0.05095120858933172,0.05095120858933172
3006,"POLYGON ((3815455.040265838 2983959.4271343737, 3786587.9502038956 2983959.4271337963, 3772154.405173331 3008959.060464924, 3786587.950204686 3033958.693796522, 3815455.0402665855 3033958.6937970873, 3829888.5852971715 3008959.060466069, 3815455.040265838 2983959.4271343737))",12,0.3699246595077391,2164.999999979262,12,0.3404211745844134,frequency,0,0,0.029503484923325718,0.029503484923325718
3007,"POLYGON ((3815455.0402665855 3033958.6937970873, 3786587.950204686 3033958.693796522, 3772154.4051741296 3058958.327128402, 3786587.95020545 3083957.9604597404, 3815455.0402673064 3083957.960460279, 3829888.5852978844 3058958.327129511, 3815455.0402665855 3033958.6937970873))",10,0.5302021718755539,2165.0000000225523,1,0.2721853566210842,frequency,3,-3,0.2580168152544697,0.2580168152544697
3008,"POLYGON ((3815455.0402673064 3083957.960460279, 3786587.95020545 3083957.9604597404, 3772154.405174901 3108957.593790377, 3786587.9502061866 3133957.2271214575, 3815455.040268002 3133957.227121974, 3829888.585298572 3108957.5937914415, 3815455.0402673064 3083957.960460279))",2,0.4347594134081038,2164.999999979262,1,0.276083419056594,frequency,1,1,0.1586759943515098,0.1586759943515098
3080,"POLYGON ((3858755.675347689 2308969.327130348, 3829888.585285061 2308969.327129595, 3815455.0402542423 2333968.9604641697, 3829888.585286026 2358968.5937993964, 3858755.675348596 2358968.593800132, 3873189.22037944 2333968.9604656594, 3858755.675347689 2308969.327130348))",11,0.262451125986443,2164.999999979262,11,0.2035204678714436,frequency,0,0,0.058930658114999396,0.058930658114999396
3081,"POLYGON ((3858755.675348596 2358968.593800132, 3829888.585286026 2358968.5937993964, 3815455.04025523 2383968.2271337253, 3829888.58528698 2408967.860469692, 3858755.6753494944 2408967.860470417, 3873189.2203803146 2383968.227135189, 3858755.675348596 2358968.593800132))",1,0.3096214144692913,2165.0000000225527,11,0.2251908317539045,frequency,2,2,0.08443058271538681,0.08443058271538681
3082,"POLYGON ((3858755.6753494944 2408967.860470417, 3829888.58528698 2408967.860469692, 3815455.0402562064 2433967.493803772, 3829888.585287923 2458967.1271384787, 3858755.6753503815 2458967.127139185, 3873189.22038118 2433967.4938052082, 3858755.6753494944 2408967.860470417))",12,0.3451982164036937,2164.999999979262,10,0.2041611534005036,frequency,2,2,0.1410370630031901,0.1410370630031901
3083,"POLYGON ((3858755.6753503815 2458967.127139185, 3829888.585287923 2458967.1271384787, 3815455.040257171 2483966.7604733016, 3829888.585288853 2508966.39380774, 3858755.6753512565 2508966.39380843, 3873189.220382033 2483966.760474706, 3858755.6753503815 2458967.127139185))",4,0.2367338139314666,2165.0000000225527,2,0.2274317891621299,frequency,2,2,0.009302024769336725,0.009302024769336725
3084,"POLYGON ((3858755.6753512565 2508966.39380843, 3829888.585288853 2508966.39380774, 3815455.0402581207 2533966.0271413093, 3829888.585289768 2558965.660475473, 3858755.6753521184 2558965.6604761523, 3873189.220382874 2533966.027142685, 3858755.6753512565 2508966.39380843))",8,0.2302992167843608,2164.999999979262,1,0.2756619047652139,frequency,5,-5,-0.045362687980853106,0.045362687980853106
3085,"POLYGON ((3858755.6753521184 2558965.6604761523, 3829888.585289768 2558965.660475473, 3815455.0402590563 2583965.29380979, 3829888.585290668 2608964.9271436725, 3858755.675352965 2608964.927144341, 3873189.2203837014 2583965.2938111313, 3858755.6753521184 2558965.6604761523))",12,0.2259727577966496,2165.0000000225527,1,0.2929975307474752,frequency,1,-1,-0.0670247729508256,0.0670247729508256
3086,"POLYGON ((3858755.675352965 2608964.927144341, 3829888.585290668 2608964.9271436725, 3815455.040259974 2633964.5604767324, 3829888.585291551 2658964.1938103405, 3858755.6753537958 2658964.19381099, 3873189.220384514 2633964.5604780456, 3858755.675352965 2608964.927144341))",1,0.219061677780269,2164.999999979262,12,0.3522101673829193,frequency,1,1,-0.13314848960265033,0.13314848960265033
3087,"POLYGON ((3858755.6753537958 2658964.19381099, 3829888.585291551 2658964.1938103405, 3815455.0402608733 2683963.8271441357, 3829888.585292416 2708963.460477474, 3858755.6753546093 2708963.4604781084, 3873189.2203853102 2683963.827145421, 3858755.6753537958 2658964.19381099))",2,0.2163533051318103,2165.0000000225527,12,0.2542304001510201,frequency,2,2,-0.0378770950192098,0.0378770950192098
3088,"POLYGON ((3858755.6753546093 2708963.4604781084, 3829888.585292416 2708963.460477474, 3815455.0402617548 2733963.0938100084, 3829888.585293262 2758962.727143068, 3858755.6753554046 2758962.7271436807, 3873189.22038609 2733963.09381126, 3858755.6753546093 2708963.4604781084))",10,0.2405793298799475,2164.9999999792417,12,0.254833063515758,frequency,2,-2,-0.014253733635810506,0.014253733635810506
3089,"POLYGON ((3858755.6753554046 2758962.7271436807, 3829888.585293262 2758962.727143068, 3815455.040262616 2783962.3604763476, 3829888.585294088 2808961.993809128, 3858755.6753561813 2808961.993809722, 3873189.220386851 2783962.3604775583, 3858755.6753554046 2758962.7271436807))",2,0.2266418423009832,2165.0000000225723,12,0.268518544159552,frequency,2,2,-0.041876701858568816,0.041876701858568816
3090,"POLYGON ((3858755.6753561813 2808961.993809722, 3829888.585294088 2808961.993809128, 3815455.040263456 2833961.6271411516, 3829888.5852948925 2858961.2604746534, 3858755.675356938 2858961.2604752313, 3873189.220387594 2833961.627142323, 3858755.6753561813 2808961.993809722))",10,0.2929119538557627,2165.0000000225527,12,0.3084452598901989,frequency,2,-2,-0.0155333060344362,0.0155333060344362
3091,"POLYGON ((3858755.675356938 2858961.2604752313, 3829888.5852948925 2858961.2604746534, 3815455.040264273 2883960.89380642, 3829888.5852956753 2908960.5271386486, 3858755.6753576742 2908960.527139213, 3873189.2203883165 2883960.8938075583, 3858755.675356938 2858961.2604752313))",7,0.2182079662198842,2164.999999979262,2,0.2645875895554717,frequency,5,5,-0.04637962333558748,0.04637962333558748
3092,"POLYGON ((3858755.6753576742 2908960.527139213, 3829888.5852956753 2908960.5271386486, 3815455.040265067 2933960.160470156, 3829888.5852964353 2958959.7938031177, 3858755.675358389 2958959.7938036653, 3873189.2203890188 2933960.1604712615, 3858755.6753576742 2908960.527139213))",10,0.236667307751177,2165.0000000225527,12,0.2778176044505063,frequency,2,-2,-0.04115029669932929,0.04115029669932929
3093,"POLYGON ((3858755.675358389 2958959.7938036653, 3829888.5852964353 2958959.7938031177, 3815455.040265838 2983959.4271343737, 3829888.5852971715 3008959.060466069, 3858755.6753590815 3008959.060466596, 3873189.2203897005 2983959.4271354475, 3858755.675358389 2958959.7938036653))",1,0.3035505654762283,2164.999999979262,12,0.2913059234182218,frequency,1,1,0.01224464205800646,0.01224464205800646
3167,"POLYGON ((3902056.310441201 2283969.6937953224, 3873189.220378557 2283969.6937946356, 3858755.675347689 2308969.327130348, 3873189.22037944 2333968.9604656594, 3902056.3104420276 2333968.9604663393, 3916489.8554729195 2308969.3271317133, 3902056.310441201 2283969.6937953224))",8,0.2314910309851468,2165.0000000225523,3,0.2584367925612635,frequency,5,5,-0.026945761576116695,0.026945761576116695
3168,"POLYGON ((3902056.3104420276 2333968.9604663393, 3873189.22037944 2333968.9604656594, 3858755.675348596 2358968.593800132, 3873189.2203803146 2383968.227135189, 3902056.3104428453 2383968.2271358566, 3916489.8554737135 2358968.5938014775, 3902056.3104420276 2333968.9604663393))",12,0.4278286194109583,2164.999999979262,3,0.2417369585151494,frequency,3,-3,0.1860916608958089,0.1860916608958089
3169,"POLYGON ((3902056.3104428453 2383968.2271358566, 3873189.2203803146 2383968.227135189, 3858755.6753494944 2408967.860470417, 3873189.22038118 2433967.4938052082, 3902056.310443654 2433967.4938058606, 3916489.8554744995 2408967.860471736, 3902056.3104428453 2383968.2271358566))",10,0.350715423776999,2165.0000000225523,2,0.2810341555194296,frequency,4,-4,0.06968126825756937,0.06968126825756937
3170,"POLYGON ((3902056.310443654 2433967.4938058606, 3873189.22038118 2433967.4938052082, 3858755.6753503815 2458967.127139185, 3873189.220382033 2483966.760474706, 3902056.310444453 2483966.7604753496, 3916489.8554752753 2458967.127140478, 3902056.310443654 2433967.4938058606))",12,0.223012695439305,2165.0000000225527,10,0.2302580414590331,frequency,2,2,-0.007245346019728122,0.007245346019728122
3171,"POLYGON ((3902056.310444453 2483966.7604753496, 3873189.220382033 2483966.760474706, 3858755.6753512565 2508966.39380843, 3873189.220382874 2533966.027142685, 3902056.31044524 2533966.027143315, 3916489.855476041 2508966.3938097013, 3902056.310444453 2483966.7604753496))",12,0.276675311504415,2164.999999979262,12,0.2650060610132511,frequency,0,0,0.011669250491163907,0.011669250491163907
3172,"POLYGON ((3902056.31044524 2533966.027143315, 3873189.220382874 2533966.027142685, 3858755.6753521184 2558965.6604761523, 3873189.2203837014 2583965.2938111313, 3902056.310446013 2583965.293811747, 3916489.855476794 2558965.6604773877, 3902056.31044524 2533966.027143315))",4,0.2079572621208928,2165.0000000225527,12,0.3621489748525071,frequency,4,4,-0.15419171273161428,0.15419171273161428
3173,"POLYGON ((3902056.310446013 2583965.293811747, 3873189.2203837014 2583965.2938111313, 3858755.675352965 2608964.927144341, 3873189.220384514 2633964.5604780456, 3902056.310446773 2633964.5604786435, 3916489.8554775342 2608964.927145546, 3902056.310446013 2583965.293811747))",1,0.3807744232515826,2164.999999979262,12,0.2638813057994901,frequency,1,1,0.11689311745209252,0.11689311745209252
3174,"POLYGON ((3902056.310446773 2633964.5604786435, 3873189.220384514 2633964.5604780456, 3858755.6753537958 2658964.19381099, 3873189.2203853102 2683963.827145421, 3902056.310447518 2683963.827146006, 3916489.85547826 2658964.1938121654, 3902056.310446773 2633964.5604786435))",5,0.1943294778728363,2165.0000000225527,12,0.2899326049594129,frequency,5,5,-0.09560312708657662,0.09560312708657662
3175,"POLYGON ((3902056.310447518 2683963.827146006, 3873189.2203853102 2683963.827145421, 3858755.6753546093 2708963.4604781084, 3873189.22038609 2733963.09381126, 3902056.3104482465 2733963.0938118272, 3916489.8554789713 2708963.4604792497, 3902056.310447518 2683963.827146006))",1,0.2678069880467507,2164.999999979262,2,0.2651822606336093,frequency,1,-1,0.0026247274131414033,0.0026247274131414033
3176,"POLYGON ((3902056.3104482465 2733963.0938118272, 3873189.22038609 2733963.09381126, 3858755.6753554046 2758962.7271436807, 3873189.220386851 2783962.3604775583, 3902056.310448958 2783962.3604781087, 3916489.855479667 2758962.7271447945, 3902056.3104482465 2733963.0938118272))",12,0.2754790035607469,2165.0000000225527,2,0.2786470725693329,frequency,2,-2,-0.0031680690085860164,0.0031680690085860164
3177,"POLYGON ((3902056.310448958 2783962.3604781087, 3873189.220386851 2783962.3604775583, 3858755.6753561813 2808961.993809722, 3873189.220387594 2833961.627142323, 3902056.3104496524 2833961.627142863, 3916489.8554803454 2808961.9938108074, 3902056.310448958 2783962.3604781087))",10,0.2183369591913998,2164.999999979262,2,0.3331107552179787,frequency,4,-4,-0.11477379602657892,0.11477379602657892
3178,"POLYGON ((3902056.3104496524 2833961.627142863, 3873189.220387594 2833961.627142323, 3858755.675356938 2858961.2604752313, 3873189.2203883165 2883960.8938075583, 3902056.310450328 2883960.8938080776, 3916489.8554810067 2858961.2604762833, 3902056.3104496524 2833961.627142863))",6,0.1883195972895785,2165.0000000225523,12,0.2554385909452532,frequency,6,-6,-0.06711899365567467,0.06711899365567467
3179,"POLYGON ((3902056.310450328 2883960.8938080776, 3873189.2203883165 2883960.8938075583, 3858755.6753576742 2908960.527139213, 3873189.2203890188 2933960.1604712615, 3902056.310450984 2933960.160471766, 3916489.8554816493 2908960.5271402253, 3902056.310450328 2883960.8938080776))",11,0.1774106863769594,2164.999999979262,2,0.3163797299958753,frequency,3,-3,-0.13896904361891593,0.13896904361891593
3180,"POLYGON ((3902056.310450984 2933960.160471766, 3873189.2203890188 2933960.1604712615, 3858755.675358389 2958959.7938036653, 3873189.2203897005 2983959.4271354475, 3902056.310451621 2983959.42713593, 3916489.8554822737 2958959.7938046474, 3902056.310450984 2933960.160471766))",12,0.2758493125273706,2165.0000000225523,12,0.2646996599065027,frequency,0,0,0.011149652620867923,0.011149652620867923
3182,"POLYGON ((3902056.3104522377 3033958.6937985835, 3873189.2203903603 3033958.6937981173, 3858755.675359751 3058958.327130017, 3873189.220390998 3083957.9604612766, 3902056.3104528324 3083957.9604617185, 3916489.855483463 3058958.32713093, 3902056.3104522377 3033958.6937985835))",1,0.2254031777572839,2165.0000000225523,2,0.2880578145634867,frequency,1,-1,-0.06265463680620281,0.06265463680620281
3184,"POLYGON ((3902056.310453408 3133957.2271233695, 3873189.220391612 3133957.227122935, 3858755.675361021 3158956.8604543535, 3873189.220392204 3183956.4937850996, 3902056.31045396 3183956.4937855196, 3916489.855484572 3158956.860455208, 3902056.310453408 3133957.2271233695))",1,0.2717748389987374,2165.0000000225523,1,0.2584829217513696,frequency,0,0,0.01329191724736778,0.01329191724736778
3254,"POLYGON ((3945356.945534781 2258970.060461088, 3916489.8554721186 2258970.0604604622, 3902056.310441201 2283969.6937953224, 3916489.8554729195 2308969.3271317133, 3945356.9455355247 2308969.3271323317, 3959790.490566467 2283969.6937965616, 3945356.945534781 2258970.060461088))",2,0.2645498769585124,2165.0000000225527,3,0.2973887624296154,frequency,1,-1,-0.03283888547110303,0.03283888547110303
3255,"POLYGON ((3945356.9455355247 2308969.3271323317, 3916489.8554729195 2308969.3271317133, 3902056.3104420276 2333968.9604663393, 3916489.8554737135 2358968.5938014775, 3945356.945536262 2358968.5938020833, 3959790.4905671794 2333968.9604675546, 3945356.9455355247 2308969.3271323317))",5,0.2134216144255913,2164.999999979262,2,0.1924887777053049,frequency,3,3,0.020932836720286396,0.020932836720286396
3256,"POLYGON ((3945356.945536262 2358968.5938020833, 3916489.8554737135 2358968.5938014775, 3902056.3104428453 2383968.2271358566, 3916489.8554744995 2408967.860471736, 3945356.9455369916 2408967.860472328, 3959790.4905678844 2383968.227137049, 3945356.945536262 2358968.5938020833))",4,0.2405595671104839,2165.0000000225527,3,0.2442489467685157,frequency,1,1,-0.0036893796580317884,0.0036893796580317884
3257,"POLYGON ((3945356.9455369916 2408967.860472328, 3916489.8554744995 2408967.860471736, 3902056.310443654 2433967.4938058606, 3916489.8554752753 2458967.127140478, 3945356.9455377115 2458967.127141055, 3959790.490568582 2433967.4938070355, 3945356.9455369916 2408967.860472328))",11,0.2399095305912445,2164.999999979262,10,0.3410610626706077,frequency,1,1,-0.1011515320793632,0.1011515320793632
3258,"POLYGON ((3945356.9455377115 2458967.127141055, 3916489.8554752753 2458967.127140478, 3902056.310444453 2483966.7604753496, 3916489.855476041 2508966.3938097013, 3945356.945538422 2508966.3938102634, 3959790.4905692698 2483966.760476494, 3945356.9455377115 2458967.127141055))",12,0.3868708630002955,2165.0000000225527,10,0.2779071815617023,frequency,2,2,0.1089636814385932,0.1089636814385932
3259,"POLYGON ((3945356.945538422 2508966.3938102634, 3916489.855476041 2508966.3938097013, 3902056.31044524 2533966.027143315, 3916489.855476794 2558965.6604773877, 3945356.945539122 2558965.6604779465, 3959790.4905699478 2533966.0271444377, 3945356.945538422 2508966.3938102634))",11,0.2564005499407213,2164.999999979262,12,0.2425283072667198,frequency,1,-1,0.0138722426740015,0.0138722426740015
3260,"POLYGON ((3945356.945539122 2558965.6604779465, 3916489.855476794 2558965.6604773877, 3902056.310446013 2583965.293811747, 3916489.8554775342 2608964.927145546, 3945356.9455398093 2608964.927146093, 3959790.4905706146 2583965.2938128454, 3945356.945539122 2558965.6604779465))",10,0.2788330980362193,2165.0000000225527,12,0.3077743046623874,frequency,2,-2,-0.028941206626168114,0.028941206626168114
3261,"POLYGON ((3945356.9455398093 2608964.927146093, 3916489.8554775342 2608964.927145546, 3902056.310446773 2633964.5604786435, 3916489.85547826 2658964.1938121654, 3945356.945540483 2658964.1938126977, 3959790.490571269 2633964.5604797145, 3945356.9455398093 2608964.927146093))",9,0.1859396447950084,2164.999999979262,1,0.315153673912842,frequency,4,-4,-0.12921402911783358,0.12921402911783358
3262,"POLYGON ((3945356.945540483 2658964.1938126977, 3916489.85547826 2658964.1938121654, 3902056.310447518 2683963.827146006, 3916489.8554789713 2708963.4604792497, 3945356.945541143 2708963.4604797615, 3959790.4905719105 2683963.8271470456, 3945356.945540483 2658964.1938126977))",5,0.2176741948310344,2165.0000000225527,12,0.2545833336068248,frequency,5,5,-0.036909138775790384,0.036909138775790384
3263,"POLYGON ((3945356.945541143 2708963.4604797615, 3916489.8554789713 2708963.4604792497, 3902056.3104482465 2733963.0938118272, 3916489.855479667 2758962.7271447945, 3945356.9455417884 2758962.7271453, 3959790.4905725378 2733963.093812839, 3945356.945541143 2708963.4604797615))",1,0.2349073741947321,2164.9999999792417,12,0.3223095953768205,frequency,1,1,-0.08740222118208843,0.08740222118208843
3264,"POLYGON ((3945356.9455417884 2758962.7271453, 3916489.855479667 2758962.7271447945, 3902056.310448958 2783962.3604781087, 3916489.8554803454 2808961.9938108074, 3945356.9455424184 2808961.993811294, 3959790.490573151 2783962.3604790973, 3945356.9455417884 2758962.7271453))",2,0.2744437271550679,2165.0000000225723,12,0.3061708189407639,frequency,2,2,-0.03172709178569605,0.03172709178569605
3266,"POLYGON ((3945356.9455430317 2858961.2604767526, 3916489.8554810067 2858961.2604762833, 3902056.310450328 2883960.8938080776, 3916489.8554816493 2908960.5271402253, 3945356.945543628 2908960.5271406863, 3959790.4905743306 2883960.8938090075, 3945356.9455430317 2858961.2604767526))",10,0.2392872835913674,2164.999999979262,2,0.3174356587548027,frequency,4,-4,-0.07814837516343529,0.07814837516343529
3267,"POLYGON ((3945356.945543628 2908960.5271406863, 3916489.8554816493 2908960.5271402253, 3902056.310450984 2933960.160471766, 3916489.8554822737 2958959.7938046474, 3945356.9455442075 2958959.7938050907, 3959790.4905748954 2933960.1604726687, 3945356.945543628 2908960.5271406863))",12,0.2466152549484421,2165.0000000225527,12,0.2234077174523479,frequency,0,0,0.02320753749609422,0.02320753749609422
3268,"POLYGON ((3945356.9455442075 2958959.7938050907, 3916489.8554822737 2958959.7938046474, 3902056.310451621 2983959.42713593, 3916489.8554828786 3008959.0604675477, 3945356.945544768 3008959.0604679715, 3959790.4905754435 2983959.427136801, 3945356.9455442075 2958959.7938050907))",11,0.3941885412721359,2164.999999979262,1,0.2961966903826457,frequency,2,-2,0.0979918508894902,0.0979918508894902
3269,"POLYGON ((3945356.945544768 3008959.0604679715, 3916489.8554828786 3008959.0604675477, 3902056.3104522377 3033958.6937985835, 3916489.855483463 3058958.32713093, 3945356.945545311 3058958.327131352, 3959790.490575974 3033958.693799423, 3945356.945544768 3008959.0604679715))",1,0.2029698535801456,2165.0000000225527,2,0.3163636633876749,frequency,1,-1,-0.1133938098075293,0.1133938098075293
3270,"POLYGON ((3945356.945545311 3058958.327131352, 3916489.855483463 3058958.32713093, 3902056.3104528324 3083957.9604617185, 3916489.8554840274 3108957.593792814, 3945356.945545835 3108957.59379322, 3959790.490576486 3083957.960462534, 3945356.945545311 3058958.327131352))",10,0.4677481738132027,2164.999999979262,1,0.2609410388699693,frequency,3,-3,0.20680713494323344,0.20680713494323344
3271,"POLYGON ((3945356.945545835 3108957.59379322, 3916489.8554840274 3108957.593792814, 3902056.310453408 3133957.2271233695, 3916489.855484572 3158956.860455208, 3945356.945546339 3158956.8604555875, 3959790.49057698 3133957.2271241457, 3945356.945545835 3108957.59379322))",1,0.4772744602575923,2165.0000000225527,2,0.2648845913329164,frequency,1,-1,0.21238986892467587,0.21238986892467587
3341,"POLYGON ((3988657.58062843 2233970.427126631, 3959790.4905657494 2233970.427126079, 3945356.945534781 2258970.060461088, 3959790.490566467 2283969.6937965616, 3988657.580629091 2283969.6937971143, 4003091.1256590844 2258970.0604621912, 3988657.58062843 2233970.427126631))",12,0.2830370212434327,2164.999999954268,2,0.2133642077406549,frequency,2,-2,0.06967281350277782,0.06967281350277782
3342,"POLYGON ((3988657.580629091 2283969.6937971143, 3959790.490566467 2283969.6937965616, 3945356.9455355247 2308969.3271323317, 3959790.4905671794 2333968.9604675546, 3988657.580629746 2333968.9604680934, 4003091.125659714 2308969.3271334185, 3988657.580629091 2283969.6937971143))",4,0.2893083655686627,2164.9999999975585,2,0.2648508075554339,frequency,2,2,0.024457558013228797,0.024457558013228797
3343,"POLYGON ((3988657.580629746 2333968.9604680934, 3959790.4905671794 2333968.9604675546, 3945356.945536262 2358968.5938020833, 3959790.4905678844 2383968.227137049, 3988657.5806303946 2383968.2271375796, 4003091.125660338 2358968.593803154, 3988657.580629746 2333968.9604680934))",3,0.5176139620880412,2164.999999954268,11,0.2035509842810899,frequency,4,4,0.31406297780695136,0.31406297780695136
3344,"POLYGON ((3988657.5806303946 2383968.2271375796, 3959790.4905678844 2383968.227137049, 3945356.9455369916 2408967.860472328, 3959790.490568582 2433967.4938070355, 3988657.5806310363 2433967.493807555, 4003091.125660955 2408967.860473378, 3988657.5806303946 2383968.2271375796))",10,0.2481061128103868,2164.9999999975585,11,0.235121021580275,frequency,1,-1,0.012985091230111795,0.012985091230111795
3345,"POLYGON ((3988657.5806310363 2433967.493807555, 3959790.490568582 2433967.4938070355, 3945356.9455377115 2458967.127141055, 3959790.4905692698 2483966.760476494, 3988657.580631669 2483966.760477007, 4003091.125661565 2458967.1271420876, 3988657.5806310363 2433967.493807555))",3,0.2102385723325609,2164.999999997559,10,0.3303553240403923,frequency,5,5,-0.1201167517078314,0.1201167517078314
3346,"POLYGON ((3988657.580631669 2483966.760477007, 3959790.4905692698 2483966.760476494, 3945356.945538422 2508966.3938102634, 3959790.4905699478 2533966.0271444377, 3988657.580632293 2533966.0271449373, 4003091.1256621657 2508966.3938112757, 3988657.580631669 2483966.760477007))",10,0.2097258784058786,2164.999999954268,1,0.2786611619364342,frequency,3,-3,-0.06893528353055559,0.06893528353055559
3347,"POLYGON ((3988657.580632293 2533966.0271449373, 3959790.4905699478 2533966.0271444377, 3945356.945539122 2558965.6604779465, 3959790.4905706146 2583965.2938128454, 3988657.580632906 2583965.293813329, 4003091.1256627575 2558965.660478931, 3988657.580632293 2533966.0271449373))",9,0.1308456007505959,2164.999999997559,1,0.3501170219495224,frequency,4,-4,-0.21927142119892648,0.21927142119892648
3348,"POLYGON ((3988657.580632906 2583965.293813329, 3959790.4905706146 2583965.2938128454, 3945356.9455398093 2608964.927146093, 3959790.490571269 2633964.5604797145, 3988657.580633508 2633964.5604801923, 4003091.1256633387 2608964.9271470495, 3988657.580632906 2583965.293813329))",12,0.1546823781515289,2164.999999954268,1,0.2982709421278803,frequency,1,-1,-0.1435885639763514,0.1435885639763514
3349,"POLYGON ((3988657.580633508 2633964.5604801923, 3959790.490571269 2633964.5604797145, 3945356.945540483 2658964.1938126977, 3959790.4905719105 2683963.8271470456, 3988657.580634098 2683963.827147512, 4003091.1256639087 2658964.1938136397, 3988657.580633508 2633964.5604801923))",2,0.2648554277014207,2164.999999997559,2,0.2651822606336093,frequency,0,0,-0.0003268329321886032,0.0003268329321886032
3350,"POLYGON ((3988657.580634098 2683963.827147512, 3959790.4905719105 2683963.8271470456, 3945356.945541143 2708963.4604797615, 3959790.4905725378 2733963.093812839, 3988657.580634675 2733963.0938132913, 4003091.125664467 2708963.460480681, 3988657.580634098 2683963.827147512))",12,0.1819637128614591,2164.999999954268,1,0.2771302945786569,frequency,1,-1,-0.0951665817171978,0.0951665817171978
3351,"POLYGON ((3988657.580634675 2733963.0938132913, 3959790.4905725378 2733963.093812839, 3945356.9455417884 2758962.7271453, 3959790.490573151 2783962.3604790973, 3988657.5806352384 2783962.3604795337, 4003091.1256650123 2758962.7271461845, 3988657.580634675 2733963.0938132913))",2,0.2689078496566077,2164.999999997559,12,0.3374789698701244,frequency,2,2,-0.06857112021351669,0.06857112021351669
3352,"POLYGON ((3988657.5806352384 2783962.3604795337, 3959790.490573151 2783962.3604790973, 3945356.9455424184 2808961.993811294, 3959790.490573748 2833961.6271438133, 3988657.5806357884 2833961.6271442426, 4003091.1256655445 2808961.9938121596, 3988657.5806352384 2783962.3604795337))",2,0.2165903823999405,2164.999999954268,12,0.3394649122148954,frequency,2,2,-0.12287452981495489,0.12287452981495489
3353,"POLYGON ((3988657.5806357884 2833961.6271442426, 3959790.490573748 2833961.6271438133, 3945356.9455430317 2858961.2604767526, 3959790.4905743306 2883960.8938090075, 3988657.5806363234 2883960.8938094215, 4003091.1256660633 2858961.260477591, 3988657.5806357884 2833961.6271442426))",2,0.3354037336863121,2164.9999999975585,2,0.2847473952622368,frequency,0,0,0.0506563384240753,0.0506563384240753
3354,"POLYGON ((3988657.5806363234 2883960.8938094215, 3959790.4905743306 2883960.8938090075, 3945356.945543628 2908960.5271406863, 3959790.4905748954 2933960.1604726687, 3988657.580636842 2933960.16047306, 4003091.1256665676 2908960.5271414993, 3988657.5806363234 2883960.8938094215))",2,0.2326613147714986,2164.999999954268,2,0.2551008688131148,frequency,0,0,-0.022439554041616183,0.022439554041616183
3355,"POLYGON ((3988657.580636842 2933960.16047306, 3959790.4905748954 2933960.1604726687, 3945356.9455442075 2958959.7938050907, 3959790.4905754435 2983959.427136801, 3988657.580637346 2983959.4271371877, 4003091.125667057 2958959.793805879, 3988657.580636842 2933960.16047306))",1,0.2453214276656393,2164.9999999975585,2,0.2962252381437586,frequency,1,-1,-0.050903810478119316,0.050903810478119316
3356,"POLYGON ((3988657.580637346 2983959.4271371877, 3959790.4905754435 2983959.427136801, 3945356.945544768 3008959.0604679715, 3959790.490575974 3033958.693799423, 3988657.580637834 3033958.693799793, 4003091.1256675306 3008959.0604687324, 3988657.580637346 2983959.4271371877))",2,0.355085426847505,2164.999999954268,2,0.27518710234187,frequency,0,0,0.079898324505635,0.079898324505635
3357,"POLYGON ((3988657.580637834 3033958.693799793, 3959790.490575974 3033958.693799423, 3945356.945545311 3058958.327131352, 3959790.490576486 3083957.960462534, 3988657.580638305 3083957.960462893, 4003091.125667989 3058958.3271320765, 3988657.580637834 3033958.693799793))",1,0.3715969240849533,2164.9999999975585,2,0.3356516224738692,frequency,1,-1,0.03594530161108411,0.03594530161108411
3358,"POLYGON ((3988657.580638305 3083957.960462893, 3959790.490576486 3083957.960462534, 3945356.945545835 3108957.59379322, 3959790.49057698 3133957.2271241457, 3988657.5806387593 3133957.227124495, 4003091.125668431 3108957.593793921, 3988657.580638305 3083957.960462893))",1,0.3831587932076777,2164.999999954268,1,0.2838329523134881,frequency,0,0,0.09932584089418961,0.09932584089418961
3359,"POLYGON ((3988657.5806387593 3133957.227124495, 3959790.49057698 3133957.2271241457, 3945356.945546339 3158956.8604555875, 3959790.490577455 3183956.493786267, 3988657.5806391956 3183956.4937866023, 4003091.1256688572 3158956.8604562706, 3988657.5806387593 3133957.227124495))",2,0.6001798505560576,2164.9999999975585,1,0.283164330610016,frequency,1,1,0.3170155199460416,0.3170155199460416
3360,"POLYGON ((3988657.5806391956 3183956.4937866023, 3959790.490577455 3183956.493786267, 3945356.9455468236 3208956.1271164734, 3959790.490577912 3233955.760447914, 3988657.5806396157 3233955.760448234, 4003091.1256692666 3208956.127117125, 3988657.5806391956 3183956.4937866023))",2,0.5171376706858468,2164.999999997559,1,0.3049289349539709,frequency,1,1,0.21220873573187593,0.21220873573187593
3361,"POLYGON ((3988657.5806396157 3233955.760448234, 3959790.490577912 3233955.760447914, 3945356.945547289 3258955.3937778967, 3959790.4905783497 3283955.027108092, 3988657.5806400175 3283955.027108395, 4003091.1256696596 3258955.3937785216, 3988657.5806396157 3233955.760448234))",6,0.24626446109213,2164.999999954268,1,0.2388724653579474,frequency,5,5,0.007391995734182588,0.007391995734182588
3428,"POLYGON ((4031958.2157211513 2208970.7937919707, 4003091.1256584506 2208970.7937914813, 3988657.58062843 2233970.427126631, 4003091.1256590844 2258970.0604621912, 4031958.215721728 2258970.0604626816, 4046391.7607527743 2233970.427127612, 4031958.2157211513 2208970.7937919707))",3,0.3414923476309159,2164.999999954256,4,0.2903438668524085,frequency,1,-1,0.05114848077850742,0.05114848077850742
3429,"POLYGON ((4031958.215721728 2258970.0604626816, 4003091.1256590844 2258970.0604621912, 3988657.580629091 2283969.6937971143, 4003091.125659714 2308969.3271334185, 4031958.2157223 2308969.3271338968, 4046391.76075332 2283969.6937980675, 4031958.215721728 2258970.0604626816))",11,0.3132422111522918,2164.999999997546,2,0.2641265350377157,frequency,3,-3,0.04911567611457607,0.04911567611457607
3430,"POLYGON ((4031958.2157223 2308969.3271338968, 4003091.125659714 2308969.3271334185, 3988657.580629746 2333968.9604680934, 4003091.125660338 2358968.593803154, 4031958.2157228673 2358968.5938036223, 4046391.7607538616 2333968.960469041, 4031958.2157223 2308969.3271338968))",3,0.2636324502525611,2164.999999954256,11,0.2179802856460062,frequency,4,4,0.04565216460655491,0.04565216460655491
3431,"POLYGON ((4031958.2157228673 2358968.5938036223, 4003091.125660338 2358968.593803154, 3988657.5806303946 2383968.2271375796, 4003091.125660955 2408967.860473378, 4031958.2157234284 2408967.8604738414, 4046391.760754398 2383968.227138515, 4031958.2157228673 2358968.5938036223))",11,0.3181377638908622,2164.999999997546,10,0.3038600235184806,frequency,1,1,0.014277740372381553,0.014277740372381553
3432,"POLYGON ((4031958.2157234284 2408967.8604738414, 4003091.125660955 2408967.860473378, 3988657.5806310363 2433967.493807555, 4003091.125661565 2458967.1271420876, 4031958.2157239825 2458967.1271425397, 4046391.7607549275 2433967.4938084655, 4031958.2157234284 2408967.8604738414))",9,0.3126233891086691,2164.999999954256,12,0.3530509423399888,frequency,3,-3,-0.04042755323131969,0.04042755323131969
3433,"POLYGON ((4031958.2157239825 2458967.1271425397, 4003091.125661565 2458967.1271420876, 3988657.580631669 2483966.760477007, 4003091.1256621657 2508966.3938112757, 4031958.2157245288 2508966.3938117158, 4046391.7607554505 2483966.7604779024, 4031958.2157239825 2458967.1271425397))",12,0.3638230175430061,2164.999999997546,12,0.3919325053409132,frequency,0,0,-0.028109487797907062,0.028109487797907062
3434,"POLYGON ((4031958.2157245288 2508966.3938117158, 4003091.1256621657 2508966.3938112757, 3988657.580632293 2533966.0271449373, 4003091.1256627575 2558965.660478931, 4031958.2157250666 2558965.6604793617, 4046391.7607559655 2533966.0271458114, 4031958.2157245288 2508966.3938117158))",4,0.2477961969950855,2164.999999954256,2,0.3089152192086197,frequency,2,2,-0.061119022213534185,0.061119022213534185
3435,"POLYGON ((4031958.2157250666 2558965.6604793617, 4003091.1256627575 2558965.660478931, 3988657.580632906 2583965.293813329, 4003091.1256633387 2608964.9271470495, 4031958.215725595 2608964.927147475, 4046391.7607564717 2583965.29381418, 4031958.2157250666 2558965.6604793617))",1,0.2324216047831636,2164.999999997546,2,0.3097261430109717,frequency,1,-1,-0.07730453822780808,0.07730453822780808
3436,"POLYGON ((4031958.215725595 2608964.927147475, 4003091.1256633387 2608964.9271470495, 3988657.580633508 2633964.5604801923, 4003091.1256639087 2658964.1938136397, 4031958.215726113 2658964.1938140467, 4046391.760756969 2633964.560481021, 4031958.215725595 2608964.927147475))",1,0.2074966843970632,2164.999999954256,2,0.3513035656445414,frequency,1,-1,-0.1438068812474782,0.1438068812474782
3437,"POLYGON ((4031958.215726113 2658964.1938140467, 4003091.1256639087 2658964.1938136397, 3988657.580634098 2683963.827147512, 4003091.125664467 2708963.460480681, 4031958.2157266205 2708963.4604810807, 4046391.760757456 2683963.827148319, 4031958.215726113 2658964.1938140467))",12,0.2329293576452538,2164.999999997546,2,0.2767887862721778,frequency,2,-2,-0.04385942862692399,0.04385942862692399
3438,"POLYGON ((4031958.2157266205 2708963.4604810807, 4003091.125664467 2708963.460480681, 3988657.580634675 2733963.0938132913, 4003091.1256650123 2758962.7271461845, 4031958.215727116 2758962.727146579, 4046391.7607579324 2733963.093814076, 4031958.2157266205 2708963.4604810807))",12,0.2785691791586677,2164.999999954236,1,0.3286631011612059,frequency,1,-1,-0.050093922002538205,0.050093922002538205
3439,"POLYGON ((4031958.215727116 2758962.727146579, 4003091.1256650123 2758962.7271461845, 3988657.5806352384 2783962.3604795337, 4003091.1256655445 2808961.9938121596, 4031958.2157276 2808961.9938125345, 4046391.7607583976 2783962.360480303, 4031958.215727116 2758962.727146579))",4,0.2429205821071574,2164.999999997567,2,0.2877584370329854,frequency,2,2,-0.044837854925828036,0.044837854925828036
3440,"POLYGON ((4031958.2157276 2808961.9938125345, 4003091.1256655445 2808961.9938121596, 3988657.5806357884 2833961.6271442426, 4003091.1256660633 2858961.260477591, 4031958.2157280715 2858961.260477962, 4046391.760758851 2833961.627144987, 4031958.2157276 2808961.9938125345))",2,0.4354453365860853,2164.999999997546,2,0.3349709616518445,frequency,0,0,0.10047437493424083,0.10047437493424083
3441,"POLYGON ((4031958.2157280715 2858961.260477962, 4003091.1256660633 2858961.260477591, 3988657.5806363234 2883960.8938094215, 4003091.1256665676 2908960.5271414993, 4031958.2157285293 2908960.527141856, 4046391.7607592926 2883960.8938101367, 4031958.2157280715 2858961.260477962))",10,0.2553121139070475,2164.999999954256,2,0.2886450678217593,frequency,4,-4,-0.033332953914711805,0.033332953914711805
3442,"POLYGON ((4031958.2157285293 2908960.527141856, 4003091.1256665676 2908960.5271414993, 3988657.580636842 2933960.16047306, 4003091.125667057 2958959.793805879, 4031958.215728974 2958959.7938062213, 4046391.7607597215 2933960.16047376, 4031958.2157285293 2908960.527141856))",12,0.3543995963042419,2164.999999997546,2,0.2954365419677726,frequency,2,-2,0.05896305433646931,0.05896305433646931
3443,"POLYGON ((4031958.215728974 2958959.7938062213, 4003091.125667057 2958959.793805879, 3988657.580637346 2983959.4271371877, 4003091.1256675306 3008959.0604687324, 4031958.2157294047 3008959.0604690667, 4046391.760760137 2983959.4271378624, 4031958.215728974 2958959.7938062213))",1,0.2846766306884724,2164.999999954256,2,0.3812024735178118,frequency,1,-1,-0.0965258428293394,0.0965258428293394
3444,"POLYGON ((4031958.2157294047 3008959.0604690667, 4003091.1256675306 3008959.0604687324, 3988657.580637834 3033958.693799793, 4003091.125667989 3058958.3271320765, 4031958.2157298205 3058958.3271323945, 4046391.760760539 3033958.6938004475, 4031958.2157294047 3008959.0604690667))",1,0.4246200475513434,2164.999999997546,2,0.3160025956207251,frequency,1,-1,0.10861745193061834,0.10861745193061834
3445,"POLYGON ((4031958.2157298205 3058958.3271323945, 4003091.125667989 3058958.3271320765, 3988657.580638305 3083957.960462893, 4003091.125668431 3108957.593793921, 4031958.2157302224 3108957.593794228, 4046391.7607609276 3083957.9604635225, 4031958.2157298205 3058958.3271323945))",1,0.3558815484002672,2164.999999954256,2,0.3327104727205939,frequency,1,-1,0.023171075679673303,0.023171075679673303
3446,"POLYGON ((4031958.2157302224 3108957.593794228, 4003091.125668431 3108957.593793921, 3988657.5806387593 3133957.227124495, 4003091.1256688572 3158956.8604562706, 4031958.2157306094 3158956.8604565635, 4046391.7607613024 3133957.2271251003, 4031958.2157302224 3108957.593794228))",2,0.2178885226481467,2164.999999997546,2,0.2657796108267263,frequency,0,0,-0.047891088178579594,0.047891088178579594
3447,"POLYGON ((4031958.2157306094 3158956.8604565635, 4003091.1256688572 3158956.8604562706, 3988657.5806391956 3183956.4937866023, 4003091.1256692666 3208956.127117125, 4031958.215730981 3208956.127117414, 4046391.7607616624 3183956.493787184, 4031958.2157306094 3158956.8604565635))",2,0.4144715941336241,2164.999999954256,2,0.2883444690231769,frequency,0,0,0.1261271251104472,0.1261271251104472
3448,"POLYGON ((4031958.215730981 3208956.127117414, 4003091.1256692666 3208956.127117125, 3988657.5806396157 3233955.760448234, 4003091.1256696596 3258955.3937785216, 4031958.2157313377 3258955.39377879, 4046391.7607620084 3233955.7604487897, 4031958.215730981 3208956.127117414))",2,0.5430783323462205,2164.999999997546,2,0.2276270755196625,frequency,0,0,0.315451256826558,0.315451256826558
3449,"POLYGON ((4031958.2157313377 3258955.39377879, 4003091.1256696596 3258955.3937785216, 3988657.5806400175 3283955.027108395, 4003091.125670035 3308954.660438441, 4031958.215731679 3308954.660438701, 4046391.76076234 3283955.0271089296, 4031958.2157313377 3258955.39377879))",4,0.2811759195525901,2164.999999954256,12,0.2116883216116824,frequency,4,4,0.06948759794090767,0.06948759794090767
3517,"POLYGON ((4075258.8508159276 2283969.6937984875, 4046391.76075332 2283969.6937980675, 4031958.2157223 2308969.3271338968, 4046391.7607538616 2333968.960469041, 4075258.850816412 2333968.9604694517, 4089692.395847458 2308969.3271347135, 4075258.8508159276 2283969.6937984875))",3,0.3525298674507949,2165.0000000225523,2,0.2648733291161556,frequency,1,1,0.08765653833463932,0.08765653833463932
3518,"POLYGON ((4075258.850816412 2333968.9604694517, 4046391.7607538616 2333968.960469041, 4031958.2157228673 2358968.5938036223, 4046391.760754398 2383968.227138515, 4075258.8508168915 2383968.2271389104, 4089692.395847912 2358968.5938044246, 4075258.850816412 2333968.9604694517))",2,0.2140460211258594,2164.999999979261,2,0.2460044265771848,frequency,0,0,-0.03195840545132539,0.03195840545132539
3519,"POLYGON ((4075258.8508168915 2383968.2271389104, 4046391.760754398 2383968.227138515, 4031958.2157234284 2408967.8604738414, 4046391.7607549275 2433967.4938084655, 4075258.8508173656 2433967.49380886, 4089692.395848361 2408967.860474626, 4075258.8508168915 2383968.2271389104))",9,0.4095021957418804,2165.0000000225523,12,0.445898608823012,frequency,3,-3,-0.03639641308113162,0.03639641308113162
3520,"POLYGON ((4075258.8508173656 2433967.49380886, 4046391.7607549275 2433967.4938084655, 4031958.2157239825 2458967.1271425397, 4046391.7607554505 2483966.7604779024, 4075258.8508178336 2483966.7604782837, 4089692.3958488046 2458967.127143317, 4075258.8508173656 2433967.49380886))",12,0.3547946982761986,2165.0000000225523,12,0.3839953609741954,frequency,0,0,-0.029200662697996815,0.029200662697996815
3521,"POLYGON ((4075258.8508178336 2483966.7604782837, 4046391.7607554505 2483966.7604779024, 4031958.2157245288 2508966.3938117158, 4046391.7607559655 2533966.0271458114, 4075258.850818294 2533966.0271461806, 4089692.3958492414 2508966.393812474, 4075258.8508178336 2483966.7604782837))",12,0.2684117474076484,2164.999999979261,12,0.3054458684625526,frequency,0,0,-0.03703412105490422,0.03703412105490422
3522,"POLYGON ((4075258.850818294 2533966.0271461806, 4046391.7607559655 2533966.0271458114, 4031958.2157250666 2558965.6604793617, 4046391.7607564717 2583965.29381418, 4075258.850818747 2583965.2938145455, 4089692.3958496717 2558965.6604801067, 4075258.850818294 2533966.0271461806))",5,0.2859490641664571,2165.0000000225523,1,0.2690182284278475,frequency,4,4,0.016930835738609595,0.016930835738609595
3523,"POLYGON ((4075258.850818747 2583965.2938145455, 4046391.7607564717 2583965.29381418, 4031958.215725595 2608964.927147475, 4046391.760756969 2633964.560481021, 4075258.850819192 2633964.560481379, 4089692.395850094 2608964.927148194, 4075258.850818747 2583965.2938145455))",12,0.2192956889252252,2164.999999979261,2,0.2754487014268506,frequency,2,-2,-0.05615301250162538,0.05615301250162538
3524,"POLYGON ((4075258.850819192 2633964.560481379, 4046391.760756969 2633964.560481021, 4031958.215726113 2658964.1938140467, 4046391.760757456 2683963.827148319, 4075258.8508196278 2683963.827148668, 4089692.3958505085 2658964.193814752, 4075258.850819192 2633964.560481379))",11,0.2224800956336621,2165.0000000225523,2,0.2793067000146313,frequency,3,-3,-0.0568266043809692,0.0568266043809692
3525,"POLYGON ((4075258.8508196278 2683963.827148668, 4046391.760757456 2683963.827148319, 4031958.2157266205 2708963.4604810807, 4046391.7607579324 2733963.093814076, 4075258.850820054 2733963.0938144196, 4089692.395850914 2708963.4604817694, 4075258.8508196278 2683963.827148668))",2,0.278844835745196,2164.999999979261,1,0.3840228196041145,frequency,1,1,-0.10517798385891852,0.10517798385891852
3526,"POLYGON ((4075258.850820054 2733963.0938144196, 4046391.7607579324 2733963.093814076, 4031958.215727116 2758962.727146579, 4046391.7607583976 2783962.360480303, 4075258.85082047 2783962.3604806303, 4089692.3958513103 2758962.727147245, 4075258.850820054 2733963.0938144196))",2,0.3094338792405657,2165.0000000225523,12,0.2899326049594128,frequency,2,2,0.01950127428115289,0.01950127428115289
3527,"POLYGON ((4075258.85082047 2783962.3604806303, 4046391.7607583976 2783962.360480303, 4031958.2157276 2808961.9938125345, 4046391.760758851 2833961.627144987, 4075258.8508208757 2833961.627145304, 4089692.3958516973 2808961.9938131827, 4075258.85082047 2783962.3604806303))",12,0.2107893765159442,2164.999999979261,2,0.3349709616518444,frequency,2,-2,-0.12418158513590022,0.12418158513590022
3528,"POLYGON ((4075258.8508208757 2833961.627145304, 4046391.760758851 2833961.627144987, 4031958.2157280715 2858961.260477962, 4046391.7607592926 2883960.8938101367, 4075258.8508212706 2883960.8938104482, 4089692.395852074 2858961.260478592, 4075258.8508208757 2833961.627145304))",2,0.2079442122337037,2165.0000000225523,2,0.2552696097327803,frequency,0,0,-0.04732539749907658,0.04732539749907658
3529,"POLYGON ((4075258.8508212706 2883960.8938104482, 4046391.7607592926 2883960.8938101367, 4031958.2157285293 2908960.527141856, 4046391.7607597215 2933960.16047376, 4075258.8508216543 2933960.1604740634, 4089692.39585244 2908960.527142458, 4075258.8508212706 2883960.8938104482))",2,0.1927632277005998,2164.999999979261,2,0.2644556955285077,frequency,0,0,-0.07169246782790786,0.07169246782790786
3530,"POLYGON ((4075258.8508216543 2933960.1604740634, 4046391.7607597215 2933960.16047376, 4031958.215728974 2958959.7938062213, 4046391.760760137 2983959.4271378624, 4075258.850822026 2983959.4271381525, 4089692.3958527953 2958959.7938068057, 4075258.8508216543 2933960.1604740634))",2,0.497834923951414,2165.0000000225523,2,0.2640329821931245,frequency,0,0,0.2338019417582895,0.2338019417582895
3531,"POLYGON ((4075258.850822026 2983959.4271381525, 4046391.760760137 2983959.4271378624, 4031958.2157294047 3008959.0604690667, 4046391.760760539 3033958.6938004475, 4075258.8508223854 3033958.693800726, 4089692.3958531395 3008959.060469631, 4075258.850822026 2983959.4271381525))",2,0.3590654787145282,2164.999999979261,2,0.3203540783894035,frequency,0,0,0.03871140032512471,0.03871140032512471
3532,"POLYGON ((4075258.8508223854 3033958.693800726, 4046391.760760539 3033958.6938004475, 4031958.2157298205 3058958.3271323945, 4046391.7607609276 3083957.9604635225, 4075258.850822733 3083957.960463789, 4089692.3958534724 3058958.3271329463, 4075258.8508223854 3033958.693800726))",2,0.4221893750756897,2165.0000000225523,2,0.3021915453331685,frequency,0,0,0.11999782974252121,0.11999782974252121
3533,"POLYGON ((4075258.850822733 3083957.960463789, 4046391.7607609276 3083957.9604635225, 4031958.2157302224 3108957.593794228, 4046391.7607613024 3133957.2271251003, 4075258.850823068 3133957.2271253574, 4089692.3958537932 3108957.593794759, 4075258.850822733 3083957.960463789))",1,0.3226865402700485,2164.999999979261,2,0.2964850419271777,frequency,1,-1,0.026201498342870833,0.026201498342870833
3534,"POLYGON ((4075258.850823068 3133957.2271253574, 4046391.7607613024 3133957.2271251003, 4031958.2157306094 3158956.8604565635, 4046391.7607616624 3183956.493787184, 4075258.85082339 3183956.4937874307, 4089692.3958541024 3158956.8604570692, 4075258.850823068 3133957.2271253574))",1,0.3456260700281149,2165.0000000225523,2,0.2964850419271777,frequency,1,-1,0.049141028100937234,0.049141028100937234
3535,"POLYGON ((4075258.85082339 3183956.4937874307, 4046391.7607616624 3183956.493787184, 4031958.215730981 3208956.127117414, 4046391.7607620084 3233955.7604487897, 4075258.8508236995 3233955.7604490328, 4089692.3958543995 3208956.1271179034, 4075258.85082339 3183956.4937874307))",2,0.320137324477642,2165.0000000225523,2,0.2646314228834381,frequency,0,0,0.05550590159420388,0.05550590159420388
3536,"POLYGON ((4075258.8508236995 3233955.7604490328, 4046391.7607620084 3233955.7604487897, 4031958.2157313377 3258955.39377879, 4046391.76076234 3283955.0271089296, 4075258.850823995 3283955.027109153, 4089692.3958546845 3258955.393779257, 4075258.8508236995 3233955.7604490328))",2,0.5977227710954373,2164.999999979261,2,0.2648733291161556,frequency,0,0,0.3328494419792817,0.3328494419792817
3554,"POLYGON ((4075258.8508270853 4133942.560281855, 4046391.760765799 4133942.5602817712, 4031958.2157352027 4158942.193608797, 4046391.760765887 4183941.8269368634, 4075258.850827163 4183941.8269369444, 4089692.3958577663 4158942.1936089667, 4075258.8508270853 4133942.560281855))",11,0.346236361124571,2165.0000000225523,1,0.4622183294848316,frequency,2,-2,-0.11598196836026059,0.11598196836026059
3604,"POLYGON ((4118559.4859096296 2258970.0604638592, 4089692.395847 2258970.0604635114, 4075258.8508159276 2283969.6937984875, 4089692.395847458 2308969.3271347135, 4118559.4859100305 2308969.32713506, 4132993.0309411297 2283969.693799168, 4118559.4859096296 2258970.0604638592))",12,0.2221968134770638,2165.0000000225523,11,0.3011261628855884,frequency,1,1,-0.07892934940852461,0.07892934940852461
3605,"POLYGON ((4118559.4859100305 2308969.32713506, 4089692.395847458 2308969.3271347135, 4075258.850816412 2333968.9604694517, 4089692.395847912 2358968.5938044246, 4118559.4859104278 2358968.5938047646, 4132993.0309415003 2333968.9604701204, 4118559.4859100305 2308969.32713506))",1,0.2136719819187326,2164.999999979261,10,0.323693102451838,frequency,3,3,-0.11002112053310542,0.11002112053310542
3606,"POLYGON ((4118559.4859104278 2358968.5938047646, 4089692.395847912 2358968.5938044246, 4075258.8508168915 2383968.2271389104, 4089692.395848361 2408967.860474626, 4118559.4859108203 2408967.8604749525, 4132993.0309418673 2383968.2271395675, 4118559.4859104278 2358968.5938047646))",1,0.2426745471917172,2165.0000000225523,1,0.2947653924214065,frequency,0,0,-0.05209084522968929,0.05209084522968929
3607,"POLYGON ((4118559.4859108203 2408967.8604749525, 4089692.395848361 2408967.860474626, 4075258.8508173656 2433967.49380886, 4089692.3958488046 2458967.127143317, 4118559.4859112087 2458967.127143635, 4132993.03094223 2433967.4938095054, 4118559.4859108203 2408967.8604749525))",12,0.6485545981509699,2164.999999979261,1,0.2619413008480116,frequency,1,-1,0.38661329730295835,0.38661329730295835
3608,"POLYGON ((4118559.4859112087 2458967.127143635, 4089692.3958488046 2458967.127143317, 4075258.8508178336 2483966.7604782837, 4089692.3958492414 2508966.393812474, 4118559.485911591 2508966.3938127914, 4132993.0309425876 2483966.7604789184, 4118559.4859112087 2458967.127143635))",12,0.3157858499597536,2165.0000000225527,11,0.2191187743600263,frequency,1,1,0.09666707559972731,0.09666707559972731
3609,"POLYGON ((4118559.485911591 2508966.3938127914, 4089692.3958492414 2508966.393812474, 4075258.850818294 2533966.0271461806, 4089692.3958496717 2558965.6604801067, 4118559.485911967 2558965.6604804066, 4132993.03094294 2533966.0271468023, 4118559.485911591 2508966.3938127914))",12,0.2173598493425776,2164.999999979261,12,0.2948488707045641,frequency,0,0,-0.07748902136198652,0.07748902136198652
3610,"POLYGON ((4118559.485911967 2558965.6604804066, 4089692.3958496717 2558965.6604801067, 4075258.850818747 2583965.2938145455, 4089692.395850094 2608964.927148194, 4118559.485912337 2608964.927148494, 4132993.0309432866 2583965.293815155, 4118559.485911967 2558965.6604804066))",11,0.2048286324910373,2165.0000000225527,12,0.2774604102870883,frequency,1,-1,-0.07263177779605098,0.07263177779605098
3611,"POLYGON ((4118559.485912337 2608964.927148494, 4089692.395850094 2608964.927148194, 4075258.850819192 2633964.560481379, 4089692.3958505085 2658964.193814752, 4118559.4859126997 2658964.1938150413, 4132993.0309436265 2633964.5604819693, 4118559.485912337 2608964.927148494))",12,0.1632027489483679,2164.999999979261,2,0.3740392016279535,frequency,2,-2,-0.21083645267958562,0.21083645267958562
3612,"POLYGON ((4118559.4859126997 2658964.1938150413, 4089692.3958505085 2658964.193814752, 4075258.8508196278 2683963.827148668, 4089692.395850914 2708963.4604817694, 4118559.4859130546 2708963.4604820507, 4132993.03094396 2683963.827149244, 4118559.4859126997 2658964.1938150413))",1,0.3724300151916578,2165.0000000225527,2,0.3740392016279535,frequency,1,-1,-0.0016091864362957065,0.0016091864362957065
3613,"POLYGON ((4118559.4859130546 2708963.4604820507, 4089692.395850914 2708963.4604817694, 4075258.850820054 2733963.0938144196, 4089692.3958513103 2758962.727147245, 4118559.4859134015 2758962.727147515, 4132993.030944286 2733963.093814981, 4118559.4859130546 2708963.4604820507))",2,0.5253307860609672,2164.999999979241,1,0.2955331964968876,frequency,1,1,0.22979758956407959,0.22979758956407959
3614,"POLYGON ((4118559.4859134015 2758962.727147515, 4089692.3958513103 2758962.727147245, 4075258.85082047 2783962.3604806303, 4089692.3958516973 2808961.9938131827, 4118559.48591374 2808961.9938134537, 4132993.0309446044 2783962.360481182, 4118559.4859134015 2758962.727147515))",2,0.5464672102086867,2165.0000000225723,12,0.290251367592364,frequency,2,2,0.25621584261632274,0.25621584261632274
3615,"POLYGON ((4118559.48591374 2808961.9938134537, 4089692.3958516973 2808961.9938131827, 4075258.8508208757 2833961.627145304, 4089692.395852074 2858961.260478592, 4118559.4859140697 2858961.26047885, 4132993.030944914 2833961.627145841, 4118559.48591374 2808961.9938134537))",2,0.3849594599112942,2165.0000000225523,2,0.2537294010011295,frequency,0,0,0.1312300589101647,0.1312300589101647
3616,"POLYGON ((4118559.4859140697 2858961.26047885, 4089692.395852074 2858961.260478592, 4075258.8508212706 2883960.8938104482, 4089692.39585244 2908960.527142458, 4118559.4859143896 2908960.527142715, 4132993.030945216 2883960.8938109623, 4118559.4859140697 2858961.26047885))",2,0.2598179266598947,2164.999999979261,2,0.2554625162616349,frequency,0,0,0.004355410398259818,0.004355410398259818
3617,"POLYGON ((4118559.4859143896 2908960.527142715, 4089692.39585244 2908960.527142458, 4075258.8508216543 2933960.1604740634, 4089692.3958527953 2958959.7938068057, 4118559.4859147007 2958959.7938070516, 4132993.030945509 2933960.1604745565, 4118559.4859143896 2908960.527142715))",2,0.2175335162977842,2165.0000000225523,2,0.2741154994059865,frequency,0,0,-0.05658198310820231,0.05658198310820231
3618,"POLYGON ((4118559.4859147007 2958959.7938070516, 4089692.3958527953 2958959.7938068057, 4075258.850822026 2983959.4271381525, 4089692.3958531395 3008959.060469631, 4118559.4859150015 3008959.060469869, 4132993.0309457933 2983959.4271386308, 4118559.4859147007 2958959.7938070516))",2,0.3510049247060213,2164.999999979261,2,0.2880444956683936,frequency,0,0,0.06296042903762772,0.06296042903762772
3619,"POLYGON ((4118559.4859150015 3008959.060469869, 4089692.3958531395 3008959.060469631, 4075258.8508223854 3033958.693800726, 4089692.3958534724 3058958.3271329463, 4118559.4859152925 3058958.327133175, 4132993.030946068 3033958.6938011926, 4118559.4859150015 3008959.060469869))",12,0.5612191903145497,2165.0000000225523,2,0.3160025956207251,frequency,2,-2,0.24521659469382462,0.24521659469382462
3620,"POLYGON ((4118559.4859152925 3058958.327133175, 4089692.3958534724 3058958.3271329463, 4075258.850822733 3083957.960463789, 4089692.3958537932 3108957.593794759, 4118559.4859155733 3108957.5937949726, 4132993.0309463334 3083957.9604642405, 4118559.4859152925 3058958.327133175))",2,0.3874030443457157,2164.999999979261,2,0.2959538375973304,frequency,0,0,0.0914492067483853,0.0914492067483853
3621,"POLYGON ((4118559.4859155733 3108957.5937949726, 4089692.3958537932 3108957.593794759, 4075258.850823068 3133957.2271253574, 4089692.3958541024 3158956.8604570692, 4118559.485915844 3158956.8604572816, 4132993.0309465895 3133957.227125787, 4118559.4859155733 3108957.5937949726))",1,0.3748576408132006,2165.0000000225523,2,0.2789690008230798,frequency,1,-1,0.09588863999012082,0.09588863999012082
3622,"POLYGON ((4118559.485915844 3158956.8604572816, 4089692.3958541024 3158956.8604570692, 4075258.85082339 3183956.4937874307, 4089692.3958543995 3208956.1271179034, 4118559.4859161037 3208956.127118103, 4132993.0309468354 3183956.493787844, 4118559.485915844 3158956.8604572816))",1,0.4242689283170336,2164.999999979261,2,0.2643899581087557,frequency,1,-1,0.1598789702082779,0.1598789702082779
3623,"POLYGON ((4118559.4859161037 3208956.127118103, 4089692.3958543995 3208956.1271179034, 4075258.8508236995 3233955.7604490328, 4089692.3958546845 3258955.393779257, 4118559.485916353 3258955.393779454, 4132993.0309470715 3233955.7604494225, 4118559.4859161037 3208956.127118103))",2,0.4187303108326834,2165.0000000225527,2,0.2302511127181152,frequency,0,0,0.18847919811456823,0.18847919811456823
3624,"POLYGON ((4118559.485916353 3258955.393779454, 4089692.3958546845 3258955.393779257, 4075258.850823995 3283955.027109153, 4089692.395854957 3308954.6604391495, 4118559.485916591 3308954.660439335, 4132993.030947298 3283955.027109539, 4118559.485916353 3258955.393779454))",1,0.2543281063589371,2164.999999979261,2,0.2447383928443101,frequency,1,-1,0.009589713514627007,0.009589713514627007
3625,"POLYGON ((4118559.485916591 3308954.660439335, 4089692.395854957 3308954.6604391495, 4075258.8508242783 3333954.293769827, 4089692.3958552172 3358953.927099596, 4118559.4859168185 3358953.927099768, 4132993.030947514 3333954.293770189, 4118559.485916591 3308954.660439335))",1,0.4782365836087699,2165.0000000225527,12,0.2641048629631731,frequency,1,1,0.21413172064559682,0.21413172064559682
3637,"POLYGON ((4118559.4859186187 3908945.860333804, 4089692.395857277 3908945.860333709, 4075258.850826669 3933945.493661259, 4089692.3958573947 3958945.1269888505, 4118559.485918722 3958945.1269889483, 4132993.030949338 3933945.4936614456, 4118559.4859186187 3908945.860333804))",12,0.4520477792005771,2164.999999979261,12,0.4210829791879526,frequency,0,0,0.03096480001262447,0.03096480001262447
3638,"POLYGON ((4118559.485918722 3958945.1269889483, 4089692.3958573947 3958945.1269888505, 4075258.850826789 3983944.7603172697, 4089692.3958575027 4008944.3936447334, 4118559.4859188152 4008944.393644813, 4132993.0309494296 3983944.7603174504, 4118559.485918722 3958945.1269889483))",11,0.2598356786427144,2165.0000000225527,12,0.4383053890481568,frequency,1,-1,-0.1784697104054424,0.1784697104054424
3639,"POLYGON ((4118559.4859188152 4008944.393644813, 4089692.3958575027 4008944.3936447334, 4075258.850826898 4033944.026972031, 4089692.3958576 4058943.660299369, 4118559.485918901 4058943.6602994474, 4132993.0309495125 4033944.0269722017, 4118559.4859188152 4008944.393644813))",9,0.3525654925314213,2164.999999979241,1,0.3296445315475654,frequency,4,-4,0.022920960983855876,0.022920960983855876
3640,"POLYGON ((4118559.485918901 4058943.6602994474, 4089692.3958576 4058943.660299369, 4075258.850826997 4083943.293627558, 4089692.395857688 4108942.9269547793, 4118559.4859189778 4108942.926954856, 4132993.030949587 4083943.2936277064, 4118559.485918901 4058943.6602994474))",1,0.5747537769956214,2165.0000000225723,1,0.4442074143752205,frequency,0,0,0.13054636262040087,0.13054636262040087
3641,"POLYGON ((4118559.4859189778 4108942.926954856, 4089692.395857688 4108942.9269547793, 4075258.8508270853 4133942.560281855, 4089692.3958577663 4158942.1936089667, 4118559.4859190453 4158942.193609028, 4132993.0309496545 4133942.5602820013, 4118559.4859189778 4108942.926954856))",1,0.4061238352439867,2164.999999979241,1,0.461927929111911,frequency,0,0,-0.05580409386792429,0.05580409386792429
3642,"POLYGON ((4118559.4859190453 4158942.193609028, 4089692.3958577663 4158942.1936089667, 4075258.850827163 4183941.8269369444, 4089692.395857835 4208941.460263953, 4118559.485919106 4208941.460264015, 4132993.030949714 4183941.826937076, 4118559.4859190453 4158942.193609028))",1,0.415457188402454,2165.0000000225723,1,0.4340487692787465,frequency,0,0,-0.018591580876292535,0.018591580876292535
3643,"POLYGON ((4118559.485919106 4208941.460264015, 4089692.395857835 4208941.460263953, 4075258.850827232 4233941.093590836, 4089692.395857895 4258940.726917746, 4118559.4859191575 4258940.726917799, 4132993.0309497663 4233941.093590964, 4118559.485919106 4208941.460264015))",1,0.325548772774062,2164.999999979241,1,0.2930737296444253,frequency,0,0,0.03247504312963673,0.03247504312963673
3644,"POLYGON ((4118559.4859191575 4258940.726917799, 4089692.395857895 4258940.726917746, 4075258.8508272916 4283940.360245551, 4089692.3958579465 4308939.9935723655, 4118559.485919203 4308939.993572424, 4132993.030949811 4283940.360245661, 4118559.4859191575 4258940.726917799))",1,0.6334289578270635,2165.0000000225527,1,0.3527418806230951,frequency,0,0,0.28068707720396846,0.28068707720396846
3645,"POLYGON ((4118559.485919203 4308939.993572424, 4089692.3958579465 4308939.9935723655, 4075258.8508273424 4333939.626899088, 4089692.39585799 4358939.260226818, 4118559.4859192413 4358939.26022688, 4132993.030949849 4333939.626899188, 4118559.485919203 4308939.993572424))",1,0.3639580759114952,2165.0000000225523,1,0.4009866085079821,frequency,0,0,-0.03702853259648692,0.03702853259648692
3693,"POLYGON ((4161860.121004039 2333968.960470391, 4132993.0309415003 2333968.9604701204, 4118559.4859104278 2358968.5938047646, 4132993.0309418673 2383968.2271395675, 4161860.1210043496 2383968.2271398357, 4176293.666035449 2358968.593805297, 4161860.121004039 2333968.960470391))",4,0.4520944575176917,2164.999999979261,10,0.231551988155542,frequency,6,-6,0.22054246936214966,0.22054246936214966
3694,"POLYGON ((4161860.1210043496 2383968.2271398357, 4132993.0309418673 2383968.2271395675, 4118559.4859108203 2408967.8604749525, 4132993.03094223 2433967.4938095054, 4161860.121004657 2433967.493809767, 4176293.6660357304 2408967.8604754824, 4161860.1210043496 2383968.2271398357))",10,0.3198449271257079,2165.0000000225523,3,0.244432010364201,frequency,5,-5,0.07541291676150688,0.07541291676150688
3695,"POLYGON ((4161860.121004657 2433967.493809767, 4132993.03094223 2433967.4938095054, 4118559.4859112087 2458967.127143635, 4132993.0309425876 2483966.7604789184, 4161860.1210049596 2483966.760479176, 4176293.6660360075 2458967.1271441495, 4161860.121004657 2433967.493809767))",12,0.3007366676484972,2165.0000000225523,2,0.1598900263103038,frequency,2,-2,0.1408466413381934,0.1408466413381934
3696,"POLYGON ((4161860.1210049596 2483966.760479176, 4132993.0309425876 2483966.7604789184, 4118559.485911591 2508966.3938127914, 4132993.03094294 2533966.0271468023, 4161860.1210052576 2533966.0271470533, 4176293.666036281 2508966.393813289, 4161860.1210049596 2483966.760479176))",12,0.1925852862258135,2164.999999979261,1,0.4378735875522461,frequency,1,-1,-0.2452883013264326,0.2452883013264326
3697,"POLYGON ((4161860.1210052576 2533966.0271470533, 4132993.03094294 2533966.0271468023, 4118559.485911967 2558965.6604804066, 4132993.0309432866 2583965.293815155, 4161860.121005551 2583965.293815398, 4176293.66603655 2558965.660480902, 4161860.1210052576 2533966.0271470533))",1,0.2383165176776213,2165.0000000225523,1,0.3431038017120808,frequency,0,0,-0.10478728403445953,0.10478728403445953
3698,"POLYGON ((4161860.121005551 2583965.293815398, 4132993.0309432866 2583965.293815155, 4118559.485912337 2608964.927148494, 4132993.0309436265 2633964.5604819693, 4161860.1210058387 2633964.5604822095, 4176293.666036814 2608964.9271489754, 4161860.121005551 2583965.293815398))",10,0.3262918144362993,2164.999999979261,12,0.3222222529914624,frequency,2,-2,0.004069561444836889,0.004069561444836889
3699,"POLYGON ((4161860.1210058387 2633964.5604822095, 4132993.0309436265 2633964.5604819693, 4118559.4859126997 2658964.1938150413, 4132993.03094396 2683963.827149244, 4161860.121006121 2683963.827149482, 4176293.666037073 2658964.193815511, 4161860.1210058387 2633964.5604822095))",12,0.3003230404255427,2165.0000000225523,2,0.301219880370587,frequency,2,-2,-0.0008968399450443032,0.0008968399450443032
3700,"POLYGON ((4161860.121006121 2683963.827149482, 4132993.03094396 2683963.827149244, 4118559.4859130546 2708963.4604820507, 4132993.030944286 2733963.093814981, 4161860.1210063966 2733963.093815207, 4176293.6660373267 2708963.4604825117, 4161860.121006121 2683963.827149482))",4,0.22695018847373,2164.999999979261,2,0.2641377338364036,frequency,2,2,-0.0371875453626736,0.0371875453626736
3701,"POLYGON ((4161860.1210063966 2733963.093815207, 4132993.030944286 2733963.093814981, 4118559.4859134015 2758962.727147515, 4132993.0309446044 2783962.360481182, 4161860.121006666 2783962.360481398, 4176293.6660375744 2758962.727147963, 4161860.1210063966 2733963.093815207))",1,0.2608748668337054,2165.0000000225523,1,0.2969283531925989,frequency,0,0,-0.036053486358893494,0.036053486358893494
3702,"POLYGON ((4161860.121006666 2783962.360481398, 4132993.0309446044 2783962.360481182, 4118559.48591374 2808961.9938134537, 4132993.030944914 2833961.627145841, 4161860.1210069284 2833961.627146048, 4176293.666037816 2808961.9938138863, 4161860.121006666 2783962.360481398))",2,0.7490515074389741,2164.999999979261,2,0.3319481582803468,frequency,0,0,0.4171033491586273,0.4171033491586273
3703,"POLYGON ((4161860.1210069284 2833961.627146048, 4132993.030944914 2833961.627145841, 4118559.4859140697 2858961.26047885, 4132993.030945216 2883960.8938109623, 4161860.1210071836 2883960.89381117, 4176293.6660380512 2858961.260479265, 4161860.1210069284 2833961.627146048))",2,0.3570851424068577,2165.0000000225523,2,0.2534970977649043,frequency,0,0,0.10358804464195337,0.10358804464195337
3704,"POLYGON ((4161860.1210071836 2883960.89381117, 4132993.030945216 2883960.8938109623, 4118559.4859143896 2908960.527142715, 4132993.030945509 2933960.1604745565, 4161860.1210074318 2933960.160474763, 4176293.6660382804 2908960.527143121, 4161860.1210071836 2883960.89381117))",2,0.257900550166999,2164.999999979261,2,0.3121881819319348,frequency,0,0,-0.05428763176493584,0.05428763176493584
3705,"POLYGON ((4161860.1210074318 2933960.160474763, 4132993.030945509 2933960.1604745565, 4118559.4859147007 2958959.7938070516, 4132993.0309457933 2983959.4271386308, 4161860.121007672 2983959.4271388273, 4176293.6660385025 2958959.793807443, 4161860.1210074318 2933960.160474763))",12,0.2290634420539699,2165.0000000225523,2,0.3121881819319348,frequency,2,-2,-0.08312473987796493,0.08312473987796493
3706,"POLYGON ((4161860.121007672 2983959.4271388273, 4132993.0309457933 2983959.4271386308, 4118559.4859150015 3008959.060469869, 4132993.030946068 3033958.6938011926, 4161860.1210079044 3033958.693801377, 4176293.6660387176 3008959.0604702495, 4161860.121007672 2983959.4271388273))",1,0.4758520163254244,2164.999999979261,2,0.2754487014268506,frequency,1,-1,0.20040331489857383,0.20040331489857383
3707,"POLYGON ((4161860.1210079044 3033958.693801377, 4132993.030946068 3033958.6938011926, 4118559.4859152925 3058958.327133175, 4132993.0309463334 3083957.9604642405, 4161860.1210081293 3083957.960464415, 4176293.6660389253 3058958.3271335424, 4161860.1210079044 3033958.693801377))",1,0.4136560733438938,2165.0000000225523,2,0.3513332838149001,frequency,1,-1,0.06232278952899373,0.06232278952899373
3708,"POLYGON ((4161860.1210081293 3083957.960464415, 4132993.0309463334 3083957.9604642405, 4118559.4859155733 3108957.5937949726, 4132993.0309465895 3133957.227125787, 4161860.1210083454 3133957.227125954, 4176293.666039126 3108957.5937953284, 4161860.1210081293 3083957.960464415))",1,0.3699820643196716,2164.999999979261,2,0.254174544730819,frequency,1,-1,0.1158075195888526,0.1158075195888526
3709,"POLYGON ((4161860.1210083454 3133957.227125954, 4132993.0309465895 3133957.227125787, 4118559.485915844 3158956.8604572816, 4132993.0309468354 3183956.493787844, 4161860.121008554 3183956.493788013, 4176293.666039319 3158956.8604576183, 4161860.1210083454 3133957.227125954))",1,0.423129522733244,2165.0000000225523,2,0.2643787379129171,frequency,1,-1,0.1587507848203269,0.1587507848203269
3710,"POLYGON ((4161860.121008554 3183956.493788013, 4132993.0309468354 3183956.493787844, 4118559.4859161037 3208956.127118103, 4132993.0309470715 3233955.7604494225, 4161860.1210087533 3233955.760449578, 4176293.666039504 3208956.1271184245, 4161860.121008554 3183956.493788013))",2,0.4714931935161276,2165.0000000225523,2,0.2539517777966685,frequency,0,0,0.21754141571945912,0.21754141571945912
3711,"POLYGON ((4161860.1210087533 3233955.760449578, 4132993.0309470715 3233955.7604494225, 4118559.485916353 3258955.393779454, 4132993.030947298 3283955.027109539, 4161860.1210089447 3283955.0271096844, 4176293.666039682 3258955.393779757, 4161860.1210087533 3233955.760449578))",1,0.3845119555324477,2164.999999979261,2,0.2311532958485259,frequency,1,-1,0.15335865968392182,0.15335865968392182
3712,"POLYGON ((4161860.1210089447 3283955.0271096844, 4132993.030947298 3283955.027109539, 4118559.485916591 3308954.660439335, 4132993.030947514 3333954.293770189, 4161860.121009128 3333954.293770335, 4176293.666039852 3308954.660439628, 4161860.1210089447 3283955.0271096844))",1,0.3163968472990313,2165.0000000225523,2,0.2307013222648724,frequency,1,-1,0.08569552503415889,0.08569552503415889
3724,"POLYGON ((4161860.1210105857 3883946.2270052573, 4132993.0309492378 3883946.2270051762, 4118559.4859186187 3908945.860333804, 4132993.030949338 3933945.4936614456, 4161860.12101067 3933945.493661524, 4176293.6660412983 3908945.860333956, 4161860.1210105857 3883946.2270052573))",11,0.2499445195790937,2165.0000000225523,1,0.2701737816610344,frequency,2,-2,-0.020229262081940702,0.020229262081940702
3725,"POLYGON ((4161860.12101067 3933945.493661524, 4132993.030949338 3933945.4936614456, 4118559.485918722 3958945.1269889483, 4132993.0309494296 3983944.7603174504, 4161860.1210107473 3983944.760317516, 4176293.666041372 3958945.1269890876, 4161860.12101067 3933945.493661524))",1,0.5458586972531896,2165.0000000225523,1,0.3850772969805813,frequency,0,0,0.1607814002726083,0.1607814002726083
3726,"POLYGON ((4161860.1210107473 3983944.760317516, 4132993.0309494296 3983944.7603174504, 4118559.4859188152 4008944.393644813, 4132993.0309495125 4033944.0269722017, 4161860.1210108176 4033944.0269722645, 4176293.666041439 4008944.3936449536, 4161860.1210107473 3983944.760317516))",1,0.4953457094130578,2164.999999979261,1,0.3322973691816023,frequency,0,0,0.16304834023145548,0.16304834023145548
3727,"POLYGON ((4161860.1210108176 4033944.0269722645, 4132993.0309495125 4033944.0269722017, 4118559.485918901 4058943.6602994474, 4132993.030949587 4083943.2936277064, 4161860.121010881 4083943.2936277697, 4176293.6660414995 4058943.6602995754, 4161860.1210108176 4033944.0269722645))",1,0.4818928327457645,2165.0000000225523,1,0.4366314564602931,frequency,0,0,0.04526137628547139,0.04526137628547139
3728,"POLYGON ((4161860.121010881 4083943.2936277697, 4132993.030949587 4083943.2936277064, 4118559.4859189778 4108942.926954856, 4132993.0309496545 4133942.5602820013, 4161860.1210109373 4133942.560282051, 4176293.6660415535 4108942.926954962, 4161860.121010881 4083943.2936277697))",2,0.3431310457351566,2164.999999979261,1,0.4454419889502762,frequency,1,1,-0.10231094321511958,0.10231094321511958
3729,"POLYGON ((4161860.1210109373 4133942.560282051, 4132993.0309496545 4133942.5602820013, 4118559.4859190453 4158942.193609028, 4132993.030949714 4183941.826937076, 4161860.1210109876 4183941.826937129, 4176293.666041602 4158942.1936091343, 4161860.1210109373 4133942.560282051))",12,0.2594550802451132,2165.0000000225523,1,0.3512309796924875,frequency,1,-1,-0.0917758994473743,0.0917758994473743
3730,"POLYGON ((4161860.1210109876 4183941.826937129, 4132993.030949714 4183941.826937076, 4118559.485919106 4208941.460264015, 4132993.0309497663 4233941.093590964, 4161860.1210110313 4233941.093591002, 4176293.6660416448 4208941.460264105, 4161860.1210109876 4183941.826937129))",12,0.5082070583653985,2164.9999999792817,1,0.3512309796924874,frequency,1,-1,0.15697607867291108,0.15697607867291108
3731,"POLYGON ((4161860.1210110313 4233941.093591002, 4132993.0309497663 4233941.093590964, 4118559.4859191575 4258940.726917799, 4132993.030949811 4283940.360245661, 4161860.1210110695 4283940.360245702, 4176293.666041682 4258940.7269178955, 4161860.1210110313 4233941.093591002))",1,0.4325268732535,2165.0000000225527,1,0.4132745870640131,frequency,0,0,0.019252286189486878,0.019252286189486878
3732,"POLYGON ((4161860.1210110695 4283940.360245702, 4132993.030949811 4283940.360245661, 4118559.485919203 4308939.993572424, 4132993.030949849 4333939.626899188, 4161860.1210111016 4333939.626899234, 4176293.666041714 4308939.993572507, 4161860.1210110695 4283940.360245702))",1,0.3135151742977718,2164.999999979241,1,0.4305581309104394,frequency,0,0,-0.11704295661266756,0.11704295661266756
3733,"POLYGON ((4161860.1210111016 4333939.626899234, 4132993.030949849 4333939.626899188, 4118559.4859192413 4358939.26022688, 4132993.0309498813 4383938.89355357, 4161860.1210111286 4383938.893553603, 4176293.6660417407 4358939.260226951, 4161860.1210111016 4333939.626899234))",10,0.2685122195519558,2165.0000000225527,1,0.4173316654445068,frequency,3,-3,-0.14881944589255097,0.14881944589255097
3781,"POLYGON ((4205160.756097956 2358968.5938054933, 4176293.666035449 2358968.593805297, 4161860.1210043496 2383968.2271398357, 4176293.6660357304 2408967.8604754824, 4205160.756098181 2408967.860475681, 4219594.301129307 2383968.227140234, 4205160.756097956 2358968.5938054933))",4,0.2795997084946795,2165.0000000225414,10,0.1942467435962767,frequency,6,-6,0.08535296489840283,0.08535296489840283
3782,"POLYGON ((4205160.756098181 2408967.860475681, 4176293.6660357304 2408967.8604754824, 4161860.121004657 2433967.493809767, 4176293.6660360075 2458967.1271441495, 4205160.756098403 2458967.127144344, 4219594.301129502 2433967.4938101573, 4205160.756098181 2408967.860475681))",3,0.2259752808380975,2164.9999999792503,10,0.2445608138995993,frequency,5,5,-0.01858553306150179,0.01858553306150179
3783,"POLYGON ((4205160.756098403 2458967.127144344, 4176293.6660360075 2458967.1271441495, 4161860.1210049596 2483966.760479176, 4176293.666036281 2508966.393813289, 4205160.7560986215 2508966.3938134783, 4219594.301129695 2483966.7604795564, 4205160.756098403 2458967.127144344))",1,0.1616532214097915,2165.000000022541,3,0.2948801205288723,frequency,2,-2,-0.1332268991190808,0.1332268991190808
3784,"POLYGON ((4205160.7560986215 2508966.3938134783, 4176293.666036281 2508966.393813289, 4161860.1210052576 2533966.0271470533, 4176293.66603655 2558965.660480902, 4205160.756098837 2558965.6604810865, 4219594.301129885 2533966.0271474263, 4205160.7560986215 2508966.3938134783))",12,0.6032999417394229,2164.9999999792503,11,0.2270056464788328,frequency,1,1,0.3762942952605901,0.3762942952605901
3785,"POLYGON ((4205160.756098837 2558965.6604810865, 4176293.66603655 2558965.660480902, 4161860.121005551 2583965.293815398, 4176293.666036814 2608964.9271489754, 4205160.756099048 2608964.927149159, 4219594.301130072 2583965.2938157683, 4205160.756098837 2558965.6604810865))",1,0.2488060317724356,2165.000000022541,9,0.203315841442195,frequency,4,4,0.0454901903302406,0.0454901903302406
3786,"POLYGON ((4205160.756099048 2608964.927149159, 4176293.666036814 2608964.9271489754, 4161860.1210058387 2633964.5604822095, 4176293.666037073 2658964.193815511, 4205160.756099256 2658964.193815688, 4219594.301130256 2633964.5604825653, 4205160.756099048 2608964.927149159))",1,0.3042795741924403,2164.9999999792503,1,0.2757293525338879,frequency,0,0,0.028550221658552366,0.028550221658552366
3787,"POLYGON ((4205160.756099256 2658964.193815688, 4176293.666037073 2658964.193815511, 4161860.121006121 2683963.827149482, 4176293.6660373267 2708963.4604825117, 4205160.756099459 2708963.4604826826, 4219594.301130435 2683963.8271498224, 4205160.756099256 2658964.193815688))",2,0.3169675152943943,2165.000000022541,1,0.2373217506797929,frequency,1,1,0.07964576461460143,0.07964576461460143
3788,"POLYGON ((4205160.756099459 2708963.4604826826, 4176293.6660373267 2708963.4604825117, 4161860.1210063966 2733963.093815207, 4176293.6660375744 2758962.727147963, 4205160.756099657 2758962.727148131, 4219594.3011306105 2733963.093815545, 4205160.756099459 2708963.4604826826))",2,0.424333077398244,2164.9999999792303,1,0.2577197908398781,frequency,1,1,0.16661328655836588,0.16661328655836588
3789,"POLYGON ((4205160.756099657 2758962.727148131, 4176293.6660375744 2758962.727147963, 4161860.121006666 2783962.360481398, 4176293.666037816 2808961.9938138863, 4205160.756099851 2808961.9938140484, 4219594.301130783 2783962.3604817246, 4205160.756099657 2758962.727148131))",2,0.2482355615458843,2165.000000022561,1,0.2587306159942167,frequency,1,1,-0.010495054448332403,0.010495054448332403
3790,"POLYGON ((4205160.756099851 2808961.9938140484, 4176293.666037816 2808961.9938138863, 4161860.1210069284 2833961.627146048, 4176293.6660380512 2858961.260479265, 4205160.756100039 2858961.2604794186, 4219594.3011309495 2833961.627146369, 4205160.756099851 2808961.9938140484))",12,0.1819356476416877,2165.0000000225414,2,0.2410657859865859,frequency,2,-2,-0.05913013834489819,0.05913013834489819
3791,"POLYGON ((4205160.756100039 2858961.2604794186, 4176293.6660380512 2858961.260479265, 4161860.1210071836 2883960.89381117, 4176293.6660382804 2908960.527143121, 4205160.756100222 2908960.5271432647, 4219594.3011311125 2883960.893811474, 4205160.756100039 2858961.2604794186))",2,0.4021467116482363,2164.9999999792503,2,0.2351849242982987,frequency,0,0,0.16696178734993758,0.16696178734993758
3792,"POLYGON ((4205160.756100222 2908960.5271432647, 4176293.6660382804 2908960.527143121, 4161860.1210074318 2933960.160474763, 4176293.6660385025 2958959.793807443, 4205160.756100399 2958959.7938075834, 4219594.30113127 2933960.160475058, 4205160.756100222 2908960.5271432647))",2,0.2525373322315639,2165.0000000225414,2,0.2832713616826503,frequency,0,0,-0.030734029451086442,0.030734029451086442
3793,"POLYGON ((4205160.756100399 2958959.7938075834, 4176293.6660385025 2958959.793807443, 4161860.121007672 2983959.4271388273, 4176293.6660387176 3008959.0604702495, 4205160.756100572 3008959.0604703897, 4219594.301131424 2983959.4271391113, 4205160.756100399 2958959.7938075834))",2,0.2551612539689318,2164.9999999792503,2,0.2636570414607975,frequency,0,0,-0.008495787491865692,0.008495787491865692
3794,"POLYGON ((4205160.756100572 3008959.0604703897, 4176293.6660387176 3008959.0604702495, 4161860.1210079044 3033958.693801377, 4176293.6660389253 3058958.3271335424, 4205160.7561007375 3058958.327133673, 4219594.301131572 3033958.693801654, 4205160.756100572 3008959.0604703897))",2,0.3855411191396674,2165.0000000225414,2,0.2962252381437586,frequency,0,0,0.08931588099590876,0.08931588099590876
3795,"POLYGON ((4205160.7561007375 3058958.327133673, 4176293.6660389253 3058958.3271335424, 4161860.1210081293 3083957.960464415, 4176293.666039126 3108957.5937953284, 4205160.756100899 3108957.5937954597, 4219594.301131714 3083957.9604646815, 4205160.7561007375 3058958.327133673))",1,0.5393266203757812,2164.9999999792503,2,0.3132123348050034,frequency,1,-1,0.22611428557077778,0.22611428557077778
3796,"POLYGON ((4205160.756100899 3108957.5937954597, 4176293.666039126 3108957.5937953284, 4161860.1210083454 3133957.227125954, 4176293.666039319 3158956.8604576183, 4205160.756101053 3158956.8604577463, 4219594.301131852 3133957.2271262147, 4205160.756100899 3108957.5937954597))",1,0.4548353646038412,2165.0000000225414,2,0.3504143524187192,frequency,1,-1,0.10442101218512201,0.10442101218512201
3797,"POLYGON ((4205160.756101053 3158956.8604577463, 4176293.666039319 3158956.8604576183, 4161860.121008554 3183956.493788013, 4176293.666039504 3208956.1271184245, 4205160.756101201 3208956.127118548, 4219594.301131984 3183956.493788257, 4205160.756101053 3158956.8604577463))",1,0.2808316104649445,2164.9999999792503,2,0.3005804019036053,frequency,1,-1,-0.019748791438660818,0.019748791438660818
3798,"POLYGON ((4205160.756101201 3208956.127118548, 4176293.666039504 3208956.1271184245, 4161860.1210087533 3233955.760449578, 4176293.666039682 3258955.393779757, 4205160.756101344 3258955.3937798752, 4219594.301132112 3233955.7604498253, 4205160.756101201 3208956.127118548))",2,0.3167053649534957,2165.000000022541,2,0.2751749470351251,frequency,0,0,0.04153041791837064,0.04153041791837064
3799,"POLYGON ((4205160.756101344 3258955.3937798752, 4176293.666039682 3258955.393779757, 4161860.1210089447 3283955.0271096844, 4176293.666039852 3308954.660439628, 4205160.75610148 3308954.660439746, 4219594.301132234 3283955.0271099135, 4205160.756101344 3258955.3937798752))",2,0.2917212526472325,2164.9999999792503,12,0.2239851700635094,frequency,2,2,0.06773608258372307,0.06773608258372307
3800,"POLYGON ((4205160.75610148 3308954.660439746, 4176293.666039852 3308954.660439628, 4161860.121009128 3333954.293770335, 4176293.6660400145 3358953.927100057, 4205160.756101609 3358953.927100161, 4219594.30113235 3333954.2937705587, 4205160.75610148 3308954.660439746))",1,0.3723721949687096,2165.000000022541,2,0.2307013222648724,frequency,1,-1,0.14167087270383721,0.14167087270383721
3801,"POLYGON ((4205160.756101609 3358953.927100161, 4176293.6660400145 3358953.927100057, 4161860.1210093023 3383953.560429542, 4176293.666040169 3408953.1937590414, 4205160.756101733 3408953.193759144, 4219594.301132461 3383953.56042975, 4205160.756101609 3358953.927100161))",1,0.4077735838635395,2164.9999999792303,1,0.1909287945217743,frequency,0,0,0.2168447893417652,0.2168447893417652
3811,"POLYGON ((4205160.756102572 3858946.593677614, 4176293.666041218 3858946.593677559, 4161860.1210105857 3883946.2270052573, 4176293.6660412983 3908945.860333956, 4205160.756102636 3908945.8603340145, 4219594.301133277 3883946.2270053793, 4205160.756102572 3858946.593677614))",1,0.3109781873833819,2165.0000000225414,1,0.3016210614702034,frequency,0,0,0.009357125913178499,0.009357125913178499
3812,"POLYGON ((4205160.756102636 3908945.8603340145, 4176293.6660412983 3908945.860333956, 4161860.12101067 3933945.493661524, 4176293.666041372 3958945.1269890876, 4205160.756102695 3958945.126989134, 4219594.301133331 3933945.493661633, 4205160.756102636 3908945.8603340145))",1,0.2842130125843898,2164.9999999792503,1,0.3477520058461185,frequency,0,0,-0.06353899326172868,0.06353899326172868
3813,"POLYGON ((4205160.756102695 3958945.126989134, 4176293.666041372 3958945.1269890876, 4161860.1210107473 3983944.760317516, 4176293.666041439 4008944.3936449536, 4205160.756102748 4008944.3936450025, 4219594.30113338 3983944.7603176245, 4205160.756102695 3958945.126989134))",1,0.4592080119937915,2165.000000022541,1,0.3128388742769039,frequency,0,0,0.14636913771688764,0.14636913771688764
3814,"POLYGON ((4205160.756102748 4008944.3936450025, 4176293.666041439 4008944.3936449536, 4161860.1210108176 4033944.0269722645, 4176293.6660414995 4058943.6602995754, 4205160.756102797 4058943.6602996197, 4219594.301133425 4033944.0269723637, 4205160.756102748 4008944.3936450025))",1,0.5842497932869566,2164.9999999792303,1,0.3795179426094819,frequency,0,0,0.20473185067747468,0.20473185067747468
3815,"POLYGON ((4205160.756102797 4058943.6602996197, 4176293.6660414995 4058943.6602995754, 4161860.121010881 4083943.2936277697, 4176293.6660415535 4108942.926954962, 4205160.75610284 4108942.9269550117, 4219594.301133465 4083943.2936278637, 4205160.756102797 4058943.6602996197))",12,0.3393350979096141,2165.000000022561,1,0.4745802479064737,frequency,1,-1,-0.1352451499968596,0.1352451499968596
3816,"POLYGON ((4205160.75610284 4108942.9269550117, 4176293.6660415535 4108942.926954962, 4161860.1210109373 4133942.560282051, 4176293.666041602 4158942.1936091343, 4205160.7561028795 4158942.1936091813, 4219594.301133501 4133942.560282142, 4205160.75610284 4108942.9269550117))",1,0.602198156984895,2164.9999999792303,1,0.3715060821136066,frequency,0,0,0.2306920748712884,0.2306920748712884
3817,"POLYGON ((4205160.7561028795 4158942.1936091813, 4176293.666041602 4158942.1936091343, 4161860.1210109876 4183941.826937129, 4176293.6660416448 4208941.460264105, 4205160.756102913 4208941.46026415, 4219594.301133533 4183941.8269372047, 4205160.7561028795 4158942.1936091813))",12,0.3375438526677153,2165.000000022561,1,0.3715060821136066,frequency,1,-1,-0.03396222944589128,0.03396222944589128
3818,"POLYGON ((4205160.756102913 4208941.46026415, 4176293.6660416448 4208941.460264105, 4161860.1210110313 4233941.093591002, 4176293.666041682 4258940.7269178955, 4205160.756102943 4258940.726917927, 4219594.301133561 4233941.093591083, 4205160.756102913 4208941.46026415))",11,0.2967233084864619,2164.99999997923,1,0.3815639239209583,frequency,2,-2,-0.08484061543449639,0.08484061543449639
3819,"POLYGON ((4205160.756102943 4258940.726917927, 4176293.666041682 4258940.7269178955, 4161860.1210110695 4283940.360245702, 4176293.666041714 4308939.993572507, 4205160.756102969 4308939.993572539, 4219594.301133584 4283940.360245769, 4205160.756102943 4258940.726917927))",12,0.382456937092439,2165.000000022541,1,0.4962661965998555,frequency,1,-1,-0.1138092595074165,0.1138092595074165
3820,"POLYGON ((4205160.756102969 4308939.993572539, 4176293.666041714 4308939.993572507, 4161860.1210111016 4333939.626899234, 4176293.6660417407 4358939.260226951, 4205160.75610299 4358939.260226987, 4219594.301133605 4333939.626899295, 4205160.756102969 4308939.993572539))",11,0.2441393305908006,2165.000000022541,1,0.4269232218034795,frequency,2,-2,-0.18278389121267893,0.18278389121267893
3821,"POLYGON ((4205160.75610299 4358939.260226987, 4176293.6660417407 4358939.260226951, 4161860.1210111286 4383938.893553603, 4176293.6660417626 4408938.5268802475, 4205160.756103008 4408938.526880287, 4219594.301133622 4383938.893553659, 4205160.75610299 4358939.260226987))",12,0.219996555356493,2164.9999999792703,1,0.3091432521550599,frequency,1,-1,-0.08914669679856688,0.08914669679856688
3857,"POLYGON ((4248461.391190046 1783977.0270713605, 4219594.30112688 1783977.0270712075, 4205160.756095409 1808976.6604081697, 4219594.301127079 1833976.2937462442, 4248461.391190189 1833976.2937463967, 4262894.936221686 1808976.6604084733, 4248461.391190046 1783977.0270713605))",1,0.3183842925218476,2165.0000000225623,1,0.3320158996005012,frequency,0,0,-0.01363160707865363,0.01363160707865363
3858,"POLYGON ((4248461.391190189 1833976.2937463967, 4219594.301127079 1833976.2937462442, 4205160.7560956385 1858975.9270830555, 4219594.30112728 1883975.5604199797, 4248461.391190333 1883975.560420128, 4262894.936221801 1858975.9270833638, 4248461.391190189 1833976.2937463967))",1,0.251483727993854,2164.9999999792512,2,0.2304708817338427,frequency,1,-1,0.021012846260011292,0.021012846260011292
3859,"POLYGON ((4248461.391190333 1883975.560420128, 4219594.30112728 1883975.5604199797, 4205160.7560958695 1908975.1937566276, 4219594.301127483 1933974.8270943821, 4248461.391190479 1933974.827094527, 4262894.936221917 1908975.1937569254, 4248461.391190333 1883975.560420128))",5,0.2070565677570433,2165.0000000225623,12,0.347153788251047,frequency,5,5,-0.14009722049400367,0.14009722049400367
3860,"POLYGON ((4248461.391190479 1933974.827094527, 4219594.301127483 1933974.8270943821, 4205160.756096102 1958974.460430851, 4219594.301127687 1983974.0937674148, 4248461.391190625 1983974.0937675675, 4262894.936222034 1958974.4604311523, 4248461.391190479 1933974.827094527))",8,0.2730863313723212,2164.9999999792512,11,0.2696467985670653,frequency,3,-3,0.003439532805255885,0.003439532805255885
3862,"POLYGON ((4248461.391190771 2033973.36044122, 4219594.301127892 2033973.3604410752, 4205160.756096569 2058972.99377716, 4219594.301128096 2083972.6271133185, 4248461.391190917 2083972.6271134717, 4262894.936222268 2058972.9937774509, 4248461.391190771 2033973.36044122))",2,0.3604912980958477,2164.9999999792512,12,0.2999940056887947,frequency,2,2,0.06049729240705298,0.06049729240705298
3869,"POLYGON ((4248461.391191783 2383968.2271403684, 4219594.301129307 2383968.227140234, 4205160.756098181 2408967.860475681, 4219594.301129502 2433967.4938101573, 4248461.391191923 2433967.493810287, 4262894.936223077 2408967.8604759416, 4248461.391191783 2383968.2271403684))",8,0.225265188938437,2165.0000000225523,10,0.3594696041891471,frequency,2,-2,-0.13420441525071009,0.13420441525071009
3870,"POLYGON ((4248461.391191923 2433967.493810287, 4219594.301129502 2433967.4938101573, 4205160.756098403 2458967.127144344, 4219594.301129695 2483966.7604795564, 4248461.391192061 2483966.760479686, 4262894.9362231875 2458967.1271445965, 4248461.391191923 2433967.493810287))",4,0.3629057631519313,2165.0000000225527,11,0.2150036416605972,frequency,5,5,0.14790212149133408,0.14790212149133408
3871,"POLYGON ((4248461.391192061 2483966.760479686, 4219594.301129695 2483966.7604795564, 4205160.7560986215 2508966.3938134783, 4219594.301129885 2533966.0271474263, 4248461.391192197 2533966.0271475534, 4262894.936223297 2508966.3938137335, 4248461.391192061 2483966.760479686))",3,0.2683693000919512,2164.999999979262,11,0.3400698459953054,frequency,4,4,-0.07170054590335417,0.07170054590335417
3872,"POLYGON ((4248461.391192197 2533966.0271475534, 4219594.301129885 2533966.0271474263, 4205160.756098837 2558965.6604810865, 4219594.301130072 2583965.2938157683, 4248461.39119233 2583965.2938158833, 4262894.936223405 2558965.660481334, 4248461.391192197 2533966.0271475534))",10,0.2875930038682718,2165.0000000225527,9,0.2334943716485638,frequency,1,1,0.05409863221970801,0.05409863221970801
3873,"POLYGON ((4248461.39119233 2583965.2938158833, 4219594.301130072 2583965.2938157683, 4205160.756099048 2608964.927149159, 4219594.301130256 2633964.5604825653, 4248461.391192461 2633964.560482682, 4262894.936223512 2608964.9271494, 4248461.39119233 2583965.2938158833))",12,0.2714692648753928,2164.999999979262,10,0.2424850560753725,frequency,2,2,0.02898420880002031,0.02898420880002031
3874,"POLYGON ((4248461.391192461 2633964.560482682, 4219594.301130256 2633964.5604825653, 4205160.756099256 2658964.193815688, 4219594.301130435 2683963.8271498224, 4248461.39119259 2683963.827149936, 4262894.936223616 2658964.1938159214, 4248461.391192461 2633964.560482682))",12,0.3421937751136291,2165.0000000225527,1,0.2488225608321789,frequency,1,-1,0.09337121428145018,0.09337121428145018
3875,"POLYGON ((4248461.39119259 2683963.827149936, 4219594.301130435 2683963.8271498224, 4205160.756099459 2708963.4604826826, 4219594.3011306105 2733963.093815545, 4248461.391192716 2733963.0938156582, 4262894.936223717 2708963.4604829126, 4248461.39119259 2683963.827149936))",2,0.3623430311884067,2164.999999979262,12,0.2077525566671532,frequency,2,2,0.15459047452125352,0.15459047452125352
3876,"POLYGON ((4248461.391192716 2733963.0938156582, 4219594.3011306105 2733963.093815545, 4205160.756099657 2758962.727148131, 4219594.301130783 2783962.3604817246, 4248461.391192839 2783962.3604818336, 4262894.936223817 2758962.727148359, 4248461.391192716 2733963.0938156582))",12,0.3893378447386753,2165.0000000225527,2,0.3018620855925913,frequency,2,-2,0.08747575914608396,0.08747575914608396
3877,"POLYGON ((4248461.391192839 2783962.3604818336, 4219594.301130783 2783962.3604817246, 4205160.756099851 2808961.9938140484, 4219594.3011309495 2833961.627146369, 4248461.391192958 2833961.627146475, 4262894.936223914 2808961.993814257, 4248461.391192839 2783962.3604818336))",2,0.2172556706933016,2164.999999979262,2,0.2786321172441012,frequency,0,0,-0.0613764465507996,0.0613764465507996
3878,"POLYGON ((4248461.391192958 2833961.627146475, 4219594.3011309495 2833961.627146369, 4205160.756100039 2858961.2604794186, 4219594.3011311125 2883960.893811474, 4248461.391193074 2883960.8938115784, 4262894.936224008 2858961.2604796276, 4248461.391192958 2833961.627146475))",1,0.198122592653385,2165.0000000225523,1,0.2373217506797928,frequency,0,0,-0.039199158026407804,0.039199158026407804
3879,"POLYGON ((4248461.391193074 2883960.8938115784, 4219594.3011311125 2883960.893811474, 4205160.756100222 2908960.5271432647, 4219594.30113127 2933960.160475058, 4248461.391193187 2933960.1604751553, 4262894.9362241 2908960.5271434723, 4248461.391193074 2883960.8938115784))",12,0.2829480242345696,2164.999999979262,2,0.2268975083647469,frequency,2,-2,0.05605051586982271,0.05605051586982271
3880,"POLYGON ((4248461.391193187 2933960.1604751553, 4219594.30113127 2933960.160475058, 4205160.756100399 2958959.7938075834, 4219594.301131424 2983959.4271391113, 4248461.391193297 2983959.427139207, 4262894.936224189 2958959.79380778, 4248461.391193187 2933960.1604751553))",1,0.4810338991730764,2165.0000000225523,2,0.2268975083647469,frequency,1,-1,0.2541363908083295,0.2541363908083295
3881,"POLYGON ((4248461.391193297 2983959.427139207, 4219594.301131424 2983959.4271391113, 4205160.756100572 3008959.0604703897, 4219594.301131572 3033958.693801654, 4248461.391193403 3033958.6938017453, 4262894.936224275 3008959.060470578, 4248461.391193297 2983959.427139207))",4,0.2021244083492072,2164.999999979262,2,0.2535074133202057,frequency,2,2,-0.051383004970998514,0.051383004970998514
3882,"POLYGON ((4248461.391193403 3033958.6938017453, 4219594.301131572 3033958.693801654, 4205160.7561007375 3058958.327133673, 4219594.301131714 3083957.9604646815, 4248461.391193504 3083957.9604647756, 4262894.936224359 3058958.3271338562, 4248461.391193403 3033958.6938017453))",1,0.4147054337548161,2165.0000000225523,2,0.2641377338364036,frequency,1,-1,0.1505676999184125,0.1505676999184125
3883,"POLYGON ((4248461.391193504 3083957.9604647756, 4219594.301131714 3083957.9604646815, 4205160.756100899 3108957.5937954597, 4219594.301131852 3133957.2271262147, 4248461.391193603 3133957.2271263087, 4262894.936224439 3108957.5937956353, 4248461.391193504 3083957.9604647756))",1,0.7381086898199379,2164.999999979262,2,0.3375691374422616,frequency,1,-1,0.40053955237767636,0.40053955237767636
3884,"POLYGON ((4248461.391193603 3133957.2271263087, 4219594.301131852 3133957.2271262147, 4205160.756101053 3158956.8604577463, 4219594.301131984 3183956.493788257, 4248461.391193698 3183956.4937883406, 4262894.9362245165 3158956.860457911, 4248461.391193603 3133957.2271263087))",1,0.3839408794326415,2165.0000000225523,2,0.2543977028311729,frequency,1,-1,0.12954317660146858,0.12954317660146858
3885,"POLYGON ((4248461.391193698 3183956.4937883406, 4219594.301131984 3183956.493788257, 4205160.756101201 3208956.127118548, 4219594.301132112 3233955.7604498253, 4248461.391193789 3233955.760449902, 4262894.936224591 3208956.127118708, 4248461.391193698 3183956.4937883406))",1,0.2398690488651961,2165.0000000225527,2,0.2880444956683936,frequency,1,-1,-0.048175446803197464,0.048175446803197464
3886,"POLYGON ((4248461.391193789 3233955.760449902, 4219594.301132112 3233955.7604498253, 4205160.756101344 3258955.3937798752, 4219594.301132234 3283955.0271099135, 4248461.391193876 3283955.0271099894, 4262894.936224662 3258955.3937800284, 4248461.391193789 3233955.760449902))",3,0.2561583084730745,2164.999999979262,2,0.2759733945310981,frequency,1,1,-0.019815086058023568,0.019815086058023568
3887,"POLYGON ((4248461.391193876 3283955.0271099894, 4219594.301132234 3283955.0271099135, 4205160.75610148 3308954.660439746, 4219594.30113235 3333954.2937705587, 4248461.39119396 3333954.293770625, 4262894.936224731 3308954.6604398917, 4248461.391193876 3283955.0271099894))",2,0.2762427575787244,2165.0000000225527,2,0.2767887862721778,frequency,0,0,-0.000546028693453382,0.000546028693453382
3888,"POLYGON ((4248461.39119396 3333954.293770625, 4219594.30113235 3333954.2937705587, 4205160.756101609 3358953.927100161, 4219594.301132461 3383953.56042975, 4248461.391194039 3383953.5604298124, 4262894.936224796 3358953.9271003027, 4248461.39119396 3333954.293770625))",2,0.3633043584700007,2164.999999979262,2,0.2026216586703221,frequency,0,0,0.16068269979967859,0.16068269979967859
3893,"POLYGON ((4248461.3911943175 3583950.6270644204, 4219594.30113285 3583950.627064361, 4205160.756102166 3608950.260393964, 4219594.301132934 3633949.893722541, 4248461.391194378 3633949.8937225966, 4262894.936225074 3608950.260394069, 4248461.3911943175 3583950.6270644204))",6,0.2613493691125097,2165.0000000225523,1,0.3308600771288939,frequency,5,5,-0.0695107080163842,0.0695107080163842
3894,"POLYGON ((4248461.391194378 3633949.8937225966, 4219594.301132934 3633949.893722541, 4205160.756102259 3658949.5270509673, 4219594.301133013 3683949.1603793628, 4248461.391194434 3683949.160379419, 4262894.936225121 3658949.527051068, 4248461.391194378 3633949.8937225966))",12,0.4039090515621195,2164.999999979262,1,0.3028659497293079,frequency,1,-1,0.10104310183281157,0.10104310183281157
3900,"POLYGON ((4248461.391194661 3933945.493661672, 4219594.301133331 3933945.493661633, 4205160.756102695 3958945.126989134, 4219594.30113338 3983944.7603176245, 4248461.391194696 3983944.760317659, 4262894.93622534 3958945.126989208, 4248461.391194661 3933945.493661672))",1,0.2875254026957208,2165.0000000225527,12,0.3074159155727754,frequency,1,1,-0.019890512877054622,0.019890512877054622
3901,"POLYGON ((4248461.391194696 3983944.760317659, 4219594.30113338 3983944.7603176245, 4205160.756102748 4008944.3936450025, 4219594.301133425 4033944.0269723637, 4248461.391194728 4033944.0269723935, 4262894.936225366 4008944.3936450714, 4248461.391194696 3983944.760317659))",1,0.2229507962521191,2164.999999979262,1,0.2722949693417179,frequency,0,0,-0.049344173089598764,0.049344173089598764
3902,"POLYGON ((4248461.391194728 4033944.0269723935, 4219594.301133425 4033944.0269723637, 4205160.756102797 4058943.6602996197, 4219594.301133465 4083943.2936278637, 4248461.391194756 4083943.2936278936, 4262894.93622539 4058943.660299682, 4248461.391194728 4033944.0269723935))",1,0.2869680762825089,2165.0000000225527,1,0.2984025767398824,frequency,0,0,-0.011434500457373487,0.011434500457373487
3904,"POLYGON ((4248461.391194782 4133942.560282167, 4219594.301133501 4133942.560282142, 4205160.7561028795 4158942.1936091813, 4219594.301133533 4183941.8269372047, 4248461.391194805 4183941.8269372303, 4262894.936225432 4158942.193609238, 4248461.391194782 4133942.560282167))",1,0.4186241075651267,2165.0000000225527,1,0.3292332208707344,frequency,0,0,0.08939088669439227,0.08939088669439227
3905,"POLYGON ((4248461.391194805 4183941.8269372303, 4219594.301133533 4183941.8269372047, 4205160.756102913 4208941.46026415, 4219594.301133561 4233941.093591083, 4248461.391194825 4233941.093591105, 4262894.936225449 4208941.460264197, 4248461.391194805 4183941.8269372303))",2,0.2397299254776908,2164.999999979282,1,0.359655644510531,frequency,1,1,-0.11992571903284022,0.11992571903284022
3906,"POLYGON ((4248461.391194825 4233941.093591105, 4219594.301133561 4233941.093591083, 4205160.756102943 4258940.726917927, 4219594.301133584 4283940.360245769, 4248461.391194842 4283940.360245785, 4262894.936225464 4258940.72691798, 4248461.391194825 4233941.093591105))",12,0.2100680415494445,2165.0000000225527,1,0.382208674669939,frequency,1,-1,-0.17214063312049452,0.17214063312049452
3907,"POLYGON ((4248461.391194842 4283940.360245785, 4219594.301133584 4283940.360245769, 4205160.756102969 4308939.993572539, 4219594.301133605 4333939.626899295, 4248461.391194857 4333939.626899317, 4262894.936225477 4308939.993572583, 4248461.391194842 4283940.360245785))",12,0.53176840944063,2164.999999979241,1,0.3091432521550599,frequency,1,-1,0.22262515728557009,0.22262515728557009
3908,"POLYGON ((4248461.391194857 4333939.626899317, 4219594.301133605 4333939.626899295, 4205160.75610299 4358939.260226987, 4219594.301133622 4383938.893553659, 4248461.391194869 4383938.893553674, 4262894.936225487 4358939.260227026, 4248461.391194857 4333939.626899317))",4,0.2133930140817999,2165.0000000225527,1,0.2826760066558111,frequency,3,3,-0.06928299257401122,0.06928299257401122
3909,"POLYGON ((4248461.391194869 4383938.893553674, 4219594.301133622 4383938.893553659, 4205160.756103008 4408938.526880287, 4219594.301133635 4433938.160206882, 4248461.391194879 4433938.1602069065, 4262894.936225496 4408938.526880318, 4248461.391194869 4383938.893553674))",6,0.1820725812533273,2164.9999999792417,11,0.2534142877210507,frequency,5,-5,-0.07134170646772339,0.07134170646772339
3945,"POLYGON ((4291762.026284823 1808976.6604085504, 4262894.936221686 1808976.6604084733, 4248461.391190189 1833976.2937463967, 4262894.936221801 1858975.9270833638, 4291762.026284881 1858975.9270834357, 4306195.571316406 1833976.2937465517, 4291762.026284823 1808976.6604085504))",1,0.259369874999268,2165.000000022563,1,0.3357626236335241,frequency,0,0,-0.0763927486342561,0.0763927486342561
3946,"POLYGON ((4291762.026284881 1858975.9270834357, 4262894.936221801 1858975.9270833638, 4248461.391190333 1883975.560420128, 4262894.936221917 1908975.1937569254, 4291762.02628494 1908975.1937570008, 4306195.571316435 1883975.5604202768, 4291762.026284881 1858975.9270834357))",11,0.2820304390062975,2164.999999979252,12,0.5318234750833233,frequency,1,-1,-0.2497930360770258,0.2497930360770258
3947,"POLYGON ((4291762.02628494 1908975.1937570008, 4262894.936221917 1908975.1937569254, 4248461.391190479 1933974.827094527, 4262894.936222034 1958974.4604311523, 4291762.026284998 1958974.460431223, 4306195.571316465 1933974.8270946813, 4291762.02628494 1908975.1937570008))",12,0.4581188116117291,2165.000000022563,12,0.5276257538257747,frequency,0,0,-0.06950694221404558,0.06950694221404558
3948,"POLYGON ((4291762.026284998 1958974.460431223, 4262894.936222034 1958974.4604311523, 4248461.391190625 1983974.0937675675, 4262894.936222151 2008973.7271039947, 4291762.026285057 2008973.72710407, 4306195.571316495 1983974.0937677154, 4291762.026284998 1958974.460431223))",12,0.5290891999995909,2164.999999979252,12,0.4894456730572056,frequency,0,0,0.03964352694238532,0.03964352694238532
3951,"POLYGON ((4291762.026285175 2108972.260450557, 4262894.936222385 2108972.260450488, 4248461.391191063 2133971.8937862865, 4262894.936222502 2158971.527122085, 4291762.026285234 2158971.5271221567, 4306195.571316584 2133971.8937864313, 4291762.026285175 2108972.260450557))",3,0.5637011845976098,2164.999999979262,11,0.4126073916031669,frequency,4,4,0.15109379299444287,0.15109379299444287
3952,"POLYGON ((4291762.026285234 2158971.5271221567, 4262894.936222502 2158971.527122085, 4248461.391191209 2183971.1604576595, 4262894.936222618 2208970.793794223, 4291762.026285293 2208970.793794298, 4306195.571316614 2183971.1604577964, 4291762.026285234 2158971.5271221567))",1,0.3161632832009968,2165.0000000225527,1,0.2644059323446092,frequency,0,0,0.05175735085638761,0.05175735085638761
3956,"POLYGON ((4291762.026285467 2358968.59380583, 4262894.936222964 2358968.5938057643, 4248461.391191783 2383968.2271403684, 4262894.936223077 2408967.8604759416, 4291762.026285523 2408967.8604760095, 4306195.571316731 2383968.2271405044, 4291762.026285467 2358968.59380583))",2,0.2221601379017347,2165.0000000225527,10,0.3039200642014746,frequency,4,4,-0.08175992629973991,0.08175992629973991
3957,"POLYGON ((4291762.026285523 2408967.8604760095, 4262894.936223077 2408967.8604759416, 4248461.391191923 2433967.493810287, 4262894.9362231875 2458967.1271445965, 4291762.026285579 2458967.127144671, 4306195.57131676 2433967.4938104153, 4291762.026285523 2408967.8604760095))",5,0.6942656350382456,2164.999999979262,4,0.2674910407965025,frequency,1,1,0.4267745942417431,0.4267745942417431
3958,"POLYGON ((4291762.026285579 2458967.127144671, 4262894.9362231875 2458967.1271445965, 4248461.391192061 2483966.760479686, 4262894.936223297 2508966.3938137335, 4291762.026285634 2508966.3938137977, 4306195.571316788 2483966.760479811, 4291762.026285579 2458967.127144671))",3,0.489337204647203,2165.0000000225527,4,0.2674910407965025,frequency,1,-1,0.2218461638507005,0.2218461638507005
3959,"POLYGON ((4291762.026285634 2508966.3938137977, 4262894.936223297 2508966.3938137335, 4248461.391192197 2533966.0271475534, 4262894.936223405 2558965.660481334, 4291762.026285688 2558965.6604813966, 4306195.571316816 2533966.027147679, 4291762.026285634 2508966.3938137977))",10,0.3496585968918115,2164.999999979262,11,0.4462043654626232,frequency,1,-1,-0.09654576857081171,0.09654576857081171
3960,"POLYGON ((4291762.026285688 2558965.6604813966, 4262894.936223405 2558965.660481334, 4248461.39119233 2583965.2938158833, 4262894.936223512 2608964.9271494, 4291762.0262857415 2608964.927149458, 4306195.571316843 2583965.293816011, 4291762.026285688 2558965.6604813966))",10,0.3124111282242311,2165.0000000225527,9,0.3114309307538044,frequency,1,1,0.0009801974704267136,0.0009801974704267136
3961,"POLYGON ((4291762.0262857415 2608964.927149458, 4262894.936223512 2608964.9271494, 4248461.391192461 2633964.560482682, 4262894.936223616 2658964.1938159214, 4291762.026285795 2658964.1938159848, 4306195.57131687 2633964.560482801, 4291762.0262857415 2608964.927149458))",2,0.2861899537252908,2164.999999979262,1,0.2983367449136533,frequency,1,1,-0.012146791188362482,0.012146791188362482
3962,"POLYGON ((4291762.026285795 2658964.1938159848, 4262894.936223616 2658964.1938159214, 4248461.39119259 2683963.827149936, 4262894.936223717 2708963.4604829126, 4291762.026285846 2708963.4604829648, 4306195.571316896 2683963.8271500543, 4291762.026285795 2658964.1938159848))",1,0.3482150792343594,2165.0000000225527,1,0.2687566330760195,frequency,0,0,0.07945844615833991,0.07945844615833991
3963,"POLYGON ((4291762.026285846 2708963.4604829648, 4262894.936223717 2708963.4604829126, 4248461.391192716 2733963.0938156582, 4262894.936223817 2758962.727148359, 4291762.026285895 2758962.72714841, 4306195.571316921 2733963.0938157663, 4291762.026285846 2708963.4604829648))",11,0.1990390165197103,2164.9999999792417,12,0.2425571499670376,frequency,1,-1,-0.0435181334473273,0.0435181334473273
3964,"POLYGON ((4291762.026285895 2758962.72714841, 4262894.936223817 2758962.727148359, 4248461.391192839 2783962.3604818336, 4262894.936223914 2808961.993814257, 4291762.0262859445 2808961.993814318, 4306195.571316946 2783962.3604819435, 4291762.026285895 2758962.72714841))",12,0.2996268973965167,2165.0000000225723,1,0.2770816234380184,frequency,1,-1,0.022545273958498313,0.022545273958498313
3965,"POLYGON ((4291762.0262859445 2808961.993814318, 4262894.936223914 2808961.993814257, 4248461.391192958 2833961.627146475, 4262894.936224008 2858961.2604796276, 4291762.026285992 2858961.2604796817, 4306195.5713169705 2833961.6271465784, 4291762.0262859445 2808961.993814318))",12,0.3077789310574294,2165.0000000225527,2,0.2537294010011294,frequency,2,-2,0.05404953005629998,0.05404953005629998
3966,"POLYGON ((4291762.026285992 2858961.2604796817, 4262894.936224008 2858961.2604796276, 4248461.391193074 2883960.8938115784, 4262894.9362241 2908960.5271434723, 4291762.026286038 2908960.5271435212, 4306195.571316995 2883960.8938116785, 4291762.026285992 2858961.2604796817))",2,0.2544420762420409,2164.999999979262,2,0.2539517777966685,frequency,0,0,0.0004902984453724057,0.0004902984453724057
3967,"POLYGON ((4291762.026286038 2908960.5271435212, 4262894.9362241 2908960.5271434723, 4248461.391193187 2933960.1604751553, 4262894.936224189 2958959.79380778, 4291762.026286082 2958959.793807837, 4306195.571317018 2933960.160475252, 4291762.026286038 2908960.5271435212))",7,0.2012720149411104,2165.0000000225527,1,0.2197368475718434,frequency,6,6,-0.01846483263073298,0.01846483263073298
3968,"POLYGON ((4291762.026286082 2958959.793807837, 4262894.936224189 2958959.79380778, 4248461.391193297 2983959.427139207, 4262894.936224275 3008959.060470578, 4291762.026286126 3008959.0604706253, 4306195.57131704 2983959.4271393064, 4291762.026286082 2958959.793807837))",2,0.2701989166646228,2164.999999979262,1,0.2661156304028644,frequency,1,1,0.004083286261758412,0.004083286261758412
3969,"POLYGON ((4291762.026286126 3008959.0604706253, 4262894.936224275 3008959.060470578, 4248461.391193403 3033958.6938017453, 4262894.936224359 3058958.3271338562, 4291762.026286168 3058958.3271339023, 4306195.571317062 3033958.69380184, 4291762.026286126 3008959.0604706253))",11,0.2102747181964357,2165.0000000225527,2,0.2472415668505968,frequency,3,-3,-0.03696684865416111,0.03696684865416111
3970,"POLYGON ((4291762.026286168 3058958.3271339023, 4262894.936224359 3058958.3271338562, 4248461.391193504 3083957.9604647756, 4262894.936224439 3108957.5937956353, 4291762.026286209 3108957.5937956786, 4306195.571317082 3083957.9604648673, 4291762.026286168 3058958.3271339023))",1,0.3299261985240659,2164.999999979262,2,0.2638173437394177,frequency,1,-1,0.06610885478464823,0.06610885478464823
3971,"POLYGON ((4291762.026286209 3108957.5937956786, 4262894.936224439 3108957.5937956353, 4248461.391193603 3133957.2271263087, 4262894.9362245165 3158956.860457911, 4291762.026286247 3158956.8604579605, 4306195.571317103 3133957.227126388, 4291762.026286209 3108957.5937956786))",1,0.6395827914425771,2165.0000000225527,2,0.2196727613774312,frequency,1,-1,0.41991003006514593,0.41991003006514593
3972,"POLYGON ((4291762.026286247 3158956.8604579605, 4262894.9362245165 3158956.860457911, 4248461.391193698 3183956.4937883406, 4262894.936224591 3208956.127118708, 4291762.026286285 3208956.127118749, 4306195.571317122 3183956.493788431, 4291762.026286247 3158956.8604579605))",1,0.7467752664748631,2164.999999979262,2,0.3206579519384316,frequency,1,-1,0.42611731453643154,0.42611731453643154
3973,"POLYGON ((4291762.026286285 3208956.127118749, 4262894.936224591 3208956.127118708, 4248461.391193789 3233955.760449902, 4262894.936224662 3258955.3937800284, 4291762.026286321 3258955.393780073, 4306195.571317141 3233955.76044998, 4291762.026286285 3208956.127118749))",1,0.3188981954018914,2165.0000000225527,2,0.3206579519384316,frequency,1,-1,-0.0017597565365402024,0.0017597565365402024
3974,"POLYGON ((4291762.026286321 3258955.393780073, 4262894.936224662 3258955.3937800284, 4248461.391193876 3283955.0271099894, 4262894.936224731 3308954.6604398917, 4291762.026286355 3308954.6604399337, 4306195.571317159 3283955.0271100737, 4291762.026286321 3258955.393780073))",2,0.2955222483603494,2164.999999979262,2,0.2449452824154278,frequency,0,0,0.050576965944921615,0.050576965944921615
3975,"POLYGON ((4291762.026286355 3308954.6604399337, 4262894.936224731 3308954.6604398917, 4248461.39119396 3333954.293770625, 4262894.936224796 3358953.9271003027, 4291762.026286388 3358953.927100337, 4306195.571317175 3333954.2937706993, 4291762.026286355 3308954.6604399337))",3,0.3263631566615625,2165.0000000225527,2,0.2886316945670525,frequency,1,1,0.037731462094510004,0.037731462094510004
3976,"POLYGON ((4291762.026286388 3358953.927100337, 4262894.936224796 3358953.9271003027, 4248461.391194039 3383953.5604298124, 4262894.936224857 3408953.1937592756, 4291762.0262864195 3408953.1937593063, 4306195.571317191 3383953.560429885, 4291762.026286388 3358953.927100337))",1,0.2700276876388797,2164.9999999792417,2,0.1936826779803678,frequency,1,-1,0.07634500965851188,0.07634500965851188
3980,"POLYGON ((4291762.026286503 3558950.9937357428, 4262894.936225025 3558950.9937357088, 4248461.3911943175 3583950.6270644204, 4262894.936225074 3608950.260394069, 4291762.026286528 3608950.2603940964, 4306195.571317248 3583950.627064476, 4291762.026286503 3558950.9937357428))",12,0.6111679621964521,2165.0000000225527,1,0.3176135106059904,frequency,1,-1,0.2935544515904617,0.2935544515904617
3981,"POLYGON ((4291762.026286528 3608950.2603940964, 4262894.936225074 3608950.260394069, 4248461.391194378 3633949.8937225966, 4262894.936225121 3658949.527051068, 4291762.026286552 3658949.5270510972, 4306195.57131726 3633949.893722657, 4291762.026286528 3608950.2603940964))",12,0.5755162500133096,2164.999999979262,1,0.3028659497293079,frequency,1,-1,0.2726503002840017,0.2726503002840017
3982,"POLYGON ((4291762.026286552 3658949.5270510972, 4262894.936225121 3658949.527051068, 4248461.391194434 3683949.160379419, 4262894.936225165 3708948.793708717, 4291762.026286573 3708948.7937087403, 4306195.571317272 3683949.160379469, 4291762.026286552 3658949.5270510972))",12,0.2797874250903266,2165.0000000225527,1,0.3315728102474146,frequency,1,-1,-0.05178538515708797,0.05178538515708797
3983,"POLYGON ((4291762.026286573 3708948.7937087403, 4262894.936225165 3708948.793708717, 4248461.391194486 3733948.4270368945, 4262894.936225206 3758948.0603650264, 4291762.026286594 3758948.060365052, 4306195.5713172825 3733948.427036945, 4291762.026286573 3708948.7937087403))",12,0.4849169517836917,2164.999999979262,1,0.3319384639661071,frequency,1,-1,0.1529784878175846,0.1529784878175846
3988,"POLYGON ((4291762.026286662 3958945.126989233, 4262894.93622534 3958945.126989208, 4248461.391194696 3983944.760317659, 4262894.936225366 4008944.3936450714, 4291762.026286675 4008944.3936450854, 4306195.571317325 3983944.760317697, 4291762.026286662 3958945.126989233))",1,0.1847559610981549,2165.0000000225527,12,0.2791372170361552,frequency,1,1,-0.09438125593800029,0.09438125593800029
3989,"POLYGON ((4291762.026286675 4008944.3936450854, 4262894.936225366 4008944.3936450714, 4248461.391194728 4033944.0269723935, 4262894.93622539 4058943.660299682, 4291762.026286687 4058943.6602996984, 4306195.571317332 4033944.0269724336, 4291762.026286675 4008944.3936450854))",10,0.3836152605248364,2164.9999999792417,12,0.2216360588027561,frequency,2,-2,0.1619792017220803,0.1619792017220803
3990,"POLYGON ((4291762.026286687 4058943.6602996984, 4262894.93622539 4058943.660299682, 4248461.391194756 4083943.2936278936, 4262894.936225412 4108942.9269550676, 4291762.026286698 4108942.9269550815, 4306195.571317337 4083943.2936279215, 4291762.026286687 4058943.6602996984))",3,0.2264674560961218,2165.0000000225723,11,0.2530017072472928,frequency,4,4,-0.02653425115117103,0.02653425115117103
3991,"POLYGON ((4291762.026286698 4108942.9269550815, 4262894.936225412 4108942.9269550676, 4248461.391194782 4133942.560282167, 4262894.936225432 4158942.193609238, 4291762.026286708 4158942.193609246, 4306195.571317343 4133942.560282192, 4291762.026286698 4108942.9269550815))",1,0.3494767480990452,2164.9999999792417,11,0.3113503064890535,frequency,2,2,0.038126441609991735,0.038126441609991735
3992,"POLYGON ((4291762.026286708 4158942.193609246, 4262894.936225432 4158942.193609238, 4248461.391194805 4183941.8269372303, 4262894.936225449 4208941.460264197, 4291762.026286717 4208941.460264208, 4306195.571317348 4183941.8269372596, 4291762.026286708 4158942.193609246))",1,0.3350417672241357,2165.0000000225723,1,0.2326128594581163,frequency,0,0,0.1024289077660194,0.1024289077660194
3993,"POLYGON ((4291762.026286717 4208941.460264208, 4262894.936225449 4208941.460264197, 4248461.391194825 4233941.093591105, 4262894.936225464 4258940.72691798, 4291762.026286724 4258940.726917995, 4306195.571317351 4233941.093591128, 4291762.026286717 4208941.460264208))",1,0.295134156213122,2164.9999999792417,11,0.2162424216594035,frequency,2,2,0.0788917345537185,0.0788917345537185
3994,"POLYGON ((4291762.026286724 4258940.726917995, 4262894.936225464 4258940.72691798, 4248461.391194842 4283940.360245785, 4262894.936225477 4308939.993572583, 4291762.026286731 4308939.993572592, 4306195.571317355 4283940.36024581, 4291762.026286724 4258940.726917995))",12,0.5295983082150374,2165.0000000225523,12,0.3282822440717178,frequency,0,0,0.2013160641433196,0.2013160641433196
3995,"POLYGON ((4291762.026286731 4308939.993572592, 4262894.936225477 4308939.993572583, 4248461.391194857 4333939.626899317, 4262894.936225487 4358939.260227026, 4291762.026286735 4358939.260227031, 4306195.571317358 4333939.62689933, 4291762.026286731 4308939.993572592))",12,0.6440386662245797,2165.0000000225527,12,0.3017567336269002,frequency,0,0,0.34228193259767953,0.34228193259767953
3996,"POLYGON ((4291762.026286735 4358939.260227031, 4262894.936225487 4358939.260227026, 4248461.391194869 4383938.893553674, 4262894.936225496 4408938.526880318, 4291762.02628674 4408938.526880324, 4306195.571317361 4383938.893553695, 4291762.026286735 4358939.260227031))",5,0.3156927715763511,2164.999999979282,1,0.2644059323446092,frequency,4,4,0.05128683923174193,0.05128683923174193
3997,"POLYGON ((4291762.02628674 4408938.526880324, 4262894.936225496 4408938.526880318, 4248461.391194879 4433938.1602069065, 4262894.936225503 4458937.793534479, 4291762.026286744 4458937.793534486, 4306195.571317363 4433938.160206914, 4291762.02628674 4408938.526880324))",12,0.4586195237064161,2165.0000000225527,11,0.2534142877210507,frequency,1,1,0.20520523598536544,0.20520523598536544
3998,"POLYGON ((4291762.026286744 4458937.793534486, 4262894.936225503 4458937.793534479, 4248461.3911948865 4483937.426860993, 4262894.936225508 4508937.060187503, 4291762.026286746 4508937.060187503, 4306195.571317364 4483937.426861016, 4291762.026286744 4458937.793534486))",1,0.6411902134997239,2164.9999999792417,11,0.2821946246060642,frequency,2,2,0.35899558889365973,0.35899558889365973
4043,"POLYGON ((4335062.661379232 2333968.9604710713, 4306195.571316702 2333968.960471075, 4291762.026285467 2358968.59380583, 4306195.571316731 2383968.2271405044, 4335062.661379205 2383968.2271405016, 4349496.2064104695 2358968.5938058374, 4335062.661379232 2333968.9604710713))",10,0.5113497105170735,2164.999999979262,10,0.305837453378437,frequency,0,0,0.20551225713863647,0.20551225713863647
4044,"POLYGON ((4335062.661379205 2383968.2271405016, 4306195.571316731 2383968.2271405044, 4291762.026285523 2408967.8604760095, 4306195.57131676 2433967.4938104153, 4335062.661379178 2433967.493810417, 4349496.206410414 2408967.8604760133, 4335062.661379205 2383968.2271405016))",10,0.5447964537426376,2165.0000000225523,10,0.4185660018993352,frequency,0,0,0.12623045184330245,0.12623045184330245
4046,"POLYGON ((4335062.661379151 2483966.7604798144, 4306195.571316788 2483966.760479811, 4291762.026285634 2508966.3938137977, 4306195.571316816 2533966.027147679, 4335062.661379125 2533966.027147679, 4349496.206410306 2508966.3938137963, 4335062.661379151 2483966.7604798144))",10,0.2530239658105627,2164.999999979262,10,0.3553169634626593,frequency,0,0,-0.1022929976520966,0.1022929976520966
4047,"POLYGON ((4335062.661379125 2533966.027147679, 4306195.571316816 2533966.027147679, 4291762.026285688 2558965.6604813966, 4306195.571316843 2583965.293816011, 4335062.661379099 2583965.293816009, 4349496.2064102525 2558965.660481398, 4335062.661379125 2533966.027147679))",9,0.4009534757608202,2165.0000000225527,11,0.2549903412749517,frequency,2,-2,0.1459631344858685,0.1459631344858685
4048,"POLYGON ((4335062.661379099 2583965.293816009, 4306195.571316843 2583965.293816011, 4291762.0262857415 2608964.927149458, 4306195.57131687 2633964.560482801, 4335062.661379074 2633964.560482802, 4349496.2064102 2608964.927149464, 4335062.661379099 2583965.293816009))",1,0.2182582797902672,2164.999999979262,10,0.2165962567815469,frequency,3,3,0.0016620230087203147,0.0016620230087203147
4049,"POLYGON ((4335062.661379074 2633964.560482802, 4306195.57131687 2633964.560482801, 4291762.026285795 2658964.1938159848, 4306195.571316896 2683963.8271500543, 4335062.661379049 2683963.8271500566, 4349496.206410149 2658964.193815984, 4335062.661379074 2633964.560482802))",1,0.2407053754124074,2165.0000000225527,1,0.2597993037961557,frequency,0,0,-0.019093928383748265,0.019093928383748265
4050,"POLYGON ((4335062.661379049 2683963.8271500566, 4306195.571316896 2683963.8271500543, 4291762.026285846 2708963.4604829648, 4306195.571316921 2733963.0938157663, 4335062.661379024 2733963.093815767, 4349496.2064101 2708963.460482966, 4335062.661379049 2683963.8271500566))",1,0.2647089194303248,2164.999999979262,1,0.2791900374485516,frequency,0,0,-0.014481118018226768,0.014481118018226768
4051,"POLYGON ((4335062.661379024 2733963.093815767, 4306195.571316921 2733963.0938157663, 4291762.026285895 2758962.72714841, 4306195.571316946 2783962.3604819435, 4335062.661379 2783962.3604819477, 4349496.20641005 2758962.7271484104, 4335062.661379024 2733963.093815767))",2,0.334320205225106,2165.0000000225527,1,0.3009737361671963,frequency,1,1,0.03334646905790972,0.03334646905790972
4052,"POLYGON ((4335062.661379 2783962.3604819477, 4306195.571316946 2783962.3604819435, 4291762.0262859445 2808961.993814318, 4306195.5713169705 2833961.6271465784, 4335062.661378977 2833961.627146582, 4349496.206410003 2808961.9938143147, 4335062.661379 2783962.3604819477))",1,0.2524357794335957,2164.999999979262,2,0.2521417537741303,frequency,1,-1,0.00029402565946540227,0.00029402565946540227
4053,"POLYGON ((4335062.661378977 2833961.627146582, 4306195.5713169705 2833961.6271465784, 4291762.026285992 2858961.2604796817, 4306195.571316995 2883960.8938116785, 4335062.661378955 2883960.893811686, 4349496.206409957 2858961.260479681, 4335062.661378977 2833961.627146582))",11,0.2086221399744907,2165.0000000225523,2,0.2449452824154278,frequency,3,-3,-0.036323142440937095,0.036323142440937095
4054,"POLYGON ((4335062.661378955 2883960.893811686, 4306195.571316995 2883960.8938116785, 4291762.026286038 2908960.5271435212, 4306195.571317018 2933960.160475252, 4335062.661378933 2933960.1604752555, 4349496.206409912 2908960.52714352, 4335062.661378955 2883960.893811686))",9,0.1908396970805036,2164.999999979262,1,0.2377912256881064,frequency,4,-4,-0.046951528607602794,0.046951528607602794
4055,"POLYGON ((4335062.661378933 2933960.1604752555, 4306195.571317018 2933960.160475252, 4291762.026286082 2958959.793807837, 4306195.57131704 2983959.4271393064, 4335062.661378912 2983959.427139307, 4349496.206409868 2958959.793807832, 4335062.661378933 2933960.1604752555))",1,0.2522015563065456,2165.0000000225523,1,0.272770875558925,frequency,0,0,-0.02056931925237937,0.02056931925237937
4056,"POLYGON ((4335062.661378912 2983959.427139307, 4306195.57131704 2983959.4271393064, 4291762.026286126 3008959.0604706253, 4306195.571317062 3033958.69380184, 4335062.661378891 3033958.69380184, 4349496.206409826 3008959.060470626, 4335062.661378912 2983959.427139307))",1,0.3551988835671418,2164.999999979262,1,0.2929935541233437,frequency,0,0,0.062205329443798085,0.062205329443798085
4057,"POLYGON ((4335062.661378891 3033958.69380184, 4306195.571317062 3033958.69380184, 4291762.026286168 3058958.3271339023, 4306195.571317082 3083957.9604648673, 4335062.661378871 3083957.960464865, 4349496.206409785 3058958.3271339023, 4335062.661378891 3033958.69380184))",1,0.4559490392139281,2165.0000000225523,2,0.2270753228279954,frequency,1,-1,0.2288737163859327,0.2288737163859327
4058,"POLYGON ((4335062.661378871 3083957.960464865, 4306195.571317082 3083957.9604648673, 4291762.026286209 3108957.5937956786, 4306195.571317103 3133957.227126388, 4335062.661378852 3133957.2271263865, 4349496.206409746 3108957.5937956763, 4335062.661378871 3083957.960464865))",1,0.378521071917882,2164.999999979262,2,0.2353759707692201,frequency,1,-1,0.14314510114866189,0.14314510114866189
4059,"POLYGON ((4335062.661378852 3133957.2271263865, 4306195.571317103 3133957.227126388, 4291762.026286247 3158956.8604579605, 4306195.571317122 3183956.493788431, 4335062.661378833 3183956.493788427, 4349496.206409708 3158956.860457954, 4335062.661378852 3133957.2271263865))",1,0.6211172662159744,2165.0000000225523,2,0.2263492825892188,frequency,1,-1,0.3947679836267556,0.3947679836267556
4060,"POLYGON ((4335062.661378833 3183956.493788427, 4306195.571317122 3183956.493788431, 4291762.026286285 3208956.127118749, 4306195.571317141 3233955.76044998, 4335062.661378816 3233955.7604499822, 4349496.206409671 3208956.1271187537, 4335062.661378833 3183956.493788427))",1,0.3285173830350049,2165.0000000225527,2,0.2120439150569111,frequency,1,-1,0.1164734679780938,0.1164734679780938
4061,"POLYGON ((4335062.661378816 3233955.7604499822, 4306195.571317141 3233955.76044998, 4291762.026286321 3258955.393780073, 4306195.571317159 3283955.0271100737, 4335062.661378799 3283955.027110069, 4349496.206409636 3258955.393780071, 4335062.661378816 3233955.7604499822))",2,0.2053520941035796,2164.999999979262,2,0.2651269608542771,frequency,0,0,-0.059774866750697514,0.059774866750697514
4062,"POLYGON ((4335062.661378799 3283955.027110069, 4306195.571317159 3283955.0271100737, 4291762.026286355 3308954.6604399337, 4306195.571317175 3333954.2937706993, 4335062.661378783 3333954.2937707007, 4349496.206409602 3308954.6604399346, 4335062.661378799 3283955.027110069))",12,0.3987221747193843,2165.0000000225527,2,0.3353032120425152,frequency,2,-2,0.06341896267686914,0.06341896267686914
4063,"POLYGON ((4335062.661378783 3333954.2937707007, 4306195.571317175 3333954.2937706993, 4291762.026286388 3358953.927100337, 4306195.571317191 3383953.560429885, 4335062.661378767 3383953.5604298864, 4349496.206409571 3358953.927100334, 4335062.661378783 3333954.2937707007))",3,0.3130001515592461,2164.999999979262,2,0.2129048229919204,frequency,1,1,0.1000953285673257,0.1000953285673257
4064,"POLYGON ((4335062.661378767 3383953.5604298864, 4306195.571317191 3383953.560429885, 4291762.0262864195 3408953.1937593063, 4306195.571317207 3433952.827089645, 4335062.661378753 3433952.8270896473, 4349496.20640954 3408953.193759312, 4335062.661378767 3383953.5604298864))",2,0.3690205232357266,2165.0000000225527,1,0.2357608864264611,frequency,1,1,0.1332596368092655,0.1332596368092655
4065,"POLYGON ((4335062.661378753 3433952.8270896473, 4306195.571317207 3433952.827089645, 4291762.026286448 3458952.460418863, 4306195.571317221 3483952.0937479897, 4335062.661378739 3483952.093747987, 4349496.206409511 3458952.460418856, 4335062.661378753 3433952.8270896473))",10,0.6522445405729045,2164.999999979262,1,0.2357608864264611,frequency,3,-3,0.4164836541464434,0.4164836541464434
4068,"POLYGON ((4335062.661378713 3583950.6270644786, 4306195.571317248 3583950.627064476, 4291762.026286528 3608950.2603940964, 4306195.57131726 3633949.893722657, 4335062.661378702 3633949.8937226543, 4349496.206409434 3608950.260394101, 4335062.661378713 3583950.6270644786))",1,0.4067436310099904,2165.0000000225523,1,0.2587801274084801,frequency,0,0,0.14796350360151028,0.14796350360151028
4069,"POLYGON ((4335062.661378702 3633949.8937226543, 4306195.57131726 3633949.893722657, 4291762.026286552 3658949.5270510972, 4306195.571317272 3683949.160379469, 4335062.661378691 3683949.160379475, 4349496.2064094115 3658949.5270510935, 4335062.661378702 3633949.8937226543))",12,0.4401294157049287,2164.999999979262,1,0.2976636396494646,frequency,1,-1,0.14246577605546412,0.14246577605546412
4070,"POLYGON ((4335062.661378691 3683949.160379475, 4306195.571317272 3683949.160379469, 4291762.026286573 3708948.7937087403, 4306195.5713172825 3733948.427036945, 4335062.661378681 3733948.4270369406, 4349496.20640939 3708948.793708738, 4335062.661378691 3683949.160379475))",12,0.3719350754507241,2165.0000000225523,1,0.2838925381964614,frequency,1,-1,0.0880425372542627,0.0880425372542627
4071,"POLYGON ((4335062.661378681 3733948.4270369406, 4306195.5713172825 3733948.427036945, 4291762.026286594 3758948.060365052, 4306195.571317293 3783947.6936930865, 4335062.661378671 3783947.6936930865, 4349496.20640937 3758948.0603650464, 4335062.661378681 3733948.4270369406))",12,0.3784592428383501,2164.999999979262,1,0.3969052050189109,frequency,1,-1,-0.018445962180560826,0.018445962180560826
4072,"POLYGON ((4335062.661378671 3783947.6936930865, 4306195.571317293 3783947.6936930865, 4291762.026286613 3808947.327022034, 4306195.571317302 3833946.9603499174, 4335062.661378663 3833946.960349924, 4349496.206409351 3808947.3270220384, 4335062.661378671 3783947.6936930865))",11,0.6185492253218495,2165.0000000225523,1,0.3314721493515277,frequency,2,-2,0.28707707597032184,0.28707707597032184
4076,"POLYGON ((4335062.661378641 3983944.760317704, 4306195.571317325 3983944.760317697, 4291762.026286675 4008944.3936450854, 4306195.571317332 4033944.0269724336, 4335062.661378634 4033944.026972426, 4349496.206409291 4008944.3936450924, 4335062.661378641 3983944.760317704))",2,0.2349209275177197,2164.999999979262,1,0.1837859701355617,frequency,1,1,0.05113495738215801,0.05113495738215801
4077,"POLYGON ((4335062.661378634 4033944.026972426, 4306195.571317332 4033944.0269724336, 4291762.026286687 4058943.6602996984, 4306195.571317337 4083943.2936279215, 4335062.661378629 4083943.293627922, 4349496.206409279 4058943.660299695, 4335062.661378634 4033944.026972426))",8,0.1796231874789201,2165.0000000225527,9,0.2142533364916214,frequency,1,-1,-0.03463014901270131,0.03463014901270131
4078,"POLYGON ((4335062.661378629 4083943.293627922, 4306195.571317337 4083943.2936279215, 4291762.026286698 4108942.9269550815, 4306195.571317343 4133942.560282192, 4335062.661378624 4133942.560282197, 4349496.206409268 4108942.926955077, 4335062.661378629 4083943.293627922))",11,0.1568991316928531,2164.999999979262,9,0.2386866062207586,frequency,2,2,-0.0817874745279055,0.0817874745279055
4079,"POLYGON ((4335062.661378624 4133942.560282197, 4306195.571317343 4133942.560282192, 4291762.026286708 4158942.193609246, 4306195.571317348 4183941.8269372596, 4335062.661378619 4183941.8269372536, 4349496.206409259 4158942.1936092484, 4335062.661378624 4133942.560282197))",4,0.2116086915172981,2165.0000000225527,9,0.2026789169485812,frequency,5,-5,0.008929774568716908,0.008929774568716908
4080,"POLYGON ((4335062.661378619 4183941.8269372536, 4306195.571317348 4183941.8269372596, 4291762.026286717 4208941.460264208, 4306195.571317351 4233941.093591128, 4335062.661378616 4233941.093591127, 4349496.20640925 4208941.460264214, 4335062.661378619 4183941.8269372536))",6,0.1927959010495542,2164.999999979282,11,0.2327259244677567,frequency,5,-5,-0.03993002341820248,0.03993002341820248
4081,"POLYGON ((4335062.661378616 4233941.093591127, 4306195.571317351 4233941.093591128, 4291762.026286724 4258940.726917995, 4306195.571317355 4283940.36024581, 4335062.661378612 4283940.360245812, 4349496.206409243 4258940.726917992, 4335062.661378616 4233941.093591127))",10,0.2237530153052525,2165.0000000225527,11,0.2334155984185935,frequency,1,-1,-0.009662583113341006,0.009662583113341006
4082,"POLYGON ((4335062.661378612 4283940.360245812, 4306195.571317355 4283940.36024581, 4291762.026286731 4308939.993572592, 4306195.571317358 4333939.62689933, 4335062.661378609 4333939.626899327, 4349496.206409237 4308939.993572588, 4335062.661378612 4283940.360245812))",12,0.3479985562820118,2164.999999979241,12,0.2700651454004116,frequency,0,0,0.07793341088160022,0.07793341088160022
4083,"POLYGON ((4335062.661378609 4333939.626899327, 4306195.571317358 4333939.62689933, 4291762.026286735 4358939.260227031, 4306195.571317361 4383938.893553695, 4335062.661378607 4383938.893553697, 4349496.206409232 4358939.260227036, 4335062.661378609 4333939.626899327))",12,0.5738822992571664,2165.0000000225527,12,0.2686494798232368,frequency,0,0,0.3052328194339296,0.3052328194339296
4084,"POLYGON ((4335062.661378607 4383938.893553697, 4306195.571317361 4383938.893553695, 4291762.02628674 4408938.526880324, 4306195.571317363 4433938.160206914, 4335062.661378605 4433938.160206925, 4349496.206409227 4408938.526880323, 4335062.661378607 4383938.893553697))",12,0.3887785574746597,2164.9999999792417,12,0.2853372019798367,frequency,0,0,0.10344135549482303,0.10344135549482303
4085,"POLYGON ((4335062.661378605 4433938.160206925, 4306195.571317363 4433938.160206914, 4291762.026286744 4458937.793534486, 4306195.571317364 4483937.426861016, 4335062.661378603 4483937.426861018, 4349496.206409224 4458937.793534477, 4335062.661378605 4433938.160206925))",1,0.2949018179216348,2165.000000022593,1,0.3512309796924875,frequency,0,0,-0.05632916177085273,0.05632916177085273
4129,"POLYGON ((4378363.296473198 2258970.0604649, 4349496.206410581 2258970.060464969, 4335062.66137926 2283969.693800138, 4349496.206410525 2308969.3271361487, 4378363.296473084 2308969.32713608, 4392796.841504434 2283969.693800001, 4378363.296473198 2258970.0604649))",12,0.3906131520745398,2165.0000000225527,1,0.2604435106609983,frequency,1,-1,0.13016964141354148,0.13016964141354148
4130,"POLYGON ((4378363.296473084 2308969.32713608, 4349496.206410525 2308969.3271361487, 4335062.661379232 2333968.9604710713, 4349496.2064104695 2358968.5938058374, 4378363.296472972 2358968.5938057667, 4392796.841504293 2333968.9604709344, 4378363.296473084 2308969.32713608))",2,0.5091662666785269,2164.999999979262,10,0.3260366573382975,frequency,4,4,0.18312960934022943,0.18312960934022943
4131,"POLYGON ((4378363.296472972 2358968.5938057667, 4349496.2064104695 2358968.5938058374, 4335062.661379205 2383968.2271405016, 4349496.206410414 2408967.8604760133, 4378363.2964728605 2408967.8604759434, 4392796.841504153 2383968.2271403717, 4378363.296472972 2358968.5938057667))",2,0.2584851072599869,2165.0000000225527,10,0.2092984352712418,frequency,4,4,0.0491866719887451,0.0491866719887451
4133,"POLYGON ((4378363.296472751 2458967.1271446045, 4349496.20641036 2458967.1271446636, 4335062.661379151 2483966.7604798144, 4349496.206410306 2508966.3938137963, 4378363.296472642 2508966.393813734, 4392796.841503878 2483966.760479686, 4378363.296472751 2458967.1271446045))",10,0.8801399948491266,2165.0000000225527,4,0.2249158435729425,frequency,6,6,0.6552241512761842,0.6552241512761842
4134,"POLYGON ((4378363.296472642 2508966.393813734, 4349496.206410306 2508966.3938137963, 4335062.661379125 2533966.027147679, 4349496.2064102525 2558965.660481398, 4378363.2964725355 2558965.6604813403, 4392796.841503743 2533966.027147557, 4378363.296472642 2508966.393813734))",2,0.2115963337718544,2164.999999979262,11,0.3957512420764091,frequency,3,3,-0.1841549083045547,0.1841549083045547
4135,"POLYGON ((4378363.2964725355 2558965.6604813403, 4349496.2064102525 2558965.660481398, 4335062.661379099 2583965.293816009, 4349496.2064102 2608964.927149464, 4378363.296472431 2608964.927149399, 4392796.841503611 2583965.29381589, 4378363.2964725355 2558965.6604813403))",10,0.3760608551119446,2165.0000000225527,11,0.4078689875373365,frequency,1,-1,-0.03180813242539193,0.03180813242539193
4136,"POLYGON ((4378363.296472431 2608964.927149399, 4349496.2064102 2608964.927149464, 4335062.661379074 2633964.560482802, 4349496.206410149 2658964.193815984, 4378363.296472328 2658964.19381593, 4392796.841503481 2633964.5604826864, 4378363.296472431 2608964.927149399))",1,0.201537752867448,2164.999999979262,1,0.3450555520519138,frequency,0,0,-0.1435177991844658,0.1435177991844658
4137,"POLYGON ((4378363.296472328 2658964.19381593, 4349496.206410149 2658964.193815984, 4335062.661379049 2683963.8271500566, 4349496.2064101 2708963.460482966, 4378363.296472228 2708963.4604829103, 4392796.841503354 2683963.8271499416, 4378363.296472328 2658964.19381593))",3,0.3226272168470888,2165.0000000225527,1,0.3063020976105077,frequency,2,2,0.016325119236581087,0.016325119236581087
4138,"POLYGON ((4378363.296472228 2708963.4604829103, 4349496.2064101 2708963.460482966, 4335062.661379024 2733963.093815767, 4349496.20641005 2758962.7271484104, 4378363.296472129 2758962.727148356, 4392796.84150323 2733963.093815661, 4378363.296472228 2708963.4604829103))",3,0.2953859955733591,2164.9999999792417,1,0.3034047084289192,frequency,2,2,-0.008018712855560106,0.008018712855560106
4139,"POLYGON ((4378363.296472129 2758962.727148356, 4349496.20641005 2758962.7271484104, 4335062.661379 2783962.3604819477, 4349496.206410003 2808961.9938143147, 4378363.2964720335 2808961.9938142635, 4392796.841503108 2783962.3604818336, 4378363.296472129 2758962.727148356))",1,0.4554556714704268,2165.0000000225723,2,0.2413179121153836,frequency,1,-1,0.21413775935504323,0.21413775935504323
4140,"POLYGON ((4378363.2964720335 2808961.9938142635, 4349496.206410003 2808961.9938143147, 4335062.661378977 2833961.627146582, 4349496.206409957 2858961.260479681, 4378363.29647194 2858961.260479631, 4392796.84150299 2833961.6271464727, 4378363.2964720335 2808961.9938142635))",1,0.3599656787768154,2165.0000000225527,2,0.2751749470351252,frequency,1,-1,0.08479073174169022,0.08479073174169022
4141,"POLYGON ((4378363.29647194 2858961.260479631, 4349496.206409957 2858961.260479681, 4335062.661378955 2883960.893811686, 4349496.206409912 2908960.52714352, 4378363.29647185 2908960.5271434723, 4392796.841502875 2883960.8938115817, 4378363.29647194 2858961.260479631))",11,0.2312780043572714,2164.999999979262,2,0.2408253572073083,frequency,3,-3,-0.009547352850036911,0.009547352850036911
4142,"POLYGON ((4378363.29647185 2908960.5271434723, 4349496.206409912 2908960.52714352, 4335062.661378933 2933960.1604752555, 4349496.206409868 2958959.793807832, 4378363.296471762 2958959.7938077846, 4392796.841502763 2933960.160475158, 4378363.29647185 2908960.5271434723))",2,0.3042394643623426,2165.0000000225527,1,0.2821783234691554,frequency,1,1,0.022061140893187225,0.022061140893187225
4143,"POLYGON ((4378363.296471762 2958959.7938077846, 4349496.206409868 2958959.793807832, 4335062.661378912 2983959.427139307, 4349496.206409826 3008959.060470626, 4378363.296471677 3008959.060470579, 4392796.841502654 2983959.4271392133, 4378363.296471762 2958959.7938077846))",2,0.2324309674487622,2164.999999979262,1,0.301031163659761,frequency,1,1,-0.0686001962109988,0.0686001962109988
4144,"POLYGON ((4378363.296471677 3008959.060470579, 4349496.206409826 3008959.060470626, 4335062.661378891 3033958.69380184, 4349496.206409785 3058958.3271339023, 4378363.296471595 3058958.3271338604, 4392796.84150255 3033958.693801752, 4378363.296471677 3008959.060470579))",1,0.2405113566552031,2165.0000000225527,2,0.2449452824154278,frequency,1,-1,-0.004433925760224694,0.004433925760224694
4145,"POLYGON ((4378363.296471595 3058958.3271338604, 4349496.206409785 3058958.3271339023, 4335062.661378871 3083957.960464865, 4349496.206409746 3108957.5937956763, 4378363.296471515 3108957.5937956376, 4392796.841502449 3083957.9604647746, 4378363.296471595 3058958.3271338604))",1,0.2936320600845236,2164.999999979262,2,0.2636347262526701,frequency,1,-1,0.02999733383185349,0.02999733383185349
4146,"POLYGON ((4378363.296471515 3108957.5937956376, 4349496.206409746 3108957.5937956763, 4335062.661378852 3133957.2271263865, 4349496.206409708 3158956.860457954, 4378363.296471438 3158956.860457917, 4392796.841502351 3133957.227126307, 4378363.296471515 3108957.5937956376))",1,0.4133608333323623,2165.0000000225527,2,0.2118578695966787,frequency,1,-1,0.20150296373568358,0.20150296373568358
4147,"POLYGON ((4378363.296471438 3158956.860457917, 4349496.206409708 3158956.860457954, 4335062.661378833 3183956.493788427, 4349496.206409671 3208956.1271187537, 4378363.296471365 3208956.1271187095, 4392796.841502258 3183956.4937883443, 4378363.296471438 3158956.860457917))",1,0.37963546043772,2164.999999979262,1,0.2357608864264611,frequency,0,0,0.14387457401125892,0.14387457401125892
4148,"POLYGON ((4378363.296471365 3208956.1271187095, 4349496.206409671 3208956.1271187537, 4335062.661378816 3233955.7604499822, 4349496.206409636 3258955.393780071, 4378363.296471295 3258955.3937800354, 4392796.841502167 3233955.7604499026, 4378363.296471365 3208956.1271187095))",1,0.3781884488263911,2165.0000000225527,2,0.2307013222648724,frequency,1,-1,0.1474871265615187,0.1474871265615187
4149,"POLYGON ((4378363.296471295 3258955.3937800354, 4349496.206409636 3258955.393780071, 4335062.661378799 3283955.027110069, 4349496.206409602 3308954.6604399346, 4378363.296471227 3308954.660439897, 4392796.841502081 3283955.0271099955, 4378363.296471295 3258955.3937800354))",1,0.2669686494198122,2164.999999979262,2,0.2889194929034192,frequency,1,-1,-0.021950843483606985,0.021950843483606985
4150,"POLYGON ((4378363.296471227 3308954.660439897, 4349496.206409602 3308954.6604399346, 4335062.661378783 3333954.2937707007, 4349496.206409571 3358953.927100334, 4378363.296471163 3358953.927100306, 4392796.841501999 3333954.2937706215, 4378363.296471227 3308954.660439897))",2,0.410924079637485,2165.0000000225527,2,0.3021768874076992,frequency,0,0,0.1087471922297858,0.1087471922297858
4151,"POLYGON ((4378363.296471163 3358953.927100306, 4349496.206409571 3358953.927100334, 4335062.661378767 3383953.5604298864, 4349496.20640954 3408953.193759312, 4378363.296471102 3408953.1937592756, 4392796.8415019205 3383953.560429818, 4378363.296471163 3358953.927100306))",12,0.494646059551797,2164.9999999792417,1,0.2707281866483758,frequency,1,-1,0.22391787290342124,0.22391787290342124
4152,"POLYGON ((4378363.296471102 3408953.1937592756, 4349496.20640954 3408953.193759312, 4335062.661378753 3433952.8270896473, 4349496.206409511 3458952.460418856, 4378363.2964710435 3458952.4604188264, 4392796.841501845 3433952.827089582, 4378363.296471102 3408953.1937592756))",10,0.3359670136711539,2165.0000000225723,1,0.2668474335854556,frequency,3,-3,0.0691195800856983,0.0691195800856983
4155,"POLYGON ((4378363.296470936 3558950.99373571, 4349496.206409458 3558950.993735735, 4335062.661378713 3583950.6270644786, 4349496.206409434 3608950.260394101, 4378363.296470888 3608950.2603940694, 4392796.841501645 3583950.6270644222, 4378363.296470936 3558950.99373571))",10,0.6126059573269271,2165.0000000225527,1,0.2471558463487229,frequency,3,-3,0.36545011097820423,0.36545011097820423
4157,"POLYGON ((4378363.296470841 3658949.5270510735, 4349496.2064094115 3658949.5270510935, 4335062.661378691 3683949.160379475, 4349496.20640939 3708948.793708738, 4378363.296470799 3708948.793708721, 4392796.841501529 3683949.1603794186, 4378363.296470841 3658949.5270510735))",12,0.3246903332885047,2165.0000000225527,1,0.2914441390467919,frequency,1,-1,0.03324619424171282,0.03324619424171282
4164,"POLYGON ((4378363.296470599 4008944.3936450714, 4349496.206409291 4008944.3936450924, 4335062.661378634 4033944.026972426, 4349496.206409279 4058943.660299695, 4378363.296470576 4058943.6602996853, 4392796.841501239 4033944.026972391, 4378363.296470599 4008944.3936450714))",10,0.2937440398447039,2164.9999999792417,9,0.1451140641590784,frequency,1,1,0.14862997568562547,0.14862997568562547
4165,"POLYGON ((4378363.296470576 4058943.6602996853, 4349496.206409279 4058943.660299695, 4335062.661378629 4083943.293627922, 4349496.206409268 4108942.926955077, 4378363.296470555 4108942.926955072, 4392796.84150121 4083943.2936278963, 4378363.296470576 4058943.6602996853))",9,0.3217937928531519,2165.0000000225723,11,0.2109715606801818,frequency,2,-2,0.1108222321729701,0.1108222321729701
4166,"POLYGON ((4378363.296470555 4108942.926955072, 4349496.206409268 4108942.926955077, 4335062.661378624 4133942.560282197, 4349496.206409259 4158942.1936092484, 4378363.296470535 4158942.193609231, 4392796.841501185 4133942.560282167, 4378363.296470555 4108942.926955072))",2,0.3472707082056696,2164.9999999792417,2,0.1873962761391465,frequency,0,0,0.15987443206652308,0.15987443206652308
4167,"POLYGON ((4378363.296470535 4158942.193609231, 4349496.206409259 4158942.1936092484, 4335062.661378619 4183941.8269372536, 4349496.20640925 4208941.460264214, 4378363.296470518 4208941.460264196, 4392796.841501162 4183941.8269372294, 4378363.296470535 4158942.193609231))",3,0.236366898916828,2165.0000000225723,9,0.2399897831400526,frequency,6,-6,-0.0036228842232245984,0.0036228842232245984
4168,"POLYGON ((4378363.296470518 4208941.460264196, 4349496.20640925 4208941.460264214, 4335062.661378616 4233941.093591127, 4349496.206409243 4258940.726917992, 4378363.296470503 4258940.726917975, 4392796.841501143 4233941.0935911015, 4378363.296470518 4208941.460264196))",2,0.2998485691507783,2164.9999999792417,9,0.3175267490275303,frequency,5,5,-0.01767817987675202,0.01767817987675202
4169,"POLYGON ((4378363.296470503 4258940.726917975, 4349496.206409243 4258940.726917992, 4335062.661378612 4283940.360245812, 4349496.206409237 4308939.993572588, 4378363.296470491 4308939.993572577, 4392796.841501125 4283940.3602457885, 4378363.296470503 4258940.726917975))",3,0.2300939000961263,2165.0000000225523,11,0.2162266784336217,frequency,4,4,0.013867221662504592,0.013867221662504592
4170,"POLYGON ((4378363.296470491 4308939.993572577, 4349496.206409237 4308939.993572588, 4335062.661378609 4333939.626899327, 4349496.206409232 4358939.260227036, 4378363.296470481 4358939.260227012, 4392796.841501111 4333939.626899313, 4378363.296470491 4308939.993572577))",12,0.2643690614049039,2165.0000000225527,12,0.2528242503385515,frequency,0,0,0.011544811066352412,0.011544811066352412
4171,"POLYGON ((4378363.296470481 4358939.260227012, 4349496.206409232 4358939.260227036, 4335062.661378607 4383938.893553697, 4349496.206409227 4408938.526880323, 4378363.296470472 4408938.526880315, 4392796.841501099 4383938.893553676, 4378363.296470481 4358939.260227012))",12,0.624837704026769,2164.999999979282,12,0.2777230306008376,frequency,0,0,0.3471146734259314,0.3471146734259314
4172,"POLYGON ((4378363.296470472 4408938.526880315, 4349496.206409227 4408938.526880323, 4335062.661378605 4433938.160206925, 4349496.206409224 4458937.793534477, 4378363.296470465 4458937.793534465, 4392796.841501089 4433938.160206905, 4378363.296470472 4408938.526880315))",12,0.2903571823256928,2165.0000000225527,11,0.234244025834748,frequency,1,1,0.05611315649094481,0.05611315649094481
4173,"POLYGON ((4378363.296470465 4458937.793534465, 4349496.206409224 4458937.793534477, 4335062.661378603 4483937.426861018, 4349496.2064092215 4508937.060187519, 4378363.29647046 4508937.060187505, 4392796.841501081 4483937.426861001, 4378363.296470465 4458937.793534465))",1,0.4714288049864125,2164.9999999792417,11,0.253049932786534,frequency,2,2,0.2183788721998785,0.2183788721998785
4174,"POLYGON ((4378363.29647046 4508937.060187505, 4349496.2064092215 4508937.060187519, 4335062.6613786025 4533936.693513986, 4349496.20640922 4558936.326841425, 4378363.296470457 4558936.326841424, 4392796.841501076 4533936.69351397, 4378363.29647046 4508937.060187505))",1,0.6686518049137435,2165.0000000225527,12,0.2102252986900079,frequency,1,1,0.45842650622373565,0.45842650622373565
4175,"POLYGON ((4378363.296470457 4558936.326841424, 4349496.20640922 4558936.326841425, 4335062.661378602 4583935.960167845, 4349496.206409219 4608935.593494246, 4378363.296470454 4608935.59349424, 4392796.841501073 4583935.960167841, 4378363.296470457 4558936.326841424))",1,0.6270169627593499,2164.999999979282,12,0.2548782779780594,frequency,1,1,0.37213868478129053,0.37213868478129053
4215,"POLYGON ((4421663.931567426 2183971.1604575226, 4392796.841504721 2183971.1604576623, 4378363.296473312 2208970.793794227, 4392796.841504578 2233970.4271295695, 4421663.931567224 2233970.427129428, 4436097.476598662 2208970.7937939493, 4421663.931567426 2183971.1604575226))",10,0.262282236544068,2165.0000000225523,11,0.3533482774380291,frequency,1,-1,-0.09106604089396109,0.09106604089396109
4216,"POLYGON ((4421663.931567224 2233970.427129428, 4392796.841504578 2233970.4271295695, 4378363.296473198 2258970.0604649, 4392796.841504434 2283969.693800001, 4421663.9315670235 2283969.6937998664, 4436097.476598433 2258970.0604646215, 4421663.931567224 2233970.427129428))",7,0.2024668718041281,2164.999999979262,11,0.2176209139113325,frequency,4,-4,-0.015154042107204418,0.015154042107204418
4217,"POLYGON ((4421663.9315670235 2283969.6937998664, 4392796.841504434 2283969.693800001, 4378363.296473084 2308969.32713608, 4392796.841504293 2333968.9604709344, 4421663.931566825 2333968.960470802, 4436097.476598205 2308969.327135813, 4421663.9315670235 2283969.6937998664))",2,0.6683904907206303,2165.0000000225523,2,0.1978783584974507,frequency,0,0,0.47051213222317956,0.47051213222317956
4218,"POLYGON ((4421663.931566825 2333968.960470802, 4392796.841504293 2333968.9604709344, 4378363.296472972 2358968.5938057667, 4392796.841504153 2383968.2271403717, 4421663.931566629 2383968.227140239, 4436097.47659798 2358968.5938055017, 4421663.931566825 2333968.960470802))",2,0.5187186381597215,2164.999999979262,10,0.2710122537562371,frequency,4,4,0.24770638440348441,0.24770638440348441
4220,"POLYGON ((4421663.931566435 2433967.493810159, 4392796.841504014 2433967.4938102905, 4378363.296472751 2458967.1271446045, 4392796.841503878 2483966.760479686, 4421663.931566243 2483966.7604795606, 4436097.476597535 2458967.1271443446, 4421663.931566435 2433967.493810159))",4,0.2932273014232038,2165.0000000225527,2,0.1981616015541356,frequency,2,2,0.09506569986906821,0.09506569986906821
4221,"POLYGON ((4421663.931566243 2483966.7604795606, 4392796.841503878 2483966.760479686, 4378363.296472642 2508966.393813734, 4392796.841503743 2533966.027147557, 4421663.931566055 2533966.027147429, 4436097.4765973175 2508966.3938134834, 4421663.931566243 2483966.7604795606))",10,0.6561631473157679,2164.999999979262,11,0.4160589713402098,frequency,1,-1,0.24010417597555805,0.24010417597555805
4222,"POLYGON ((4421663.931566055 2533966.027147429, 4392796.841503743 2533966.027147557, 4378363.2964725355 2558965.6604813403, 4392796.841503611 2583965.29381589, 4421663.93156587 2583965.29381577, 4436097.476597104 2558965.6604810916, 4421663.931566055 2533966.027147429))",10,0.3991252118791035,2165.0000000225527,10,0.3041311686224079,frequency,0,0,0.09499404325669558,0.09499404325669558
4223,"POLYGON ((4421663.93156587 2583965.29381577, 4392796.841503611 2583965.29381589, 4378363.296472431 2608964.927149399, 4392796.841503481 2633964.5604826864, 4421663.931565687 2633964.5604825662, 4436097.476596894 2608964.9271491608, 4421663.93156587 2583965.29381577))",10,0.4646181185960281,2164.999999979262,1,0.2765582743683971,frequency,3,-3,0.188059844227631,0.188059844227631
4224,"POLYGON ((4421663.931565687 2633964.5604825662, 4392796.841503481 2633964.5604826864, 4378363.296472328 2658964.19381593, 4392796.841503354 2683963.8271499416, 4421663.931565509 2683963.827149828, 4436097.476596688 2658964.193815695, 4421663.931565687 2633964.5604825662))",1,0.1963311871390929,2165.0000000225527,1,0.3557001241935267,frequency,0,0,-0.1593689370544338,0.1593689370544338
4225,"POLYGON ((4421663.931565509 2683963.827149828, 4392796.841503354 2683963.8271499416, 4378363.296472228 2708963.4604829103, 4392796.84150323 2733963.093815661, 4421663.931565334 2733963.0938155474, 4436097.476596487 2708963.4604826793, 4421663.931565509 2683963.827149828))",1,0.2153368714234736,2164.999999979262,1,0.3198150844737518,frequency,0,0,-0.10447821305027818,0.10447821305027818
4226,"POLYGON ((4421663.931565334 2733963.0938155474, 4392796.84150323 2733963.093815661, 4378363.296472129 2758962.727148356, 4392796.841503108 2783962.3604818336, 4421663.931565165 2783962.3604817265, 4436097.476596289 2758962.7271481347, 4421663.931565334 2733963.0938155474))",2,0.4499702080648058,2165.0000000225527,1,0.3163864113561725,frequency,1,1,0.1335837967086333,0.1335837967086333
4227,"POLYGON ((4421663.931565165 2783962.3604817265, 4392796.841503108 2783962.3604818336, 4378363.2964720335 2808961.9938142635, 4392796.84150299 2833961.6271464727, 4421663.931564999 2833961.627146369, 4436097.4765960965 2808961.993814047, 4421663.931565165 2783962.3604817265))",2,0.3758209997901367,2164.999999979262,1,0.2825578786285071,frequency,1,1,0.0932631211616296,0.0932631211616296
4228,"POLYGON ((4421663.931564999 2833961.627146369, 4392796.84150299 2833961.6271464727, 4378363.29647194 2858961.260479631, 4392796.841502875 2883960.8938115817, 4421663.931564837 2883960.893811482, 4436097.476595909 2858961.260479427, 4421663.931564999 2833961.627146369))",2,0.2576705552733689,2165.0000000225523,2,0.2351849242982986,frequency,0,0,0.02248563097507031,0.02248563097507031
4229,"POLYGON ((4421663.931564837 2883960.893811482, 4392796.841502875 2883960.8938115817, 4378363.29647185 2908960.5271434723, 4392796.841502763 2933960.160475158, 4421663.93156468 2933960.1604750617, 4436097.476595728 2908960.527143274, 4421663.931564837 2883960.893811482))",2,0.355341804596721,2164.999999979262,2,0.2267117214273731,frequency,0,0,0.1286300831693479,0.1286300831693479
4230,"POLYGON ((4421663.93156468 2933960.1604750617, 4392796.841502763 2933960.160475158, 4378363.296471762 2958959.7938077846, 4392796.841502654 2983959.4271392133, 4421663.9315645285 2983959.427139118, 4436097.476595551 2958959.793807593, 4421663.93156468 2933960.1604750617))",9,0.2117988494250485,2165.0000000225523,2,0.2267117214273731,frequency,5,-5,-0.014912872002324579,0.014912872002324579
4231,"POLYGON ((4421663.9315645285 2983959.427139118, 4392796.841502654 2983959.4271392133, 4378363.296471677 3008959.060470579, 4392796.84150255 3033958.693801752, 4421663.931564381 3033958.693801651, 4436097.47659538 3008959.060470393, 4421663.9315645285 2983959.427139118))",1,0.2637936218905594,2164.999999979262,1,0.2284851655762649,frequency,0,0,0.035308456314294495,0.035308456314294495
4232,"POLYGON ((4421663.931564381 3033958.693801651, 4392796.84150255 3033958.693801752, 4378363.296471595 3058958.3271338604, 4392796.841502449 3083957.9604647746, 4421663.931564239 3083957.960464687, 4436097.476595215 3058958.327133679, 4421663.931564381 3033958.693801651))",4,0.2174140325991314,2165.0000000225523,1,0.2289590566315443,frequency,3,3,-0.01154502403241292,0.01154502403241292
4233,"POLYGON ((4421663.931564239 3083957.960464687, 4392796.841502449 3083957.9604647746, 4378363.296471515 3108957.5937956376, 4392796.841502351 3133957.227126307, 4421663.931564103 3133957.227126218, 4436097.476595055 3108957.59379546, 4421663.931564239 3083957.960464687))",1,0.2970682485674035,2164.999999979262,2,0.254174544730819,frequency,1,-1,0.042893703836584474,0.042893703836584474
4234,"POLYGON ((4421663.931564103 3133957.227126218, 4392796.841502351 3133957.227126307, 4378363.296471438 3158956.860457917, 4392796.841502258 3183956.4937883443, 4421663.931563971 3183956.4937882624, 4436097.476594903 3158956.8604577496, 4421663.931564103 3133957.227126218))",1,0.5694611845100326,2165.0000000225523,2,0.2835089308310135,frequency,1,-1,0.2859522536790191,0.2859522536790191
4235,"POLYGON ((4421663.931563971 3183956.4937882624, 4392796.841502258 3183956.4937883443, 4378363.296471365 3208956.1271187095, 4392796.841502167 3233955.7604499026, 4421663.931563845 3233955.760449824, 4436097.4765947545 3208956.1271185474, 4421663.931563971 3183956.4937882624))",1,0.5896792587587295,2165.0000000225527,2,0.3170721412983299,frequency,1,-1,0.2726071174603996,0.2726071174603996
4236,"POLYGON ((4421663.931563845 3233955.760449824, 4392796.841502167 3233955.7604499026, 4378363.296471295 3258955.3937800354, 4392796.841502081 3283955.0271099955, 4421663.931563724 3283955.027109918, 4436097.476594614 3258955.3937798813, 4421663.931563845 3233955.760449824))",4,0.1814479703465933,2164.999999979262,1,0.2695678962706405,frequency,3,3,-0.08811992592404719,0.08811992592404719
4237,"POLYGON ((4421663.931563724 3283955.027109918, 4392796.841502081 3283955.0271099955, 4378363.296471227 3308954.660439897, 4392796.841501999 3333954.2937706215, 4421663.931563608 3333954.2937705517, 4436097.476594478 3308954.660439749, 4421663.931563724 3283955.027109918))",1,0.2516649568029419,2165.0000000225527,2,0.3167094554673051,frequency,1,-1,-0.06504449866436324,0.06504449866436324
4238,"POLYGON ((4421663.931563608 3333954.2937705517, 4392796.841501999 3333954.2937706215, 4378363.296471163 3358953.927100306, 4392796.8415019205 3383953.560429818, 4421663.931563498 3383953.56042975, 4436097.476594349 3358953.9271001676, 4421663.931563608 3333954.2937705517))",2,0.1971277719821658,2164.999999979262,1,0.2582242141957406,frequency,1,1,-0.0610964422135748,0.0610964422135748
4239,"POLYGON ((4421663.931563498 3383953.56042975, 4392796.8415019205 3383953.560429818, 4378363.296471102 3408953.1937592756, 4392796.841501845 3433952.827089582, 4421663.931563393 3433952.827089516, 4436097.476594226 3408953.1937591364, 4421663.931563498 3383953.56042975))",12,0.205037549513203,2165.0000000225527,11,0.2096926677308866,frequency,1,1,-0.004655118217683607,0.004655118217683607
4250,"POLYGON ((4421663.931562634 3933945.4936616383, 4392796.841501305 3933945.4936616714, 4378363.296470626 3958945.126989211, 4392796.8415012695 3983944.760317661, 4421663.931562586 3983944.7603176264, 4436097.476593271 3958945.126989145, 4421663.931562634 3933945.4936616383))",12,0.3501411730919372,2165.0000000225527,1,0.3317284861372861,frequency,1,-1,0.018412686954651092,0.018412686954651092
4251,"POLYGON ((4421663.931562586 3983944.7603176264, 4392796.8415012695 3983944.760317661, 4378363.296470599 4008944.3936450714, 4392796.841501239 4033944.026972391, 4421663.931562541 4033944.02697236, 4436097.476593217 4008944.393645005, 4421663.931562586 3983944.7603176264))",1,0.2756614855416073,2164.999999979262,11,0.2307145329693284,frequency,2,2,0.0449469525722789,0.0449469525722789
4252,"POLYGON ((4421663.931562541 4033944.02697236, 4392796.841501239 4033944.026972391, 4378363.296470576 4058943.6602996853, 4392796.84150121 4083943.2936278963, 4421663.931562501 4083943.2936278633, 4436097.476593169 4058943.660299617, 4421663.931562541 4033944.02697236))",9,0.24848340311013,2165.0000000225527,9,0.1524947105236628,frequency,0,0,0.0959886925864672,0.0959886925864672
4253,"POLYGON ((4421663.931562501 4083943.2936278633, 4392796.84150121 4083943.2936278963, 4378363.296470555 4108942.926955072, 4392796.841501185 4133942.560282167, 4421663.931562466 4133942.5602821405, 4436097.476593126 4108942.926955018, 4421663.931562501 4083943.2936278633))",9,0.1933327671404958,2164.999999979262,11,0.2131887914377835,frequency,2,-2,-0.019856024297287694,0.019856024297287694
4254,"POLYGON ((4421663.931562466 4133942.5602821405, 4392796.841501185 4133942.560282167, 4378363.296470535 4158942.193609231, 4392796.841501162 4183941.8269372294, 4421663.931562434 4183941.8269372047, 4436097.476593087 4158942.193609176, 4421663.931562466 4133942.5602821405))",2,0.2361361674042439,2165.0000000225527,9,0.2202655124659752,frequency,5,5,0.015870654938268697,0.015870654938268697
4255,"POLYGON ((4421663.931562434 4183941.8269372047, 4392796.841501162 4183941.8269372294, 4378363.296470518 4208941.460264196, 4392796.841501143 4233941.0935911015, 4421663.931562407 4233941.093591079, 4436097.476593054 4208941.460264149, 4421663.931562434 4183941.8269372047))",9,0.3451825191525807,2164.999999979282,9,0.2641163829915295,frequency,0,0,0.08106613616105118,0.08106613616105118
4256,"POLYGON ((4421663.931562407 4233941.093591079, 4392796.841501143 4233941.0935911015, 4378363.296470503 4258940.726917975, 4392796.841501125 4283940.3602457885, 4421663.931562383 4283940.360245767, 4436097.476593024 4258940.726917931, 4421663.931562407 4233941.093591079))",9,0.1914487050211616,2165.0000000225527,9,0.156215572872217,frequency,0,0,0.03523313214894461,0.03523313214894461
4257,"POLYGON ((4421663.931562383 4283940.360245767, 4392796.841501125 4283940.3602457885, 4378363.296470491 4308939.993572577, 4392796.841501111 4333939.626899313, 4421663.931562362 4333939.626899294, 4436097.476592999 4308939.993572538, 4421663.931562383 4283940.360245767))",4,0.1834249121429764,2164.999999979241,11,0.2390107463565434,frequency,5,5,-0.055585834213567,0.055585834213567
4258,"POLYGON ((4421663.931562362 4333939.626899294, 4392796.841501111 4333939.626899313, 4378363.296470481 4358939.260227012, 4392796.841501099 4383938.893553676, 4421663.9315623455 4383938.893553664, 4436097.4765929775 4358939.260226981, 4421663.931562362 4333939.626899294))",12,0.3923620545218622,2165.0000000225527,12,0.241471515687306,frequency,0,0,0.1508905388345562,0.1508905388345562
4259,"POLYGON ((4421663.9315623455 4383938.893553664, 4392796.841501099 4383938.893553676, 4378363.296470472 4408938.526880315, 4392796.841501089 4433938.160206905, 4421663.9315623315 4433938.160206886, 4436097.47659296 4408938.526880277, 4421663.9315623455 4383938.893553664))",12,0.352324244013963,2164.9999999792417,12,0.3245302414535023,frequency,0,0,0.027794002560460718,0.027794002560460718
4260,"POLYGON ((4421663.9315623315 4433938.160206886, 4392796.841501089 4433938.160206905, 4378363.296470465 4458937.793534465, 4392796.841501081 4483937.426861001, 4421663.931562321 4483937.426860981, 4436097.476592946 4458937.793534443, 4421663.9315623315 4433938.160206886))",12,0.4418553938345346,2165.000000022593,11,0.2254114007966313,frequency,1,1,0.2164439930379033,0.2164439930379033
4261,"POLYGON ((4421663.931562321 4483937.426860981, 4392796.841501081 4483937.426861001, 4378363.29647046 4508937.060187505, 4392796.841501076 4533936.69351397, 4421663.931562314 4533936.6935139615, 4436097.476592936 4508937.060187476, 4421663.931562321 4483937.426860981))",12,0.2329466443308157,2164.999999979241,11,0.2777479990602597,frequency,1,1,-0.04480135472944402,0.04480135472944402
4262,"POLYGON ((4421663.931562314 4533936.6935139615, 4392796.841501076 4533936.69351397, 4378363.296470457 4558936.326841424, 4392796.841501073 4583935.960167841, 4421663.931562308 4583935.960167827, 4436097.476592929 4558936.326841395, 4421663.931562314 4533936.6935139615))",1,0.3533757017796533,2165.0000000225527,11,0.2306930282282105,frequency,2,2,0.12268267355144277,0.12268267355144277
4263,"POLYGON ((4421663.931562308 4583935.960167827, 4392796.841501073 4583935.960167841, 4378363.296470454 4608935.59349424, 4392796.841501071 4633935.226820601, 4421663.931562306 4633935.226820597, 4436097.476592924 4608935.59349421, 4421663.931562308 4583935.960167827))",11,0.6101854827596802,2164.9999999792417,12,0.2111316331102042,frequency,1,-1,0.399053849649476,0.399053849649476
4264,"POLYGON ((4421663.931562306 4633935.226820597, 4392796.841501071 4633935.226820601, 4378363.296470454 4658934.860147968, 4392796.841501071 4683934.493474289, 4421663.931562306 4683934.493474283, 4436097.4765929235 4658934.860147931, 4421663.931562306 4633935.226820597))",11,0.6467362342975411,2165.000000022593,12,0.2423582218565633,frequency,1,-1,0.4043780124409778,0.4043780124409778
4302,"POLYGON ((4464964.56666163 2158971.5271215905, 4436097.476598893 2158971.527121799, 4421663.931567426 2183971.1604575226, 4436097.476598662 2208970.7937939493, 4464964.566661341 2208970.793793737, 4479398.111692839 2183971.1604571, 4464964.56666163 2158971.5271215905))",2,0.1938150046090962,2165.0000000225527,11,0.2901612185484433,frequency,3,3,-0.09634621393934709,0.09634621393934709
4303,"POLYGON ((4464964.566661341 2208970.793793737, 4436097.476598662 2208970.7937939493, 4421663.931567224 2233970.427129428, 4436097.476598433 2258970.0604646215, 4464964.566661053 2258970.060464414, 4479398.111692522 2233970.4271290153, 4464964.566661341 2208970.793793737))",4,0.2249703213895295,2164.999999979262,1,0.2501973021833723,frequency,3,3,-0.025226980793842835,0.025226980793842835
4304,"POLYGON ((4464964.566661053 2258970.060464414, 4436097.476598433 2258970.0604646215, 4421663.9315670235 2283969.6937998664, 4436097.476598205 2308969.327135813, 4464964.566660768 2308969.32713561, 4479398.111692208 2283969.6937994547, 4464964.566661053 2258970.060464414))",2,0.4602553004775884,2165.0000000225527,11,0.2970140538357181,frequency,3,3,0.16324124664187029,0.16324124664187029
4305,"POLYGON ((4464964.566660768 2308969.32713561, 4436097.476598205 2308969.327135813, 4421663.931566825 2333968.960470802, 4436097.47659798 2358968.5938055017, 4464964.566660486 2358968.593805305, 4479398.111691895 2333968.9604703975, 4464964.566660768 2308969.32713561))",2,0.3129947492700486,2164.999999979262,11,0.2825409332830296,frequency,3,3,0.030453815987019017,0.030453815987019017
4306,"POLYGON ((4464964.566660486 2358968.593805305, 4436097.47659798 2358968.5938055017, 4421663.931566629 2383968.227140239, 4436097.476597756 2408967.860475686, 4464964.566660207 2408967.860475486, 4479398.111691586 2383968.227139849, 4464964.566660486 2358968.593805305))",2,0.5613322449123337,2165.0000000225527,2,0.1866607228334545,frequency,0,0,0.3746715220788792,0.3746715220788792
4308,"POLYGON ((4464964.566659931 2458967.127144155, 4436097.476597535 2458967.1271443446, 4421663.931566243 2483966.7604795606, 4436097.4765973175 2508966.3938134834, 4464964.566659659 2508966.3938132953, 4479398.1116909785 2483966.7604791825, 4464964.566659931 2458967.127144155))",10,0.6592176136525003,2165.0000000225527,2,0.1981616015541356,frequency,4,-4,0.4610560120983647,0.4610560120983647
4309,"POLYGON ((4464964.566659659 2508966.3938132953, 4436097.4765973175 2508966.3938134834, 4421663.931566055 2533966.027147429, 4436097.476597104 2558965.6604810916, 4464964.566659392 2558965.660480904, 4479398.111690682 2533966.0271470603, 4464964.566659659 2508966.3938132953))",10,0.6414122490286746,2164.999999979262,11,0.4171358521313377,frequency,1,-1,0.22427639689733686,0.22427639689733686
4310,"POLYGON ((4464964.566659392 2558965.660480904, 4436097.476597104 2558965.6604810916, 4421663.93156587 2583965.29381577, 4436097.476596894 2608964.9271491608, 4464964.566659128 2608964.9271489866, 4479398.11169039 2583965.293815406, 4464964.566659392 2558965.660480904))",10,0.5814433499621959,2165.0000000225527,11,0.34094431242897,frequency,1,-1,0.24049903753322593,0.24049903753322593
4311,"POLYGON ((4464964.566659128 2608964.9271489866, 4436097.476596894 2608964.9271491608, 4421663.931565687 2633964.5604825662, 4436097.476596688 2658964.193815695, 4464964.566658871 2658964.1938155186, 4479398.111690104 2633964.5604822147, 4464964.566659128 2608964.9271489866))",10,0.4422663856759421,2164.999999979262,11,0.2260881431835872,frequency,1,-1,0.21617824249235493,0.21617824249235493
4312,"POLYGON ((4464964.566658871 2658964.1938155186, 4436097.476596688 2658964.193815695, 4421663.931565509 2683963.827149828, 4436097.476596487 2708963.4604826793, 4464964.566658619 2708963.460482513, 4479398.111689824 2683963.8271494806, 4464964.566658871 2658964.1938155186))",2,0.2785938866665274,2165.0000000225527,1,0.262996331609749,frequency,1,1,0.0155975550567784,0.0155975550567784
4313,"POLYGON ((4464964.566658619 2708963.460482513, 4436097.476596487 2708963.4604826793, 4421663.931565334 2733963.0938155474, 4436097.476596289 2758962.7271481347, 4464964.566658372 2758962.727147974, 4479398.111689549 2733963.093815213, 4464964.566658619 2708963.460482513))",2,0.4778889268282262,2164.9999999792417,1,0.3304096855204468,frequency,1,1,0.1474792413077794,0.1474792413077794
4314,"POLYGON ((4464964.566658372 2758962.727147974, 4436097.476596289 2758962.7271481347, 4421663.931565165 2783962.3604817265, 4436097.4765960965 2808961.993814047, 4464964.566658132 2808961.993813886, 4479398.111689281 2783962.360481402, 4464964.566658372 2758962.727147974))",11,0.4471723202482055,2165.0000000225723,1,0.3163864113561725,frequency,2,-2,0.130785908892033,0.130785908892033
4315,"POLYGON ((4464964.566658132 2808961.993813886, 4436097.4765960965 2808961.993814047, 4421663.931564999 2833961.627146369, 4436097.476595909 2858961.260479427, 4464964.566657897 2858961.2604792765, 4479398.11168902 2833961.6271460527, 4464964.566658132 2808961.993813886))",2,0.3152871504892939,2165.0000000225527,2,0.2837690556601209,frequency,0,0,0.031518094829173005,0.031518094829173005
4316,"POLYGON ((4464964.566657897 2858961.2604792765, 4436097.476595909 2858961.260479427, 4421663.931564837 2883960.893811482, 4436097.476595728 2908960.527143274, 4464964.56665767 2908960.5271431175, 4479398.111688766 2883960.8938111695, 4464964.566657897 2858961.2604792765))",1,0.327457385855244,2164.999999979262,1,0.2473321424229103,frequency,0,0,0.08012524343233368,0.08012524343233368
4317,"POLYGON ((4464964.56665767 2908960.5271431175, 4436097.476595728 2908960.527143274, 4421663.93156468 2933960.1604750617, 4436097.476595551 2958959.793807593, 4464964.566657449 2958959.793807448, 4479398.111688519 2933960.1604747605, 4464964.56665767 2908960.5271431175))",1,0.3590085409283107,2165.0000000225527,1,0.2063368709826925,frequency,0,0,0.1526716699456182,0.1526716699456182
4318,"POLYGON ((4464964.566657449 2958959.793807448, 4436097.476595551 2958959.793807593, 4421663.9315645285 2983959.427139118, 4436097.47659538 3008959.060470393, 4464964.566657235 3008959.060470258, 4479398.11168828 2983959.427138832, 4464964.566657449 2958959.793807448))",1,0.2515511635457043,2164.999999979262,2,0.2213941538837589,frequency,1,-1,0.030157009661945372,0.030157009661945372
4319,"POLYGON ((4464964.566657235 3008959.060470258, 4436097.47659538 3008959.060470393, 4421663.931564381 3033958.693801651, 4436097.476595215 3058958.327133679, 4464964.566657028 3058958.3271335447, 4479398.111688048 3033958.6938013807, 4464964.566657235 3008959.060470258))",9,0.2440032937278514,2165.0000000225527,3,0.1865202947699682,frequency,6,6,0.0574829989578832,0.0574829989578832
4320,"POLYGON ((4464964.566657028 3058958.3271335447, 4436097.476595215 3058958.327133679, 4421663.931564239 3083957.960464687, 4436097.476595055 3108957.59379546, 4464964.566656829 3108957.593795332, 4479398.111687824 3083957.9604644165, 4464964.566657028 3058958.3271335447))",1,0.387150061680788,2164.999999979262,3,0.2025030686633993,frequency,2,-2,0.18464699301738874,0.18464699301738874
4321,"POLYGON ((4464964.566656829 3108957.593795332, 4436097.476595055 3108957.59379546, 4421663.931564103 3133957.227126218, 4436097.476594903 3158956.8604577496, 4464964.566656637 3158956.8604576243, 4479398.111687609 3133957.227125961, 4464964.566656829 3108957.593795332))",2,0.2263296124024295,2165.0000000225527,2,0.254174544730819,frequency,0,0,-0.027844932328389527,0.027844932328389527
4322,"POLYGON ((4464964.566656637 3158956.8604576243, 4436097.476594903 3158956.8604577496, 4421663.931563971 3183956.4937882624, 4436097.4765947545 3208956.1271185474, 4464964.566656452 3208956.1271184324, 4479398.111687401 3183956.493788015, 4464964.566656637 3158956.8604576243))",2,0.2101586451464426,2164.999999979262,2,0.2539517777966686,frequency,0,0,-0.043793132650226,0.043793132650226
4323,"POLYGON ((4464964.566656452 3208956.1271184324, 4436097.4765947545 3208956.1271185474, 4421663.931563845 3233955.760449824, 4436097.476594614 3258955.3937798813, 4464964.566656276 3258955.3937797616, 4479398.111687203 3233955.7604495836, 4464964.566656452 3208956.1271184324))",1,0.2518779095974702,2165.0000000225527,2,0.2648733291161556,frequency,1,-1,-0.01299541951868538,0.01299541951868538
4324,"POLYGON ((4464964.566656276 3258955.3937797616, 4436097.476594614 3258955.3937798813, 4421663.931563724 3283955.027109918, 4436097.476594478 3308954.660439749, 4464964.566656106 3308954.6604396324, 4479398.111687012 3283955.0271096923, 4464964.566656276 3258955.3937797616))",2,0.2501410899434982,2164.999999979262,2,0.2939097102742052,frequency,0,0,-0.043768620330707,0.043768620330707
4325,"POLYGON ((4464964.566656106 3308954.6604396324, 4436097.476594478 3308954.660439749, 4421663.931563608 3333954.2937705517, 4436097.476594349 3358953.9271001676, 4464964.566655945 3358953.9271000526, 4479398.11168683 3333954.2937703393, 4464964.566656106 3308954.6604396324))",10,0.3290715431050801,2165.0000000225527,1,0.2695678962706405,frequency,3,-3,0.059503646834439594,0.059503646834439594
4326,"POLYGON ((4464964.566655945 3358953.9271000526, 4436097.476594349 3358953.9271001676, 4421663.931563498 3383953.56042975, 4436097.476594226 3408953.1937591364, 4464964.56665579 3408953.1937590465, 4479398.111686656 3383953.5604295437, 4464964.566655945 3358953.9271000526))",10,0.3326738867409813,2164.9999999792417,1,0.3315031401602046,frequency,3,-3,0.0011707465807767048,0.0011707465807767048
4330,"POLYGON ((4464964.566655375 3558950.9937355123, 4436097.476593895 3558950.9937355937, 4421663.931563111 3583950.6270643603, 4436097.476593796 3608950.2603939655, 4464964.566655252 3608950.260393883, 4479398.111686047 3583950.627064195, 4464964.566655375 3558950.9937355123))",1,0.4016017958658052,2165.0000000225527,1,0.2776790254570982,frequency,0,0,0.12392277040870697,0.12392277040870697
4331,"POLYGON ((4464964.566655252 3608950.260393883, 4436097.476593796 3608950.2603939655, 4421663.931563028 3633949.893722541, 4436097.476593704 3658949.527050968, 4464964.566655137 3658949.5270508863, 4479398.111685916 3633949.8937223884, 4464964.566655252 3608950.260393883))",3,0.4445525687982047,2164.999999979262,1,0.2254259181698376,frequency,2,2,0.21912665062836711,0.21912665062836711
4335,"POLYGON ((4464964.566654834 3808947.32702186, 4436097.476593462 3808947.3270219313, 4421663.931562746 3833946.960349834, 4436097.476593393 3858946.593677616, 4464964.566654747 3858946.5936775557, 4479398.111685472 3833946.9603497097, 4464964.566654834 3808947.32702186))",1,0.3361075445828458,2164.999999979262,1,0.4192262268054311,frequency,0,0,-0.08311868222258528,0.08311868222258528
4336,"POLYGON ((4464964.566654747 3858946.5936775557, 4436097.476593393 3858946.593677616, 4421663.931562688 3883946.227005376, 4436097.476593329 3908945.8603340164, 4464964.566654667 3908945.8603339614, 4479398.111685379 3883946.227005258, 4464964.566654747 3858946.5936775557))",1,0.4052545319257878,2165.0000000225527,1,0.4259698963733662,frequency,0,0,-0.020715364447578377,0.020715364447578377
4337,"POLYGON ((4464964.566654667 3908945.8603339614, 4436097.476593329 3908945.8603340164, 4421663.931562634 3933945.4936616383, 4436097.476593271 3958945.126989145, 4464964.566654594 3958945.1269890885, 4479398.111685296 3933945.493661524, 4464964.566654667 3908945.8603339614))",1,0.4409210898612234,2164.999999979262,1,0.4717647463029354,frequency,0,0,-0.030843656441711997,0.030843656441711997
4338,"POLYGON ((4464964.566654594 3958945.1269890885, 4436097.476593271 3958945.126989145, 4421663.931562586 3983944.7603176264, 4436097.476593217 4008944.393645005, 4464964.566654528 4008944.3936449513, 4479398.111685218 3983944.76031752, 4464964.566654594 3958945.1269890885))",6,0.1774071071861768,2165.0000000225527,1,0.2765740860173819,frequency,5,5,-0.09916697883120512,0.09916697883120512
4339,"POLYGON ((4464964.566654528 4008944.3936449513, 4436097.476593217 4008944.393645005, 4421663.931562541 4033944.02697236, 4436097.476593169 4058943.660299617, 4464964.566654467 4058943.6602995778, 4479398.111685148 4033944.026972267, 4464964.566654528 4008944.3936449513))",6,0.2473152949191839,2164.9999999792417,12,0.2054813933806341,frequency,6,-6,0.041833901538549795,0.041833901538549795
4340,"POLYGON ((4464964.566654467 4058943.6602995778, 4436097.476593169 4058943.660299617, 4421663.931562501 4083943.2936278633, 4436097.476593126 4108942.926955018, 4464964.566654413 4108942.9269549698, 4479398.111685086 4083943.2936277715, 4464964.566654467 4058943.6602995778))",10,0.2496869604761619,2165.0000000225723,11,0.1934908376082025,frequency,1,-1,0.056196122867959414,0.056196122867959414
4341,"POLYGON ((4464964.566654413 4108942.9269549698, 4436097.476593126 4108942.926955018, 4421663.931562466 4133942.5602821405, 4436097.476593087 4158942.193609176, 4464964.566654365 4158942.1936091403, 4479398.111685029 4133942.560282061, 4464964.566654413 4108942.9269549698))",9,0.1962499962716338,2164.9999999792417,11,0.1843696841550631,frequency,2,-2,0.011880312116570702,0.011880312116570702
4342,"POLYGON ((4464964.566654365 4158942.1936091403, 4436097.476593087 4158942.193609176, 4421663.931562434 4183941.8269372047, 4436097.476593054 4208941.460264149, 4464964.566654323 4208941.460264109, 4479398.111684979 4183941.8269371316, 4464964.566654365 4158942.1936091403))",6,0.3024416345371941,2165.0000000225723,11,0.1843696841550631,frequency,5,-5,0.11807195038213097,0.11807195038213097
4343,"POLYGON ((4464964.566654323 4208941.460264109, 4436097.476593054 4208941.460264149, 4421663.931562407 4233941.093591079, 4436097.476593024 4258940.726917931, 4464964.566654285 4258940.726917895, 4479398.111684935 4233941.093591008, 4464964.566654323 4208941.460264109))",11,0.1519941753963334,2164.9999999792417,2,0.1668621078247235,frequency,3,-3,-0.014867932428390102,0.014867932428390102
4344,"POLYGON ((4464964.566654285 4258940.726917895, 4436097.476593024 4258940.726917931, 4421663.931562383 4283940.360245767, 4436097.476592999 4308939.993572538, 4464964.566654254 4308939.993572503, 4479398.111684898 4283940.3602457065, 4464964.566654285 4258940.726917895))",10,0.3042389329916,2165.0000000225523,2,0.1861809721034688,frequency,4,-4,0.1180579608881312,0.1180579608881312
4345,"POLYGON ((4464964.566654254 4308939.993572503, 4436097.476592999 4308939.993572538, 4421663.931562362 4333939.626899294, 4436097.4765929775 4358939.260226981, 4464964.566654227 4358939.260226952, 4479398.111684865 4333939.626899231, 4464964.566654254 4308939.993572503))",12,0.2290042423382755,2165.0000000225527,12,0.2577553895637842,frequency,0,0,-0.0287511472255087,0.0287511472255087
4346,"POLYGON ((4464964.566654227 4358939.260226952, 4436097.4765929775 4358939.260226981, 4421663.9315623455 4383938.893553664, 4436097.47659296 4408938.526880277, 4464964.566654205 4408938.526880261, 4479398.111684838 4383938.893553605, 4464964.566654227 4358939.260226952))",12,0.3950384076552149,2164.999999979282,11,0.2696467985670654,frequency,1,1,0.1253916090881495,0.1253916090881495
4347,"POLYGON ((4464964.566654205 4408938.526880261, 4436097.47659296 4408938.526880277, 4421663.9315623315 4433938.160206886, 4436097.476592946 4458937.793534443, 4464964.566654188 4458937.793534409, 4479398.111684817 4433938.160206839, 4464964.566654205 4408938.526880261))",12,0.4887507681451475,2165.0000000225527,12,0.2920146938416992,frequency,0,0,0.1967360743034483,0.1967360743034483
4348,"POLYGON ((4464964.566654188 4458937.793534409, 4436097.476592946 4458937.793534443, 4421663.931562321 4483937.426860981, 4436097.476592936 4508937.060187476, 4464964.566654175 4508937.060187454, 4479398.1116848 4483937.426860937, 4464964.566654188 4458937.793534409))",12,0.3482795696763699,2164.9999999792417,1,0.2384673882658474,frequency,1,-1,0.10981218141052251,0.10981218141052251
4349,"POLYGON ((4464964.566654175 4508937.060187454, 4436097.476592936 4508937.060187476, 4421663.931562314 4533936.6935139615, 4436097.476592929 4558936.326841395, 4464964.566654165 4558936.326841374, 4479398.111684788 4533936.693513916, 4464964.566654175 4508937.060187454))",1,0.2666225858440434,2165.0000000225527,12,0.2628633890151022,frequency,1,1,0.0037591968289412137,0.0037591968289412137
4350,"POLYGON ((4464964.566654165 4558936.326841374, 4436097.476592929 4558936.326841395, 4421663.931562308 4583935.960167827, 4436097.476592924 4608935.59349421, 4464964.566654161 4608935.593494193, 4479398.111684781 4583935.960167785, 4464964.566654165 4558936.326841374))",11,0.2313466429902598,2164.999999979282,11,0.2638021126699538,frequency,0,0,-0.03245546967969398,0.03245546967969398
4351,"POLYGON ((4464964.566654161 4608935.593494193, 4436097.476592924 4608935.59349421, 4421663.931562306 4633935.226820597, 4436097.4765929235 4658934.860147931, 4464964.566654159 4658934.8601479195, 4479398.111684777 4633935.226820555, 4464964.566654161 4608935.593494193))",11,0.4764631972845408,2165.0000000225527,11,0.2119997388522556,frequency,0,0,0.2644634584322852,0.2644634584322852
4352,"POLYGON ((4464964.566654159 4658934.8601479195, 4436097.4765929235 4658934.860147931, 4421663.931562306 4683934.493474283, 4436097.476592924 4708934.126800582, 4464964.566654161 4708934.1268005585, 4479398.111684777 4683934.493474246, 4464964.566654159 4658934.8601479195))",11,0.3538817057142267,2164.9999999792417,12,0.2234366748917458,frequency,1,-1,0.13044503082248093,0.13044503082248093
4353,"POLYGON ((4464964.566654161 4708934.1268005585, 4436097.476592924 4708934.126800582, 4421663.931562309 4733933.760127882, 4436097.476592928 4758933.393454153, 4464964.566654165 4758933.3934541335, 4479398.11168478 4733933.7601278545, 4464964.566654161 4708934.1268005585))",12,0.5415004188415697,2165.0000000225523,11,0.2118047076061841,frequency,1,1,0.32969571123538566,0.32969571123538566
4354,"POLYGON ((4464964.566654165 4758933.3934541335, 4436097.476592928 4758933.393454153, 4421663.931562313 4783933.026780422, 4436097.476592935 4808932.660106662, 4464964.566654174 4808932.66010664, 4479398.111684787 4783933.026780387, 4464964.566654165 4758933.3934541335))",12,0.3511926991566249,2164.999999979282,12,0.2538565378290595,frequency,0,0,0.0973361613275654,0.0973361613275654
4389,"POLYGON ((4508265.201755927 2133971.893785429, 4479398.111693158 2133971.893785716, 4464964.56666163 2158971.5271215905, 4479398.111692839 2183971.1604571, 4508265.201755551 2183971.1604568157, 4522698.746787109 2158971.527121024, 4508265.201755927 2133971.893785429))",1,0.2514561498796522,2164.999999979262,11,0.3663415261522632,frequency,2,2,-0.11488537627261097,0.11488537627261097
4390,"POLYGON ((4508265.201755551 2183971.1604568157, 4479398.111692839 2183971.1604571, 4464964.566661341 2208970.793793737, 4479398.111692522 2233970.4271290153, 4508265.201755175 2233970.427128735, 4522698.746786704 2208970.7937931768, 4508265.201755551 2183971.1604568157))",10,0.2276725059627626,2165.0000000225523,11,0.3912025212756729,frequency,1,-1,-0.1635300153129103,0.1635300153129103
4391,"POLYGON ((4508265.201755175 2233970.427128735, 4479398.111692522 2233970.4271290153, 4464964.566661053 2258970.060464414, 4479398.111692208 2283969.6937994547, 4508265.201754804 2283969.6937991804, 4522698.746786302 2258970.0604638653, 4508265.201755175 2233970.427128735))",2,0.3665259403982606,2164.999999979262,11,0.3783830394160652,frequency,3,3,-0.011857099017804629,0.011857099017804629
4392,"POLYGON ((4508265.201754804 2283969.6937991804, 4479398.111692208 2283969.6937994547, 4464964.566660768 2308969.32713561, 4479398.111691895 2333968.9604703975, 4508265.201754434 2333968.9604701325, 4522698.746785903 2308969.327135068, 4508265.201754804 2283969.6937991804))",2,0.6740126810967438,2165.0000000225523,11,0.2832523143786663,frequency,3,3,0.3907603667180775,0.3907603667180775
4393,"POLYGON ((4508265.201754434 2333968.9604701325, 4479398.111691895 2333968.9604703975, 4464964.566660486 2358968.593805305, 4479398.111691586 2383968.227139849, 4508265.201754069 2383968.2271395773, 4522698.746785508 2358968.5938047664, 4508265.201754434 2333968.9604701325))",3,0.2455885737022202,2164.999999979262,2,0.225260740497722,frequency,1,1,0.020327833204498214,0.020327833204498214
4396,"POLYGON ((4508265.201753351 2483966.7604789305, 4479398.1116909785 2483966.7604791825, 4464964.566659659 2508966.3938132953, 4479398.111690682 2533966.0271470603, 4508265.201753 2533966.0271468116, 4522698.746784348 2508966.393812792, 4508265.201753351 2483966.7604789305))",10,0.739389236803957,2164.999999979262,11,0.2330218593142723,frequency,1,-1,0.5063673774896846,0.5063673774896846
4397,"POLYGON ((4508265.201753 2533966.0271468116, 4479398.111690682 2533966.0271470603, 4464964.566659392 2558965.660480904, 4479398.11169039 2583965.293815406, 4508265.201752655 2583965.293815161, 4522698.746783974 2558965.660480415, 4508265.201753 2533966.0271468116))",10,0.5153886969455757,2165.0000000225527,11,0.4205862717727742,frequency,1,-1,0.09480242517280146,0.09480242517280146
4398,"POLYGON ((4508265.201752655 2583965.293815161, 4479398.11169039 2583965.293815406, 4464964.566659128 2608964.9271489866, 4479398.111690104 2633964.5604822147, 4508265.201752316 2633964.5604819786, 4522698.746783605 2608964.9271485014, 4508265.201752655 2583965.293815161))",10,0.5505988667721976,2164.999999979262,11,0.2841398312381609,frequency,1,-1,0.2664590355340367,0.2664590355340367
4399,"POLYGON ((4508265.201752316 2633964.5604819786, 4479398.111690104 2633964.5604822147, 4464964.566658871 2658964.1938155186, 4479398.111689824 2683963.8271494806, 4508265.201751985 2683963.827149248, 4522698.7467832435 2658964.19381505, 4508265.201752316 2633964.5604819786))",10,0.2828809979488932,2165.0000000225527,1,0.4353963526260042,frequency,3,-3,-0.15251535467711097,0.15251535467711097
4400,"POLYGON ((4508265.201751985 2683963.827149248, 4479398.111689824 2683963.8271494806, 4464964.566658619 2708963.460482513, 4479398.111689549 2733963.093815213, 4508265.20175166 2733963.093814988, 4522698.74678289 2708963.4604820614, 4508265.201751985 2683963.827149248))",2,0.4353760850841182,2164.999999979262,1,0.3301671592192474,frequency,1,1,0.1052089258648708,0.1052089258648708
4401,"POLYGON ((4508265.20175166 2733963.093814988, 4479398.111689549 2733963.093815213, 4464964.566658372 2758962.727147974, 4479398.111689281 2783962.360481402, 4508265.201751343 2783962.3604811835, 4522698.746782544 2758962.727147525, 4508265.20175166 2733963.093814988))",2,0.3475885949416636,2165.0000000225527,1,0.3430450518232173,frequency,1,1,0.0045435431184462916,0.0045435431184462916
4402,"POLYGON ((4508265.201751343 2783962.3604811835, 4479398.111689281 2783962.360481402, 4464964.566658132 2808961.993813886, 4479398.11168902 2833961.6271460527, 4508265.201751034 2833961.6271458413, 4522698.746782207 2808961.993813461, 4508265.201751343 2783962.3604811835))",2,0.3139580207653392,2164.999999979262,1,0.3141821995950416,frequency,1,1,-0.0002241788297024372,0.0002241788297024372
4403,"POLYGON ((4508265.201751034 2833961.6271458413, 4479398.11168902 2833961.6271460527, 4464964.566657897 2858961.2604792765, 4479398.111688766 2883960.8938111695, 4508265.201750733 2883960.8938109684, 4522698.746781879 2858961.260478856, 4508265.201751034 2833961.6271458413))",2,0.3621805826593008,2165.0000000225523,1,0.2375402524959916,frequency,1,1,0.12464033016330922,0.12464033016330922
4404,"POLYGON ((4508265.201750733 2883960.8938109684, 4479398.111688766 2883960.8938111695, 4464964.56665767 2908960.5271431175, 4479398.111688519 2933960.1604747605, 4508265.201750441 2933960.160474566, 4522698.74678156 2908960.5271427166, 4508265.201750733 2883960.8938109684))",2,0.3717713479748951,2164.999999979262,1,0.2352564053141526,frequency,1,1,0.1365149426607425,0.1365149426607425
4405,"POLYGON ((4508265.201750441 2933960.160474566, 4479398.111688519 2933960.1604747605, 4464964.566657449 2958959.793807448, 4479398.11168828 2983959.427138832, 4508265.201750158 2983959.427138641, 4522698.74678125 2958959.793807056, 4508265.201750441 2933960.160474566))",3,0.2187809164305905,2165.0000000225523,1,0.2352564053141526,frequency,2,2,-0.016475488883562095,0.016475488883562095
4406,"POLYGON ((4508265.201750158 2983959.427138641, 4479398.11168828 2983959.427138832, 4464964.566657235 3008959.060470258, 4479398.111688048 3033958.6938013807, 4508265.201749885 3033958.693801189, 4522698.74678095 3008959.060469877, 4508265.201750158 2983959.427138641))",1,0.1949930021438511,2164.999999979262,1,0.1912609408201258,frequency,0,0,0.0037320613237253053,0.0037320613237253053
4407,"POLYGON ((4508265.201749885 3033958.693801189, 4479398.111688048 3033958.6938013807, 4464964.566657028 3058958.3271335447, 4479398.111687824 3083957.9604644165, 4508265.20174962 3083957.9604642387, 4522698.74678066 3058958.327133176, 4508265.201749885 3033958.693801189))",10,0.2328583646795438,2165.0000000225523,3,0.1944487893700393,frequency,5,-5,0.03840957530950451,0.03840957530950451
4408,"POLYGON ((4508265.20174962 3083957.9604642387, 4479398.111687824 3083957.9604644165, 4464964.566656829 3108957.593795332, 4479398.111687609 3133957.227125961, 4508265.201749366 3133957.2271257853, 4522698.746780381 3108957.5937949778, 4508265.20174962 3083957.9604642387))",4,0.2978017896358083,2164.999999979262,10,0.2108484822127511,frequency,6,-6,0.08695330742305718,0.08695330742305718
4410,"POLYGON ((4508265.201749121 3183956.4937878503, 4479398.111687401 3183956.493788015, 4464964.566656452 3208956.1271184324, 4479398.111687203 3233955.7604495836, 4508265.201748885 3233955.7604494276, 4522698.746779853 3208956.1271181046, 4508265.201749121 3183956.4937878503))",2,0.1941075052415889,2165.0000000225527,2,0.2541849154956068,frequency,0,0,-0.06007741025401789,0.06007741025401789
4411,"POLYGON ((4508265.201748885 3233955.7604494276, 4479398.111687203 3233955.7604495836, 4464964.566656276 3258955.3937797616, 4479398.111687012 3283955.0271096923, 4508265.20174866 3283955.02710954, 4522698.746779604 3258955.393779459, 4508265.201748885 3233955.7604494276))",3,0.210096876469618,2164.999999979262,2,0.2524175936900938,frequency,1,1,-0.04232071722047581,0.04232071722047581
4412,"POLYGON ((4508265.20174866 3283955.02710954, 4479398.111687012 3283955.0271096923, 4464964.566656106 3308954.6604396324, 4479398.11168683 3333954.2937703393, 4508265.201748445 3333954.293770191, 4522698.746779366 3308954.6604393404, 4508265.20174866 3283955.02710954))",2,0.2563260754529357,2165.0000000225527,1,0.2961966903826457,frequency,1,1,-0.03987061492971,0.03987061492971
4413,"POLYGON ((4508265.201748445 3333954.293770191, 4479398.11168683 3333954.2937703393, 4464964.566655945 3358953.9271000526, 4479398.111686656 3383953.5604295437, 4508265.201748239 3383953.5604294045, 4522698.74677914 3358953.9270997774, 4508265.201748445 3333954.293770191))",10,0.3109903096313843,2164.999999979262,1,0.2701198149150673,frequency,3,-3,0.040870494716316985,0.040870494716316985
4414,"POLYGON ((4508265.201748239 3383953.5604294045, 4479398.111686656 3383953.5604295437, 4464964.56665579 3408953.1937590465, 4479398.111686491 3433952.8270893157, 4508265.201748044 3433952.827089186, 4522698.746778924 3408953.1937587676, 4508265.201748239 3383953.5604294045))",2,0.2533870605720613,2165.0000000225527,1,0.2968631701576459,frequency,1,1,-0.04347610958558462,0.04347610958558462
4415,"POLYGON ((4508265.201748044 3433952.827089186, 4479398.111686491 3433952.8270893157, 4464964.566655645 3458952.460418602, 4479398.111686335 3483952.09374767, 4508265.201747859 3483952.093747547, 4522698.746778719 3458952.460418348, 4508265.201748044 3433952.827089186))",2,0.6343222294280413,2164.999999979262,1,0.3601765130500711,frequency,1,1,0.2741457163779702,0.2741457163779702
4419,"POLYGON ((4508265.2017473625 3633949.8937222776, 4479398.111685916 3633949.8937223884, 4464964.566655137 3658949.5270508863, 4479398.111685793 3683949.160379215, 4508265.201747217 3683949.1603791155, 4522698.746778007 3658949.5270506777, 4508265.2017473625 3633949.8937222776))",2,0.4163305096754732,2164.999999979262,1,0.290305431141556,frequency,1,1,0.1260250785339172,0.1260250785339172
4421,"POLYGON ((4508265.20174708 3733948.42703661, 4479398.111685677 3733948.4270367017, 4464964.566654928 3758948.0603648666, 4479398.11168557 3783947.693692861, 4508265.201746954 3783947.6936927703, 4522698.746777712 3758948.0603646752, 4508265.20174708 3733948.42703661))",11,0.3263192519914152,2164.999999979262,1,0.3786213857728845,frequency,2,-2,-0.05230213378146931,0.05230213378146931
4422,"POLYGON ((4508265.201746954 3783947.6936927703, 4479398.11168557 3783947.693692861, 4464964.566654834 3808947.32702186, 4479398.111685472 3833946.9603497097, 4508265.201746836 3833946.960349622, 4522698.746777581 3808947.327021689, 4508265.201746954 3783947.6936927703))",12,0.3759057816433457,2165.0000000225523,1,0.3330954130366327,frequency,1,-1,0.042810368606713,0.042810368606713
4423,"POLYGON ((4508265.201746836 3833946.960349622, 4479398.111685472 3833946.9603497097, 4464964.566654747 3858946.5936775557, 4479398.111685379 3883946.227005258, 4508265.201746727 3883946.2270051744, 4522698.746777459 3858946.5936773964, 4508265.201746836 3833946.960349622))",12,0.3714627252313159,2164.999999979262,1,0.3194837358676721,frequency,1,-1,0.05197898936364381,0.05197898936364381
4424,"POLYGON ((4508265.201746727 3883946.2270051744, 4479398.111685379 3883946.227005258, 4464964.566654667 3908945.8603339614, 4479398.111685296 3933945.493661524, 4508265.201746628 3933945.4936614423, 4522698.746777346 3908945.8603338064, 4508265.201746727 3883946.2270051744))",1,0.2170488116711689,2165.0000000225523,1,0.386137581221036,frequency,0,0,-0.16908876954986707,0.16908876954986707
4425,"POLYGON ((4508265.201746628 3933945.4936614423, 4479398.111685296 3933945.493661524, 4464964.566654594 3958945.1269890885, 4479398.111685218 3983944.76031752, 4508265.201746536 3983944.760317456, 4522698.746777244 3958945.1269889507, 4508265.201746628 3933945.4936614423))",1,0.1813706268999213,2165.0000000225527,1,0.2376998884232199,frequency,0,0,-0.05632926152329859,0.05632926152329859
4426,"POLYGON ((4508265.201746536 3983944.760317456, 4479398.111685218 3983944.76031752, 4464964.566654528 4008944.3936449513, 4479398.111685148 4033944.026972267, 4508265.201746454 4033944.026972197, 4522698.746777151 4008944.393644815, 4508265.201746536 3983944.760317456))",9,0.2478355934985956,2164.999999979262,11,0.2036063760548067,frequency,2,-2,0.04422921744378891,0.04422921744378891
4427,"POLYGON ((4508265.201746454 4033944.026972197, 4479398.111685148 4033944.026972267, 4464964.566654467 4058943.6602995778, 4479398.111685086 4083943.2936277715, 4508265.201746379 4083943.293627713, 4522698.746777065 4058943.6602994544, 4508265.201746454 4033944.026972197))",7,0.2118599472683254,2165.0000000225527,11,0.213200269192259,frequency,4,-4,-0.0013403219239336017,0.0013403219239336017
4428,"POLYGON ((4508265.201746379 4083943.293627713, 4479398.111685086 4083943.2936277715, 4464964.566654413 4108942.9269549698, 4479398.111685029 4133942.560282061, 4508265.201746313 4133942.5602820027, 4522698.74677699 4108942.926954843, 4508265.201746379 4083943.293627713))",9,0.170665577616943,2164.999999979262,11,0.2026447663207294,frequency,2,-2,-0.03197918870378638,0.03197918870378638
4429,"POLYGON ((4508265.201746313 4133942.5602820027, 4479398.111685029 4133942.560282061, 4464964.566654365 4158942.1936091403, 4479398.111684979 4183941.8269371316, 4508265.201746253 4183941.8269370752, 4522698.746776922 4158942.193609031, 4508265.201746313 4133942.5602820027))",11,0.2067190266874028,2165.0000000225527,11,0.1930757444136644,frequency,0,0,0.0136432822737384,0.0136432822737384
4430,"POLYGON ((4508265.201746253 4183941.8269370752, 4479398.111684979 4183941.8269371316, 4464964.566654323 4208941.460264109, 4479398.111684935 4233941.093591008, 4508265.201746201 4233941.093590959, 4522698.746776861 4208941.460264018, 4508265.201746253 4183941.8269370752))",3,0.1727253767798446,2164.999999979282,2,0.1668710470044288,frequency,1,1,0.005854329775415779,0.005854329775415779
4431,"POLYGON ((4508265.201746201 4233941.093590959, 4479398.111684935 4233941.093591008, 4464964.566654285 4258940.726917895, 4479398.111684898 4283940.3602457065, 4508265.201746156 4283940.360245661, 4522698.746776809 4258940.726917807, 4508265.201746201 4233941.093590959))",2,0.2578399489752128,2165.0000000225527,2,0.1976084595174213,frequency,0,0,0.0602314894577915,0.0602314894577915
4432,"POLYGON ((4508265.201746156 4283940.360245661, 4479398.111684898 4283940.3602457065, 4464964.566654254 4308939.993572503, 4479398.111684865 4333939.626899231, 4508265.201746119 4333939.6268991865, 4522698.746776764 4308939.993572423, 4508265.201746156 4283940.360245661))",4,0.1861186237377278,2164.999999979241,11,0.2523404357830425,frequency,5,5,-0.06622181204531469,0.06622181204531469
4433,"POLYGON ((4508265.201746119 4333939.6268991865, 4479398.111684865 4333939.626899231, 4464964.566654227 4358939.260226952, 4479398.111684838 4383938.893553605, 4508265.201746087 4383938.893553564, 4522698.746776726 4358939.260226882, 4508265.201746119 4333939.6268991865))",12,0.6632866228692664,2165.0000000225527,4,0.2393357680642415,frequency,4,-4,0.4239508548050249,0.4239508548050249
4434,"POLYGON ((4508265.201746087 4383938.893553564, 4479398.111684838 4383938.893553605, 4464964.566654205 4408938.526880261, 4479398.111684817 4433938.160206839, 4508265.201746061 4433938.160206797, 4522698.746776696 4408938.526880176, 4508265.201746087 4383938.893553564))",2,0.3213808006356683,2164.9999999792417,4,0.2251780266965498,frequency,2,-2,0.09620277393911852,0.09620277393911852
4435,"POLYGON ((4508265.201746061 4433938.160206797, 4479398.111684817 4433938.160206839, 4464964.566654188 4458937.793534409, 4479398.1116848 4483937.426860937, 4508265.201746041 4483937.426860908, 4522698.746776671 4458937.793534344, 4508265.201746061 4433938.160206797))",12,0.3615918702026691,2165.000000022593,4,0.2180329762118986,frequency,4,-4,0.1435588939907705,0.1435588939907705
4436,"POLYGON ((4508265.201746041 4483937.426860908, 4479398.1116848 4483937.426860937, 4464964.566654175 4508937.060187454, 4479398.111684788 4533936.693513916, 4508265.201746027 4533936.693513879, 4522698.7467766525 4508937.060187387, 4508265.201746041 4483937.426860908))",1,0.3326699159228511,2164.999999979241,11,0.2546450715712209,frequency,2,2,0.07802484435163021,0.07802484435163021
4437,"POLYGON ((4508265.201746027 4533936.693513879, 4479398.111684788 4533936.693513916, 4464964.566654165 4558936.326841374, 4479398.111684781 4583935.960167785, 4508265.201746018 4583935.9601677535, 4522698.7467766395 4558936.326841321, 4508265.201746027 4533936.693513879))",1,0.3711905421852287,2165.0000000225527,11,0.2748550174366019,frequency,2,2,0.09633552474862678,0.09633552474862678
4438,"POLYGON ((4508265.201746018 4583935.9601677535, 4479398.111684781 4583935.960167785, 4464964.566654161 4608935.593494193, 4479398.111684777 4633935.226820555, 4508265.201746012 4633935.226820543, 4522698.746776632 4608935.593494149, 4508265.201746018 4583935.9601677535))",11,0.5323900353632874,2164.9999999792417,12,0.2123206871162957,frequency,1,-1,0.32006934824699174,0.32006934824699174
4439,"POLYGON ((4508265.201746012 4633935.226820543, 4479398.111684777 4633935.226820555, 4464964.566654159 4658934.8601479195, 4479398.111684777 4683934.493474246, 4508265.201746012 4683934.49347423, 4522698.746776629 4658934.86014788, 4508265.201746012 4633935.226820543))",11,0.5619209911562539,2165.000000022593,11,0.1977842979607605,frequency,0,0,0.36413669319549347,0.36413669319549347
4440,"POLYGON ((4508265.201746012 4683934.49347423, 4479398.111684777 4683934.493474246, 4464964.566654161 4708934.1268005585, 4479398.11168478 4733933.7601278545, 4508265.201746017 4733933.7601278275, 4522698.746776631 4708934.126800527, 4508265.201746012 4683934.49347423))",10,0.351837053758275,2165.0000000225527,12,0.2787108920620463,frequency,2,-2,0.07312616169622871,0.07312616169622871
4441,"POLYGON ((4508265.201746017 4733933.7601278275, 4479398.11168478 4733933.7601278545, 4464964.566654165 4758933.3934541335, 4479398.111684787 4783933.026780387, 4508265.201746024 4783933.02678038, 4522698.746776638 4758933.393454098, 4508265.201746017 4733933.7601278275))",12,0.3072129742929952,2164.999999979241,1,0.2396719181910185,frequency,1,-1,0.06754105610197672,0.06754105610197672
4442,"POLYGON ((4508265.201746024 4783933.02678038, 4479398.111684787 4783933.026780387, 4464964.566654174 4808932.66010664, 4479398.111684796 4833932.293433875, 4508265.201746035 4833932.29343386, 4522698.746776648 4808932.66010661, 4508265.201746024 4783933.02678038))",12,0.473363205533453,2165.0000000225527,12,0.2543570820788955,frequency,0,0,0.2190061234545575,0.2190061234545575
4443,"POLYGON ((4508265.201746035 4833932.29343386, 4479398.111684796 4833932.293433875, 4464964.566654183 4858931.926760092, 4479398.111684809 4883931.560086297, 4508265.20174605 4883931.560086285, 4522698.746776663 4858931.926760065, 4508265.201746035 4833932.29343386))",2,0.510173147773226,2164.999999979282,1,0.2163231472720679,frequency,1,1,0.29385000050115806,0.29385000050115806
4446,"POLYGON ((4508265.201746089 4983930.093392005, 4479398.111684842 4983930.0933920145, 4464964.566654228 5008929.726718186, 4479398.111684861 5033929.360045337, 4508265.201746111 5033929.360045328, 4522698.746776723 5008929.726718162, 4508265.201746089 4983930.093392005))",1,0.6826415384858978,2165.0000000225527,1,0.2489886356860173,frequency,0,0,0.4336529027998805,0.4336529027998805
4475,"POLYGON ((4551565.836850784 2058972.9937759994, 4522698.746787922 2058972.993776364, 4508265.201756304 2083972.6271126023, 4522698.7467875155 2108972.2604494123, 4551565.836850319 2108972.260449051, 4565999.381881968 2083972.62711188, 4551565.836850784 2058972.9937759994))",11,0.6024095552943723,2165.0000000225527,11,0.2541298447610371,frequency,0,0,0.34827971053333523,0.34827971053333523
4476,"POLYGON ((4551565.836850319 2108972.260449051, 4522698.7467875155 2108972.2604494123, 4508265.201755927 2133971.893785429, 4522698.746787109 2158971.527121024, 4551565.836849855 2158971.527120664, 4565999.3818814745 2133971.8937847195, 4551565.836850319 2108972.260449051))",12,0.2301588299974802,2164.999999979262,11,0.4686097468287449,frequency,1,1,-0.2384509168312647,0.2384509168312647
4477,"POLYGON ((4551565.836849855 2158971.527120664, 4522698.746787109 2158971.527121024, 4508265.201755551 2183971.1604568157, 4522698.746786704 2208970.7937931768, 4551565.836849392 2208970.793792825, 4565999.381880983 2183971.1604561103, 4551565.836849855 2158971.527120664))",5,0.1853790965475776,2165.0000000225527,11,0.4188122817995087,frequency,6,-6,-0.2334331852519311,0.2334331852519311
4478,"POLYGON ((4551565.836849392 2208970.793792825, 4522698.746786704 2208970.7937931768, 4508265.201755175 2233970.427128735, 4522698.746786302 2258970.0604638653, 4551565.836848932 2258970.06046352, 4565999.381880492 2233970.427128044, 4551565.836849392 2208970.793792825))",2,0.4398254942652849,2164.999999979262,10,0.2298475599141612,frequency,4,4,0.2099779343511237,0.2099779343511237
4479,"POLYGON ((4551565.836848932 2258970.06046352, 4522698.746786302 2258970.0604638653, 4508265.201754804 2283969.6937991804, 4522698.746785903 2308969.327135068, 4551565.836848476 2308969.3271347284, 4565999.381880006 2283969.693798496, 4551565.836848932 2258970.06046352))",2,0.5061557881839777,2165.0000000225527,11,0.2654131198694316,frequency,3,3,0.24074266831454605,0.24074266831454605
4484,"POLYGON ((4551565.836846698 2508966.393812483, 4522698.746784348 2508966.393812792, 4508265.201753 2533966.0271468116, 4522698.746783974 2558965.660480415, 4551565.83684627 2558965.660480112, 4565999.381877646 2533966.027146193, 4551565.836846698 2508966.393812483))",10,0.5262283769065529,2164.999999979262,11,0.3372556579019524,frequency,1,-1,0.1889727190046005,0.1889727190046005
4485,"POLYGON ((4551565.83684627 2558965.660480112, 4522698.746783974 2558965.660480415, 4508265.201752655 2583965.293815161, 4522698.746783605 2608964.9271485014, 4551565.836845849 2608964.9271482034, 4565999.381877194 2583965.2938145576, 4551565.83684627 2558965.660480112))",10,0.5827114958815371,2165.0000000225527,11,0.4620338824847156,frequency,1,-1,0.12067761339682154,0.12067761339682154
4486,"POLYGON ((4551565.836845849 2608964.9271482034, 4522698.746783605 2608964.9271485014, 4508265.201752316 2633964.5604819786, 4522698.7467832435 2658964.19381505, 4551565.836845435 2658964.1938147596, 4565999.38187675 2633964.5604813886, 4551565.836845849 2608964.9271482034))",10,0.584556029920141,2164.999999979262,11,0.2815732864021399,frequency,1,-1,0.3029827435180011,0.3029827435180011
4487,"POLYGON ((4551565.836845435 2658964.1938147596, 4522698.7467832435 2658964.19381505, 4508265.201751985 2683963.827149248, 4522698.74678289 2708963.4604820614, 4551565.836845031 2708963.460481775, 4565999.381876316 2683963.827148672, 4551565.836845435 2658964.1938147596))",10,0.2310260374025776,2165.0000000225527,11,0.2815732864021399,frequency,1,-1,-0.05054724899956231,0.05054724899956231
4488,"POLYGON ((4551565.836845031 2708963.460481775, 4522698.74678289 2708963.4604820614, 4508265.20175166 2733963.093814988, 4522698.746782544 2758962.727147525, 4551565.836844636 2758962.727147253, 4565999.381875891 2733963.093814425, 4551565.836845031 2708963.460481775))",2,0.284706665857411,2164.9999999792417,1,0.3049289349539709,frequency,1,1,-0.020222269096559886,0.020222269096559886
4489,"POLYGON ((4551565.836844636 2758962.727147253, 4522698.746782544 2758962.727147525, 4508265.201751343 2783962.3604811835, 4522698.746782207 2808961.993813461, 4551565.836844251 2808961.9938131934, 4565999.381875476 2783962.3604806415, 4551565.836844636 2758962.727147253))",1,0.4108954083844693,2165.0000000225723,1,0.3959247226505772,frequency,0,0,0.014970685733892097,0.014970685733892097
4490,"POLYGON ((4551565.836844251 2808961.9938131934, 4522698.746782207 2808961.993813461, 4508265.201751034 2833961.6271458413, 4522698.746781879 2858961.260478856, 4551565.836843874 2858961.260478594, 4565999.381875072 2833961.627145315, 4551565.836844251 2808961.9938131934))",1,0.3484264429827534,2165.0000000225527,1,0.2480349117436331,frequency,0,0,0.10039153123912029,0.10039153123912029
4491,"POLYGON ((4551565.836843874 2858961.260478594, 4522698.746781879 2858961.260478856, 4508265.201750733 2883960.8938109684, 4522698.74678156 2908960.5271427166, 4551565.83684351 2908960.527142466, 4565999.381874679 2883960.893810457, 4551565.836843874 2858961.260478594))",1,0.344399904025215,2164.999999979262,1,0.2278976263237294,frequency,0,0,0.11650227770148558,0.11650227770148558
4492,"POLYGON ((4551565.83684351 2908960.527142466, 4522698.74678156 2908960.5271427166, 4508265.201750441 2933960.160474566, 4522698.74678125 2958959.793807056, 4551565.836843156 2958959.7938068095, 4565999.381874296 2933960.1604740703, 4551565.83684351 2908960.527142466))",2,0.3327996008976387,2165.0000000225527,1,0.2128582460938426,frequency,1,1,0.11994135480379611,0.11994135480379611
4493,"POLYGON ((4551565.836843156 2958959.7938068095, 4522698.74678125 2958959.793807056, 4508265.201750158 2983959.427138641, 4522698.74678095 3008959.060469877, 4551565.836842813 3008959.0604696427, 4565999.381873925 2983959.427138159, 4551565.836843156 2958959.7938068095))",1,0.3000379396855516,2164.999999979262,1,0.1912609408201258,frequency,0,0,0.1087769988654258,0.1087769988654258
4494,"POLYGON ((4551565.836842813 3008959.0604696427, 4522698.74678095 3008959.060469877, 4508265.201749885 3033958.693801189, 4522698.74678066 3058958.327133176, 4551565.836842481 3058958.3271329547, 4565999.381873567 3033958.693800734, 4551565.836842813 3008959.0604696427))",10,0.5660262550604022,2165.0000000225527,2,0.1847728426891675,frequency,4,-4,0.38125341237123467,0.38125341237123467
4495,"POLYGON ((4551565.836842481 3058958.3271329547, 4522698.74678066 3058958.327133176, 4508265.20174962 3083957.9604642387, 4522698.746780381 3108957.5937949778, 4551565.836842161 3108957.59379476, 4565999.38187322 3083957.960463797, 4551565.836842481 3058958.3271329547))",10,0.1492033296846352,2164.999999979262,1,0.235760886426461,frequency,3,-3,-0.0865575567418258,0.0865575567418258
4496,"POLYGON ((4551565.836842161 3108957.59379476, 4522698.746780381 3108957.5937949778, 4508265.201749366 3133957.2271257853, 4522698.746780111 3158956.8604572853, 4551565.836841853 3158956.860457073, 4565999.381872887 3133957.227125365, 4551565.836842161 3108957.59379476))",2,0.3111689121116771,2165.0000000225527,1,0.2288815524382585,frequency,1,1,0.08228735967341858,0.08228735967341858
4497,"POLYGON ((4551565.836841853 3158956.860457073, 4522698.746780111 3158956.8604572853, 4508265.201749121 3183956.4937878503, 4522698.746779853 3208956.1271181046, 4551565.836841556 3208956.127117907, 4565999.3818725655 3183956.493787437, 4551565.836841853 3158956.860457073))",3,0.1926879079034723,2164.999999979262,2,0.2526817385358348,frequency,1,1,-0.05999383063236252,0.05999383063236252
4498,"POLYGON ((4551565.836841556 3208956.127117907, 4522698.746779853 3208956.1271181046, 4508265.201748885 3233955.7604494276, 4522698.746779604 3258955.393779459, 4551565.836841273 3258955.393779265, 4565999.381872257 3233955.76044903, 4551565.836841556 3208956.127117907))",2,0.233130910995341,2165.0000000225527,1,0.2162816298423121,frequency,1,1,0.01684928115302889,0.01684928115302889
4499,"POLYGON ((4551565.836841273 3258955.393779265, 4522698.746779604 3258955.393779459, 4508265.20174866 3283955.02710954, 4522698.746779366 3308954.6604393404, 4551565.836841001 3308954.660439153, 4565999.381871961 3283955.027109163, 4551565.836841273 3258955.393779265))",10,0.2285306794140975,2164.999999979262,2,0.3327282426250906,frequency,4,-4,-0.1041975632109931,0.1041975632109931
4500,"POLYGON ((4551565.836841001 3308954.660439153, 4522698.746779366 3308954.6604393404, 4508265.201748445 3333954.293770191, 4522698.74677914 3358953.9270997774, 4551565.836840742 3358953.927099595, 4565999.38187168 3333954.293769832, 4551565.836841001 3308954.660439153))",2,0.2597954044055499,2165.0000000225527,2,0.2786470725693328,frequency,0,0,-0.01885166816378292,0.01885166816378292
4501,"POLYGON ((4551565.836840742 3358953.927099595, 4522698.74677914 3358953.9270997774, 4508265.201748239 3383953.5604294045, 4522698.746778924 3408953.1937587676, 4551565.8368404955 3408953.1937585985, 4565999.381871411 3383953.5604290594, 4551565.836840742 3358953.927099595))",9,0.2293855831716146,2164.9999999792417,1,0.3148248195417071,frequency,4,-4,-0.08543923637009251,0.08543923637009251
4502,"POLYGON ((4551565.8368404955 3408953.1937585985, 4522698.746778924 3408953.1937587676, 4508265.201748044 3433952.827089186, 4522698.746778719 3458952.460418348, 4551565.83684026 3458952.4604181857, 4565999.3818711545 3433952.82708885, 4551565.8368404955 3408953.1937585985))",1,0.2872276860664039,2165.0000000225723,1,0.3148248195417071,frequency,0,0,-0.02759713347530318,0.02759713347530318
4503,"POLYGON ((4551565.83684026 3458952.4604181857, 4522698.746778719 3458952.460418348, 4508265.201747859 3483952.093747547, 4522698.7467785245 3508951.7270765086, 4551565.836840038 3508951.727076353, 4565999.381870911 3483952.093747234, 4551565.83684026 3458952.4604181857))",12,0.351298289559685,2164.9999999792417,2,0.2762609910330368,frequency,2,-2,0.0750372985266482,0.0750372985266482
4506,"POLYGON ((4551565.83683963 3608950.26039352, 4522698.746778169 3608950.260393667, 4508265.2017473625 3633949.8937222776, 4522698.746778007 3658949.5270506777, 4551565.836839444 3658949.527050549, 4565999.38187026 3633949.893722006, 4551565.83683963 3608950.26039352))",1,0.4838455084122148,2164.999999979262,1,0.3308600771288938,frequency,0,0,0.15298543128332098,0.15298543128332098
4507,"POLYGON ((4551565.836839444 3658949.527050549, 4522698.746778007 3658949.5270506777, 4508265.201747217 3683949.1603791155, 4522698.746777854 3708948.793708352, 4551565.83683927 3708948.793708229, 4565999.38187007 3683949.160378863, 4551565.836839444 3658949.527050549))",1,0.3817758960881299,2165.0000000225527,1,0.302271177270701,frequency,0,0,0.07950471881742888,0.07950471881742888
4508,"POLYGON ((4551565.83683927 3708948.793708229, 4522698.746777854 3708948.793708352, 4508265.20174708 3733948.42703661, 4522698.746777712 3758948.0603646752, 4551565.836839108 3758948.060364562, 4565999.381869891 3733948.427036366, 4551565.83683927 3708948.793708229))",3,0.2560662400314581,2164.999999979262,1,0.3462144589867221,frequency,2,2,-0.09014821895526398,0.09014821895526398
4509,"POLYGON ((4551565.836839108 3758948.060364562, 4522698.746777712 3758948.0603646752, 4508265.201746954 3783947.6936927703, 4522698.746777581 3808947.327021689, 4551565.836838957 3808947.3270215755, 4565999.381869724 3783947.6936925454, 4551565.836839108 3758948.060364562))",12,0.4795909971156638,2165.0000000225527,1,0.3493304884254731,frequency,1,-1,0.13026050869019068,0.13026050869019068
4510,"POLYGON ((4551565.836838957 3808947.3270215755, 4522698.746777581 3808947.327021689, 4508265.201746836 3833946.960349622, 4522698.746777459 3858946.5936773964, 4551565.836838817 3858946.593677286, 4565999.381869569 3833946.960349414, 4551565.836838957 3808947.3270215755))",12,0.2984611955001019,2164.999999979262,1,0.3584500823564436,frequency,1,-1,-0.05998888685634168,0.05998888685634168
4511,"POLYGON ((4551565.836838817 3858946.593677286, 4522698.746777459 3858946.5936773964, 4508265.201746727 3883946.2270051744, 4522698.746777346 3908945.8603338064, 4551565.836838689 3908945.8603337076, 4565999.381869427 3883946.2270049765, 4551565.836838817 3858946.593677286))",1,0.2468951538978799,2165.0000000225527,1,0.4268887637345884,frequency,0,0,-0.1799936098367085,0.1799936098367085
4512,"POLYGON ((4551565.836838689 3908945.8603337076, 4522698.746777346 3908945.8603338064, 4508265.201746628 3933945.4936614423, 4522698.746777244 3958945.1269889507, 4551565.836838571 3958945.12698885, 4565999.381869296 3933945.4936612626, 4551565.836838689 3908945.8603337076))",1,0.2492559081109151,2164.999999979262,1,0.384033946596845,frequency,0,0,-0.13477803848592987,0.13477803848592987
4513,"POLYGON ((4551565.836838571 3958945.12698885, 4522698.746777244 3958945.1269889507, 4508265.201746536 3983944.760317456, 4522698.746777151 4008944.393644815, 4551565.836838464 4008944.3936447343, 4565999.3818691755 3983944.760317281, 4551565.836838571 3958945.12698885))",9,0.1437767070320671,2165.0000000225527,1,0.3466143552125408,frequency,4,-4,-0.2028376481804737,0.2028376481804737
4514,"POLYGON ((4551565.836838464 4008944.3936447343, 4522698.746777151 4008944.393644815, 4508265.201746454 4033944.026972197, 4522698.746777065 4058943.6602994544, 4551565.836838366 4058943.6602993724, 4565999.381869067 4033944.0269720377, 4551565.836838464 4008944.3936447343))",5,0.1943506609688953,2164.9999999792417,11,0.2137675745029897,frequency,6,-6,-0.019416913534094388,0.019416913534094388
4515,"POLYGON ((4551565.836838366 4058943.6602993724, 4522698.746777065 4058943.6602994544, 4508265.201746379 4083943.293627713, 4522698.74677699 4108942.926954843, 4551565.836838279 4108942.9269547807, 4565999.381868969 4083943.2936275653, 4551565.836838366 4058943.6602993724))",4,0.1618531855813826,2165.0000000225723,11,0.2033815502268876,frequency,5,5,-0.041528364645504995,0.041528364645504995
4516,"POLYGON ((4551565.836838279 4108942.9269547807, 4522698.74677699 4108942.926954843, 4508265.201746313 4133942.5602820027, 4522698.746776922 4158942.193609031, 4551565.836838202 4158942.1936089657, 4565999.381868881 4133942.560281855, 4551565.836838279 4108942.9269547807))",5,0.2077450626138806,2164.9999999792417,11,0.212451077761334,frequency,6,-6,-0.004706015147453418,0.004706015147453418
4517,"POLYGON ((4551565.836838202 4158942.1936089657, 4522698.746776922 4158942.193609031, 4508265.201746253 4183941.8269370752, 4522698.746776861 4208941.460264018, 4551565.836838132 4208941.460263958, 4565999.381868804 4183941.826936942, 4551565.836838202 4158942.1936089657))",7,0.1353953254746939,2165.0000000225723,11,0.1787478403321007,frequency,4,-4,-0.04335251485740679,0.04335251485740679
4518,"POLYGON ((4551565.836838132 4208941.460263958, 4522698.746776861 4208941.460264018, 4508265.201746201 4233941.093590959, 4522698.746776809 4258940.726917807, 4551565.836838072 4258940.726917748, 4565999.381868735 4233941.093590841, 4551565.836838132 4208941.460263958))",3,0.2012472844594746,2164.9999999792417,2,0.1672563398875135,frequency,1,1,0.033990944571961085,0.033990944571961085
4519,"POLYGON ((4551565.836838072 4258940.726917748, 4522698.746776809 4258940.726917807, 4508265.201746156 4283940.360245661, 4522698.746776764 4308939.993572423, 4551565.836838021 4308939.993572369, 4565999.381868675 4283940.36024555, 4551565.836838072 4258940.726917748))",10,0.1453563845584471,2165.0000000225523,2,0.1768723876318129,frequency,4,-4,-0.0315160030733658,0.0315160030733658
4520,"POLYGON ((4551565.836838021 4308939.993572369, 4522698.746776764 4308939.993572423, 4508265.201746119 4333939.6268991865, 4522698.746776726 4358939.260226882, 4551565.836837978 4358939.260226822, 4565999.381868625 4333939.62689909, 4551565.836838021 4308939.993572369))",4,0.33001655414048,2165.0000000225527,4,0.2409931840311586,frequency,0,0,0.08902337010932138,0.08902337010932138
4521,"POLYGON ((4551565.836837978 4358939.260226822, 4522698.746776726 4358939.260226882, 4508265.201746087 4383938.893553564, 4522698.746776696 4408938.526880176, 4551565.836837942 4408938.526880133, 4565999.381868583 4383938.893553475, 4551565.836837978 4358939.260226822))",12,0.2988797792194121,2164.999999979282,4,0.2549034692054441,frequency,4,-4,0.04397631001396801,0.04397631001396801
4522,"POLYGON ((4551565.836837942 4408938.526880133, 4522698.746776696 4408938.526880176, 4508265.201746061 4433938.160206797, 4522698.746776671 4458937.793534344, 4551565.836837914 4458937.793534304, 4565999.381868549 4433938.160206714, 4551565.836837942 4408938.526880133))",12,0.5028930630361187,2165.0000000225527,4,0.2356207854026179,frequency,4,-4,0.2672722776335008,0.2672722776335008
4523,"POLYGON ((4551565.836837914 4458937.793534304, 4522698.746776671 4458937.793534344, 4508265.201746041 4483937.426860908, 4522698.7467766525 4508937.060187387, 4551565.836837892 4508937.060187351, 4565999.381868522 4483937.426860832, 4551565.836837914 4458937.793534304))",12,0.4604680416463853,2164.9999999792417,4,0.235121021580275,frequency,4,-4,0.22534702006611027,0.22534702006611027
4524,"POLYGON ((4551565.836837892 4508937.060187351, 4522698.7467766525 4508937.060187387, 4508265.201746027 4533936.693513879, 4522698.7467766395 4558936.326841321, 4551565.836837877 4558936.326841285, 4565999.381868502 4533936.693513816, 4551565.836837892 4508937.060187351))",12,0.3434386660520872,2165.0000000225527,11,0.3382206070186758,frequency,1,1,0.005218059033411437,0.005218059033411437
4525,"POLYGON ((4551565.836837877 4558936.326841285, 4522698.7467766395 4558936.326841321, 4508265.201746018 4583935.9601677535, 4522698.746776632 4608935.593494149, 4551565.836837868 4608935.593494116, 4565999.38186849 4583935.960167693, 4551565.836837877 4558936.326841285))",12,0.376999492527925,2164.999999979282,11,0.272615929893004,frequency,1,1,0.10438356263492099,0.10438356263492099
4526,"POLYGON ((4551565.836837868 4608935.593494116, 4522698.746776632 4608935.593494149, 4508265.201746012 4633935.226820543, 4522698.746776629 4658934.86014788, 4551565.836837865 4658934.860147842, 4565999.3818684835 4633935.2268204745, 4551565.836837868 4608935.593494116))",9,0.3564141344158528,2165.0000000225527,11,0.2524788561009697,frequency,2,-2,0.10393527831488308,0.10393527831488308
4527,"POLYGON ((4551565.836837865 4658934.860147842, 4522698.746776629 4658934.86014788, 4508265.201746012 4683934.49347423, 4522698.746776631 4708934.126800527, 4551565.836837867 4708934.126800502, 4565999.3818684835 4683934.493474166, 4551565.836837865 4658934.860147842))",11,0.3592197832298838,2164.9999999792417,11,0.2865285463799996,frequency,0,0,0.07269123684988421,0.07269123684988421
4528,"POLYGON ((4551565.836837867 4708934.126800502, 4522698.746776631 4708934.126800527, 4508265.201746017 4733933.7601278275, 4522698.746776638 4758933.393454098, 4551565.836837874 4758933.393454086, 4565999.381868488 4733933.760127784, 4551565.836837867 4708934.126800502))",3,0.5050372486691365,2165.0000000225523,12,0.2607489574470319,frequency,3,3,0.24428829122210455,0.24428829122210455
4529,"POLYGON ((4551565.836837874 4758933.393454086, 4522698.746776638 4758933.393454098, 4508265.201746024 4783933.02678038, 4522698.746776648 4808932.66010661, 4551565.836837887 4808932.660106584, 4565999.381868498 4783933.026780329, 4551565.836837874 4758933.393454086))",12,0.5942316719927928,2164.999999979282,12,0.2436316370624253,frequency,0,0,0.3506000349303675,0.3506000349303675
4530,"POLYGON ((4551565.836837887 4808932.660106584, 4522698.746776648 4808932.66010661, 4508265.201746035 4833932.29343386, 4522698.746776663 4858931.926760065, 4551565.836837903 4858931.926760047, 4565999.381868512 4833932.293433814, 4551565.836837887 4808932.660106584))",12,0.2743251204730134,2165.0000000225527,12,0.273011617740295,frequency,0,0,0.001313502732718408,0.001313502732718408
4531,"POLYGON ((4551565.836837903 4858931.926760047, 4522698.746776663 4858931.926760065, 4508265.20174605 4883931.560086285, 4522698.74677668 4908931.193412466, 4551565.836837921 4908931.193412462, 4565999.381868532 4883931.560086247, 4551565.836837903 4858931.926760047))",2,0.4667730222393395,2164.9999999792417,3,0.2892095410217144,frequency,1,-1,0.17756348121762505,0.17756348121762505
4535,"POLYGON ((4551565.836838001 5058928.993371445, 4522698.746776749 5058928.993371464, 4508265.201746136 5083928.626697615, 4522698.746776777 5108928.260023739, 4551565.836838034 5108928.260023721, 4565999.381868644 5083928.626697583, 4551565.836838001 5058928.993371445))",7,0.341778480827955,2164.999999979241,1,0.356220146609948,frequency,6,6,-0.014441665781993018,0.014441665781993018
4562,"POLYGON ((4594866.471945359 2033973.3604391762, 4565999.381882463 2033973.3604396165, 4551565.836850784 2058972.9937759994, 4565999.381881968 2083972.62711188, 4594866.471944807 2083972.6271114445, 4609300.016976519 2058972.993775129, 4594866.471945359 2033973.3604391762))",5,0.2107018683191884,2164.9999999792512,11,0.3167475898622042,frequency,6,-6,-0.10604572154301578,0.10604572154301578
4563,"POLYGON ((4594866.471944807 2083972.6271114445, 4565999.381881968 2083972.62711188, 4551565.836850319 2108972.260449051, 4565999.3818814745 2133971.8937847195, 4594866.471944256 2133971.8937842892, 4609300.016975937 2108972.2604481904, 4594866.471944807 2083972.6271114445))",10,0.2841521645443829,2165.0000000225523,11,0.3554783573320877,frequency,1,-1,-0.0713261927877048,0.0713261927877048
4564,"POLYGON ((4594866.471944256 2133971.8937842892, 4565999.3818814745 2133971.8937847195, 4551565.836849855 2158971.527120664, 4565999.381880983 2183971.1604561103, 4594866.471943705 2183971.1604556884, 4609300.016975357 2158971.5271198116, 4594866.471944256 2133971.8937842892))",11,0.2744778182626033,2164.999999979262,10,0.302773465363152,frequency,1,1,-0.02829564710054866,0.02829564710054866
4565,"POLYGON ((4594866.471943705 2183971.1604556884, 4565999.381880983 2183971.1604561103, 4551565.836849392 2208970.793792825, 4565999.381880492 2233970.427128044, 4594866.471943157 2233970.4271276267, 4609300.016974779 2208970.793791986, 4594866.471943705 2183971.1604556884))",11,0.2582759505445484,2165.0000000225523,10,0.3805922111361441,frequency,1,1,-0.12231626059159573,0.12231626059159573
4566,"POLYGON ((4594866.471943157 2233970.4271276267, 4565999.381880492 2233970.427128044, 4551565.836848932 2258970.06046352, 4565999.381880006 2283969.693798496, 4594866.471942613 2283969.693798082, 4609300.016974204 2258970.060462687, 4594866.471943157 2233970.4271276267))",12,0.2561344200662688,2164.999999979262,2,0.3239685962787751,frequency,2,-2,-0.06783417621250631,0.06783417621250631
4567,"POLYGON ((4594866.471942613 2283969.693798082, 4565999.381880006 2283969.693798496, 4551565.836848476 2308969.3271347284, 4565999.3818795215 2333968.9604694634, 4594866.471942073 2333968.960469051, 4609300.016973633 2308969.327133912, 4594866.471942613 2283969.693798082))",3,0.3154335568934601,2165.0000000225523,10,0.2148549966970739,frequency,5,5,0.1005785601963862,0.1005785601963862
4572,"POLYGON ((4594866.471939974 2533966.0271458216, 4565999.381877646 2533966.027146193, 4551565.83684627 2558965.660480112, 4565999.381877194 2583965.2938145576, 4594866.47193947 2583965.2938141967, 4609300.016970874 2558965.6604793724, 4594866.471939974 2533966.0271458216))",10,0.7482007638860536,2165.0000000225527,10,0.3790217541528053,frequency,0,0,0.3691790097332483,0.3691790097332483
4573,"POLYGON ((4594866.47193947 2583965.2938141967, 4565999.381877194 2583965.2938145576, 4551565.836845849 2608964.9271482034, 4565999.38187675 2633964.5604813886, 4594866.471938974 2633964.5604810277, 4609300.016970347 2608964.927147482, 4594866.47193947 2583965.2938141967))",10,0.6429427262242997,2164.999999979262,10,0.3785559069972372,frequency,0,0,0.26438681922706253,0.26438681922706253
4574,"POLYGON ((4594866.471938974 2633964.5604810277, 4565999.38187675 2633964.5604813886, 4551565.836845435 2658964.1938147596, 4565999.381876316 2683963.827148672, 4594866.471938489 2683963.827148325, 4609300.01696983 2658964.193814057, 4594866.471938974 2633964.5604810277))",1,0.4514925465699911,2165.0000000225527,1,0.3315266901237766,frequency,0,0,0.11996585644621449,0.11996585644621449
4575,"POLYGON ((4594866.471938489 2683963.827148325, 4565999.381876316 2683963.827148672, 4551565.836845031 2708963.460481775, 4565999.381875891 2733963.093814425, 4594866.471938013 2733963.0938140904, 4609300.016969324 2708963.4604810895, 4594866.471938489 2683963.827148325))",2,0.2837183871943544,2164.999999979262,1,0.2776301614003865,frequency,1,1,0.006088225793967894,0.006088225793967894
4576,"POLYGON ((4594866.471938013 2733963.0938140904, 4565999.381875891 2733963.093814425, 4551565.836844636 2758962.727147253, 4565999.381875476 2783962.3604806415, 4594866.471937549 2783962.3604803104, 4609300.01696883 2758962.7271465864, 4594866.471938013 2733963.0938140904))",2,0.3335036023362577,2165.0000000225527,1,0.3724947126686234,frequency,1,1,-0.038991110332365686,0.038991110332365686
4577,"POLYGON ((4594866.471937549 2783962.3604803104, 4565999.381875476 2783962.3604806415, 4551565.836844251 2808961.9938131934, 4565999.381875072 2833961.627145315, 4594866.471937097 2833961.6271449984, 4609300.016968347 2808961.9938125457, 4594866.471937549 2783962.3604803104))",2,0.252947673256027,2164.999999979262,1,0.3454020139199166,frequency,1,1,-0.09245434066388958,0.09245434066388958
4578,"POLYGON ((4594866.471937097 2833961.6271449984, 4565999.381875072 2833961.627145315, 4551565.836843874 2858961.260478594, 4565999.381874679 2883960.893810457, 4594866.471936656 2883960.8938101456, 4609300.016967877 2858961.2604779676, 4594866.471937097 2833961.6271449984))",1,0.2496758823902004,2165.0000000225523,1,0.2375402524959916,frequency,0,0,0.0121356298942088,0.0121356298942088
4579,"POLYGON ((4594866.471936656 2883960.8938101456, 4565999.381874679 2883960.893810457, 4551565.83684351 2908960.527142466, 4565999.381874296 2933960.1604740703, 4594866.471936229 2933960.160473771, 4609300.01696742 2908960.5271418616, 4594866.471936656 2883960.8938101456))",2,0.3917398485271347,2164.999999979262,1,0.25903995063107,frequency,1,1,0.13269989789606473,0.13269989789606473
4580,"POLYGON ((4594866.471936229 2933960.160473771, 4565999.381874296 2933960.1604740703, 4551565.836843156 2958959.7938068095, 4565999.381873925 2983959.427138159, 4594866.471935814 2983959.427137869, 4609300.016966976 2958959.7938062297, 4594866.471936229 2933960.160473771))",2,0.2413790962813112,2165.0000000225523,1,0.2065350840198311,frequency,1,1,0.03484401226148012,0.03484401226148012
4581,"POLYGON ((4594866.471935814 2983959.427137869, 4565999.381873925 2983959.427138159, 4551565.836842813 3008959.0604696427, 4565999.381873567 3033958.693800734, 4594866.471935414 3033958.6938004494, 4609300.016966547 3008959.0604690732, 4594866.471935814 2983959.427137869))",2,0.2548246384946864,2164.999999979262,12,0.2208044395434985,frequency,2,2,0.03402019895118791,0.03402019895118791
4582,"POLYGON ((4594866.471935414 3033958.6938004494, 4565999.381873567 3033958.693800734, 4551565.836842481 3058958.3271329547, 4565999.38187322 3083957.960463797, 4594866.471935025 3083957.9604635304, 4609300.0169661315 3058958.3271324076, 4594866.471935414 3033958.6938004494))",10,0.2806937379960046,2165.0000000225523,1,0.2615618342264713,frequency,3,-3,0.01913190376953333,0.01913190376953333
4583,"POLYGON ((4594866.471935025 3083957.9604635304, 4565999.38187322 3083957.960463797, 4551565.836842161 3108957.59379476, 4565999.381872887 3133957.227125365, 4594866.471934653 3133957.2271251036, 4609300.016965731 3108957.5937942415, 4594866.471935025 3083957.9604635304))",2,0.1738210950405333,2164.999999979262,1,0.2288815524382585,frequency,1,1,-0.05506045739772519,0.05506045739772519
4584,"POLYGON ((4594866.471934653 3133957.2271251036, 4565999.381872887 3133957.227125365, 4551565.836841853 3158956.860457073, 4565999.3818725655 3183956.493787437, 4594866.471934293 3183956.4937871895, 4609300.0169653455 3158956.8604565724, 4594866.471934653 3133957.2271251036))",1,0.1678106469361885,2165.0000000225523,1,0.2288815524382585,frequency,0,0,-0.061070905502070005,0.061070905502070005
4585,"POLYGON ((4594866.471934293 3183956.4937871895, 4565999.3818725655 3183956.493787437, 4551565.836841556 3208956.127117907, 4565999.381872257 3233955.76044903, 4594866.471933948 3233955.7604487957, 4609300.016964975 3208956.1271174178, 4594866.471934293 3183956.4937871895))",3,0.1723696482224566,2165.0000000225527,1,0.2293181973655939,frequency,2,2,-0.056948549143137295,0.056948549143137295
4586,"POLYGON ((4594866.471933948 3233955.7604487957, 4565999.381872257 3233955.76044903, 4551565.836841273 3258955.393779265, 4565999.381871961 3283955.027109163, 4594866.471933618 3283955.0271089314, 4609300.016964619 3258955.393778792, 4594866.471933948 3233955.7604487957))",2,0.2338669859056129,2164.999999979262,1,0.2888839413206851,frequency,1,1,-0.05501695541507223,0.05501695541507223
4587,"POLYGON ((4594866.471933618 3283955.0271089314, 4565999.381871961 3283955.027109163, 4551565.836841001 3308954.660439153, 4565999.38187168 3333954.293769832, 4594866.4719333025 3333954.293769611, 4609300.016964278 3308954.660438705, 4594866.471933618 3283955.0271089314))",7,0.2619460831463612,2165.0000000225527,1,0.3286631011612058,frequency,6,6,-0.06671701801484459,0.06671701801484459
4588,"POLYGON ((4594866.4719333025 3333954.293769611, 4565999.38187168 3333954.293769832, 4551565.836840742 3358953.927099595, 4565999.381871411 3383953.5604290594, 4594866.471933001 3383953.5604288448, 4609300.016963953 3358953.9270991725, 4594866.4719333025 3333954.293769611))",12,0.2521182158466366,2164.999999979262,12,0.2913059234182218,frequency,0,0,-0.03918770757158524,0.03918770757158524
4589,"POLYGON ((4594866.471933001 3383953.5604288448, 4565999.381871411 3383953.5604290594, 4551565.8368404955 3408953.1937585985, 4565999.3818711545 3433952.82708885, 4594866.471932714 3433952.8270886554, 4609300.016963644 3408953.1937581967, 4594866.471933001 3383953.5604288448))",12,0.2883352000554522,2165.0000000225527,1,0.3484624782189382,frequency,1,-1,-0.06012727816348601,0.06012727816348601
4594,"POLYGON ((4594866.471931714 3633949.8937218515, 4565999.38187026 3633949.893722006, 4551565.836839444 3658949.527050549, 4565999.38187007 3683949.160378863, 4594866.471931499 3683949.160378711, 4609300.016962325 3658949.527050242, 4594866.471931714 3633949.8937218515))",1,0.2630185744372842,2164.999999979262,1,0.2580267117083665,frequency,0,0,0.0049918627289177175,0.0049918627289177175
4595,"POLYGON ((4594866.471931499 3683949.160378711, 4565999.38187007 3683949.160378863, 4551565.83683927 3708948.793708229, 4565999.381869891 3733948.427036366, 4594866.471931299 3733948.4270362216, 4609300.016962107 3708948.793707933, 4594866.471931499 3683949.160378711))",1,0.3116461744761861,2165.0000000225523,1,0.3298047343603387,frequency,0,0,-0.018158559884152603,0.018158559884152603
4596,"POLYGON ((4594866.471931299 3733948.4270362216, 4565999.381869891 3733948.427036366, 4551565.836839108 3758948.060364562, 4565999.381869724 3783947.6936925454, 4594866.471931113 3783947.693692411, 4609300.016961903 3758948.0603642846, 4594866.471931299 3733948.4270362216))",12,0.2587643367535751,2164.999999979262,1,0.3798570658214226,frequency,1,-1,-0.12109272906784752,0.12109272906784752
4597,"POLYGON ((4594866.471931113 3783947.693692411, 4565999.381869724 3783947.6936925454, 4551565.836838957 3808947.3270215755, 4565999.381869569 3833946.960349414, 4594866.47193094 3833946.9603492822, 4609300.016961714 3808947.327021313, 4594866.471931113 3783947.693692411))",12,0.3281859318868326,2165.0000000225523,1,0.3489435150649951,frequency,1,-1,-0.02075758317816251,0.02075758317816251
4598,"POLYGON ((4594866.47193094 3833946.9603492822, 4565999.381869569 3833946.960349414, 4551565.836838817 3858946.593677286, 4565999.381869427 3883946.2270049765, 4594866.4719307795 3883946.227004865, 4609300.016961538 3858946.593677048, 4594866.47193094 3833946.9603492822))",12,0.2028081559383212,2164.999999979262,1,0.4079680077523721,frequency,1,-1,-0.2051598518140509,0.2051598518140509
4599,"POLYGON ((4594866.4719307795 3883946.227004865, 4565999.381869427 3883946.2270049765, 4551565.836838689 3908945.8603337076, 4565999.381869296 3933945.4936612626, 4594866.471930633 3933945.4936611466, 4609300.016961377 3908945.8603334804, 4594866.4719307795 3883946.227004865))",1,0.3167517999863662,2165.0000000225523,1,0.3308600771288939,frequency,0,0,-0.014108277142527714,0.014108277142527714
4600,"POLYGON ((4594866.471930633 3933945.4936611466, 4565999.381869296 3933945.4936612626, 4551565.836838571 3958945.12698885, 4565999.3818691755 3983944.760317281, 4594866.471930498 3983944.7603171743, 4609300.01696123 3958945.1269886326, 4594866.471930633 3933945.4936611466))",9,0.207902077431092,2165.0000000225527,1,0.3331569598246344,frequency,4,-4,-0.1252548823935424,0.1252548823935424
4601,"POLYGON ((4594866.471930498 3983944.7603171743, 4565999.3818691755 3983944.760317281, 4551565.836838464 4008944.3936447343, 4565999.381869067 4033944.0269720377, 4594866.471930376 4033944.0269719446, 4609300.016961094 4008944.3936445336, 4594866.471930498 3983944.7603171743))",9,0.3001022665549268,2164.999999979262,11,0.2421805919015382,frequency,2,-2,0.05792167465338857,0.05792167465338857
4602,"POLYGON ((4594866.471930376 4033944.0269719446, 4565999.381869067 4033944.0269720377, 4551565.836838366 4058943.6602993724, 4565999.381868969 4083943.2936275653, 4594866.471930267 4083943.293627465, 4609300.016960971 4058943.6602991885, 4594866.471930376 4033944.0269719446))",7,0.2312387975007275,2165.0000000225527,1,0.2483942898900847,frequency,6,6,-0.01715549238935718,0.01715549238935718
4603,"POLYGON ((4594866.471930267 4083943.293627465, 4565999.381868969 4083943.2936275653, 4551565.836838279 4108942.9269547807, 4565999.381868881 4133942.560281855, 4594866.471930168 4133942.560281777, 4609300.016960862 4108942.9269546038, 4594866.471930267 4083943.293627465))",2,0.1659488489006032,2164.999999979262,1,0.1987154319120677,frequency,1,1,-0.032766583011464484,0.032766583011464484
4604,"POLYGON ((4594866.471930168 4133942.560281777, 4565999.381868881 4133942.560281855, 4551565.836838202 4158942.1936089657, 4565999.381868804 4183941.826936942, 4594866.471930081 4183941.826936869, 4609300.016960764 4158942.193608796, 4594866.471930168 4133942.560281777))",7,0.149398008439005,2165.0000000225527,11,0.2021998385987984,frequency,4,-4,-0.052801830159793395,0.052801830159793395
4605,"POLYGON ((4594866.471930081 4183941.826936869, 4565999.381868804 4183941.826936942, 4551565.836838132 4208941.460263958, 4565999.381868735 4233941.093590841, 4594866.471930004 4233941.093590772, 4609300.016960677 4208941.460263804, 4594866.471930081 4183941.826936869))",3,0.2335939078576187,2164.999999979282,11,0.2026447663207294,frequency,4,4,0.030949141536889296,0.030949141536889296
4606,"POLYGON ((4594866.471930004 4233941.093590772, 4565999.381868735 4233941.093590841, 4551565.836838072 4258940.726917748, 4565999.381868675 4283940.36024555, 4594866.471929938 4283940.360245478, 4609300.016960602 4258940.726917605, 4594866.471930004 4233941.093590772))",12,0.2223902021830152,2165.0000000225527,11,0.190060715790788,frequency,1,1,0.032329486392227186,0.032329486392227186
4607,"POLYGON ((4594866.471929938 4283940.360245478, 4565999.381868675 4283940.36024555, 4551565.836838021 4308939.993572369, 4565999.381868625 4333939.62689909, 4594866.471929881 4333939.626899025, 4609300.016960537 4308939.993572236, 4594866.471929938 4283940.360245478))",4,0.248975850513375,2164.999999979241,4,0.1602885377965426,frequency,0,0,0.08868731271683242,0.08868731271683242
4608,"POLYGON ((4594866.471929881 4333939.626899025, 4565999.381868625 4333939.62689909, 4551565.836837978 4358939.260226822, 4565999.381868583 4383938.893553475, 4594866.471929832 4383938.893553421, 4609300.016960481 4358939.260226708, 4594866.471929881 4333939.626899025))",12,0.2834508190175369,2165.0000000225527,4,0.1691191278080622,frequency,4,-4,0.11433169120947467,0.11433169120947467
4609,"POLYGON ((4594866.471929832 4383938.893553421, 4565999.381868583 4383938.893553475, 4551565.836837942 4408938.526880133, 4565999.381868549 4433938.160206714, 4594866.471929794 4433938.160206665, 4609300.016960436 4408938.526880031, 4594866.471929832 4383938.893553421))",3,0.2377385738151666,2164.9999999792417,4,0.1695342368105232,frequency,1,-1,0.0682043370046434,0.0682043370046434
4610,"POLYGON ((4594866.471929794 4433938.160206665, 4565999.381868549 4433938.160206714, 4551565.836837914 4458937.793534304, 4565999.381868522 4483937.426860832, 4594866.471929764 4483937.426860778, 4609300.0169604 4458937.793534209, 4594866.471929794 4433938.160206665))",12,0.2330770425284876,2165.000000022593,4,0.2364461428230236,frequency,4,-4,-0.0033691002945359927,0.0033691002945359927
4611,"POLYGON ((4594866.471929764 4483937.426860778, 4565999.381868522 4483937.426860832, 4551565.836837892 4508937.060187351, 4565999.381868502 4533936.693513816, 4594866.471929742 4533936.69351377, 4609300.016960373 4508937.060187258, 4594866.471929764 4483937.426860778))",12,0.2829508202527616,2164.999999979241,11,0.2041591324620062,frequency,1,1,0.07879168779075538,0.07879168779075538
4612,"POLYGON ((4594866.471929742 4533936.69351377, 4565999.381868502 4533936.693513816, 4551565.836837877 4558936.326841285, 4565999.38186849 4583935.960167693, 4594866.471929727 4583935.960167658, 4609300.016960353 4558936.326841202, 4594866.471929742 4533936.69351377))",1,0.2083903424724214,2165.0000000225527,11,0.2557038312526904,frequency,2,2,-0.047313488780269,0.047313488780269
4613,"POLYGON ((4594866.471929727 4583935.960167658, 4565999.38186849 4583935.960167693, 4551565.836837868 4608935.593494116, 4565999.3818684835 4633935.2268204745, 4594866.471929721 4633935.226820432, 4609300.0169603415 4608935.593494033, 4594866.471929727 4583935.960167658))",11,0.231811008818311,2164.9999999792417,11,0.3386634516305322,frequency,0,0,-0.1068524428122212,0.1068524428122212
4614,"POLYGON ((4594866.471929721 4633935.226820432, 4565999.3818684835 4633935.2268204745, 4551565.836837865 4658934.860147842, 4565999.3818684835 4683934.493474166, 4594866.471929719 4683934.493474141, 4609300.016960337 4658934.860147774, 4594866.471929721 4633935.226820432))",11,0.4886645723240683,2165.000000022593,11,0.2765674026580178,frequency,0,0,0.21209716966605047,0.21209716966605047
4615,"POLYGON ((4594866.471929719 4683934.493474141, 4565999.3818684835 4683934.493474166, 4551565.836837867 4708934.126800502, 4565999.381868488 4733933.760127784, 4594866.471929724 4733933.76012776, 4609300.016960339 4708934.12680044, 4594866.471929719 4683934.493474141))",11,0.356594031221513,2165.0000000225527,1,0.2134043829470167,frequency,2,-2,0.14318964827449632,0.14318964827449632
4616,"POLYGON ((4594866.471929724 4733933.76012776, 4565999.381868488 4733933.760127784, 4551565.836837874 4758933.393454086, 4565999.381868498 4783933.026780329, 4594866.4719297355 4783933.026780302, 4609300.016960347 4758933.393454024, 4594866.471929724 4733933.76012776))",11,0.5099256163934281,2164.999999979241,12,0.2784361566427718,frequency,1,-1,0.23148945975065632,0.23148945975065632
4617,"POLYGON ((4594866.4719297355 4783933.026780302, 4565999.381868498 4783933.026780329, 4551565.836837887 4808932.660106584, 4565999.381868512 4833932.293433814, 4594866.471929752 4833932.2934337845, 4609300.016960362 4808932.660106542, 4594866.4719297355 4783933.026780302))",12,0.3479135988036523,2165.0000000225527,3,0.2331324911955208,frequency,3,-3,0.11478110760813151,0.11478110760813151
4618,"POLYGON ((4594866.471929752 4833932.2934337845, 4565999.381868512 4833932.293433814, 4551565.836837903 4858931.926760047, 4565999.381868532 4883931.560086247, 4594866.471929773 4883931.560086224, 4609300.016960381 4858931.926760007, 4594866.471929752 4833932.2934337845))",12,0.2977064995762166,2164.999999979282,3,0.2244128372289476,frequency,3,-3,0.073293662347269,0.073293662347269
4619,"POLYGON ((4594866.471929773 4883931.560086224, 4565999.381868532 4883931.560086247, 4551565.836837921 4908931.193412462, 4565999.381868554 4933930.826739632, 4594866.471929798 4933930.826739615, 4609300.016960406 4908931.193412408, 4594866.471929773 4883931.560086224))",12,0.2486810780417032,2165.0000000225527,12,0.2335958387265636,frequency,0,0,0.01508523931513961,0.01508523931513961
4620,"POLYGON ((4594866.471929798 4933930.826739615, 4565999.381868554 4933930.826739632, 4551565.8368379455 4958930.460065819, 4565999.381868582 4983930.093391972, 4594866.471929827 4983930.093391973, 4609300.016960434 4958930.460065788, 4594866.471929798 4933930.826739615))",3,0.2715814527022234,2164.999999979241,1,0.2085480105989233,frequency,2,2,0.06303344210330009,0.06303344210330009
4622,"POLYGON ((4594866.47192986 5033929.360045283, 4565999.38186861 5033929.360045297, 4551565.836838001 5058928.993371445, 4565999.381868644 5083928.626697583, 4594866.471929897 5083928.62669757, 4609300.0169605035 5058928.993371415, 4594866.47192986 5033929.360045283))",1,0.2923964220971262,2164.9999999792417,9,0.282557061350872,frequency,4,4,0.009839360746254189,0.009839360746254189
4650,"POLYGON ((4638167.107039393 2058972.99377462, 4609300.016976519 2058972.993775129, 4594866.471944807 2083972.6271114445, 4609300.016975937 2108972.2604481904, 4638167.107038754 2108972.2604476847, 4652600.652070498 2083972.627110437, 4638167.107039393 2058972.99377462))",10,0.3149137824959953,2165.0000000225527,10,0.3567188870584096,frequency,0,0,-0.04180510456241432,0.04180510456241432
4651,"POLYGON ((4638167.107038754 2108972.2604476847, 4609300.016975937 2108972.2604481904, 4594866.471944256 2133971.8937842892, 4609300.016975357 2158971.5271198116, 4638167.107038116 2158971.5271193185, 4652600.65206983 2133971.8937832853, 4638167.107038754 2108972.2604476847))",10,0.3921481053871712,2164.999999979262,1,0.2497292907417433,frequency,3,-3,0.1424188146454279,0.1424188146454279
4652,"POLYGON ((4638167.107038116 2158971.5271193185, 4609300.016975357 2158971.5271198116, 4594866.471943705 2183971.1604556884, 4609300.016974779 2208970.793791986, 4638167.10703748 2208970.7937914925, 4652600.652069164 2183971.160454698, 4638167.107038116 2158971.5271193185))",10,0.313208571338215,2165.0000000225527,2,0.3212816332867568,frequency,4,-4,-0.008073061948541793,0.008073061948541793
4653,"POLYGON ((4638167.10703748 2208970.7937914925, 4609300.016974779 2208970.793791986, 4594866.471943157 2233970.4271276267, 4609300.016974204 2258970.060462687, 4638167.107036848 2258970.0604622047, 4652600.6520685 2233970.4271266535, 4638167.10703748 2208970.7937914925))",10,0.3067979008713427,2164.999999979262,12,0.2203621038086975,frequency,2,-2,0.08643579706264518,0.08643579706264518
4659,"POLYGON ((4638167.107033773 2508966.3938112846, 4609300.01697141 2508966.3938117246, 4594866.471939974 2533966.0271458216, 4609300.016970874 2558965.6604793724, 4638167.107033184 2558965.6604789426, 4652600.652064647 2533966.027144948, 4638167.107033773 2508966.3938112846))",2,0.526075692791658,2164.999999979262,2,0.2515918786117944,frequency,0,0,0.2744838141798636,0.2744838141798636
4660,"POLYGON ((4638167.107033184 2558965.6604789426, 4609300.016970874 2558965.6604793724, 4594866.47193947 2583965.2938141967, 4609300.016970347 2608964.927147482, 4638167.107032604 2608964.9271470625, 4652600.652064035 2583965.2938133436, 4638167.107033184 2558965.6604789426))",10,0.508984312106235,2165.0000000225527,10,0.3581959983930773,frequency,0,0,0.15078831371315765,0.15078831371315765
4661,"POLYGON ((4638167.107032604 2608964.9271470625, 4609300.016970347 2608964.927147482, 4594866.471938974 2633964.5604810277, 4609300.01696983 2658964.193814057, 4638167.107032035 2658964.1938136476, 4652600.652063434 2633964.5604802016, 4638167.107032604 2608964.9271470625))",10,0.6622148767036232,2164.999999979262,10,0.2717642253009929,frequency,0,0,0.3904506514026303,0.3904506514026303
4662,"POLYGON ((4638167.107032035 2658964.1938136476, 4609300.01696983 2658964.193814057, 4594866.471938489 2683963.827148325, 4609300.016969324 2708963.4604810895, 4638167.107031478 2708963.4604806895, 4652600.652062845 2683963.8271475243, 4638167.107032035 2658964.1938136476))",1,0.3550258062414539,2165.0000000225527,11,0.1794444252053325,frequency,2,2,0.17558138103612142,0.17558138103612142
4663,"POLYGON ((4638167.107031478 2708963.4604806895, 4609300.016969324 2708963.4604810895, 4594866.471938013 2733963.0938140904, 4609300.01696883 2758962.7271465864, 4638167.107030934 2758962.7271462018, 4652600.65206227 2733963.0938133025, 4638167.107031478 2708963.4604806895))",1,0.4400287609127991,2164.9999999792417,1,0.3713700510389041,frequency,0,0,0.068658709873895,0.068658709873895
4664,"POLYGON ((4638167.107030934 2758962.7271462018, 4609300.01696883 2758962.7271465864, 4594866.471937549 2783962.3604803104, 4609300.016968347 2808961.9938125457, 4638167.107030403 2808961.9938121685, 4652600.652061707 2783962.3604795453, 4638167.107030934 2758962.7271462018))",1,0.3837226046244147,2165.0000000225723,1,0.4135026990908518,frequency,0,0,-0.02978009446643709,0.02978009446643709
4665,"POLYGON ((4638167.107030403 2808961.9938121685, 4609300.016968347 2808961.9938125457, 4594866.471937097 2833961.6271449984, 4609300.016967877 2858961.2604779676, 4638167.107029885 2858961.260477607, 4652600.652061159 2833961.627144258, 4638167.107030403 2808961.9938121685))",3,0.2545766420624009,2165.0000000225527,1,0.2380105932489414,frequency,2,2,0.016566048813459494,0.016566048813459494
4666,"POLYGON ((4638167.107029885 2858961.260477607, 4609300.016967877 2858961.2604779676, 4594866.471936656 2883960.8938101456, 4609300.01696742 2908960.5271418616, 4638167.107029382 2908960.527141512, 4652600.652060625 2883960.8938094308, 4638167.107029885 2858961.260477607))",1,0.2508300309890517,2164.999999979262,1,0.2704570002289745,frequency,0,0,-0.019626969239922798,0.019626969239922798
4667,"POLYGON ((4638167.107029382 2908960.527141512, 4609300.01696742 2908960.5271418616, 4594866.471936229 2933960.160473771, 4609300.016966976 2958959.7938062297, 4638167.107028894 2958959.793805884, 4652600.652060107 2933960.1604730682, 4638167.107029382 2908960.527141512))",2,0.1966322784987319,2165.0000000225527,1,0.2665765189742172,frequency,1,1,-0.06994424047548528,0.06994424047548528
4668,"POLYGON ((4638167.107028894 2958959.793805884, 4609300.016966976 2958959.7938062297, 4594866.471935814 2983959.427137869, 4609300.016966547 3008959.0604690732, 4638167.107028421 3008959.060468739, 4652600.652059604 2983959.427137197, 4638167.107028894 2958959.793805884))",1,0.238731736010519,2164.999999979262,2,0.2418012231495276,frequency,1,-1,-0.003069487139008592,0.003069487139008592
4669,"POLYGON ((4638167.107028421 3008959.060468739, 4609300.016966547 3008959.0604690732, 4594866.471935414 3033958.6938004494, 4609300.0169661315 3058958.3271324076, 4638167.107027964 3058958.3271320905, 4652600.652059118 3033958.6937998035, 4638167.107028421 3008959.060468739))",3,0.1423122571082177,2165.0000000225527,2,0.241559325880951,frequency,1,1,-0.09924706877273329,0.09924706877273329
4670,"POLYGON ((4638167.107027964 3058958.3271320905, 4609300.0169661315 3058958.3271324076, 4594866.471935025 3083957.9604635304, 4609300.016965731 3108957.5937942415, 4638167.107027522 3108957.5937939286, 4652600.652058648 3083957.960462906, 4638167.107027964 3058958.3271320905))",10,0.2832835059329979,2164.999999979262,1,0.2582242141957407,frequency,3,-3,0.025059291737257183,0.025059291737257183
4671,"POLYGON ((4638167.107027522 3108957.5937939286, 4609300.016965731 3108957.5937942415, 4594866.471934653 3133957.2271251036, 4609300.0169653455 3158956.8604565724, 4638167.107027098 3158956.8604562753, 4652600.652058195 3133957.2271245006, 4638167.107027522 3108957.5937939286))",1,0.3389615884592579,2165.0000000225527,2,0.221394153883759,frequency,1,-1,0.1175674345754989,0.1175674345754989
4672,"POLYGON ((4638167.107027098 3158956.8604562753, 4609300.0169653455 3158956.8604565724, 4594866.471934293 3183956.4937871895, 4609300.016964975 3208956.1271174178, 4638167.10702669 3208956.1271171365, 4652600.652057759 3183956.4937866125, 4638167.107027098 3158956.8604562753))",2,0.1870196211509474,2164.999999979262,2,0.190324096407627,frequency,0,0,-0.003304475256679623,0.003304475256679623
4673,"POLYGON ((4638167.10702669 3208956.1271171365, 4609300.016964975 3208956.1271174178, 4594866.471933948 3233955.7604487957, 4609300.016964619 3258955.393778792, 4638167.107026298 3258955.393778528, 4652600.65205734 3233955.7604482397, 4638167.10702669 3208956.1271171365))",3,0.2833731405055523,2165.0000000225527,3,0.243794947959366,frequency,0,0,0.0395781925461863,0.0395781925461863
4674,"POLYGON ((4638167.107026298 3258955.393778528, 4609300.016964619 3258955.393778792, 4594866.471933618 3283955.0271089314, 4609300.016964278 3308954.660438705, 4638167.107025923 3308954.6604384463, 4652600.65205694 3283955.0271083997, 4638167.107026298 3258955.393778528))",1,0.1729547650807388,2164.999999979262,1,0.248262977987464,frequency,0,0,-0.07530821290672521,0.07530821290672521
4675,"POLYGON ((4638167.107025923 3308954.6604384463, 4609300.016964278 3308954.660438705, 4594866.4719333025 3333954.293769611, 4609300.016963953 3358953.9270991725, 4638167.107025565 3358953.9270989224, 4652600.652056556 3333954.2937691044, 4638167.107025923 3308954.6604384463))",1,0.2743947243362406,2165.0000000225527,1,0.2582242141957407,frequency,0,0,0.016170510140499916,0.016170510140499916
4676,"POLYGON ((4638167.107025565 3358953.9270989224, 4609300.016963953 3358953.9270991725, 4594866.471933001 3383953.5604288448, 4609300.016963644 3408953.1937581967, 4638167.107025224 3408953.1937579573, 4652600.652056191 3383953.560428359, 4638167.107025565 3358953.9270989224))",3,0.331324789902079,2164.9999999792417,1,0.3135097469186459,frequency,2,2,0.01781504298343306,0.01781504298343306
4677,"POLYGON ((4638167.107025224 3408953.1937579573, 4609300.016963644 3408953.1937581967, 4594866.471932714 3433952.8270886554, 4609300.01696335 3458952.4604178, 4638167.1070249 3458952.460417572, 4652600.652055843 3433952.827088192, 4638167.107025224 3408953.1937579573))",2,0.4117283235264372,2165.0000000225723,1,0.3135824460761515,frequency,1,1,0.09814587745028569,0.09814587745028569
4682,"POLYGON ((4638167.107023772 3658949.527050049, 4609300.016962325 3658949.527050242, 4594866.471931499 3683949.160378711, 4609300.016962107 3708948.793707933, 4638167.107023531 3708948.7937077545, 4652600.652054367 3683949.160378349, 4638167.107023772 3658949.527050049))",1,0.4170326424534319,2165.0000000225527,1,0.3622563453935146,frequency,0,0,0.05477629705991732,0.05477629705991732
4683,"POLYGON ((4638167.107023531 3708948.7937077545, 4609300.016962107 3708948.793707933, 4594866.471931299 3733948.4270362216, 4609300.016961903 3758948.0603642846, 4638167.107023306 3758948.060364115, 4652600.652054123 3733948.427035888, 4638167.107023531 3708948.7937077545))",12,0.374847285923686,2164.999999979262,1,0.3155391131018235,frequency,1,-1,0.059308172821862515,0.059308172821862515
4684,"POLYGON ((4638167.107023306 3758948.060364115, 4609300.016961903 3758948.0603642846, 4594866.471931113 3783947.693692411, 4609300.016961714 3808947.327021313, 4638167.107023098 3808947.32702116, 4652600.652053896 3783947.6936920905, 4638167.107023306 3758948.060364115))",1,0.1573578791815862,2165.0000000225527,1,0.3172935844813558,frequency,0,0,-0.1599357052997696,0.1599357052997696
4685,"POLYGON ((4638167.107023098 3808947.32702116, 4609300.016961714 3808947.327021313, 4594866.47193094 3833946.9603492822, 4609300.016961538 3858946.593677048, 4638167.107022904 3858946.593676895, 4652600.652053686 3833946.9603489838, 4638167.107023098 3808947.32702116))",1,0.2463251377861625,2164.999999979262,1,0.2997585608868637,frequency,0,0,-0.053433423100701205,0.053433423100701205
4686,"POLYGON ((4638167.107022904 3858946.593676895, 4609300.016961538 3858946.593677048, 4594866.4719307795 3883946.227004865, 4609300.016961377 3908945.8603334804, 4638167.107022725 3908945.860333346, 4652600.652053491 3883946.2270045746, 4638167.107022904 3858946.593676895))",1,0.3066281318111175,2165.0000000225527,1,0.4424352481500717,frequency,0,0,-0.1358071163389542,0.1358071163389542
4687,"POLYGON ((4638167.107022725 3908945.860333346, 4609300.016961377 3908945.8603334804, 4594866.471930633 3933945.4936611466, 4609300.01696123 3958945.1269886326, 4638167.107022562 3958945.1269885055, 4652600.652053312 3933945.4936608863, 4638167.107022725 3908945.860333346))",12,0.2535470028748296,2164.999999979262,1,0.3019813986266479,frequency,1,-1,-0.04843439575181829,0.04843439575181829
4688,"POLYGON ((4638167.107022562 3958945.1269885055, 4609300.01696123 3958945.1269886326, 4594866.471930498 3983944.7603171743, 4609300.016961094 4008944.3936445336, 4638167.107022412 4008944.3936444167, 4652600.6520531485 3983944.7603169233, 4638167.107022562 3958945.1269885055))",12,0.200911304424425,2165.0000000225527,1,0.3035934615432975,frequency,1,-1,-0.10268215711887252,0.10268215711887252
4689,"POLYGON ((4638167.107022412 4008944.3936444167, 4609300.016961094 4008944.3936445336, 4594866.471930376 4033944.0269719446, 4609300.016960971 4058943.6602991885, 4638167.107022277 4058943.660299075, 4652600.652053 4033944.0269717043, 4638167.107022412 4008944.3936444167))",12,0.2128424704707313,2164.9999999792417,12,0.2039136103633916,frequency,0,0,0.008928860107339703,0.008928860107339703
4690,"POLYGON ((4638167.107022277 4058943.660299075, 4609300.016960971 4058943.6602991885, 4594866.471930267 4083943.293627465, 4609300.016960862 4108942.9269546038, 4638167.107022156 4108942.926954497, 4652600.652052865 4083943.293627258, 4638167.107022277 4058943.660299075))",12,0.1804261132420201,2165.0000000225723,12,0.184455994278849,frequency,0,0,-0.004029881036828914,0.004029881036828914
4691,"POLYGON ((4638167.107022156 4108942.926954497, 4609300.016960862 4108942.9269546038, 4594866.471930168 4133942.560281777, 4609300.016960764 4158942.193608796, 4638167.107022048 4158942.193608707, 4652600.652052745 4133942.560281571, 4638167.107022156 4108942.926954497))",5,0.2190844104499124,2164.9999999792417,1,0.1888948810165823,frequency,4,4,0.030189529433330087,0.030189529433330087
4692,"POLYGON ((4638167.107022048 4158942.193608707, 4609300.016960764 4158942.193608796, 4594866.471930081 4183941.826936869, 4609300.016960677 4208941.460263804, 4638167.107021951 4208941.460263719, 4652600.652052637 4183941.8269366873, 4638167.107022048 4158942.193608707))",5,0.2188969799391724,2165.0000000225723,11,0.1853690226168247,frequency,6,-6,0.0335279573223477,0.0335279573223477
4693,"POLYGON ((4638167.107021951 4208941.460263719, 4609300.016960677 4208941.460263804, 4594866.471930004 4233941.093590772, 4609300.016960602 4258940.726917605, 4638167.107021868 4258940.726917528, 4652600.652052544 4233941.093590597, 4638167.107021951 4208941.460263719))",3,0.1387903755763496,2164.9999999792417,11,0.1932877852262703,frequency,4,4,-0.0544974096499207,0.0544974096499207
4694,"POLYGON ((4638167.107021868 4258940.726917528, 4609300.016960602 4258940.726917605, 4594866.471929938 4283940.360245478, 4609300.016960537 4308939.993572236, 4638167.1070217965 4308939.993572164, 4652600.652052462 4283940.36024533, 4638167.107021868 4258940.726917528))",3,0.1932292489202139,2165.0000000225523,11,0.1698036249036949,frequency,4,4,0.023425624016518987,0.023425624016518987
4695,"POLYGON ((4638167.1070217965 4308939.993572164, 4609300.016960537 4308939.993572236, 4594866.471929881 4333939.626899025, 4609300.016960481 4358939.260226708, 4638167.107021735 4358939.260226639, 4652600.652052393 4333939.626898877, 4638167.1070217965 4308939.993572164))",5,0.1419997318438222,2165.0000000225527,4,0.145606514447653,frequency,1,1,-0.0036067826038307937,0.0036067826038307937
4696,"POLYGON ((4638167.107021735 4358939.260226639, 4609300.016960481 4358939.260226708, 4594866.471929832 4383938.893553421, 4609300.016960436 4408938.526880031, 4638167.107021685 4408938.5268799625, 4652600.652052334 4383938.89355329, 4638167.107021735 4358939.260226639))",3,0.1625228639031022,2164.999999979282,3,0.2305981291325146,frequency,0,0,-0.0680752652294124,0.0680752652294124
4697,"POLYGON ((4638167.107021685 4408938.5268799625, 4609300.016960436 4408938.526880031, 4594866.471929794 4433938.160206665, 4609300.0169604 4458937.793534209, 4638167.107021644 4458937.793534156, 4652600.652052286 4433938.160206548, 4638167.107021685 4408938.5268799625))",3,0.1491643979107311,2165.0000000225527,3,0.2159868467763604,frequency,0,0,-0.0668224488656293,0.0668224488656293
4698,"POLYGON ((4638167.107021644 4458937.793534156, 4609300.0169604 4458937.793534209, 4594866.471929764 4483937.426860778, 4609300.016960373 4508937.060187258, 4638167.107021614 4508937.060187208, 4652600.65205225 4483937.426860662, 4638167.107021644 4458937.793534156))",4,0.1484691710215935,2164.9999999792417,3,0.2431550727965325,frequency,1,1,-0.09468590177493902,0.09468590177493902
4699,"POLYGON ((4638167.107021614 4508937.060187208, 4609300.016960373 4508937.060187258, 4594866.471929742 4533936.69351377, 4609300.016960353 4558936.326841202, 4638167.107021592 4558936.326841154, 4652600.652052222 4533936.693513666, 4638167.107021614 4508937.060187208))",11,0.1545072312482164,2165.0000000225527,11,0.1853603458324461,frequency,0,0,-0.030853114584229707,0.030853114584229707
4700,"POLYGON ((4638167.107021592 4558936.326841154, 4609300.016960353 4558936.326841202, 4594866.471929727 4583935.960167658, 4609300.0169603415 4608935.593494033, 4638167.107021579 4608935.593493995, 4652600.652052203 4583935.960167563, 4638167.107021592 4558936.326841154))",3,0.2193597464758379,2164.999999979282,11,0.1776717515484449,frequency,4,4,0.041687994927393,0.041687994927393
4701,"POLYGON ((4638167.107021579 4608935.593493995, 4609300.0169603415 4608935.593494033, 4594866.471929721 4633935.226820432, 4609300.016960337 4658934.860147774, 4638167.107021573 4658934.860147749, 4652600.652052193 4633935.22682036, 4638167.107021579 4608935.593493995))",12,0.1602030702311492,2165.0000000225527,11,0.3790299361124297,frequency,1,1,-0.21882686588128047,0.21882686588128047
4702,"POLYGON ((4638167.107021573 4658934.860147749, 4609300.016960337 4658934.860147774, 4594866.471929719 4683934.493474141, 4609300.016960339 4708934.12680044, 4638167.107021575 4708934.126800404, 4652600.652052191 4683934.493474066, 4638167.107021573 4658934.860147749))",11,0.2693742336712605,2164.9999999792417,2,0.2348856504979319,frequency,3,-3,0.03448858317332862,0.03448858317332862
4703,"POLYGON ((4638167.107021575 4708934.126800404, 4609300.016960339 4708934.12680044, 4594866.471929724 4733933.76012776, 4609300.016960347 4758933.393454024, 4638167.107021583 4758933.393453996, 4652600.652052197 4733933.760127686, 4638167.107021575 4708934.126800404))",1,0.2599905388450011,2165.0000000225523,12,0.2681760007854585,frequency,1,1,-0.008185461940457384,0.008185461940457384
4704,"POLYGON ((4638167.107021583 4758933.393453996, 4609300.016960347 4758933.393454024, 4594866.4719297355 4783933.026780302, 4609300.016960362 4808932.660106542, 4638167.107021599 4808932.660106517, 4652600.65205221 4783933.026780243, 4638167.107021583 4758933.393453996))",3,0.5354840975161799,2164.999999979282,3,0.2326709781657249,frequency,0,0,0.30281311935045496,0.30281311935045496
4705,"POLYGON ((4638167.107021599 4808932.660106517, 4609300.016960362 4808932.660106542, 4594866.471929752 4833932.2934337845, 4609300.016960381 4858931.926760007, 4638167.1070216205 4858931.926759977, 4652600.652052229 4833932.29343373, 4638167.107021599 4808932.660106517))",11,0.2937405210519513,2165.0000000225527,3,0.2326709781657249,frequency,4,-4,0.0610695428862264,0.0610695428862264
4706,"POLYGON ((4638167.1070216205 4858931.926759977, 4609300.016960381 4858931.926760007, 4594866.471929773 4883931.560086224, 4609300.016960406 4908931.193412408, 4638167.1070216475 4908931.19341239, 4652600.6520522535 4883931.560086173, 4638167.1070216205 4858931.926759977))",1,0.399455917583568,2164.9999999792417,2,0.2544080918148066,frequency,1,-1,0.1450478257687614,0.1450478257687614
4707,"POLYGON ((4638167.1070216475 4908931.19341239, 4609300.016960406 4908931.193412408, 4594866.471929798 4933930.826739615, 4609300.016960434 4958930.460065788, 4638167.107021679 4958930.460065752, 4652600.652052284 4933930.826739564, 4638167.1070216475 4908931.19341239))",2,0.4294334975518778,2165.0000000225523,3,0.2434006632283027,frequency,1,-1,0.18603283432357512,0.18603283432357512
4708,"POLYGON ((4638167.107021679 4958930.460065752, 4609300.016960434 4958930.460065788, 4594866.471929827 4983930.093391973, 4609300.016960466 5008929.72671812, 4638167.1070217155 5008929.726718092, 4652600.652052319 4983930.093391923, 4638167.107021679 4958930.460065752))",1,0.3810528283290962,2164.999999979282,3,0.2617602014622791,frequency,2,-2,0.11929262686681713,0.11929262686681713
4709,"POLYGON ((4638167.1070217155 5008929.726718092, 4609300.016960466 5008929.72671812, 4594866.47192986 5033929.360045283, 4609300.0169605035 5058928.993371415, 4638167.107021755 5058928.993371395, 4652600.652052358 5033929.360045246, 4638167.1070217155 5008929.726718092))",9,0.2579354873606326,2165.0000000225527,3,0.2210366027404754,frequency,6,6,0.036898884620157196,0.036898884620157196
4710,"POLYGON ((4638167.107021755 5058928.993371395, 4609300.0169605035 5058928.993371415, 4594866.471929897 5083928.62669757, 4609300.016960542 5108928.2600237075, 4638167.107021797 5108928.260023682, 4652600.652052402 5083928.626697533, 4638167.107021755 5058928.993371395))",1,0.3066002565756366,2164.999999979241,2,0.1881490135472888,frequency,1,-1,0.11845124302834781,0.11845124302834781
4728,"POLYGON ((4681467.7421403965 1583979.9603670258, 4652600.652076981 1583979.9603676277, 4638167.107044985 1608979.593705395, 4652600.652076369 1633979.2270425598, 4681467.742139732 1633979.2270419602, 4695901.2871717615 1608979.5937041927, 4681467.7421403965 1583979.9603670258))",12,0.2709253870757651,2164.999999979252,3,0.2703307380114179,frequency,3,-3,0.0005946490643471969,0.0005946490643471969
4729,"POLYGON ((4681467.742139732 1633979.2270419602, 4652600.652076369 1633979.2270425598, 4638167.107044394 1658978.8603812475, 4652600.652075746 1683978.4937183238, 4681467.742139054 1683978.4937177252, 4695901.287171065 1658978.860380044, 4681467.742139732 1633979.2270419602))",3,0.4416679429580344,2165.000000022563,2,0.2637491316399053,frequency,1,1,0.1779188113181291,0.1779188113181291
4736,"POLYGON ((4681467.742134805 1983974.0937638837, 4652600.652071835 1983974.0937644765, 4638167.107040033 2008973.72710114, 4652600.652071167 2033973.3604381552, 4681467.742134079 2033973.3604375706, 4695901.287165915 2008973.727099961, 4681467.742134805 1983974.0937638837))",2,0.3112275193743085,2165.0000000225623,1,0.235760886426461,frequency,1,1,0.07546663294784747,0.07546663294784747
4737,"POLYGON ((4681467.742134079 2033973.3604375706, 4652600.652071167 2033973.3604381552, 4638167.107039393 2058972.99377462, 4652600.652070498 2083972.627110437, 4681467.742133353 2083972.6271098568, 4695901.287165159 2058972.9937734539, 4681467.742134079 2033973.3604375706))",11,0.2729602722697619,2164.9999999792512,10,0.3574433574940443,frequency,1,1,-0.08448308522428244,0.08448308522428244
4738,"POLYGON ((4681467.742133353 2083972.6271098568, 4652600.652070498 2083972.627110437, 4638167.107038754 2108972.2604476847, 4652600.65206983 2133971.8937832853, 4681467.7421326265 2133971.8937827135, 4695901.287164404 2108972.260446535, 4681467.742133353 2083972.6271098568))",10,0.2246117952467554,2165.0000000225523,2,0.2504600150911426,frequency,4,-4,-0.025848219844387177,0.025848219844387177
4739,"POLYGON ((4681467.7421326265 2133971.8937827135, 4652600.65206983 2133971.8937832853, 4638167.107038116 2158971.5271193185, 4652600.652069164 2183971.160454698, 4681467.742131903 2183971.1604541307, 4695901.28716365 2158971.527118177, 4681467.7421326265 2133971.8937827135))",10,0.287056571307266,2164.999999979262,2,0.2532116902073635,frequency,4,-4,0.03384488109990247,0.03384488109990247
4744,"POLYGON ((4681467.74212905 2383968.2271370646, 4652600.652066541 2383968.2271375954, 4638167.107034981 2408967.8604733935, 4652600.652065901 2433967.4938075673, 4681467.742128355 2433967.4938070457, 4695901.287159944 2408967.860472348, 4681467.74212905 2383968.2271370646))",2,0.2449437112872109,2165.0000000225523,11,0.3382697324010567,frequency,3,3,-0.09332602111384578,0.09332602111384578
4746,"POLYGON ((4681467.742127668 2483966.7604765105, 4652600.65206527 2483966.7604770195, 4638167.107033773 2508966.3938112846, 4652600.652064647 2533966.027144948, 4681467.742126992 2533966.0271444516, 4695901.287158516 2508966.393810281, 4681467.742127668 2483966.7604765105))",11,0.2107373171882054,2164.999999979262,11,0.3912025212756729,frequency,0,0,-0.1804652040874675,0.1804652040874675
4747,"POLYGON ((4681467.742126992 2533966.0271444516, 4652600.652064647 2533966.027144948, 4638167.107033184 2558965.6604789426, 4652600.652064035 2583965.2938133436, 4681467.742126327 2583965.2938128533, 4695901.287157818 2558965.6604779614, 4681467.742126992 2533966.0271444516))",10,0.3660968201388378,2165.0000000225527,10,0.3809624035674095,frequency,0,0,-0.014865583428571694,0.014865583428571694
4748,"POLYGON ((4681467.742126327 2583965.2938128533, 4652600.652064035 2583965.2938133436, 4638167.107032604 2608964.9271470625, 4652600.652063434 2633964.5604802016, 4681467.742125673 2633964.560479726, 4695901.287157132 2608964.927146104, 4681467.742126327 2583965.2938128533))",10,0.6009712675560102,2164.999999979262,10,0.3489669369437456,frequency,0,0,0.25200433061226457,0.25200433061226457
4749,"POLYGON ((4681467.742125673 2633964.560479726, 4652600.652063434 2633964.5604802016, 4638167.107032035 2658964.1938136476, 4652600.652062845 2683963.8271475243, 4681467.742125033 2683963.8271470596, 4695901.28715646 2658964.1938127084, 4681467.742125673 2633964.560479726))",1,0.1785393261340506,2165.0000000225527,10,0.229607572681044,frequency,3,3,-0.05106824654699341,0.05106824654699341
4750,"POLYGON ((4681467.742125033 2683963.8271470596, 4652600.652062845 2683963.8271475243, 4638167.107031478 2708963.4604806895, 4652600.65206227 2733963.0938133025, 4681467.742124407 2733963.093812852, 4695901.287155801 2708963.460479779, 4681467.742125033 2683963.8271470596))",1,0.3688281333398528,2164.999999979262,1,0.2693526674690491,frequency,0,0,0.09947546587080369,0.09947546587080369
4751,"POLYGON ((4681467.742124407 2733963.093812852, 4652600.65206227 2733963.0938133025, 4638167.107030934 2758962.7271462018, 4652600.652061707 2783962.3604795453, 4681467.742123795 2783962.360479108, 4695901.287155157 2758962.7271453096, 4681467.742124407 2733963.093812852))",10,0.2761594810910705,2165.0000000225527,1,0.3776499401405685,frequency,3,-3,-0.101490459049498,0.101490459049498
4752,"POLYGON ((4681467.742123795 2783962.360479108, 4652600.652061707 2783962.3604795453, 4638167.107030403 2808961.9938121685, 4652600.652061159 2833961.627144258, 4681467.742123199 2833961.6271438273, 4695901.287154528 2808961.9938113065, 4681467.742123795 2783962.360479108))",11,0.209153301029942,2164.999999979262,1,0.3158642820741496,frequency,2,-2,-0.10671098104420762,0.10671098104420762
4753,"POLYGON ((4681467.742123199 2833961.6271438273, 4652600.652061159 2833961.627144258, 4638167.107029885 2858961.260477607, 4652600.652060625 2883960.8938094308, 4681467.7421226185 2883960.893809012, 4695901.287153916 2858961.2604767685, 4681467.742123199 2833961.6271438273))",9,0.3187356755489822,2165.0000000225523,1,0.2479984445197454,frequency,4,-4,0.07073723102923679,0.07073723102923679
4754,"POLYGON ((4681467.7421226185 2883960.893809012, 4652600.652060625 2883960.8938094308, 4638167.107029382 2908960.527141512, 4652600.652060107 2933960.1604730682, 4681467.742122054 2933960.1604726766, 4695901.28715332 2908960.5271407003, 4681467.7421226185 2883960.893809012))",2,0.3468158371384738,2164.999999979262,2,0.2959779419506196,frequency,0,0,0.0508378951878542,0.0508378951878542
4755,"POLYGON ((4681467.742122054 2933960.1604726766, 4652600.652060107 2933960.1604730682, 4638167.107028894 2958959.793805884, 4652600.652059604 2983959.427137197, 4681467.742121507 2983959.4271368133, 4695901.287152742 2958959.7938051065, 4681467.742122054 2933960.1604726766))",1,0.292501636756083,2165.0000000225523,2,0.2651822606336093,frequency,1,-1,0.027319376122473704,0.027319376122473704
4756,"POLYGON ((4681467.742121507 2983959.4271368133, 4652600.652059604 2983959.427137197, 4638167.107028421 3008959.060468739, 4652600.652059118 3033958.6937998035, 4681467.742120978 3033958.693799435, 4695901.287152182 3008959.06046799, 4681467.742121507 2983959.4271368133))",7,0.2501896420511964,2164.999999979262,2,0.2892212924484503,frequency,5,5,-0.03903165039725387,0.03903165039725387
4757,"POLYGON ((4681467.742120978 3033958.693799435, 4652600.652059118 3033958.6937998035, 4638167.107027964 3058958.3271320905, 4652600.652058648 3083957.960462906, 4681467.742120467 3083957.9604625427, 4695901.287151641 3058958.327131359, 4681467.742120978 3033958.693799435))",12,0.2136326397122913,2165.0000000225523,2,0.241559325880951,frequency,2,-2,-0.027926686168659703,0.027926686168659703
4758,"POLYGON ((4681467.742120467 3083957.9604625427, 4652600.652058648 3083957.960462906, 4638167.107027522 3108957.5937939286, 4652600.652058195 3133957.2271245006, 4681467.7421199735 3133957.2271241555, 4695901.287151119 3108957.593793221, 4681467.742120467 3083957.9604625427))",1,0.2685968461650473,2164.999999979262,2,0.2307013222648724,frequency,1,-1,0.03789552390017492,0.03789552390017492
4759,"POLYGON ((4681467.7421199735 3133957.2271241555, 4652600.652058195 3133957.2271245006, 4638167.107027098 3158956.8604562753, 4652600.652057759 3183956.4937866125, 4681467.7421194995 3183956.4937862754, 4695901.287150616 3158956.8604556, 4681467.7421199735 3133957.2271241555))",10,0.1835426636744672,2165.0000000225523,2,0.2128088214930411,frequency,4,-4,-0.02926615781857389,0.02926615781857389
4760,"POLYGON ((4681467.7421194995 3183956.4937862754, 4652600.652057759 3183956.4937866125, 4638167.10702669 3208956.1271171365, 4652600.65205734 3233955.7604482397, 4681467.742119044 3233955.7604479208, 4695901.287150132 3208956.1271164888, 4681467.7421194995 3183956.4937862754))",2,0.3679923410595945,2165.0000000225527,1,0.1990521969130161,frequency,1,1,0.1689401441465784,0.1689401441465784
4761,"POLYGON ((4681467.742119044 3233955.7604479208, 4652600.65205734 3233955.7604482397, 4638167.107026298 3258955.393778528, 4652600.65205694 3283955.0271083997, 4681467.742118607 3283955.027108097, 4695901.287149667 3258955.3937779013, 4681467.742119044 3233955.7604479208))",1,0.3527170095589883,2164.999999979262,1,0.2377494193741728,frequency,0,0,0.11496759018481553,0.11496759018481553
4762,"POLYGON ((4681467.742118607 3283955.027108097, 4652600.65205694 3283955.0271083997, 4638167.107025923 3308954.6604384463, 4652600.652056556 3333954.2937691044, 4681467.74211819 3333954.293768815, 4695901.2871492235 3308954.6604378484, 4681467.742118607 3283955.027108097))",1,0.2538164213367183,2165.0000000225527,1,0.2707281866483758,frequency,0,0,-0.0169117653116575,0.0169117653116575
4763,"POLYGON ((4681467.74211819 3333954.293768815, 4652600.652056556 3333954.2937691044, 4638167.107025565 3358953.9270989224, 4652600.652056191 3383953.560428359, 4681467.742117791 3383953.560428087, 4695901.287148798 3358953.927098355, 4681467.74211819 3333954.293768815))",2,0.2160204871997466,2164.999999979262,1,0.2582242141957406,frequency,1,1,-0.042203726995994006,0.042203726995994006
4764,"POLYGON ((4681467.742117791 3383953.560428087, 4652600.652056191 3383953.560428359, 4638167.107025224 3408953.1937579573, 4652600.652055843 3433952.827088192, 4681467.742117413 3433952.827087924, 4695901.287148394 3408953.193757417, 4681467.742117791 3383953.560428087))",2,0.3439867071914813,2165.0000000225527,1,0.3315728102474146,frequency,1,1,0.012413896944066694,0.012413896944066694
4770,"POLYGON ((4681467.742115805 3683949.160378148, 4652600.652054367 3683949.160378349, 4638167.107023531 3708948.7937077545, 4652600.652054123 3733948.427035888, 4681467.74211554 3733948.4270356884, 4695901.287146384 3708948.7937073605, 4681467.742115805 3683949.160378148))",8,0.1811628663643812,2165.0000000225523,1,0.3454681930088795,frequency,5,-5,-0.1643053266444983,0.1643053266444983
4771,"POLYGON ((4681467.74211554 3733948.4270356884, 4652600.652054123 3733948.427035888, 4638167.107023306 3758948.060364115, 4652600.652053896 3783947.6936920905, 4681467.742115292 3783947.693691916, 4695901.287146118 3758948.0603637467, 4681467.74211554 3733948.4270356884))",1,0.271683011699718,2164.999999979262,1,0.4103280807023999,frequency,0,0,-0.13864506900268192,0.13864506900268192
4772,"POLYGON ((4681467.742115292 3783947.693691916, 4652600.652053896 3783947.6936920905, 4638167.107023098 3808947.32702116, 4652600.652053686 3833946.9603489838, 4681467.742115063 3833946.9603488166, 4695901.28714587 3808947.327020804, 4681467.742115292 3783947.693691916))",1,0.236909762151927,2165.0000000225523,1,0.3117732266829309,frequency,0,0,-0.0748634645310039,0.0748634645310039
4773,"POLYGON ((4681467.742115063 3833946.9603488166, 4652600.652053686 3833946.9603489838, 4638167.107022904 3858946.593676895, 4652600.652053491 3883946.2270045746, 4681467.74211485 3883946.227004423, 4695901.28714564 3858946.5936765624, 4681467.742115063 3833946.9603488166))",1,0.2186045064821464,2164.999999979262,1,0.2775453287303758,frequency,0,0,-0.058940822248229385,0.058940822248229385
4774,"POLYGON ((4681467.74211485 3883946.227004423, 4652600.652053491 3883946.2270045746, 4638167.107022725 3908945.860333346, 4652600.652053312 3933945.4936608863, 4681467.742114655 3933945.4936607396, 4695901.287145427 3908945.860333028, 4681467.74211485 3883946.227004423))",2,0.2510063907730961,2165.0000000225523,1,0.4088107749721454,frequency,1,1,-0.1578043841990493,0.1578043841990493
4775,"POLYGON ((4681467.742114655 3933945.4936607396, 4652600.652053312 3933945.4936608863, 4638167.107022562 3958945.1269885055, 4652600.6520531485 3983944.7603169233, 4681467.742114477 3983944.760316785, 4695901.287145233 3958945.1269882172, 4681467.742114655 3933945.4936607396))",1,0.2998092138633358,2165.0000000225527,1,0.2725826549450952,frequency,0,0,0.027226558918240606,0.027226558918240606
4776,"POLYGON ((4681467.742114477 3983944.760316785, 4652600.6520531485 3983944.7603169233, 4638167.107022412 4008944.3936444167, 4652600.652053 4033944.0269717043, 4681467.742114315 4033944.0269715735, 4695901.287145055 4008944.3936441415, 4681467.742114477 3983944.760316785))",3,0.3624254828954482,2164.999999979262,9,0.2134473401905723,frequency,6,-6,0.1489781427048759,0.1489781427048759
4777,"POLYGON ((4681467.742114315 4033944.0269715735, 4652600.652053 4033944.0269717043, 4638167.107022277 4058943.660299075, 4652600.652052865 4083943.293627258, 4681467.742114168 4083943.2936271336, 4695901.287144894 4058943.6602988145, 4681467.742114315 4033944.0269715735))",2,0.3334579305266146,2165.0000000225527,2,0.1866607228334545,frequency,0,0,0.1467972076931601,0.1467972076931601
4778,"POLYGON ((4681467.742114168 4083943.2936271336, 4652600.652052865 4083943.293627258, 4638167.107022156 4108942.926954497, 4652600.652052745 4133942.560281571, 4681467.742114036 4133942.5602814616, 4695901.2871447485 4108942.926954261, 4681467.742114168 4083943.2936271336))",2,0.1774195949570236,2164.999999979262,2,0.1762070166845458,frequency,0,0,0.00121257827247781,0.00121257827247781
4779,"POLYGON ((4681467.742114036 4133942.5602814616, 4652600.652052745 4133942.560281571, 4638167.107022048 4158942.193608707, 4652600.652052637 4183941.8269366873, 4681467.74211392 4183941.8269365765, 4695901.28714462 4158942.193608486, 4681467.742114036 4133942.5602814616))",3,0.2692147729720447,2165.0000000225527,11,0.2031020726769168,frequency,4,4,0.06611270029512792,0.06611270029512792
4780,"POLYGON ((4681467.74211392 4183941.8269365765, 4652600.652052637 4183941.8269366873, 4638167.107021951 4208941.460263719, 4652600.652052544 4233941.093590597, 4681467.742113816 4233941.093590504, 4695901.287144505 4208941.4602635065, 4681467.74211392 4183941.8269365765))",12,0.1541798104283888,2164.999999979282,11,0.185173991243127,frequency,1,1,-0.030994180814738204,0.030994180814738204
4781,"POLYGON ((4681467.742113816 4233941.093590504, 4652600.652052544 4233941.093590597, 4638167.107021868 4258940.726917528, 4652600.652052462 4283940.36024533, 4681467.742113727 4283940.360245233, 4695901.287144405 4258940.726917336, 4681467.742113816 4233941.093590504))",10,0.1734610424921134,2165.0000000225527,11,0.2150386674913612,frequency,1,-1,-0.0415776249992478,0.0415776249992478
4782,"POLYGON ((4681467.742113727 4283940.360245233, 4652600.652052462 4283940.36024533, 4638167.1070217965 4308939.993572164, 4652600.652052393 4333939.626898877, 4681467.742113652 4333939.626898794, 4695901.287144318 4308939.993571989, 4681467.742113727 4283940.360245233))",3,0.2072850205141969,2164.999999979241,3,0.2326749096109627,frequency,0,0,-0.025389889096765816,0.025389889096765816
4783,"POLYGON ((4681467.742113652 4333939.626898794, 4652600.652052393 4333939.626898877, 4638167.107021735 4358939.260226639, 4652600.652052334 4383938.89355329, 4681467.7421135865 4383938.893553208, 4695901.287144245 4358939.260226477, 4681467.742113652 4333939.626898794))",12,0.1820807050854392,2165.0000000225527,3,0.2434118578087159,frequency,3,-3,-0.061331152723276716,0.061331152723276716
4784,"POLYGON ((4681467.7421135865 4383938.893553208, 4652600.652052334 4383938.89355329, 4638167.107021685 4408938.5268799625, 4652600.652052286 4433938.160206548, 4681467.742113533 4433938.160206475, 4695901.287144184 4408938.526879822, 4681467.7421135865 4383938.893553208))",12,0.2531018921285954,2164.9999999792417,3,0.2577545330998528,frequency,3,-3,-0.0046526409712573935,0.0046526409712573935
4785,"POLYGON ((4681467.742113533 4433938.160206475, 4652600.652052286 4433938.160206548, 4638167.107021644 4458937.793534156, 4652600.65205225 4483937.426860662, 4681467.742113493 4483937.4268606, 4695901.287144137 4458937.7935340125, 4681467.742113533 4433938.160206475))",4,0.1883203548621305,2165.000000022593,4,0.1787263272378218,frequency,0,0,0.009594027624308693,0.009594027624308693
4786,"POLYGON ((4681467.742113493 4483937.4268606, 4652600.65205225 4483937.426860662, 4638167.107021614 4508937.060187208, 4652600.652052222 4533936.693513666, 4681467.742113463 4533936.693513612, 4695901.287144098 4508937.060187081, 4681467.742113493 4483937.4268606))",3,0.2246553589165485,2164.999999979241,12,0.1947624879092571,frequency,3,3,0.029892871007291405,0.029892871007291405
4787,"POLYGON ((4681467.742113463 4533936.693513612, 4652600.652052222 4533936.693513666, 4638167.107021592 4558936.326841154, 4652600.652052203 4583935.960167563, 4681467.742113443 4583935.960167503, 4695901.287144071 4558936.326841043, 4681467.742113463 4533936.693513612))",11,0.1644763673552886,2165.0000000225527,12,0.1947624879092571,frequency,1,-1,-0.03028612055396851,0.03028612055396851
4788,"POLYGON ((4681467.742113443 4583935.960167503, 4652600.652052203 4583935.960167563, 4638167.107021579 4608935.593493995, 4652600.652052193 4633935.22682036, 4681467.74211343 4633935.226820316, 4695901.287144054 4608935.593493896, 4681467.742113443 4583935.960167503))",3,0.2863009101616401,2164.9999999792417,11,0.2811288372112351,frequency,4,4,0.0051720729504050045,0.0051720729504050045
4789,"POLYGON ((4681467.74211343 4633935.226820316, 4652600.652052193 4633935.22682036, 4638167.107021573 4658934.860147749, 4652600.652052191 4683934.493474066, 4681467.742113429 4683934.493474012, 4695901.287144047 4658934.860147649, 4681467.74211343 4633935.226820316))",12,0.1703510738933803,2165.000000022593,3,0.3230896744751715,frequency,3,-3,-0.1527386005817912,0.1527386005817912
4790,"POLYGON ((4681467.742113429 4683934.493474012, 4652600.652052191 4683934.493474066, 4638167.107021575 4708934.126800404, 4652600.652052197 4733933.760127686, 4681467.742113435 4733933.760127645, 4695901.287144048 4708934.126800319, 4681467.742113429 4683934.493474012))",3,0.1585398123800866,2165.0000000225527,3,0.2276517724949633,frequency,0,0,-0.06911196011487669,0.06911196011487669
4791,"POLYGON ((4681467.742113435 4733933.760127645, 4652600.652052197 4733933.760127686, 4638167.107021583 4758933.393453996, 4652600.65205221 4783933.026780243, 4681467.742113448 4783933.026780202, 4695901.287144057 4758933.393453918, 4681467.742113435 4733933.760127645))",3,0.2313768189201777,2164.999999979241,11,0.2131510075638675,frequency,4,4,0.018225811356310184,0.018225811356310184
4792,"POLYGON ((4681467.742113448 4783933.026780202, 4652600.65205221 4783933.026780243, 4638167.107021599 4808932.660106517, 4652600.652052229 4833932.29343373, 4681467.742113466 4833932.293433713, 4695901.287144075 4808932.660106443, 4681467.742113448 4783933.026780202))",12,0.2005179675947018,2165.0000000225527,12,0.2203621038086975,frequency,0,0,-0.019844136213995694,0.019844136213995694
4793,"POLYGON ((4681467.742113466 4833932.293433713, 4652600.652052229 4833932.29343373, 4638167.1070216205 4858931.926759977, 4652600.6520522535 4883931.560086173, 4681467.742113493 4883931.560086149, 4695901.287144098 4858931.926759918, 4681467.742113466 4833932.293433713))",2,0.2399371632311521,2164.999999979282,3,0.2429694314937521,frequency,1,-1,-0.003032268262600002,0.003032268262600002
4795,"POLYGON ((4681467.742113527 4933930.82673954, 4652600.652052284 4933930.826739564, 4638167.107021679 4958930.460065752, 4652600.652052319 4983930.093391923, 4681467.742113564 4983930.093391893, 4695901.2871441655 4958930.460065711, 4681467.742113527 4933930.82673954))",12,0.2051759838924543,2164.999999979241,2,0.2554535374001244,frequency,2,-2,-0.050277553507670075,0.050277553507670075
4796,"POLYGON ((4681467.742113564 4983930.093391893, 4652600.652052319 4983930.093391923, 4638167.1070217155 5008929.726718092, 4652600.652052358 5033929.360045246, 4681467.742113606 5033929.360045221, 4695901.287144207 5008929.726718053, 4681467.742113564 4983930.093391893))",2,0.3015507610505755,2165.0000000225527,2,0.2441006850817324,frequency,0,0,0.05745007596884308,0.05745007596884308
4797,"POLYGON ((4681467.742113606 5033929.360045221, 4652600.652052358 5033929.360045246, 4638167.107021755 5058928.993371395, 4652600.652052402 5083928.626697533, 4681467.742113653 5083928.626697519, 4695901.287144255 5058928.993371356, 4681467.742113606 5033929.360045221))",2,0.2653581444879357,2164.9999999792417,2,0.2441006850817324,frequency,0,0,0.0212574594062033,0.0212574594062033
4798,"POLYGON ((4681467.742113653 5083928.626697519, 4652600.652052402 5083928.626697533, 4638167.107021797 5108928.260023682, 4652600.652052447 5133927.893350815, 4681467.742113703 5133927.893350797, 4695901.287144305 5108928.260023641, 4681467.742113653 5083928.626697519))",1,0.3850967854177207,2165.000000022593,2,0.3353032120425152,frequency,1,-1,0.04979357337520551,0.04979357337520551
4799,"POLYGON ((4681467.742113703 5133927.893350797, 4652600.652052447 5133927.893350815, 4638167.107021843 5158927.526676949, 4652600.6520524975 5183927.16000307, 4681467.742113758 5183927.160003049, 4695901.287144359 5158927.526676911, 4681467.742113703 5133927.893350797))",1,0.4266173877712389,2164.999999979241,2,0.3163636633876749,frequency,1,-1,0.11025372438356401,0.11025372438356401
4800,"POLYGON ((4681467.742113758 5183927.160003049, 4652600.6520524975 5183927.16000307, 4638167.1070218915 5208926.793330206, 4652600.65205255 5233926.426656315, 4681467.742113813 5233926.426656306, 4695901.287144416 5208926.793330166, 4681467.742113758 5183927.160003049))",10,0.6106029726133253,2165.0000000225527,1,0.3304702437236271,frequency,3,-3,0.2801327288896982,0.2801327288896982
4816,"POLYGON ((4724768.377235159 1608979.5937035128, 4695901.2871717615 1608979.5937041927, 4681467.742139732 1633979.2270419602, 4695901.287171065 1658978.860380044, 4724768.377234409 1658978.8603793627, 4739201.922266472 1633979.2270406028, 4724768.377235159 1608979.5937035128))",11,0.4010319145284163,2165.0000000225623,3,0.2046359113970716,frequency,4,-4,0.1963960031313447,0.1963960031313447
4824,"POLYGON ((4724768.377228865 2008973.7270993027, 4695901.287165915 2008973.727099961, 4681467.742134079 2033973.3604375706, 4695901.287165159 2058972.9937734539, 4724768.377228052 2058972.9937727978, 4739201.922259922 2033973.3604362516, 4724768.377228865 2008973.7270993027))",11,0.2545283382545251,2165.000000022563,1,0.2334577107107755,frequency,2,-2,0.02107062754374958,0.02107062754374958
4825,"POLYGON ((4724768.377228052 2058972.9937727978, 4695901.287165159 2058972.9937734539, 4681467.742133353 2083972.6271098568, 4695901.287164404 2108972.260446535, 4724768.377227239 2108972.2604458816, 4739201.92225908 2083972.6271085476, 4724768.377228052 2058972.9937727978))",10,0.4344826377576524,2165.0000000225527,12,0.2660582921421022,frequency,2,-2,0.1684243456155502,0.1684243456155502
4832,"POLYGON ((4724768.3772224365 2408967.8604717487, 4695901.287159944 2408967.860472348, 4681467.742128355 2433967.4938070457, 4695901.287159226 2458967.12714107, 4724768.377221662 2458967.1271404913, 4739201.922253282 2433967.493805879, 4724768.3772224365 2408967.8604717487))",2,0.3147976640504953,2164.999999979262,10,0.2435228118201424,frequency,4,4,0.0712748522303529,0.0712748522303529
4833,"POLYGON ((4724768.377221662 2458967.1271404913, 4695901.287159226 2458967.12714107, 4681467.742127668 2483966.7604765105, 4695901.287158516 2508966.393810281, 4724768.377220898 2508966.3938097158, 4739201.9222524855 2483966.760475362, 4724768.377221662 2458967.1271404913))",2,0.4718824780107168,2165.0000000225527,11,0.2696467985670654,frequency,3,3,0.2022356794436514,0.2022356794436514
4834,"POLYGON ((4724768.377220898 2508966.3938097158, 4695901.287158516 2508966.393810281, 4681467.742126992 2533966.0271444516, 4695901.287157818 2558965.6604779614, 4724768.377220146 2558965.660477403, 4739201.9222516995 2533966.0271433233, 4724768.377220898 2508966.3938097158))",11,0.2493270681030982,2164.999999979262,2,0.438654791971288,frequency,3,-3,-0.18932772386818977,0.18932772386818977
4835,"POLYGON ((4724768.377220146 2558965.660477403, 4695901.287157818 2558965.6604779614, 4681467.742126327 2583965.2938128533, 4695901.287157132 2608964.927146104, 4724768.377219407 2608964.927145561, 4739201.922250927 2583965.2938117557, 4724768.377220146 2558965.660477403))",10,0.5232573567489355,2165.0000000225527,2,0.264867698366898,frequency,4,-4,0.2583896583820375,0.2583896583820375
4836,"POLYGON ((4724768.377219407 2608964.927145561, 4695901.287157132 2608964.927146104, 4681467.742125673 2633964.560479726, 4695901.28715646 2658964.1938127084, 4724768.377218682 2658964.193812181, 4739201.922250169 2633964.560478652, 4724768.377219407 2608964.927145561))",3,0.2731527675605766,2164.999999979262,10,0.2049328444167345,frequency,5,5,0.06821992314384209,0.06821992314384209
4837,"POLYGON ((4724768.377218682 2658964.193812181, 4695901.28715646 2658964.1938127084, 4681467.742125033 2683963.8271470596, 4695901.287155801 2708963.460479779, 4724768.377217973 2708963.4604792674, 4739201.922249426 2683963.827146014, 4724768.377218682 2658964.193812181))",10,0.4430085040220949,2165.0000000225527,10,0.2043982567178022,frequency,0,0,0.2386102473042927,0.2386102473042927
4838,"POLYGON ((4724768.377217973 2708963.4604792674, 4695901.287155801 2708963.460479779, 4681467.742124407 2733963.093812852, 4695901.287155157 2758962.7271453096, 4724768.377217278 2758962.7271448113, 4739201.922248699 2733963.093811836, 4724768.377217973 2708963.4604792674))",1,0.4548131074000268,2164.9999999792417,1,0.2982709421278803,frequency,0,0,0.15654216527214648,0.15654216527214648
4839,"POLYGON ((4724768.377217278 2758962.7271448113, 4695901.287155157 2758962.7271453096, 4681467.742123795 2783962.360479108, 4695901.287154528 2808961.9938113065, 4724768.377216601 2808961.9938108204, 4739201.922247987 2783962.360478123, 4724768.377217278 2758962.7271448113))",2,0.254693810607803,2165.0000000225723,1,0.4170444957853983,frequency,1,1,-0.16235068517759532,0.16235068517759532
4840,"POLYGON ((4724768.377216601 2808961.9938108204, 4695901.287154528 2808961.9938113065, 4681467.742123199 2833961.6271438273, 4695901.287153916 2858961.2604767685, 4724768.3772159405 2858961.2604762977, 4739201.922247295 2833961.6271428727, 4724768.377216601 2808961.9938108204))",2,0.319881478957399,2165.0000000225527,1,0.2969283531925988,frequency,1,1,0.022953125764800186,0.022953125764800186
4841,"POLYGON ((4724768.3772159405 2858961.2604762977, 4695901.287153916 2858961.2604767685, 4681467.7421226185 2883960.893809012, 4695901.28715332 2908960.5271407003, 4724768.377215299 2908960.5271402434, 4739201.92224662 2883960.893808092, 4724768.3772159405 2858961.2604762977))",2,0.1976288010630126,2164.999999979262,2,0.2886450678217592,frequency,0,0,-0.0910162667587466,0.0910162667587466
4842,"POLYGON ((4724768.377215299 2908960.5271402434, 4695901.28715332 2908960.5271407003, 4681467.742122054 2933960.1604726766, 4695901.287152742 2958959.7938051065, 4724768.377214676 2958959.79380466, 4739201.922245964 2933960.160471782, 4724768.377215299 2908960.5271402434))",2,0.2243579501996859,2165.0000000225527,2,0.2526817385358348,frequency,0,0,-0.028323788336148903,0.028323788336148903
4843,"POLYGON ((4724768.377214676 2958959.79380466, 4695901.287152742 2958959.7938051065, 4681467.742121507 2983959.4271368133, 4695901.287152182 3008959.06046799, 4724768.377214073 3008959.0604675557, 4739201.922245329 2983959.42713594, 4724768.377214676 2958959.79380466))",1,0.251365118075282,2164.999999979262,2,0.2648733291161555,frequency,1,-1,-0.013508211040873519,0.013508211040873519
4844,"POLYGON ((4724768.377214073 3008959.0604675557, 4695901.287152182 3008959.06046799, 4681467.742120978 3033958.693799435, 4695901.287151641 3058958.327131359, 4724768.377213488 3058958.327130946, 4739201.922244715 3033958.6937985956, 4724768.377214073 3008959.0604675557))",2,0.238658405641664,2165.0000000225527,2,0.2443160785461557,frequency,0,0,-0.005657672904491706,0.005657672904491706
4845,"POLYGON ((4724768.377213488 3058958.327130946, 4695901.287151641 3058958.327131359, 4681467.742120467 3083957.9604625427, 4695901.287151119 3108957.593793221, 4724768.377212926 3108957.5937928273, 4739201.922244119 3083957.9604617367, 4724768.377213488 3058958.327130946))",9,0.2554429738330014,2164.999999979262,2,0.2648845913329164,frequency,5,-5,-0.009441617499915012,0.009441617499915012
4846,"POLYGON ((4724768.377212926 3108957.5937928273, 4695901.287151119 3108957.593793221, 4681467.7421199735 3133957.2271241555, 4695901.287150616 3158956.8604556, 4724768.377212383 3158956.860455214, 4739201.922243546 3133957.2271233816, 4724768.377212926 3108957.5937928273))",8,0.2385177419499973,2165.0000000225527,1,0.2288815524382585,frequency,5,-5,0.009636189511738807,0.009636189511738807
4847,"POLYGON ((4724768.377212383 3158956.860455214, 4695901.287150616 3158956.8604556, 4681467.7421194995 3183956.4937862754, 4695901.287150132 3208956.1271164888, 4724768.37721186 3208956.1271161223, 4739201.922242994 3183956.4937855285, 4724768.377212383 3158956.860455214))",1,0.3359879543929418,2164.999999979262,1,0.2781808755500677,frequency,0,0,0.057807078842874116,0.057807078842874116
4848,"POLYGON ((4724768.37721186 3208956.1271161223, 4695901.287150132 3208956.1271164888, 4681467.742119044 3233955.7604479208, 4695901.287149667 3258955.3937779013, 4724768.377211359 3258955.3937775516, 4739201.922242464 3233955.760447208, 4724768.37721186 3208956.1271161223))",1,0.2295013016361805,2165.0000000225527,1,0.2382205896336184,frequency,0,0,-0.008719287997437902,0.008719287997437902
4849,"POLYGON ((4724768.377211359 3258955.3937775516, 4695901.287149667 3258955.3937779013, 4681467.742118607 3283955.027108097, 4695901.2871492235 3308954.6604378484, 4724768.377210881 3308954.660437514, 4739201.922241957 3283955.027107408, 4724768.377211359 3258955.3937775516))",2,0.2912954593357403,2164.999999979262,1,0.2820128182797342,frequency,1,1,0.009282641056006125,0.009282641056006125
4850,"POLYGON ((4724768.377210881 3308954.660437514, 4695901.2871492235 3308954.6604378484, 4681467.74211819 3333954.293768815, 4695901.287148798 3358953.927098355, 4724768.377210422 3358953.9270980335, 4739201.922241471 3333954.2937681535, 4724768.377210881 3308954.660437514))",1,0.2055744625999187,2165.0000000225527,1,0.2820128182797342,frequency,0,0,-0.07643835567981547,0.07643835567981547
4851,"POLYGON ((4724768.377210422 3358953.9270980335, 4695901.287148798 3358953.927098355, 4681467.742117791 3383953.560428087, 4695901.287148394 3408953.193757417, 4724768.377209986 3408953.1937571084, 4739201.922241008 3383953.5604274557, 4724768.377210422 3358953.9270980335))",1,0.4396277651395335,2164.9999999792417,1,0.3300813278738315,frequency,0,0,0.10954643726570201,0.10954643726570201
4852,"POLYGON ((4724768.377209986 3408953.1937571084, 4695901.287148394 3408953.193757417, 4681467.742117413 3433952.827087924, 4695901.287148009 3458952.460417055, 4724768.377209571 3458952.4604167575, 4739201.922240566 3433952.8270873204, 4724768.377209986 3408953.1937571084))",2,0.2477350677426705,2165.0000000225723,1,0.316181330928432,frequency,1,1,-0.06844626318576147,0.06844626318576147
4859,"POLYGON ((4724768.377207529 3758948.060363532, 4695901.287146118 3758948.0603637467, 4681467.742115292 3783947.693691916, 4695901.28714587 3808947.327020804, 4724768.377207261 3808947.327020607, 4739201.922238094 3783947.6936914986, 4724768.377207529 3758948.060363532))",1,0.4246643498439611,2165.0000000225527,1,0.2845047390560618,frequency,0,0,0.14015961078789935,0.14015961078789935
4860,"POLYGON ((4724768.377207261 3808947.327020607, 4695901.28714587 3808947.327020804, 4681467.742115063 3833946.9603488166, 4695901.28714564 3858946.5936765624, 4724768.377207012 3858946.593676374, 4739201.922237826 3833946.9603484278, 4724768.377207261 3808947.327020607))",1,0.3892552553648947,2164.999999979262,3,0.2906495827585583,frequency,2,-2,0.0986056726063364,0.0986056726063364
4861,"POLYGON ((4724768.377207012 3858946.593676374, 4695901.28714564 3858946.5936765624, 4681467.74211485 3883946.227004423, 4695901.287145427 3908945.860333028, 4724768.377206783 3908945.860332853, 4739201.922237578 3883946.2270040535, 4724768.377207012 3858946.593676374))",3,0.2873711070463841,2165.0000000225527,3,0.2425675158030679,frequency,0,0,0.044803591243316176,0.044803591243316176
4862,"POLYGON ((4724768.377206783 3908945.860332853, 4695901.287145427 3908945.860333028, 4681467.742114655 3933945.4936607396, 4695901.287145233 3958945.1269882172, 4724768.377206572 3958945.126988053, 4739201.92223735 3933945.4936603997, 4724768.377206783 3908945.860332853))",3,0.1660345749900198,2164.999999979262,1,0.4160581070627875,frequency,2,2,-0.25002353207276773,0.25002353207276773
4863,"POLYGON ((4724768.377206572 3958945.126988053, 4695901.287145233 3958945.1269882172, 4681467.742114477 3983944.760316785, 4695901.287145055 4008944.3936441415, 4724768.37720638 4008944.39364399, 4739201.922237141 3983944.7603164683, 4724768.377206572 3958945.126988053))",11,0.1538925602441699,2165.0000000225527,1,0.4092371179602438,frequency,2,-2,-0.2553445577160739,0.2553445577160739
4864,"POLYGON ((4724768.37720638 4008944.39364399, 4695901.287145055 4008944.3936441415, 4681467.742114315 4033944.0269715735, 4695901.287144894 4058943.6602988145, 4724768.377206205 4058943.6602986767, 4739201.92223695 4033944.026971283, 4724768.37720638 4008944.39364399))",3,0.2099427925399535,2164.9999999792417,3,0.2439642652043655,frequency,0,0,-0.03402147266441202,0.03402147266441202
4865,"POLYGON ((4724768.377206205 4058943.6602986767, 4695901.287144894 4058943.6602988145, 4681467.742114168 4083943.2936271336, 4695901.2871447485 4108942.926954261, 4724768.377206049 4108942.926954129, 4739201.922236779 4083943.2936268547, 4724768.377206205 4058943.6602986767))",9,0.173022829063844,2165.0000000225723,3,0.2031854795670535,frequency,6,6,-0.030162650503209487,0.030162650503209487
4866,"POLYGON ((4724768.377206049 4108942.926954129, 4695901.2871447485 4108942.926954261, 4681467.742114036 4133942.5602814616, 4695901.28714462 4158942.193608486, 4724768.377205908 4158942.193608366, 4739201.922236624 4133942.560281205, 4724768.377206049 4108942.926954129))",3,0.2389794027023017,2164.9999999792417,12,0.1938089905115493,frequency,3,3,0.04517041219075241,0.04517041219075241
4867,"POLYGON ((4724768.377205908 4158942.193608366, 4695901.28714462 4158942.193608486, 4681467.74211392 4183941.8269365765, 4695901.287144505 4208941.4602635065, 4724768.377205784 4208941.460263392, 4739201.922236486 4183941.826936343, 4724768.377205908 4158942.193608366))",11,0.1579581827793244,2165.0000000225723,2,0.1846044766694004,frequency,3,-3,-0.026646293890076,0.026646293890076
4870,"POLYGON ((4724768.377205582 4308939.993571893, 4695901.287144318 4308939.993571989, 4681467.742113652 4333939.626898794, 4695901.287144245 4358939.260226477, 4724768.377205501 4358939.260226393, 4739201.922236171 4333939.626898608, 4724768.377205582 4308939.993571893))",12,0.2415330341594683,2165.0000000225527,1,0.3144026409267021,frequency,1,-1,-0.07286960676723381,0.07286960676723381
4872,"POLYGON ((4724768.377205436 4408938.5268797325, 4695901.287144184 4408938.526879822, 4681467.742113533 4433938.160206475, 4695901.287144137 4458937.7935340125, 4724768.377205384 4458937.793533936, 4739201.922236032 4433938.160206315, 4724768.377205436 4408938.5268797325))",11,0.1677791174506774,2165.0000000225527,3,0.1776668231737343,frequency,4,-4,-0.009887705723056917,0.009887705723056917
4873,"POLYGON ((4724768.377205384 4458937.793533936, 4695901.287144137 4458937.7935340125, 4681467.742113493 4483937.4268606, 4695901.287144098 4508937.060187081, 4724768.377205342 4508937.060187014, 4739201.922235983 4483937.426860456, 4724768.377205384 4458937.793533936))",2,0.1514993544860702,2164.9999999792417,12,0.1855239115669036,frequency,2,2,-0.034024557080833406,0.034024557080833406
4874,"POLYGON ((4724768.377205342 4508937.060187014, 4695901.287144098 4508937.060187081, 4681467.742113463 4533936.693513612, 4695901.287144071 4558936.326841043, 4724768.377205312 4558936.326840978, 4739201.922235947 4533936.6935134735, 4724768.377205342 4508937.060187014))",11,0.175462573752124,2165.0000000225527,9,0.1523187423227701,frequency,2,2,0.023143831429353917,0.023143831429353917
4875,"POLYGON ((4724768.377205312 4558936.326840978, 4695901.287144071 4558936.326841043, 4681467.742113443 4583935.960167503, 4695901.287144054 4608935.593493896, 4724768.377205294 4608935.593493838, 4739201.922235922 4583935.96016738, 4724768.377205312 4558936.326840978))",11,0.2696715765392768,2164.999999979282,3,0.256211744282368,frequency,4,-4,0.013459832256908832,0.013459832256908832
4876,"POLYGON ((4724768.377205294 4608935.593493838, 4695901.287144054 4608935.593493896, 4681467.74211343 4633935.226820316, 4695901.287144047 4658934.860147649, 4724768.377205284 4658934.860147597, 4739201.922235906 4633935.226820201, 4724768.377205294 4608935.593493838))",3,0.167023162128995,2165.0000000225527,3,0.2204502787599629,frequency,0,0,-0.053427116630967886,0.053427116630967886
4877,"POLYGON ((4724768.377205284 4658934.860147597, 4695901.287144047 4658934.860147649, 4681467.742113429 4683934.493474012, 4695901.287144048 4708934.126800319, 4724768.377205286 4708934.126800269, 4739201.922235903 4683934.493473912, 4724768.377205284 4658934.860147597))",10,0.1867521134104831,2164.9999999792417,3,0.2561660555209181,frequency,5,-5,-0.069413942110435,0.069413942110435
4878,"POLYGON ((4724768.377205286 4708934.126800269, 4695901.287144048 4708934.126800319, 4681467.742113435 4733933.760127645, 4695901.287144057 4758933.393453918, 4724768.3772052955 4758933.393453873, 4739201.922235909 4733933.760127552, 4724768.377205286 4708934.126800269))",2,0.2721633561402661,2165.0000000225523,1,0.1984861164797141,frequency,1,1,0.07367723966055201,0.07367723966055201
4879,"POLYGON ((4724768.3772052955 4758933.393453873, 4695901.287144057 4758933.393453918, 4681467.742113448 4783933.026780202, 4695901.287144075 4808932.660106443, 4724768.377205313 4808932.660106405, 4739201.922235922 4783933.026780124, 4724768.3772052955 4758933.393453873))",3,0.2931482406013727,2164.999999979282,3,0.1848524727282909,frequency,0,0,0.10829576787308179,0.10829576787308179
4880,"POLYGON ((4724768.377205313 4808932.660106405, 4695901.287144075 4808932.660106443, 4681467.742113466 4833932.293433713, 4695901.287144098 4858931.926759918, 4724768.377205338 4858931.926759881, 4739201.922235943 4833932.293433635, 4724768.377205313 4808932.660106405))",1,0.2429069727965034,2165.0000000225527,2,0.2026216586703221,frequency,1,-1,0.040285314126181276,0.040285314126181276
4881,"POLYGON ((4724768.377205338 4858931.926759881, 4695901.287144098 4858931.926759918, 4681467.742113493 4883931.560086149, 4695901.28714413 4908931.193412328, 4724768.37720537 4908931.1934123095, 4739201.922235973 4883931.5600860845, 4724768.377205338 4858931.926759881))",1,0.2345873051965503,2164.9999999792417,12,0.2649653274521982,frequency,1,1,-0.030378022255647896,0.030378022255647896
4882,"POLYGON ((4724768.37720537 4908931.1934123095, 4695901.28714413 4908931.193412328, 4681467.742113527 4933930.82673954, 4695901.2871441655 4958930.460065711, 4724768.377205412 4958930.460065671, 4739201.92223601 4933930.826739484, 4724768.37720537 4908931.1934123095))",12,0.3641406044333796,2165.0000000225523,12,0.2975220920854227,frequency,0,0,0.0666185123479569,0.0666185123479569
4884,"POLYGON ((4724768.377205455 5008929.726718025, 4695901.287144207 5008929.726718053, 4681467.742113606 5033929.360045221, 4695901.287144255 5058928.993371356, 4724768.377205504 5058928.993371336, 4739201.922236103 5033929.360045167, 4724768.377205455 5008929.726718025))",11,0.1988010639853818,2165.0000000225527,2,0.3334941483149353,frequency,3,-3,-0.1346930843295535,0.1346930843295535
4885,"POLYGON ((4724768.377205504 5058928.993371336, 4695901.287144255 5058928.993371356, 4681467.742113653 5083928.626697519, 4695901.287144305 5108928.260023641, 4724768.377205556 5108928.260023632, 4739201.922236155 5083928.626697475, 4724768.377205504 5058928.993371336))",11,0.1937793459366661,2164.999999979241,2,0.3346496411379817,frequency,3,-3,-0.14087029520131558,0.14087029520131558
4886,"POLYGON ((4724768.377205556 5108928.260023632, 4695901.287144305 5108928.260023641, 4681467.742113703 5133927.893350797, 4695901.287144359 5158927.526676911, 4724768.377205616 5158927.526676891, 4739201.922236212 5133927.8933507595, 4724768.377205556 5108928.260023632))",2,0.3147201611381326,2165.0000000225523,2,0.3366544239344474,frequency,0,0,-0.021934262796314774,0.021934262796314774
4887,"POLYGON ((4724768.377205616 5158927.526676891, 4695901.287144359 5158927.526676911, 4681467.742113758 5183927.160003049, 4695901.287144416 5208926.793330166, 4724768.377205676 5208926.793330154, 4739201.922236276 5183927.160003006, 4724768.377205616 5158927.526676891))",1,0.2822644405903821,2165.0000000225527,12,0.2302692510460847,frequency,1,1,0.05199518954429738,0.05199518954429738
4903,"POLYGON ((4768069.012330674 1583979.9603649275, 4739201.922267241 1583979.9603656763, 4724768.377235159 1608979.5937035128, 4739201.922266472 1633979.2270406028, 4768069.012329853 1633979.2270398503, 4782502.557361971 1608979.593702012, 4768069.012330674 1583979.9603649275))",8,0.4401905409408048,2164.999999979252,3,0.3478122068758956,frequency,5,5,0.0923783340649092,0.0923783340649092
4904,"POLYGON ((4768069.012329853 1633979.2270398503, 4739201.922266472 1633979.2270406028, 4724768.377234409 1658978.8603793627, 4739201.922265689 1683978.4937163633, 4768069.012329016 1683978.4937156087, 4782502.557361115 1658978.8603778605, 4768069.012329853 1633979.2270398503))",3,0.2116034201041574,2165.000000022563,11,0.3355141616072277,frequency,4,4,-0.1239107415030703,0.1239107415030703
4910,"POLYGON ((4768069.012324649 1933974.8270887374, 4739201.922261601 1933974.8270894787, 4724768.377229677 1958974.4604264158, 4739201.922260763 1983974.0937625559, 4768069.012323753 1983974.0937618203, 4782502.557355713 1958974.4604249354, 4768069.012324649 1933974.8270887374))",12,0.3489640011380594,2164.9999999792512,11,0.238563155099111,frequency,1,1,0.11040084603894842,0.11040084603894842
4911,"POLYGON ((4768069.012323753 1983974.0937618203, 4739201.922260763 1983974.0937625559, 4724768.377228865 2008973.7270993027, 4739201.922259922 2033973.3604362516, 4768069.012322855 2033973.3604355194, 4782502.557354787 2008973.7270978321, 4768069.012323753 1983974.0937618203))",3,0.3178169243421279,2165.0000000225623,12,0.4487115709879613,frequency,3,3,-0.1308946466458334,0.1308946466458334
4912,"POLYGON ((4768069.012322855 2033973.3604355194, 4739201.922259922 2033973.3604362516, 4724768.377228052 2058972.9937727978, 4739201.92225908 2083972.6271085476, 4768069.012321955 2083972.6271078254, 4782502.557353859 2058972.9937713423, 4768069.012322855 2033973.3604355194))",10,0.3049265840782916,2164.9999999792512,12,0.3265653219050345,frequency,2,-2,-0.021638737826742915,0.021638737826742915
4919,"POLYGON ((4768069.01231662 2383968.2271352056, 4739201.922254089 2383968.2271358715, 4724768.3772224365 2408967.8604717487, 4739201.922253282 2433967.493805879, 4768069.012315756 2433967.493805232, 4782502.55734744 2408967.860470439, 4768069.01231662 2383968.2271352056))",2,0.1913048674806688,2165.0000000225523,2,0.2653584708071398,frequency,0,0,-0.07405360332647101,0.07405360332647101
4920,"POLYGON ((4768069.012315756 2433967.493805232, 4739201.922253282 2433967.493805879, 4724768.377221662 2458967.1271404913, 4739201.9222524855 2483966.760475362, 4768069.0123149045 2483966.760474728, 4782502.5573465545 2458967.1271392065, 4768069.012315756 2433967.493805232))",10,0.2707372507178484,2165.0000000225527,2,0.1680504190733475,frequency,4,-4,0.10268683164450088,0.10268683164450088
4921,"POLYGON ((4768069.0123149045 2483966.760474728, 4739201.9222524855 2483966.760475362, 4724768.377220898 2508966.3938097158, 4739201.9222516995 2533966.0271433233, 4768069.012314064 2533966.0271427054, 4782502.557345681 2508966.3938084524, 4768069.0123149045 2483966.760474728))",1,0.2092262870244476,2164.999999979262,2,0.1876502866328374,frequency,1,-1,0.0215760003916102,0.0215760003916102
4922,"POLYGON ((4768069.012314064 2533966.0271427054, 4739201.9222516995 2533966.0271433233, 4724768.377220146 2558965.660477403, 4739201.922250927 2583965.2938117557, 4768069.012313239 2583965.293811146, 4782502.557344821 2558965.660476167, 4768069.012314064 2533966.0271427054))",3,0.3127289740713302,2165.0000000225527,2,0.2823044919538743,frequency,1,1,0.03042448211745591,0.03042448211745591
4923,"POLYGON ((4768069.012313239 2583965.293811146, 4739201.922250927 2583965.2938117557, 4724768.377219407 2608964.927145561, 4739201.922250169 2633964.560478652, 4768069.012312428 2633964.5604780586, 4782502.557343977 2608964.9271443523, 4768069.012313239 2583965.293811146))",1,0.2832246817163787,2164.999999979262,2,0.2114738340250817,frequency,1,-1,0.07175084769129703,0.07175084769129703
4924,"POLYGON ((4768069.012312428 2633964.5604780586, 4739201.922250169 2633964.560478652, 4724768.377218682 2658964.193812181, 4739201.922249426 2683963.827146014, 4768069.012311633 2683963.827145431, 4782502.557343147 2658964.193811006, 4768069.012312428 2633964.5604780586))",3,0.3929888889311387,2165.0000000225527,1,0.2134459132244004,frequency,2,2,0.1795429757067383,0.1795429757067383
4925,"POLYGON ((4768069.012311633 2683963.827145431, 4739201.922249426 2683963.827146014, 4724768.377217973 2708963.4604792674, 4739201.922248699 2733963.093811836, 4768069.012310855 2733963.09381127, 4782502.557342334 2708963.4604781223, 4768069.012311633 2683963.827145431))",12,0.2726178093149858,2164.999999979262,1,0.221477156460553,frequency,1,-1,0.05114065285443281,0.05114065285443281
4926,"POLYGON ((4768069.012310855 2733963.09381127, 4739201.922248699 2733963.093811836, 4724768.377217278 2758962.7271448113, 4739201.922247987 2783962.360478123, 4768069.012310094 2783962.3604775737, 4782502.55734154 2758962.7271436984, 4768069.012310855 2733963.09381127))",12,0.2719647142297386,2165.0000000225527,1,0.3849833312189735,frequency,1,-1,-0.11301861698923488,0.11301861698923488
4927,"POLYGON ((4768069.012310094 2783962.3604775737, 4739201.922247987 2783962.360478123, 4724768.377216601 2808961.9938108204, 4739201.922247295 2833961.6271428727, 4768069.012309353 2833961.6271423367, 4782502.557340764 2808961.9938097415, 4768069.012310094 2783962.3604775737))",10,0.2021455682011838,2164.999999979262,1,0.314329561017614,frequency,3,-3,-0.11218399281643021,0.11218399281643021
4928,"POLYGON ((4768069.012309353 2833961.6271423367, 4739201.922247295 2833961.6271428727, 4724768.3772159405 2858961.2604762977, 4739201.92224662 2883960.893808092, 4768069.012308631 2883960.893807576, 4782502.557340009 2858961.260475246, 4768069.012309353 2833961.6271423367))",12,0.1959681063754816,2165.0000000225523,1,0.3321341403000029,frequency,1,-1,-0.13616603392452128,0.13616603392452128
4929,"POLYGON ((4768069.012308631 2883960.893807576, 4739201.92224662 2883960.893808092, 4724768.377215299 2908960.5271402434, 4739201.922245964 2933960.160471782, 4768069.01230793 2933960.1604712796, 4782502.557339274 2908960.5271392274, 4768069.012308631 2883960.893807576))",4,0.1582415482574286,2164.999999979262,2,0.2857212714639728,frequency,2,2,-0.12747972320654422,0.12747972320654422
4930,"POLYGON ((4768069.01230793 2933960.1604712796, 4739201.922245964 2933960.160471782, 4724768.377214676 2958959.79380466, 4739201.922245329 2983959.42713594, 4768069.012307251 2983959.427135458, 4782502.557338561 2958959.7938036756, 4768069.01230793 2933960.1604712796))",3,0.2983641665705299,2165.0000000225523,2,0.2316070438573535,frequency,1,1,0.06675712271317638,0.06675712271317638
4931,"POLYGON ((4768069.012307251 2983959.427135458, 4739201.922245329 2983959.42713594, 4724768.377214073 3008959.0604675557, 4739201.922244715 3033958.6937985956, 4768069.0123065915 3033958.6937981304, 4782502.55733787 3008959.0604666085, 4768069.012307251 2983959.427135458))",2,0.2255349697605989,2164.999999979262,2,0.2544080918148065,frequency,0,0,-0.02887312205420761,0.02887312205420761
4932,"POLYGON ((4768069.0123065915 3033958.6937981304, 4739201.922244715 3033958.6937985956, 4724768.377213488 3058958.327130946, 4739201.922244119 3083957.9604617367, 4768069.012305955 3083957.9604612845, 4782502.557337201 3058958.3271300276, 4768069.0123065915 3033958.6937981304))",2,0.2132207893862766,2165.0000000225523,2,0.2539517777966685,frequency,0,0,-0.04073098841039191,0.04073098841039191
4933,"POLYGON ((4768069.012305955 3083957.9604612845, 4739201.922244119 3083957.9604617367, 4724768.377212926 3108957.5937928273, 4739201.922243546 3133957.2271233816, 4768069.012305342 3133957.227122946, 4782502.557336555 3108957.593791946, 4768069.012305955 3083957.9604612845))",1,0.3187991299177627,2164.999999979262,2,0.2653697743182899,frequency,1,-1,0.053429355599472816,0.053429355599472816
4934,"POLYGON ((4768069.012305342 3133957.227122946, 4739201.922243546 3133957.2271233816, 4724768.377212383 3158956.860455214, 4739201.922242994 3183956.4937855285, 4768069.01230475 3183956.493785116, 4782502.557335933 3158956.8604543633, 4768069.012305342 3133957.227122946))",1,0.2004618559985485,2165.0000000225523,2,0.221394153883759,frequency,1,-1,-0.020932297885210505,0.020932297885210505
4935,"POLYGON ((4768069.01230475 3183956.493785116, 4739201.922242994 3183956.4937855285, 4724768.37721186 3208956.1271161223, 4739201.922242464 3233955.760447208, 4768069.012304183 3233955.760446806, 4782502.557335335 3208956.127115301, 4768069.01230475 3183956.493785116))",9,0.1456779079954121,2165.0000000225527,1,0.2382205896336184,frequency,4,-4,-0.09254268163820628,0.09254268163820628
4936,"POLYGON ((4768069.012304183 3233955.760446806, 4739201.922242464 3233955.760447208, 4724768.377211359 3258955.3937775516, 4739201.922241957 3283955.027107408, 4768069.012303639 3283955.0271070222, 4782502.55733476 3258955.3937767693, 4768069.012304183 3233955.760446806))",1,0.2850158562908672,2164.999999979262,1,0.2670842134422937,frequency,0,0,0.01793164284857346,0.01793164284857346
4937,"POLYGON ((4768069.012303639 3283955.0271070222, 4739201.922241957 3283955.027107408, 4724768.377210881 3308954.660437514, 4739201.922241471 3333954.2937681535, 4768069.0123031195 3333954.293767785, 4782502.557334211 3308954.660436764, 4768069.012303639 3283955.0271070222))",3,0.2027902533009124,2165.0000000225527,2,0.2638971687518145,frequency,1,1,-0.061106915450902105,0.061106915450902105
4938,"POLYGON ((4768069.0123031195 3333954.293767785, 4739201.922241471 3333954.2937681535, 4724768.377210422 3358953.9270980335, 4739201.922241008 3383953.5604274557, 4768069.012302622 3383953.5604271083, 4782502.557333685 3358953.9270973112, 4768069.0123031195 3333954.293767785))",2,0.2973527450500068,2164.999999979262,1,0.3455804384838257,frequency,1,1,-0.048227693433818886,0.048227693433818886
4939,"POLYGON ((4768069.012302622 3383953.5604271083, 4739201.922241008 3383953.5604274557, 4724768.377209986 3408953.1937571084, 4739201.922240566 3433952.8270873204, 4768069.01230215 3433952.827086992, 4782502.557333184 3408953.1937564234, 4768069.012302622 3383953.5604271083))",1,0.3703367639770867,2165.0000000225527,1,0.316181330928432,frequency,0,0,0.05415543304865472,0.05415543304865472
4940,"POLYGON ((4768069.01230215 3433952.827086992, 4739201.922240566 3433952.8270873204, 4724768.377209571 3458952.4604167575, 4739201.922240147 3483952.0937457783, 4768069.012301702 3483952.093745457, 4782502.557332709 3458952.460416102, 4768069.01230215 3433952.827086992))",1,0.2929708363553555,2164.999999979262,1,0.2585548268269983,frequency,0,0,0.03441600952835716,0.03441600952835716
4951,"POLYGON ((4768069.012298477 3983944.760316291, 4739201.922237141 3983944.7603164683, 4724768.37720638 4008944.39364399, 4739201.92223695 4033944.026971283, 4768069.012298273 4033944.026971114, 4782502.557329038 4008944.3936436386, 4768069.012298477 3983944.760316291))",2,0.2128027245652804,2164.999999979262,1,0.3159083035682288,frequency,1,1,-0.1031055790029484,0.1031055790029484
4952,"POLYGON ((4768069.012298273 4033944.026971114, 4739201.92223695 4033944.026971283, 4724768.377206205 4058943.6602986767, 4739201.922236779 4083943.2936268547, 4768069.012298088 4083943.293626701, 4782502.557328837 4058943.6602983475, 4768069.012298273 4033944.026971114))",8,0.2079700431721229,2165.0000000225527,12,0.221591486901387,frequency,4,-4,-0.013621443729264104,0.013621443729264104
4953,"POLYGON ((4768069.012298088 4083943.293626701, 4739201.922236779 4083943.2936268547, 4724768.377206049 4108942.926954129, 4739201.922236624 4133942.560281205, 4768069.012297922 4133942.5602810625, 4782502.557328654 4108942.9269538284, 4768069.012298088 4083943.293626701))",6,0.2172651431604414,2164.999999979262,1,0.2211923364041712,frequency,5,5,-0.00392719324372981,0.00392719324372981
4954,"POLYGON ((4768069.012297922 4133942.5602810625, 4739201.922236624 4133942.560281205, 4724768.377205908 4158942.193608366, 4739201.922236486 4183941.826936343, 4768069.012297774 4183941.826936208, 4782502.5573284915 4158942.1936080894, 4768069.012297922 4133942.5602810625))",9,0.1961523890011923,2165.0000000225527,12,0.2324974523947489,frequency,3,-3,-0.03634506339355659,0.03634506339355659
4961,"POLYGON ((4768069.012297231 4483937.426860373, 4739201.922235983 4483937.426860456, 4724768.377205342 4508937.060187014, 4739201.922235947 4533936.6935134735, 4768069.01229719 4533936.693513404, 4782502.557327831 4508937.060186859, 4768069.012297231 4483937.426860373))",7,0.2169646500215905,2164.999999979241,12,0.2054702357933325,frequency,5,-5,0.011494414228257976,0.011494414228257976
4962,"POLYGON ((4768069.01229719 4533936.693513404, 4739201.922235947 4533936.6935134735, 4724768.377205312 4558936.326840978, 4739201.922235922 4583935.96016738, 4768069.012297163 4583935.960167318, 4782502.557327795 4558936.326840842, 4768069.01229719 4533936.693513404))",9,0.2362275899202488,2165.0000000225527,9,0.2671806223945939,frequency,0,0,-0.030953032474345082,0.030953032474345082
4963,"POLYGON ((4768069.012297163 4583935.960167318, 4739201.922235922 4583935.96016738, 4724768.377205294 4608935.593493838, 4739201.922235906 4633935.226820201, 4768069.012297147 4633935.226820132, 4782502.557327772 4608935.59349371, 4768069.012297163 4583935.960167318))",11,0.2216542002863812,2164.9999999792417,11,0.2251908317539045,frequency,0,0,-0.00353663146752331,0.00353663146752331
4964,"POLYGON ((4768069.012297147 4633935.226820132, 4739201.922235906 4633935.226820201, 4724768.377205284 4658934.860147597, 4739201.922235903 4683934.493473912, 4768069.012297141 4683934.493473856, 4782502.55732776 4658934.860147481, 4768069.012297147 4633935.226820132))",2,0.1855688261865423,2165.000000022593,3,0.2311140560320196,frequency,1,-1,-0.04554522984547729,0.04554522984547729
4965,"POLYGON ((4768069.012297141 4683934.493473856, 4739201.922235903 4683934.493473912, 4724768.377205286 4708934.126800269, 4739201.922235909 4733933.760127552, 4768069.012297145 4733933.760127511, 4782502.55732776 4708934.126800168, 4768069.012297141 4683934.493473856))",4,0.231407245574583,2165.0000000225527,3,0.1689203865884112,frequency,1,1,0.06248685898617182,0.06248685898617182
4966,"POLYGON ((4768069.012297145 4733933.760127511, 4739201.922235909 4733933.760127552, 4724768.3772052955 4758933.393453873, 4739201.922235922 4783933.026780124, 4768069.01229716 4783933.026780078, 4782502.55732777 4758933.393453778, 4768069.012297145 4733933.760127511))",2,0.2288903450752997,2164.999999979241,2,0.1930928593176546,frequency,0,0,0.0357974857576451,0.0357974857576451
4967,"POLYGON ((4768069.01229716 4783933.026780078, 4739201.922235922 4783933.026780124, 4724768.377205313 4808932.660106405, 4739201.922235943 4833932.293433635, 4768069.012297183 4833932.293433587, 4782502.557327788 4808932.660106323, 4768069.01229716 4783933.026780078))",4,0.1779793547301071,2165.0000000225527,3,0.2102252986900079,frequency,1,1,-0.0322459439599008,0.0322459439599008
4968,"POLYGON ((4768069.012297183 4833932.293433587, 4739201.922235943 4833932.293433635, 4724768.377205338 4858931.926759881, 4739201.922235973 4883931.5600860845, 4768069.012297213 4883931.560086047, 4782502.557327817 4858931.926759799, 4768069.012297183 4833932.293433587))",10,0.1412848466003559,2164.999999979282,12,0.2222735444280608,frequency,2,-2,-0.0809886978277049,0.0809886978277049
4969,"POLYGON ((4768069.012297213 4883931.560086047, 4739201.922235973 4883931.5600860845, 4724768.37720537 4908931.1934123095, 4739201.92223601 4933930.826739484, 4768069.012297252 4933930.826739451, 4782502.5573278535 4908931.193412225, 4768069.012297213 4883931.560086047))",12,0.2770731462655536,2165.0000000225527,12,0.2540747978841293,frequency,0,0,0.02299834838142434,0.02299834838142434
4970,"POLYGON ((4768069.012297252 4933930.826739451, 4739201.92223601 4933930.826739484, 4724768.377205412 4958930.460065671, 4739201.922236054 4983930.09339184, 4768069.012297298 4983930.093391811, 4782502.557327895 4958930.460065622, 4768069.012297252 4933930.826739451))",2,0.2646711949653599,2164.999999979241,2,0.2234849503990193,frequency,0,0,0.041186244566340596,0.041186244566340596
4971,"POLYGON ((4768069.012297298 4983930.093391811, 4739201.922236054 4983930.09339184, 4724768.377205455 5008929.726718025, 4739201.922236103 5033929.360045167, 4768069.012297349 5033929.360045144, 4782502.557327946 5008929.726717965, 4768069.012297298 4983930.093391811))",10,0.2117956652354929,2165.0000000225527,10,0.1772292451558512,frequency,0,0,0.034566420079641696,0.034566420079641696
4972,"POLYGON ((4768069.012297349 5033929.360045144, 4739201.922236103 5033929.360045167, 4724768.377205504 5058928.993371336, 4739201.922236155 5083928.626697475, 4768069.012297406 5083928.626697447, 4782502.557328001 5058928.993371287, 4768069.012297349 5033929.360045144))",2,0.2643856914283857,2164.9999999792417,12,0.1937558135236422,frequency,2,2,0.07062987790474348,0.07062987790474348
4973,"POLYGON ((4768069.012297406 5083928.626697447, 4739201.922236155 5083928.626697475, 4724768.377205556 5108928.260023632, 4739201.922236212 5133927.8933507595, 4768069.012297468 5133927.893350725, 4782502.557328061 5108928.260023581, 4768069.012297406 5083928.626697447))",2,0.4092537282256865,2165.000000022593,2,0.3359852251740304,frequency,0,0,0.07326850305165611,0.07326850305165611
4974,"POLYGON ((4768069.012297468 5133927.893350725, 4739201.922236212 5133927.8933507595, 4724768.377205616 5158927.526676891, 4739201.922236276 5183927.160003006, 4768069.012297532 5183927.160002999, 4782502.557328126 5158927.526676851, 4768069.012297468 5133927.893350725))",2,0.196134381784611,2164.999999979241,2,0.3514001680851756,frequency,0,0,-0.1552657863005646,0.1552657863005646
4975,"POLYGON ((4768069.012297532 5183927.160002999, 4739201.922236276 5183927.160003006, 4724768.377205676 5208926.793330154, 4739201.922236339 5233926.426656265, 4768069.012297601 5233926.426656244, 4782502.557328197 5208926.7933301, 4768069.012297532 5183927.160002999))",11,0.2423892763406555,2165.0000000225527,2,0.2484968770065962,frequency,3,-3,-0.00610760066594071,0.00610760066594071
4992,"POLYGON ((4811369.647424479 1658978.8603770249, 4782502.557361115 1658978.8603778605, 4768069.012329016 1683978.4937156087, 4782502.557360243 1708978.127052523, 4811369.647423553 1708978.1270516878, 4825803.1924556885 1683978.4937139482, 4811369.647424479 1658978.8603770249))",12,0.3034717139198417,2164.9999999792512,11,0.2758790998416363,frequency,1,1,0.027592614078205402,0.027592614078205402
4997,"POLYGON ((4811369.647419723 1908975.193749848, 4782502.557356635 1908975.1937506692, 4768069.012324649 1933974.8270887374, 4782502.557355713 1958974.4604249354, 4811369.647418744 1958974.460424118, 4825803.192450766 1933974.8270870987, 4811369.647419723 1908975.193749848))",1,0.4299048757852511,2165.000000022563,12,0.3035439812423499,frequency,1,1,0.12636089454290123,0.12636089454290123
4998,"POLYGON ((4811369.647418744 1958974.460424118, 4782502.557355713 1958974.4604249354, 4768069.012323753 1983974.0937618203, 4782502.557354787 2008973.7270978321, 4811369.64741776 2008973.7270970216, 4825803.192449756 1983974.093760194, 4811369.647418744 1958974.460424118))",11,0.2178628214499075,2164.999999979252,12,0.2609602497510563,frequency,1,-1,-0.043097428301148794,0.043097428301148794
4999,"POLYGON ((4811369.64741776 2008973.7270970216, 4782502.557354787 2008973.7270978321, 4768069.012322855 2033973.3604355194, 4782502.557353859 2058972.9937713423, 4811369.647416773 2058972.993770543, 4825803.192448742 2033973.3604339107, 4811369.64741776 2008973.7270970216))",1,0.3059649340573847,2165.000000022563,2,0.2418124859766367,frequency,1,-1,0.06415244808074796,0.06415244808074796
5000,"POLYGON ((4811369.647416773 2058972.993770543, 4782502.557353859 2058972.9937713423, 4768069.012321955 2083972.6271078254, 4782502.557352929 2108972.2604444404, 4811369.647415787 2108972.2604436497, 4825803.192447727 2083972.6271062323, 4811369.647416773 2058972.993770543))",12,0.3679795899583075,2165.0000000225527,1,0.2205960556307467,frequency,1,-1,0.1473835343275608,0.1473835343275608
5005,"POLYGON ((4811369.647411871 2308969.327129622, 4782502.557349243 2308969.327130369, 4768069.012317493 2333968.9604656836, 4782502.557348337 2358968.593800158, 4811369.647410908 2358968.5937994206, 4825803.192442691 2333968.960464188, 4811369.647411871 2308969.327129622))",2,0.3874435968159934,2164.999999979262,10,0.2282559920434667,frequency,4,4,0.1591876047725267,0.1591876047725267
5006,"POLYGON ((4811369.647410908 2358968.5937994206, 4782502.557348337 2358968.593800158, 4768069.01231662 2383968.2271352056, 4782502.55734744 2408967.860470439, 4811369.647409955 2408967.8604697147, 4825803.192441705 2383968.2271337416, 4811369.647410908 2358968.5937994206))",2,0.387429615013561,2165.0000000225527,11,0.357478289041195,frequency,3,3,0.029951325972365994,0.029951325972365994
5007,"POLYGON ((4811369.647409955 2408967.8604697147, 4782502.55734744 2408967.860470439, 4768069.012315756 2433967.493805232, 4782502.5573465545 2458967.1271392065, 4811369.6474090135 2458967.1271384927, 4825803.19244073 2433967.4938037894, 4811369.647409955 2408967.8604697147))",10,0.3034116666624128,2164.999999979262,2,0.1984330146793196,frequency,4,-4,0.10497865198309322,0.10497865198309322
5008,"POLYGON ((4811369.6474090135 2458967.1271384927, 4782502.5573465545 2458967.1271392065, 4768069.0123149045 2483966.760474728, 4782502.557345681 2508966.3938084524, 4811369.647408086 2508966.3938077525, 4825803.192439766 2483966.7604733245, 4811369.6474090135 2458967.1271384927))",3,0.280180657402086,2165.0000000225527,10,0.2558542845664838,frequency,5,5,0.024326372835602184,0.024326372835602184
5009,"POLYGON ((4811369.647408086 2508966.3938077525, 4782502.557345681 2508966.3938084524, 4768069.012314064 2533966.0271427054, 4782502.557344821 2558965.660476167, 4811369.647407171 2558965.6604754883, 4825803.192438818 2533966.027141328, 4811369.647408086 2508966.3938077525))",7,0.1685436735256517,2164.999999979262,10,0.2313085338333309,frequency,3,-3,-0.0627648603076792,0.0627648603076792
5010,"POLYGON ((4811369.647407171 2558965.6604754883, 4782502.557344821 2558965.660476167, 4768069.012313239 2583965.293811146, 4782502.557343977 2608964.9271443523, 4811369.647406273 2608964.9271436944, 4825803.1924378835 2583965.293809809, 4811369.647407171 2558965.6604754883))",11,0.228613858277039,2165.0000000225527,1,0.157201320463351,frequency,2,-2,0.071412537813688,0.071412537813688
5011,"POLYGON ((4811369.647406273 2608964.9271436944, 4782502.557343977 2608964.9271443523, 4768069.012312428 2633964.5604780586, 4782502.557343147 2658964.193811006, 4811369.647405391 2658964.1938103572, 4825803.192436968 2633964.5604767483, 4811369.647406273 2608964.9271436944))",2,0.3809645835775305,2164.999999979262,3,0.2815580936790803,frequency,1,-1,0.09940648989845019,0.09940648989845019
5012,"POLYGON ((4811369.647405391 2658964.1938103572, 4782502.557343147 2658964.193811006, 4768069.012311633 2683963.827145431, 4782502.557342334 2708963.4604781223, 4811369.647404527 2708963.4604774923, 4825803.192436068 2683963.8271441585, 4811369.647405391 2658964.1938103572))",9,0.3037847265540704,2165.0000000225527,3,0.2613658091997922,frequency,6,6,0.04241891735427822,0.04241891735427822
5013,"POLYGON ((4811369.647404527 2708963.4604774923, 4782502.557342334 2708963.4604781223, 4768069.012310855 2733963.09381127, 4782502.55734154 2758962.7271436984, 4811369.647403683 2758962.7271430837, 4825803.192435189 2733963.093810028, 4811369.647404527 2708963.4604774923))",10,0.2754435632551362,2164.9999999792417,3,0.2448039283753163,frequency,5,-5,0.030639634879819883,0.030639634879819883
5014,"POLYGON ((4811369.647403683 2758962.7271430837, 4782502.55734154 2758962.7271436984, 4768069.012310094 2783962.3604775737, 4782502.557340764 2808961.9938097415, 4811369.647402858 2808961.9938091445, 4825803.19243433 2783962.3604763597, 4811369.647403683 2758962.7271430837))",2,0.3185689407656892,2165.0000000225723,3,0.2448039283753163,frequency,1,-1,0.07376501239037289,0.07376501239037289
5015,"POLYGON ((4811369.647402858 2808961.9938091445, 4782502.557340764 2808961.9938097415, 4768069.012309353 2833961.6271423367, 4782502.557340009 2858961.260475246, 4811369.647402055 2858961.2604746693, 4825803.19243349 2833961.6271411674, 4811369.647402858 2808961.9938091445))",2,0.2873059663855108,2165.0000000225527,1,0.283164330610016,frequency,1,1,0.004141635775494812,0.004141635775494812
5016,"POLYGON ((4811369.647402055 2858961.2604746693, 4782502.557340009 2858961.260475246, 4768069.012308631 2883960.893807576, 4782502.557339274 2908960.5271392274, 4811369.647401273 2908960.527138665, 4825803.192432674 2883960.893806437, 4811369.647402055 2858961.2604746693))",3,0.1933642007430555,2164.999999979262,1,0.2158666255258917,frequency,2,2,-0.022502424782836206,0.022502424782836206
5017,"POLYGON ((4811369.647401273 2908960.527138665, 4782502.557339274 2908960.5271392274, 4768069.01230793 2933960.1604712796, 4782502.557338561 2958959.7938036756, 4811369.647400514 2958959.7938031354, 4825803.192431881 2933960.1604701784, 4811369.647401273 2908960.527138665))",10,0.3690582900449373,2165.0000000225527,2,0.2447383928443101,frequency,4,-4,0.1243198972006272,0.1243198972006272
5018,"POLYGON ((4811369.647400514 2958959.7938031354, 4782502.557338561 2958959.7938036756, 4768069.012307251 2983959.427135458, 4782502.55733787 3008959.0604666085, 4811369.647399779 3008959.0604660828, 4825803.192431111 2983959.4271343974, 4811369.647400514 2958959.7938031354))",2,0.2790371050504778,2164.999999979262,2,0.2638859903421571,frequency,0,0,0.015151114708320701,0.015151114708320701
5019,"POLYGON ((4811369.647399779 3008959.0604660828, 4782502.55733787 3008959.0604666085, 4768069.0123065915 3033958.6937981304, 4782502.557337201 3058958.3271300276, 4811369.647399068 3058958.327129522, 4825803.192430367 3033958.6937970934, 4811369.647399779 3008959.0604660828))",1,0.2413480842936062,2165.0000000225527,2,0.2298026569009084,frequency,1,-1,0.011545427392697816,0.011545427392697816
5020,"POLYGON ((4811369.647399068 3058958.327129522, 4782502.557337201 3058958.3271300276, 4768069.012305955 3083957.9604612845, 4782502.557336555 3108957.593791946, 4811369.647398381 3108957.5937914634, 4825803.192429646 3083957.960460291, 4811369.647399068 3058958.327129522))",1,0.3340195530825259,2164.999999979262,2,0.3014695044953532,frequency,1,-1,0.0325500485871727,0.0325500485871727
5021,"POLYGON ((4811369.647398381 3108957.5937914634, 4782502.557336555 3108957.593791946, 4768069.012305342 3133957.227122946, 4782502.557335933 3158956.8604543633, 4811369.647397717 3158956.860453904, 4825803.19242895 3133957.227121994, 4811369.647398381 3108957.5937914634))",2,0.3604016165759462,2165.0000000225527,1,0.2478421008237973,frequency,1,1,0.11255951575214893,0.11255951575214893
5022,"POLYGON ((4811369.647397717 3158956.860453904, 4782502.557335933 3158956.8604543633, 4768069.01230475 3183956.493785116, 4782502.557335335 3208956.127115301, 4811369.647397081 3208956.127114854, 4825803.1924282815 3183956.4937841976, 4811369.647397717 3158956.860453904))",1,0.4056101256232148,2164.999999979262,1,0.2580267117083665,frequency,0,0,0.1475834139148483,0.1475834139148483
5023,"POLYGON ((4811369.647397081 3208956.127114854, 4782502.557335335 3208956.127115301, 4768069.012304183 3233955.760446806, 4782502.55733476 3258955.3937767693, 4811369.64739647 3258955.3937763353, 4825803.192427639 3233955.7604459203, 4811369.647397081 3208956.127114854))",1,0.2200444842512727,2165.0000000225527,1,0.2696216426863266,frequency,0,0,-0.04957715843505389,0.04957715843505389
5024,"POLYGON ((4811369.64739647 3258955.3937763353, 4782502.55733476 3258955.3937767693, 4768069.012303639 3283955.0271070222, 4782502.557334211 3308954.660436764, 4811369.647395885 3308954.660436352, 4825803.192427022 3283955.0271061794, 4811369.64739647 3258955.3937763353))",3,0.1483199513876265,2164.999999979262,1,0.2466438232305621,frequency,2,2,-0.09832387184293562,0.09832387184293562
5025,"POLYGON ((4811369.647395885 3308954.660436352, 4782502.557334211 3308954.660436764, 4768069.0123031195 3333954.293767785, 4782502.557333685 3358953.9270973112, 4811369.647395326 3358953.927096915, 4825803.192426433 3333954.2937669754, 4811369.647395885 3308954.660436352))",1,0.2970314355765108,2165.0000000225527,2,0.3072514814039596,frequency,1,-1,-0.010220045827448787,0.010220045827448787
5026,"POLYGON ((4811369.647395326 3358953.927096915, 4782502.557333685 3358953.9270973112, 4768069.012302622 3383953.5604271083, 4782502.557333184 3408953.1937564234, 4811369.647394793 3408953.1937560425, 4825803.192425869 3383953.560426334, 4811369.647395326 3358953.927096915))",2,0.2335730438492997,2164.9999999792417,1,0.300386365197599,frequency,1,1,-0.06681332134829929,0.06681332134829929
5027,"POLYGON ((4811369.647394793 3408953.1937560425, 4782502.557333184 3408953.1937564234, 4768069.01230215 3433952.827086992, 4782502.557332709 3458952.460416102, 4811369.647394286 3458952.460415747, 4825803.192425334 3433952.82708625, 4811369.647394793 3408953.1937560425))",1,0.4123864875742487,2165.0000000225723,1,0.3019236080454246,frequency,0,0,0.11046287952882405,0.11046287952882405
5028,"POLYGON ((4811369.647394286 3458952.460415747, 4782502.557332709 3458952.460416102, 4768069.012301702 3483952.093745457, 4782502.557332258 3508951.7270743726, 4811369.647393805 3508951.7270740285, 4825803.192424824 3483952.0937447613, 4811369.647394286 3458952.460415747))",1,0.3172815412061869,2164.9999999792417,1,0.2786845429176053,frequency,0,0,0.0385969982885816,0.0385969982885816
5039,"POLYGON ((4811369.647390371 4008944.3936434495, 4782502.557329038 4008944.3936436386, 4768069.012298273 4033944.026971114, 4782502.557328837 4058943.6602983475, 4811369.647390157 4058943.6602981715, 4825803.192420926 4033944.026970741, 4811369.647390371 4008944.3936434495))",12,0.2175362887935348,2164.9999999792417,12,0.4369241211015195,frequency,0,0,-0.21938783230798473,0.21938783230798473
5040,"POLYGON ((4811369.647390157 4058943.6602981715, 4782502.557328837 4058943.6602983475, 4768069.012298088 4083943.293626701, 4782502.557328654 4108942.9269538284, 4811369.647389961 4108942.926953667, 4825803.192420715 4083943.293626351, 4811369.647390157 4058943.6602981715))",1,0.2571521865903993,2165.0000000225723,12,0.3902362951397164,frequency,1,1,-0.13308410854931713,0.13308410854931713
5041,"POLYGON ((4811369.647389961 4108942.926953667, 4782502.557328654 4108942.9269538284, 4768069.012297922 4133942.5602810625, 4782502.5573284915 4158942.1936080894, 4811369.647389787 4158942.1936079348, 4825803.192420524 4133942.5602807384, 4811369.647389961 4108942.926953667))",3,0.1981603915413145,2164.9999999792417,12,0.2442351044670856,frequency,3,3,-0.04607471292577109,0.04607471292577109
5049,"POLYGON ((4811369.6473890785 4508937.060186774, 4782502.557327831 4508937.060186859, 4768069.01229719 4533936.693513404, 4782502.557327795 4558936.326840842, 4811369.6473890385 4558936.326840758, 4825803.19241968 4533936.693513233, 4811369.6473890785 4508937.060186774))",3,0.1981560496819107,2165.0000000225527,9,0.2774560942307155,frequency,6,-6,-0.0793000445488048,0.0793000445488048
5050,"POLYGON ((4811369.6473890385 4558936.326840758, 4782502.557327795 4558936.326840842, 4768069.012297163 4583935.960167318, 4782502.557327772 4608935.59349371, 4811369.647389014 4608935.593493627, 4825803.192419644 4583935.960167175, 4811369.6473890385 4558936.326840758))",8,0.1549641887560949,2164.999999979282,11,0.1934908376082025,frequency,3,-3,-0.038526648852107576,0.038526648852107576
5051,"POLYGON ((4811369.647389014 4608935.593493627, 4782502.557327772 4608935.59349371, 4768069.012297147 4633935.226820132, 4782502.55732776 4658934.860147481, 4811369.647389001 4658934.860147409, 4825803.192419625 4633935.226820001, 4811369.647389014 4608935.593493627))",12,0.2022482284227478,2165.0000000225527,3,0.2300653253603928,frequency,3,-3,-0.027817096937644975,0.027817096937644975
5052,"POLYGON ((4811369.647389001 4658934.860147409, 4782502.55732776 4658934.860147481, 4768069.012297141 4683934.493473856, 4782502.55732776 4708934.126800168, 4811369.647388999 4708934.126800104, 4825803.192419617 4683934.493473738, 4811369.647389001 4658934.860147409))",2,0.1632419184706154,2164.9999999792417,3,0.2779343978989748,frequency,1,-1,-0.11469247942835939,0.11469247942835939
5053,"POLYGON ((4811369.647388999 4708934.126800104, 4782502.55732776 4708934.126800168, 4768069.012297145 4733933.760127511, 4782502.55732777 4758933.393453778, 4811369.64738901 4758933.393453715, 4825803.192419622 4733933.760127392, 4811369.647388999 4708934.126800104))",8,0.1865084044404809,2165.0000000225523,2,0.2110011028363961,frequency,6,6,-0.024492698395915197,0.024492698395915197
5054,"POLYGON ((4811369.64738901 4758933.393453715, 4782502.55732777 4758933.393453778, 4768069.01229716 4783933.026780078, 4782502.557327788 4808932.660106323, 4811369.647389029 4808932.660106264, 4825803.192419636 4783933.026779973, 4811369.64738901 4758933.393453715))",1,0.1572743714799261,2164.999999979282,12,0.2174238724247798,frequency,1,1,-0.06014950094485372,0.06014950094485372
5055,"POLYGON ((4811369.647389029 4808932.660106264, 4782502.557327788 4808932.660106323, 4768069.012297183 4833932.293433587, 4782502.557327817 4858931.926759799, 4811369.647389056 4858931.926759758, 4825803.192419661 4833932.29343349, 4811369.647389029 4808932.660106264))",1,0.1573627310422807,2165.0000000225527,12,0.2051828697749249,frequency,1,1,-0.04782013873264418,0.04782013873264418
5056,"POLYGON ((4811369.647389056 4858931.926759758, 4782502.557327817 4858931.926759799, 4768069.012297213 4883931.560086047, 4782502.5573278535 4908931.193412225, 4811369.647389095 4908931.193412185, 4825803.192419693 4883931.560085965, 4811369.647389056 4858931.926759758))",11,0.2203683449064119,2164.9999999792417,3,0.2713620857086087,frequency,4,-4,-0.05099374080219679,0.05099374080219679
5057,"POLYGON ((4811369.647389095 4908931.193412185, 4782502.5573278535 4908931.193412225, 4768069.012297252 4933930.826739451, 4782502.557327895 4958930.460065622, 4811369.647389139 4958930.460065581, 4825803.192419737 4933930.826739368, 4811369.647389095 4908931.193412185))",2,0.3403988998528003,2165.0000000225523,3,0.1772648849990288,frequency,1,-1,0.16313401485377152,0.16313401485377152
5058,"POLYGON ((4811369.647389139 4958930.460065581, 4782502.557327895 4958930.460065622, 4768069.012297298 4983930.093391811, 4782502.557327946 5008929.726717965, 4811369.647389192 5008929.7267179275, 4825803.192419787 4983930.093391739, 4811369.647389139 4958930.460065581))",10,0.2125021856591427,2164.999999979282,1,0.1422892787878643,frequency,3,-3,0.0702129068712784,0.0702129068712784
5059,"POLYGON ((4811369.647389192 5008929.7267179275, 4782502.557327946 5008929.726717965, 4768069.012297349 5033929.360045144, 4782502.557328001 5058928.993371287, 4811369.647389248 5058928.993371263, 4825803.192419841 5033929.3600450875, 4811369.647389192 5008929.7267179275))",2,0.1672437675260467,2165.0000000225527,3,0.1629974622262542,frequency,1,-1,0.004246305299792502,0.004246305299792502
5060,"POLYGON ((4811369.647389248 5058928.993371263, 4782502.557328001 5058928.993371287, 4768069.012297406 5083928.626697447, 4782502.557328061 5108928.260023581, 4811369.647389314 5108928.260023542, 4825803.192419907 5083928.626697379, 4811369.647389248 5058928.993371263))",8,0.3382367648192588,2164.999999979241,12,0.2273576907830478,frequency,4,-4,0.110879074036211,0.110879074036211
5061,"POLYGON ((4811369.647389314 5108928.260023542, 4782502.557328061 5108928.260023581, 4768069.012297468 5133927.893350725, 4782502.557328126 5158927.526676851, 4811369.64738938 5158927.526676833, 4825803.192419972 5133927.893350679, 4811369.647389314 5108928.260023542))",2,0.4096564593305456,2165.0000000225523,12,0.2273576907830478,frequency,2,2,0.18229876854749782,0.18229876854749782
5062,"POLYGON ((4811369.64738938 5158927.526676833, 4782502.557328126 5158927.526676851, 4768069.012297532 5183927.160002999, 4782502.557328197 5208926.7933301, 4811369.647389453 5208926.793330092, 4825803.192420046 5183927.160002943, 4811369.64738938 5158927.526676833))",2,0.342637089705436,2165.0000000225527,2,0.2939097102742052,frequency,0,0,0.04872737943123079,0.04872737943123079
5063,"POLYGON ((4811369.647389453 5208926.793330092, 4782502.557328197 5208926.7933301, 4768069.012297601 5233926.426656244, 4782502.557328268 5258926.059982359, 4811369.64738953 5258926.059982343, 4825803.192420123 5233926.426656198, 4811369.647389453 5208926.793330092))",3,0.4467305232839773,2164.999999979282,3,0.3213230918351989,frequency,0,0,0.12540743144877836,0.12540743144877836
5080,"POLYGON ((4854670.282519038 1683978.4937130443, 4825803.1924556885 1683978.4937139482, 4811369.647423553 1708978.1270516878, 4825803.192454729 1733977.7603895029, 4854670.282518024 1733977.760388603, 4869103.827550196 1708978.1270498761, 4854670.282519038 1683978.4937130443))",11,0.2758434495027308,2165.0000000225527,1,0.2845047390560618,frequency,2,-2,-0.008661289553330953,0.008661289553330953
5083,"POLYGON ((4854670.282515952 1833976.2937379894, 4825803.192452768 1833976.2937388923, 4811369.647420696 1858975.9270762424, 4825803.192451771 1883975.5604126551, 4854670.282514899 1883975.560411757, 4869103.827547008 1858975.9270744403, 4854670.282515952 1833976.2937379894))",1,0.3655017720371208,2164.9999999792512,1,0.3086345309657672,frequency,0,0,0.0568672410713536,0.0568672410713536
5084,"POLYGON ((4854670.282514899 1883975.560411757, 4825803.192451771 1883975.5604126551, 4811369.647419723 1908975.193749848, 4825803.192450766 1933974.8270870987, 4854670.282513838 1933974.8270862042, 4869103.827545922 1908975.193748056, 4854670.282514899 1883975.560411757))",11,0.2303223393226822,2165.0000000225623,1,0.3635338875581231,frequency,2,-2,-0.1332115482354409,0.1332115482354409
5085,"POLYGON ((4854670.282513838 1933974.8270862042, 4825803.192450766 1933974.8270870987, 4811369.647418744 1958974.460424118, 4825803.192449756 1983974.093760194, 4854670.282512771 1983974.0937593074, 4869103.827544829 1958974.4604223368, 4854670.282513838 1933974.8270862042))",1,0.2701321523151225,2164.9999999792512,1,0.2926924830770729,frequency,0,0,-0.02256033076195041,0.02256033076195041
5086,"POLYGON ((4854670.282512771 1983974.0937593074, 4825803.192449756 1983974.093760194, 4811369.64741776 2008973.7270970216, 4825803.192448742 2033973.3604339107, 4854670.2825117 2033973.3604330276, 4869103.827543731 2008973.7270952533, 4854670.282512771 1983974.0937593074))",6,0.2204880979128949,2165.0000000225623,11,0.2142035870789166,frequency,5,-5,0.006284510833978296,0.006284510833978296
5093,"POLYGON ((4854670.282505303 2333968.9604633776, 4825803.192442691 2333968.960464188, 4811369.647410908 2358968.5937994206, 4825803.192441705 2383968.2271337416, 4854670.28250426 2383968.2271329467, 4869103.827536074 2358968.5937978094, 4854670.282505303 2333968.9604633776))",10,0.5405040613090349,2164.999999979262,2,0.2942512146416419,frequency,4,-4,0.24625284666739305,0.24625284666739305
5094,"POLYGON ((4854670.28250426 2383968.2271329467, 4825803.192441705 2383968.2271337416, 4811369.647409955 2408967.8604697147, 4825803.19244073 2433967.4938037894, 4854670.282503229 2433967.493803009, 4869103.827535009 2408967.8604681306, 4854670.28250426 2383968.2271329467))",11,0.17378754918379,2165.0000000225523,10,0.3220561908589383,frequency,1,1,-0.14826864167514828,0.14826864167514828
5095,"POLYGON ((4854670.282503229 2433967.493803009, 4825803.19244073 2433967.4938037894, 4811369.6474090135 2458967.1271384927, 4825803.192439766 2483966.7604733245, 4854670.282502211 2483966.760472553, 4869103.827533957 2458967.127136944, 4854670.282503229 2433967.493803009))",10,0.2368494807055515,2165.0000000225527,10,0.2425283072667198,frequency,0,0,-0.005678826561168304,0.005678826561168304
5096,"POLYGON ((4854670.282502211 2483966.760472553, 4825803.192439766 2483966.7604733245, 4811369.647408086 2508966.3938077525, 4825803.192438818 2533966.027141328, 4854670.282501208 2533966.0271405755, 4869103.827532918 2508966.393806237, 4854670.282502211 2483966.760472553))",3,0.2543256590674942,2164.999999979262,10,0.3477280144018533,frequency,5,5,-0.09340235533435909,0.09340235533435909
5097,"POLYGON ((4854670.282501208 2533966.0271405755, 4825803.192438818 2533966.027141328, 4811369.647407171 2558965.6604754883, 4825803.1924378835 2583965.293809809, 4854670.28250022 2583965.2938090707, 4869103.8275318965 2558965.6604739986, 4854670.282501208 2533966.0271405755))",10,0.197099577952684,2165.0000000225527,10,0.3248145739178012,frequency,0,0,-0.1277149959651172,0.1277149959651172
5098,"POLYGON ((4854670.28250022 2583965.2938090707, 4825803.1924378835 2583965.293809809, 4811369.647406273 2608964.9271436944, 4825803.192436968 2633964.5604767483, 4854670.28249925 2633964.560476034, 4869103.827530891 2608964.92714224, 4854670.28250022 2583965.2938090707))",9,0.3150170121570452,2164.999999979262,10,0.2567779419631271,frequency,1,-1,0.05823907019391811,0.05823907019391811
5099,"POLYGON ((4854670.28249925 2633964.560476034, 4825803.192436968 2633964.5604767483, 4811369.647405391 2658964.1938103572, 4825803.192436068 2683963.8271441585, 4854670.2824983 2683963.827143458, 4869103.827529904 2658964.193808941, 4854670.28249925 2633964.560476034))",5,0.1923744257238004,2165.0000000225527,3,0.2165554418725407,frequency,2,2,-0.024181016148740297,0.024181016148740297
5100,"POLYGON ((4854670.2824983 2683963.827143458, 4825803.192436068 2683963.8271441585, 4811369.647404527 2708963.4604774923, 4825803.192435189 2733963.093810028, 4854670.282497369 2733963.0938093467, 4869103.827528938 2708963.4604761098, 4854670.2824983 2683963.827143458))",7,0.1783556521237891,2164.999999979262,1,0.2498500144080647,frequency,6,6,-0.07149436228427561,0.07149436228427561
5101,"POLYGON ((4854670.282497369 2733963.0938093467, 4825803.192435189 2733963.093810028, 4811369.647403683 2758962.7271430837, 4825803.19243433 2783962.3604763597, 4854670.28249646 2783962.3604757036, 4869103.827527992 2758962.7271417403, 4854670.282497369 2733963.0938093467))",1,0.438369429527508,2165.0000000225527,10,0.2443018695838944,frequency,3,3,0.1940675599436136,0.1940675599436136
5102,"POLYGON ((4854670.28249646 2783962.3604757036, 4825803.19243433 2783962.3604763597, 4811369.647402858 2808961.9938091445, 4825803.19243349 2833961.6271411674, 4854670.282495572 2833961.6271405206, 4869103.827527069 2808961.99380784, 4854670.28249646 2783962.3604757036))",1,0.2200837623973014,2164.999999979262,1,0.3742555341088227,frequency,0,0,-0.15417177171152127,0.15417177171152127
5103,"POLYGON ((4854670.282495572 2833961.6271405206, 4825803.19243349 2833961.6271411674, 4811369.647402055 2858961.2604746693, 4825803.192432674 2883960.893806437, 4854670.282494709 2883960.8938058107, 4869103.827526169 2858961.2604734073, 4854670.282495572 2833961.6271405206))",11,0.2693032234853426,2165.0000000225523,1,0.3131461381537528,frequency,2,-2,-0.04384291466841023,0.04384291466841023
5104,"POLYGON ((4854670.282494709 2883960.8938058107, 4825803.192432674 2883960.893806437, 4811369.647401273 2908960.527138665, 4825803.192431881 2933960.1604701784, 4854670.282493869 2933960.1604695707, 4869103.827525293 2908960.5271374388, 4854670.282494709 2883960.8938058107))",10,0.2088842597151008,2164.999999979262,2,0.2555508420311199,frequency,4,-4,-0.046666582316019084,0.046666582316019084
5105,"POLYGON ((4854670.282493869 2933960.1604695707, 4825803.192431881 2933960.1604701784, 4811369.647400514 2958959.7938031354, 4825803.192431111 2983959.4271343974, 4854670.282493054 2983959.4271338116, 4869103.827524443 2958959.7938019494, 4854670.282493869 2933960.1604695707))",1,0.1620664451875675,2165.0000000225523,2,0.2318294101501745,frequency,1,-1,-0.069762964962607,0.069762964962607
5106,"POLYGON ((4854670.282493054 2983959.4271338116, 4825803.192431111 2983959.4271343974, 4811369.647399779 3008959.0604660828, 4825803.192430367 3033958.6937970934, 4854670.282492264 3033958.6937965406, 4869103.827523619 3008959.060464941, 4854670.282493054 2983959.4271338116))",1,0.264108487780785,2164.999999979262,2,0.2651687156976516,frequency,1,-1,-0.0010602279168666073,0.0010602279168666073
5107,"POLYGON ((4854670.282492264 3033958.6937965406, 4825803.192430367 3033958.6937970934, 4811369.647399068 3058958.327129522, 4825803.192429646 3083957.960460291, 4854670.282491503 3083957.960459747, 4869103.827522822 3058958.32712842, 4854670.282492264 3033958.6937965406))",2,0.1948214815080708,2165.0000000225523,1,0.2577689161044786,frequency,1,1,-0.06294743459640781,0.06294743459640781
5108,"POLYGON ((4854670.282491503 3083957.960459747, 4825803.192429646 3083957.960460291, 4811369.647398381 3108957.5937914634, 4825803.19242895 3133957.227121994, 4854670.282490766 3133957.2271214714, 4869103.8275220515 3108957.593790389, 4854670.282491503 3083957.960459747))",3,0.2537071867487715,2164.999999979262,2,0.2441006850817324,frequency,1,1,0.009606501667039108,0.009606501667039108
5109,"POLYGON ((4854670.282490766 3133957.2271214714, 4825803.19242895 3133957.227121994, 4811369.647397717 3158956.860453904, 4825803.1924282815 3183956.4937841976, 4854670.282490058 3183956.4937836984, 4869103.827521309 3158956.860452876, 4854670.282490766 3133957.2271214714))",2,0.2247471788562328,2165.0000000225523,1,0.228090149300075,frequency,1,1,-0.0033429704438422136,0.0033429704438422136
5110,"POLYGON ((4854670.282490058 3183956.4937836984, 4825803.1924282815 3183956.4937841976, 4811369.647397081 3208956.127114854, 4825803.192427639 3233955.7604459203, 4854670.282489376 3233955.760445442, 4869103.827520594 3208956.1271138727, 4854670.282490058 3183956.4937836984))",7,0.2102052785193814,2165.0000000225527,1,0.2575230589201462,frequency,6,6,-0.047317780400764814,0.047317780400764814
5111,"POLYGON ((4854670.282489376 3233955.760445442, 4825803.192427639 3233955.7604459203, 4811369.64739647 3258955.3937763353, 4825803.192427022 3283955.0271061794, 4854670.282488724 3283955.0271057147, 4869103.8275199095 3258955.393775385, 4854670.282489376 3233955.760445442))",1,0.3205778420714358,2164.999999979262,1,0.2476148068463015,frequency,0,0,0.07296303522513431,0.07296303522513431
5112,"POLYGON ((4854670.282488724 3283955.0271057147, 4825803.192427022 3283955.0271061794, 4811369.647395885 3308954.660436352, 4825803.192426433 3333954.2937669754, 4854670.282488099 3333954.293766536, 4869103.827519252 3308954.6604354465, 4854670.282488724 3283955.0271057147))",3,0.1672626892752657,2165.0000000225527,1,0.2919734892414476,frequency,2,2,-0.12471079996618192,0.12471079996618192
5113,"POLYGON ((4854670.282488099 3333954.293766536, 4825803.192426433 3333954.2937669754, 4811369.647395326 3358953.927096915, 4825803.192425869 3383953.560426334, 4854670.282487503 3383953.560425907, 4869103.827518624 3358953.9270960526, 4854670.282488099 3333954.293766536))",2,0.3514028823160787,2164.999999979262,1,0.2883023518644169,frequency,1,1,0.06310053045166181,0.06310053045166181
5114,"POLYGON ((4854670.282487503 3383953.560425907, 4825803.192425869 3383953.560426334, 4811369.647394793 3408953.1937560425, 4825803.192425334 3433952.82708625, 4854670.282486935 3433952.827085848, 4869103.827518025 3408953.193755218, 4854670.282487503 3383953.560425907))",1,0.3019890973952659,2165.0000000225527,1,0.2891614632581737,frequency,0,0,0.012827634137092203,0.012827634137092203
5115,"POLYGON ((4854670.282486935 3433952.827085848, 4825803.192425334 3433952.82708625, 4811369.647394286 3458952.460415747, 4825803.192424824 3483952.0937447613, 4854670.282486396 3483952.093744368, 4869103.827517456 3458952.4604149563, 4854670.282486935 3433952.827085848))",1,0.2232594501158297,2164.999999979262,1,0.2593500258254894,frequency,0,0,-0.03609057570965968,0.03609057570965968
5116,"POLYGON ((4854670.282486396 3483952.093744368, 4825803.192424824 3483952.0937447613, 4811369.647393805 3508951.7270740285, 4825803.192424342 3533951.360403854, 4854670.282485885 3533951.360403481, 4869103.827516916 3508951.7270732787, 4854670.282486396 3483952.093744368))",1,0.2398934704834377,2165.0000000225527,1,0.2670842134422937,frequency,0,0,-0.027190742958856012,0.027190742958856012
5123,"POLYGON ((4854670.282483394 3833946.960347475, 4825803.192421996 3833946.960347733, 4811369.647391149 3858946.5936757266, 4825803.192421693 3883946.227003397, 4854670.282483074 3883946.227003151, 4869103.827513927 3858946.5936752134, 4854670.282483394 3833946.960347475))",1,0.5877540240956604,2164.999999979262,1,0.2203009544014372,frequency,0,0,0.36745306969422314,0.36745306969422314
5138,"POLYGON ((4854670.282480891 4583935.960167078, 4825803.192419644 4583935.960167175, 4811369.647389014 4608935.593493627, 4825803.192419625 4633935.226820001, 4854670.282480867 4633935.226819924, 4869103.827511499 4608935.593493468, 4854670.282480891 4583935.960167078))",11,0.1549210372924669,2164.9999999792417,11,0.2204764442184819,frequency,0,0,-0.065555406926015,0.065555406926015
5139,"POLYGON ((4854670.282480867 4633935.226819924, 4825803.192419625 4633935.226820001, 4811369.647389001 4658934.860147409, 4825803.192419617 4683934.493473738, 4854670.282480858 4683934.493473667, 4869103.827511482 4658934.860147263, 4854670.282480867 4633935.226819924))",12,0.161590245573725,2165.000000022593,3,0.203431256851237,frequency,3,-3,-0.041841011277512,0.041841011277512
5140,"POLYGON ((4854670.282480858 4683934.493473667, 4825803.192419617 4683934.493473738, 4811369.647388999 4708934.126800104, 4825803.192419622 4733933.760127392, 4854670.282480862 4733933.760127325, 4869103.827511477 4708934.126799974, 4854670.282480858 4683934.493473667))",12,0.1653756868771048,2165.0000000225527,3,0.204683427653187,frequency,3,-3,-0.039307740776082206,0.039307740776082206
5141,"POLYGON ((4854670.282480862 4733933.760127325, 4825803.192419622 4733933.760127392, 4811369.64738901 4758933.393453715, 4825803.192419636 4783933.026779973, 4854670.282480875 4783933.026779916, 4869103.827511485 4758933.393453605, 4854670.282480862 4733933.760127325))",11,0.1931024206973009,2164.999999979241,12,0.2670519355630885,frequency,1,-1,-0.07394951486578757,0.07394951486578757
5142,"POLYGON ((4854670.282480875 4783933.026779916, 4825803.192419636 4783933.026779973, 4811369.647389029 4808932.660106264, 4825803.192419661 4833932.29343349, 4854670.2824809 4833932.29343344, 4869103.827511504 4808932.660106164, 4854670.282480875 4783933.026779916))",9,0.250055058535938,2165.0000000225527,12,0.2215811062487859,frequency,3,-3,0.028473952287152104,0.028473952287152104
5143,"POLYGON ((4854670.2824809 4833932.29343344, 4825803.192419661 4833932.29343349, 4811369.647389056 4858931.926759758, 4825803.192419693 4883931.560085965, 4854670.282480934 4883931.560085912, 4869103.827511537 4858931.926759653, 4854670.2824809 4833932.29343344))",1,0.2249620653477598,2164.999999979282,3,0.2182452487796643,frequency,2,-2,0.006716816568095502,0.006716816568095502
5144,"POLYGON ((4854670.282480934 4883931.560085912, 4825803.192419693 4883931.560085965, 4811369.647389095 4908931.193412185, 4825803.192419737 4933930.826739368, 4854670.282480978 4933930.826739325, 4869103.827511576 4908931.193412099, 4854670.282480934 4883931.560085912))",5,0.1801883830790525,2165.0000000225527,3,0.2329097809377401,frequency,2,2,-0.052721397858687596,0.052721397858687596
5145,"POLYGON ((4854670.282480978 4933930.826739325, 4825803.192419737 4933930.826739368, 4811369.647389139 4958930.460065581, 4825803.192419787 4983930.093391739, 4854670.282481031 4983930.093391699, 4869103.8275116235 4958930.460065498, 4854670.282480978 4933930.826739325))",4,0.2480558562007822,2164.999999979241,12,0.2210912855170558,frequency,4,4,0.026964570683726374,0.026964570683726374
5146,"POLYGON ((4854670.282481031 4983930.093391699, 4825803.192419787 4983930.093391739, 4811369.647389192 5008929.7267179275, 4825803.192419841 5033929.3600450875, 4854670.282481089 5033929.360045042, 4869103.82751168 5008929.726717861, 4854670.282481031 4983930.093391699))",5,0.2447677754659131,2165.0000000225527,12,0.1859040570950633,frequency,5,5,0.058863718370849805,0.058863718370849805
5147,"POLYGON ((4854670.282481089 5033929.360045042, 4825803.192419841 5033929.3600450875, 4811369.647389248 5058928.993371263, 4825803.192419907 5083928.626697379, 4854670.282481154 5083928.626697358, 4869103.827511744 5058928.993371187, 4854670.282481089 5033929.360045042))",3,0.2438942869517297,2164.9999999792417,2,0.1775428026071863,frequency,1,1,0.06635148434454341,0.06635148434454341
5148,"POLYGON ((4854670.282481154 5083928.626697358, 4825803.192419907 5083928.626697379, 4811369.647389314 5108928.260023542, 4825803.192419972 5133927.893350679, 4854670.282481224 5133927.8933506515, 4869103.827511813 5108928.260023494, 4854670.282481154 5083928.626697358))",4,0.231033922942915,2165.000000022593,12,0.2661118381895119,frequency,4,4,-0.0350779152465969,0.0350779152465969
5149,"POLYGON ((4854670.282481224 5133927.8933506515, 4825803.192419972 5133927.893350679, 4811369.64738938 5158927.526676833, 4825803.192420046 5183927.160002943, 4854670.282481301 5183927.160002923, 4869103.827511889 5158927.52667677, 4854670.282481224 5133927.8933506515))",4,0.609598873861887,2164.999999979241,12,0.3112457476291331,frequency,4,4,0.29835312623275395,0.29835312623275395
5150,"POLYGON ((4854670.282481301 5183927.160002923, 4825803.192420046 5183927.160002943, 4811369.647389453 5208926.793330092, 4825803.192420123 5233926.426656198, 4854670.282481382 5233926.426656176, 4869103.827511967 5208926.7933300445, 4854670.282481301 5183927.160002923))",2,0.3656327064248305,2165.0000000225527,12,0.2760207588447778,frequency,2,2,0.0896119475800527,0.0896119475800527
5151,"POLYGON ((4854670.282481382 5233926.426656176, 4825803.192420123 5233926.426656198, 4811369.64738953 5258926.059982343, 4825803.192420203 5283925.693308442, 4854670.282481467 5283925.693308419, 4869103.827512052 5258926.059982296, 4854670.282481382 5233926.426656176))",3,0.3890570476002915,2164.9999999792417,2,0.2786321172441012,frequency,1,1,0.11042493035619028,0.11042493035619028
5168,"POLYGON ((4897970.917613531 1708978.1270488943, 4869103.827550196 1708978.1270498761, 4854670.282518024 1733977.760388603, 4869103.827549147 1758977.3937253226, 4897970.917612428 1758977.3937243468, 4912404.4626446385 1733977.760386637, 4897970.917613531 1708978.1270488943))",3,0.3062327772807777,2165.000000022563,2,0.3156583445176886,frequency,1,1,-0.009425567236910903,0.009425567236910903
5169,"POLYGON ((4897970.917612428 1758977.3937243468, 4869103.827549147 1758977.3937253226, 4854670.2825169945 1783977.0270629267, 4869103.827548084 1808976.6603995215, 4897970.917611309 1808976.6603985413, 4912404.4626434995 1783977.0270609653, 4897970.917612428 1758977.3937243468))",2,0.2656901227603241,2164.999999979252,1,0.2480530330412205,frequency,1,1,0.017637089719103605,0.017637089719103605
5170,"POLYGON ((4897970.917611309 1808976.6603985413, 4869103.827548084 1808976.6603995215, 4854670.282515952 1833976.2937379894, 4869103.827547008 1858975.9270744403, 4897970.917610178 1858975.927073464, 4912404.462642347 1833976.2937360317, 4897970.917611309 1808976.6603985413))",9,0.3398644149675894,2165.000000022563,11,0.2680588025518088,frequency,2,-2,0.0718056124157806,0.0718056124157806
5172,"POLYGON ((4897970.917609036 1908975.1937470876, 4869103.827545922 1908975.193748056, 4854670.282513838 1933974.8270862042, 4869103.827544829 1958974.4604223368, 4897970.917607887 1958974.4604213703, 4912404.462640007 1933974.827084271, 4897970.917609036 1908975.1937470876))",5,0.2048441651983927,2165.000000022563,11,0.3395684215589835,frequency,6,-6,-0.13472425636059077,0.13472425636059077
5173,"POLYGON ((4897970.917607887 1958974.4604213703, 4869103.827544829 1958974.4604223368, 4854670.282512771 1983974.0937593074, 4869103.827543731 2008973.7270952533, 4897970.91760673 2008973.7270942952, 4912404.462638826 1983974.0937573828, 4897970.917607887 1958974.4604213703))",3,0.4769609271456746,2164.999999979252,11,0.2248482523574029,frequency,4,4,0.2521126747882717,0.2521126747882717
5174,"POLYGON ((4897970.91760673 2008973.7270942952, 4869103.827543731 2008973.7270952533, 4854670.2825117 2033973.3604330276, 4869103.827542629 2058972.993768793, 4897970.917605571 2058972.9937678392, 4912404.462637641 2033973.3604311205, 4897970.91760673 2008973.7270942952))",2,0.4377175302356366,2165.000000022563,2,0.2749017362441504,frequency,0,0,0.1628157939914862,0.1628157939914862
5179,"POLYGON ((4897970.917600947 2258970.060455765, 4869103.827538236 2258970.060456665, 4854670.282506354 2283969.6937923147, 4869103.827537151 2308969.3271279805, 4897970.917599806 2308969.3271270907, 4912404.462631721 2283969.693790522, 4897970.917600947 2258970.060455765))",2,0.3808126860635941,2165.0000000225527,2,0.3105227607275145,frequency,0,0,0.07028992533607958,0.07028992533607958
5180,"POLYGON ((4897970.917599806 2308969.3271270907, 4869103.827537151 2308969.3271279805, 4854670.282505303 2333968.9604633776, 4869103.827536074 2358968.5937978094, 4897970.917598673 2358968.593796934, 4912404.462630554 2333968.9604616156, 4897970.917599806 2308969.3271270907))",2,0.3937115165267733,2164.999999979262,10,0.3102571294156231,frequency,4,4,0.08345438711115016,0.08345438711115016
5181,"POLYGON ((4897970.917598673 2358968.593796934, 4869103.827536074 2358968.5937978094, 4854670.28250426 2383968.2271329467, 4869103.827535009 2408967.8604681306, 4897970.917597551 2408967.8604672705, 4912404.462629399 2383968.2271312154, 4897970.917598673 2358968.593796934))",10,0.2489658868142907,2165.0000000225527,10,0.2880793841194624,frequency,0,0,-0.03911349730517169,0.03911349730517169
5182,"POLYGON ((4897970.917597551 2408967.8604672705, 4869103.827535009 2408967.8604681306, 4854670.282503229 2433967.493803009, 4869103.827533957 2458967.127136944, 4897970.917596443 2458967.127136104, 4912404.462628256 2433967.4938013097, 4897970.917597551 2408967.8604672705))",9,0.2860071692307194,2164.999999979262,3,0.1961049261971047,frequency,6,6,0.08990224303361469,0.08990224303361469
5183,"POLYGON ((4897970.917596443 2458967.127136104, 4869103.827533957 2458967.127136944, 4854670.282502211 2483966.760472553, 4869103.827532918 2508966.393806237, 4897970.917595349 2508966.3938054135, 4912404.462627127 2483966.7604708853, 4897970.917596443 2458967.127136104))",3,0.167316198810416,2165.0000000225527,10,0.1856896726098038,frequency,5,5,-0.01837347379938778,0.01837347379938778
5184,"POLYGON ((4897970.917595349 2508966.3938054135, 4869103.827532918 2508966.393806237, 4854670.282501208 2533966.0271405755, 4869103.8275318965 2558965.6604739986, 4897970.917594273 2558965.6604731972, 4912404.462626014 2533966.027138947, 4897970.917595349 2508966.3938054135))",10,0.227650784154915,2164.999999979262,10,0.2699482319664475,frequency,0,0,-0.042297447811532524,0.042297447811532524
5185,"POLYGON ((4897970.917594273 2558965.6604731972, 4869103.8275318965 2558965.6604739986, 4854670.28250022 2583965.2938090707, 4869103.827530891 2608964.92714224, 4897970.917593214 2608964.9271414536, 4912404.462624919 2583965.2938074777, 4897970.917594273 2558965.6604731972))",10,0.4405176783510435,2165.0000000225527,10,0.3636508535519152,frequency,0,0,0.07686682479912832,0.07686682479912832
5186,"POLYGON ((4897970.917593214 2608964.9271414536, 4869103.827530891 2608964.92714224, 4854670.28249925 2633964.560476034, 4869103.827529904 2658964.193808941, 4897970.917592174 2658964.193808176, 4912404.462623843 2633964.5604744772, 4897970.917593214 2608964.9271414536))",2,0.213542939352839,2164.999999979262,3,0.1834780216011397,frequency,1,-1,0.030064917751699283,0.030064917751699283
5187,"POLYGON ((4897970.917592174 2658964.193808176, 4869103.827529904 2658964.193808941, 4854670.2824983 2683963.827143458, 4869103.827528938 2708963.4604761098, 4897970.9175911555 2708963.4604753666, 4912404.462622789 2683963.8271419425, 4897970.917592174 2658964.193808176))",10,0.2046445594507833,2165.0000000225527,1,0.1860089798247019,frequency,3,-3,0.018635579626081394,0.018635579626081394
5188,"POLYGON ((4897970.9175911555 2708963.4604753666, 4869103.827528938 2708963.4604761098, 4854670.282497369 2733963.0938093467, 4869103.827527992 2758962.7271417403, 4897970.91759016 2758962.727141016, 4912404.462621756 2733963.0938078733, 4897970.9175911555 2708963.4604753666))",5,0.2727474429226985,2164.9999999792417,1,0.3747992189222386,frequency,4,4,-0.10205177599954013,0.10205177599954013
5189,"POLYGON ((4897970.91759016 2758962.727141016, 4869103.827527992 2758962.7271417403, 4854670.28249646 2783962.3604757036, 4869103.827527069 2808961.99380784, 4897970.917589188 2808961.993807133, 4912404.462620745 2783962.360474269, 4897970.91759016 2758962.727141016))",11,0.2277020035702061,2165.0000000225723,1,0.3526498934293667,frequency,2,-2,-0.12494788985916061,0.12494788985916061
5190,"POLYGON ((4897970.917589188 2808961.993807133, 4869103.827527069 2808961.99380784, 4854670.282495572 2833961.6271405206, 4869103.827526169 2858961.2604734073, 4897970.91758824 2858961.2604727135, 4912404.462619761 2833961.6271391246, 4897970.917589188 2808961.993807133))",2,0.3040590255916517,2165.0000000225527,1,0.2584829217513696,frequency,1,1,0.0455761038402821,0.0455761038402821
5191,"POLYGON ((4897970.91758824 2858961.2604727135, 4869103.827526169 2858961.2604734073, 4854670.282494709 2883960.8938058107, 4869103.827525293 2908960.5271374388, 4897970.9175873175 2908960.52713677, 4912404.462618801 2883960.893804462, 4897970.91758824 2858961.2604727135))",2,0.1804695691619404,2164.999999979262,2,0.292469176345791,frequency,0,0,-0.1119996071838506,0.1119996071838506
5192,"POLYGON ((4897970.9175873175 2908960.52713677, 4869103.827525293 2908960.5271374388, 4854670.282493869 2933960.1604695707, 4869103.827524443 2958959.7938019494, 4897970.917586421 2958959.793801303, 4912404.4626178695 2933960.160468258, 4897970.9175873175 2908960.52713677))",3,0.5542630783235248,2165.0000000225527,2,0.2518787360977079,frequency,1,1,0.30238434222581695,0.30238434222581695
5193,"POLYGON ((4897970.917586421 2958959.793801303, 4869103.827524443 2958959.7938019494, 4854670.282493054 2983959.4271338116, 4869103.827523619 3008959.060464941, 4897970.917585553 3008959.0604643133, 4912404.462616963 2983959.4271325474, 4897970.917586421 2958959.793801303))",3,0.2880777195194179,2164.999999979262,2,0.2539621303904934,frequency,1,1,0.034115589128924484,0.034115589128924484
5194,"POLYGON ((4897970.917585553 3008959.0604643133, 4869103.827523619 3008959.060464941, 4854670.282492264 3033958.6937965406, 4869103.827522822 3058958.32712842, 4897970.917584711 3058958.3271278236, 4912404.462616087 3033958.693795311, 4897970.917585553 3008959.0604643133))",2,0.4791752441960481,2165.0000000225527,1,0.2582735319682742,frequency,1,1,0.22090171222777394,0.22090171222777394
5195,"POLYGON ((4897970.917584711 3058958.3271278236, 4869103.827522822 3058958.32712842, 4854670.282491503 3083957.960459747, 4869103.8275220515 3108957.593790389, 4897970.9175839 3108957.5937898145, 4912404.4626152385 3083957.960458573, 4897970.917584711 3058958.3271278236))",2,0.175773760349509,2164.999999979262,2,0.2835199902572412,frequency,0,0,-0.10774622990773217,0.10774622990773217
5196,"POLYGON ((4897970.9175839 3108957.5937898145, 4869103.8275220515 3108957.593790389, 4854670.282490766 3133957.2271214714, 4869103.827521309 3158956.860452876, 4897970.917583116 3158956.8604523186, 4912404.462614421 3133957.2271203296, 4897970.9175839 3108957.5937898145))",4,0.2400235353112633,2165.0000000225527,1,0.2577689161044786,frequency,3,3,-0.017745380793215304,0.017745380793215304
5197,"POLYGON ((4897970.917583116 3158956.8604523186, 4869103.827521309 3158956.860452876, 4854670.282490058 3183956.4937836984, 4869103.827520594 3208956.1271138727, 4897970.917582363 3208956.1271133334, 4912404.462613633 3183956.493782598, 4897970.917583116 3158956.8604523186))",2,0.199429787850646,2164.999999979262,1,0.2820128182797342,frequency,1,1,-0.08258303042908818,0.08258303042908818
5198,"POLYGON ((4897970.917582363 3208956.1271133334, 4869103.827520594 3208956.1271138727, 4854670.282489376 3233955.760445442, 4869103.8275199095 3258955.393775385, 4897970.91758164 3258955.3937748745, 4912404.462612875 3233955.7604443883, 4897970.917582363 3208956.1271133334))",7,0.2115123129448794,2165.0000000225527,1,0.2820128182797342,frequency,6,6,-0.07050050533485477,0.07050050533485477
5199,"POLYGON ((4897970.91758164 3258955.3937748745, 4869103.8275199095 3258955.393775385, 4854670.282488724 3283955.0271057147, 4869103.827519252 3308954.6604354465, 4897970.917580947 3308954.6604349515, 4912404.462612148 3283955.027104711, 4897970.91758164 3258955.3937748745))",3,0.1808140703756384,2164.999999979262,1,0.2758458487893171,frequency,2,2,-0.09503177841367871,0.09503177841367871
5200,"POLYGON ((4897970.917580947 3308954.6604349515, 4869103.827519252 3308954.6604354465, 4854670.282488099 3333954.293766536, 4869103.827518624 3358953.9270960526, 4897970.917580284 3358953.927095578, 4912404.462611453 3333954.2937655705, 4897970.917580947 3308954.6604349515))",7,0.1929160722666219,2165.0000000225527,1,0.2766435244109534,frequency,6,6,-0.0837274521443315,0.0837274521443315
5201,"POLYGON ((4897970.917580284 3358953.927095578, 4869103.827518624 3358953.9270960526, 4854670.282487503 3383953.560425907, 4869103.827518025 3408953.193755218, 4897970.917579653 3408953.1937547633, 4912404.46261079 3383953.560424982, 4897970.917580284 3358953.927095578))",2,0.1475360096346892,2164.9999999792417,1,0.3298042936706966,frequency,1,1,-0.18226828403600737,0.18226828403600737
5202,"POLYGON ((4897970.917579653 3408953.1937547633, 4869103.827518025 3408953.193755218, 4854670.282486935 3433952.827085848, 4869103.827517456 3458952.4604149563, 4897970.917579051 3458952.460414529, 4912404.462610156 3433952.8270849665, 4897970.917579653 3408953.1937547633))",3,0.2533788068762164,2165.0000000225723,1,0.3298042936706966,frequency,2,2,-0.07642548679448019,0.07642548679448019
5203,"POLYGON ((4897970.917579051 3458952.460414529, 4869103.827517456 3458952.4604149563, 4854670.282486396 3483952.093744368, 4869103.827516916 3508951.7270732787, 4897970.91757848 3508951.727072875, 4912404.462609555 3483952.0937435306, 4897970.917579051 3458952.460414529))",7,0.2436256057268257,2164.9999999792417,1,0.33078802162516,frequency,6,6,-0.08716241589833432,0.08716241589833432
5229,"POLYGON ((4897970.9175727265 4758933.39345353, 4869103.827511485 4758933.393453605, 4854670.282480875 4783933.026779916, 4869103.827511504 4808932.660106164, 4897970.917572743 4808932.660106107, 4912404.462603351 4783933.026779801, 4897970.9175727265 4758933.39345353))",2,0.1941989930906297,2164.999999979282,12,0.2787108920620463,frequency,2,2,-0.08451189897141659,0.08451189897141659
5230,"POLYGON ((4897970.917572743 4808932.660106107, 4869103.827511504 4808932.660106164, 4854670.2824809 4833932.29343344, 4869103.827511537 4858931.926759653, 4897970.917572774 4858931.926759607, 4912404.46260338 4833932.293433322, 4897970.917572743 4808932.660106107))",2,0.2031435138555128,2165.0000000225527,12,0.2796170819031278,frequency,2,2,-0.07647356804761499,0.07647356804761499
5231,"POLYGON ((4897970.917572774 4858931.926759607, 4869103.827511537 4858931.926759653, 4854670.282480934 4883931.560085912, 4869103.827511576 4908931.193412099, 4897970.917572817 4908931.193412049, 4912404.462603415 4883931.560085802, 4897970.917572774 4858931.926759607))",12,0.2129908130679765,2164.9999999792417,12,0.2188674879981491,frequency,0,0,-0.005876674930172604,0.005876674930172604
5232,"POLYGON ((4897970.917572817 4908931.193412049, 4869103.827511576 4908931.193412099, 4854670.282480978 4933930.826739325, 4869103.8275116235 4958930.460065498, 4897970.917572868 4958930.460065449, 4912404.462603459 4933930.8267392395, 4897970.917572817 4908931.193412049))",11,0.1591685453345405,2165.0000000225523,3,0.2057327598495964,frequency,4,-4,-0.04656421451505591,0.04656421451505591
5233,"POLYGON ((4897970.917572868 4958930.460065449, 4869103.8275116235 4958930.460065498, 4854670.282481031 4983930.093391699, 4869103.82751168 5008929.726717861, 4897970.917572925 5008929.726717821, 4912404.462603517 4983930.093391618, 4897970.917572868 4958930.460065449))",8,0.2767917140673541,2164.999999979282,1,0.1665271972382254,frequency,5,-5,0.11026451682912869,0.11026451682912869
5234,"POLYGON ((4897970.917572925 5008929.726717821, 4869103.82751168 5008929.726717861, 4854670.282481089 5033929.360045042, 4869103.827511744 5058928.993371187, 4897970.917572992 5058928.993371148, 4912404.46260358 5033929.360044965, 4897970.917572925 5008929.726717821))",1,0.2502645577937221,2165.0000000225527,12,0.2164898679102582,frequency,1,1,0.03377468988346388,0.03377468988346388
5235,"POLYGON ((4897970.917572992 5058928.993371148, 4869103.827511744 5058928.993371187, 4854670.282481154 5083928.626697358, 4869103.827511813 5108928.260023494, 4897970.9175730655 5108928.260023449, 4912404.462603649 5083928.626697293, 4897970.917572992 5058928.993371148))",12,0.2602956960486742,2164.999999979241,2,0.2413179121153836,frequency,2,-2,0.01897778393329061,0.01897778393329061
5236,"POLYGON ((4897970.9175730655 5108928.260023449, 4869103.827511813 5108928.260023494, 4854670.282481224 5133927.8933506515, 4869103.827511889 5158927.52667677, 4897970.917573142 5158927.526676739, 4912404.462603726 5133927.893350585, 4897970.9175730655 5108928.260023449))",6,0.2998529834469131,2165.0000000225523,12,0.1946964957667718,frequency,6,-6,0.10515648768014127,0.10515648768014127
5237,"POLYGON ((4897970.917573142 5158927.526676739, 4869103.827511889 5158927.52667677, 4854670.282481301 5183927.160002923, 4869103.827511967 5208926.7933300445, 4897970.917573226 5208926.793330007, 4912404.462603809 5183927.160002861, 4897970.917573142 5158927.526676739))",5,0.6789388951852257,2165.0000000225527,1,0.2610010165666366,frequency,4,4,0.41793787861858905,0.41793787861858905
5238,"POLYGON ((4897970.917573226 5208926.793330007, 4869103.827511967 5208926.7933300445, 4854670.282481382 5233926.426656176, 4869103.827512052 5258926.059982296, 4897970.917573314 5258926.059982261, 4912404.4626039015 5233926.42665611, 4897970.917573226 5208926.793330007))",3,0.1476110018311928,2164.999999979282,12,0.3230291303104586,frequency,3,3,-0.1754181284792658,0.1754181284792658
5239,"POLYGON ((4897970.917573314 5258926.059982261, 4869103.827512052 5258926.059982296, 4854670.282481467 5283925.693308419, 4869103.827512141 5308925.326635536, 4897970.917573407 5308925.326635507, 4912404.46260399 5283925.693308372, 4897970.917573314 5258926.059982261))",2,0.3222816949248124,2165.0000000225527,2,0.3522391221244562,frequency,0,0,-0.029957427199643782,0.029957427199643782
5257,"POLYGON ((4941271.552705767 1783977.0270599087, 4912404.4626434995 1783977.0270609653, 4897970.917611309 1808976.6603985413, 4912404.462642347 1833976.2937360317, 4941271.552704559 1833976.2937349807, 4955705.097736789 1808976.660396433, 4941271.552705767 1783977.0270599087))",2,0.3321435176837971,2164.999999972574,2,0.3017049305226416,frequency,0,0,0.030438587161155495,0.030438587161155495
5266,"POLYGON ((4941271.552694651 2233970.4271189626, 4912404.462632896 2233970.427119944, 4897970.917600947 2258970.060455765, 4912404.462631721 2283969.693790522, 4941271.552693419 2283969.693789559, 4955705.097725403 2258970.060453816, 4941271.552694651 2233970.4271189626))",10,0.3518380542026379,2164.999999929274,2,0.265766004800894,frequency,4,-4,0.0860720494017439,0.0860720494017439
5267,"POLYGON ((4941271.552693419 2283969.693789559, 4912404.462631721 2283969.693790522, 4897970.917599806 2308969.3271270907, 4912404.462630554 2333968.9604616156, 4941271.552692196 2333968.960460667, 4955705.097724146 2308969.3271251777, 4941271.552693419 2283969.693789559))",2,0.3454803864693958,2164.9999999725646,2,0.351190682433536,frequency,0,0,-0.005710295964140244,0.005710295964140244
5268,"POLYGON ((4941271.552692196 2333968.960460667, 4912404.462630554 2333968.9604616156, 4897970.917598673 2358968.593796934, 4912404.462629399 2383968.2271312154, 4941271.552690984 2383968.2271302836, 4955705.097722899 2358968.593795052, 4941271.552692196 2333968.960460667))",10,0.4289766201598669,2164.999999929274,10,0.3713428999016855,frequency,0,0,0.057633720258181365,0.057633720258181365
5269,"POLYGON ((4941271.552690984 2383968.2271302836, 4912404.462629399 2383968.2271312154, 4897970.917597551 2408967.8604672705, 4912404.462628256 2433967.4938013097, 4941271.552689785 2433967.4938003914, 4955705.097721666 2408967.8604654176, 4941271.552690984 2383968.2271302836))",10,0.3115175705395265,2164.9999999725646,1,0.2111489633513427,frequency,3,-3,0.1003686071881838,0.1003686071881838
5270,"POLYGON ((4941271.552689785 2433967.4938003914, 4912404.462628256 2433967.4938013097, 4897970.917596443 2458967.127136104, 4912404.462627127 2483966.7604708853, 4941271.5526886005 2483966.7604699912, 4955705.097720446 2458967.127134285, 4941271.552689785 2433967.4938003914))",11,0.1928350425997705,2164.9999999725646,10,0.2320518212771405,frequency,1,1,-0.03921677867737,0.03921677867737
5271,"POLYGON ((4941271.5526886005 2483966.7604699912, 4912404.462627127 2483966.7604708853, 4897970.917595349 2508966.3938054135, 4912404.462626014 2533966.027138947, 4941271.552687434 2533966.027138066, 4955705.097719242 2508966.393803635, 4941271.5526886005 2483966.7604699912))",1,0.3667304142022706,2164.999999929274,10,0.2845083564151918,frequency,3,3,0.0822220577870788,0.0822220577870788
5272,"POLYGON ((4941271.552687434 2533966.027138066, 4912404.462626014 2533966.027138947, 4897970.917594273 2558965.6604731972, 4912404.462624919 2583965.2938074777, 4941271.552686283 2583965.293806619, 4955705.097718056 2558965.660471456, 4941271.552687434 2533966.027138066))",9,0.2366723541008682,2164.9999999725646,10,0.2297993861904705,frequency,1,-1,0.006872967910397709,0.006872967910397709
5273,"POLYGON ((4941271.552686283 2583965.293806619, 4912404.462624919 2583965.2938074777, 4897970.917593214 2608964.9271414536, 4912404.462623843 2633964.5604744772, 4941271.5526851555 2633964.5604736344, 4955705.09771689 2608964.9271397525, 4941271.552686283 2583965.293806619))",5,0.2522516848009403,2164.999999929274,2,0.3012344455962949,frequency,3,3,-0.04898276079535463,0.04898276079535463
5274,"POLYGON ((4941271.5526851555 2633964.5604736344, 4912404.462623843 2633964.5604744772, 4897970.917592174 2658964.193808176, 4912404.462622789 2683963.8271419425, 4941271.552684047 2683963.8271411224, 4955705.097715746 2658964.1938065193, 4941271.5526851555 2633964.5604736344))",1,0.2407904555642047,2164.9999999725646,1,0.2212049795168957,frequency,0,0,0.01958547604730901,0.01958547604730901
5275,"POLYGON ((4941271.552684047 2683963.8271411224, 4912404.462622789 2683963.8271419425, 4897970.9175911555 2708963.4604753666, 4912404.462621756 2733963.0938078733, 4941271.552682963 2733963.093807076, 4955705.097714623 2708963.460473747, 4941271.552684047 2683963.8271411224))",10,0.3515393706854536,2164.999999929274,1,0.2620163917533945,frequency,3,-3,0.08952297893205913,0.08952297893205913
5276,"POLYGON ((4941271.552682963 2733963.093807076, 4912404.462621756 2733963.0938078733, 4897970.91759016 2758962.727141016, 4912404.462620745 2783962.360474269, 4941271.552681904 2783962.3604734885, 4955705.097713526 2758962.7271394413, 4941271.552682963 2733963.093807076))",11,0.26571992467381,2164.9999999725646,1,0.2858115556708384,frequency,2,-2,-0.020091630997028376,0.020091630997028376
5277,"POLYGON ((4941271.552681904 2783962.3604734885, 4912404.462620745 2783962.360474269, 4897970.917589188 2808961.993807133, 4912404.462619761 2833961.6271391246, 4941271.55268087 2833961.6271383753, 4955705.097712454 2808961.993805601, 4941271.552681904 2783962.3604734885))",6,0.2561195885188593,2164.999999929274,1,0.2593002961190752,frequency,5,5,-0.003180707600215882,0.003180707600215882
5278,"POLYGON ((4941271.55268087 2833961.6271383753, 4912404.462619761 2833961.6271391246, 4897970.91758824 2858961.2604727135, 4912404.462618801 2883960.893804462, 4941271.552679862 2883960.8938037273, 4955705.0977114085 2858961.2604712355, 4941271.55268087 2833961.6271383753))",7,0.1748476461424385,2164.9999999725646,2,0.2216162524832265,frequency,5,5,-0.046768606340788,0.046768606340788
5279,"POLYGON ((4941271.552679862 2883960.8938037273, 4912404.462618801 2883960.893804462, 4897970.9175873175 2908960.52713677, 4912404.4626178695 2933960.160468258, 4941271.552678883 2933960.1604675553, 4955705.0977103915 2908960.5271353377, 4941271.552679862 2883960.8938037273))",12,0.1516967645956491,2164.999999929274,1,0.2743020140029388,frequency,1,-1,-0.1226052494072897,0.1226052494072897
5280,"POLYGON ((4941271.552678883 2933960.1604675553, 4912404.4626178695 2933960.160468258, 4897970.917586421 2958959.793801303, 4912404.462616963 2983959.4271325474, 4941271.552677932 2983959.42713186, 4955705.097709402 2958959.7937999135, 4941271.552678883 2933960.1604675553))",1,0.2160739732423133,2164.9999999725646,2,0.2823236824107272,frequency,1,-1,-0.06624970916841388,0.06624970916841388
5281,"POLYGON ((4941271.552677932 2983959.42713186, 4912404.462616963 2983959.4271325474, 4897970.917585553 3008959.0604643133, 4912404.462616087 3033958.693795311, 4941271.552677011 3033958.693794651, 4955705.097708445 3008959.060462973, 4941271.552677932 2983959.42713186))",4,0.2397779809188057,2164.999999929274,2,0.2300317624312795,frequency,2,2,0.009746218487526187,0.009746218487526187
5282,"POLYGON ((4941271.552677011 3033958.693794651, 4912404.462616087 3033958.693795311, 4897970.917584711 3058958.3271278236, 4912404.4626152385 3083957.960458573, 4941271.55267612 3083957.9604579345, 4955705.0977075165 3058958.32712652, 4941271.552677011 3033958.693794651))",3,0.337378763703797,2164.9999999725646,2,0.3005949053506175,frequency,1,1,0.03678385835317949,0.03678385835317949
5283,"POLYGON ((4941271.55267612 3083957.9604579345, 4912404.4626152385 3083957.960458573, 4897970.9175839 3108957.5937898145, 4912404.462614421 3133957.2271203296, 4941271.55267526 3133957.227119715, 4955705.097706621 3108957.5937885623, 4941271.55267612 3083957.9604579345))",1,0.3931723685670898,2164.999999929274,2,0.2636570414607975,frequency,1,-1,0.12951532710629232,0.12951532710629232
5284,"POLYGON ((4941271.55267526 3133957.227119715, 4912404.462614421 3133957.2271203296, 4897970.917583116 3158956.8604523186, 4912404.462613633 3183956.493782598, 4941271.552674432 3183956.4937820123, 4955705.097705755 3158956.860451111, 4941271.55267526 3133957.227119715))",10,0.1830888619598228,2164.9999999725646,2,0.2636570414607975,frequency,4,-4,-0.0805681795009747,0.0805681795009747
5285,"POLYGON ((4941271.552674432 3183956.4937820123, 4912404.462613633 3183956.493782598, 4897970.917582363 3208956.1271133334, 4912404.462612875 3233955.7604443883, 4941271.552673637 3233955.7604438183, 4955705.097704924 3208956.127112176, 4941271.552674432 3183956.4937820123))",2,0.5068003690657971,2164.9999999725646,1,0.2684707976460794,frequency,1,1,0.23832957141971767,0.23832957141971767
5286,"POLYGON ((4941271.552673637 3233955.7604438183, 4912404.462612875 3233955.7604443883, 4897970.91758164 3258955.3937748745, 4912404.462612148 3283955.027104711, 4941271.552672872 3283955.0271041673, 4955705.097704126 3258955.393773763, 4941271.552673637 3233955.7604438183))",2,0.1927383946484176,2164.999999929274,1,0.2813527344428801,frequency,1,1,-0.08861433979446251,0.08861433979446251
5287,"POLYGON ((4941271.552672872 3283955.0271041673, 4912404.462612148 3283955.027104711, 4897970.917580947 3308954.6604349515, 4912404.462611453 3333954.2937655705, 4941271.55267214 3333954.293765051, 4955705.097703359 3308954.66043389, 4941271.552672872 3283955.0271041673))",3,0.2440392753204588,2164.9999999725646,1,0.3142447787138906,frequency,2,2,-0.07020550339343182,0.07020550339343182
5288,"POLYGON ((4941271.55267214 3333954.293765051, 4912404.462611453 3333954.2937655705, 4897970.917580284 3358953.927095578, 4912404.46261079 3383953.560424982, 4941271.552671443 3383953.560424488, 4955705.097702626 3358953.9270945624, 4941271.55267214 3333954.293765051))",2,0.2766420025753177,2164.999999929274,1,0.302226762179927,frequency,1,1,-0.02558475960460932,0.02558475960460932
5289,"POLYGON ((4941271.552671443 3383953.560424488, 4912404.46261079 3383953.560424982, 4897970.917579653 3408953.1937547633, 4912404.462610156 3433952.8270849665, 4941271.552670777 3433952.8270844915, 4955705.097701928 3408953.1937537873, 4941271.552671443 3383953.560424488))",7,0.2431392913343875,2164.9999999725646,1,0.2776904110315115,frequency,6,6,-0.03455111969712399,0.03455111969712399
5290,"POLYGON ((4941271.552670777 3433952.8270844915, 4912404.462610156 3433952.8270849665, 4897970.917579051 3458952.460414529, 4912404.462609555 3483952.0937435306, 4941271.552670144 3483952.09374308, 4955705.097701263 3458952.4604135966, 4941271.552670777 3433952.8270844915))",1,0.1596535800390443,2164.999999929274,1,0.3170809448680428,frequency,0,0,-0.15742736482899847,0.15742736482899847
5308,"POLYGON ((4941271.552664045 4333939.6268977085, 4912404.462603772 4333939.626897856, 4897970.917573078 4358939.260225689, 4912404.462603657 4383938.89355234, 4941271.552663923 4383938.893552202, 4955705.097694618 4358939.2602254, 4941271.552664045 4333939.6268977085))",12,0.270928820787042,2164.9999999725646,9,0.2521632258338398,frequency,3,3,0.01876559495320218,0.01876559495320218
5309,"POLYGON ((4941271.552663923 4383938.893552202, 4912404.462603657 4383938.89355234, 4897970.917572974 4408938.526879097, 4912404.462603559 4433938.160205682, 4941271.55266382 4433938.1602055505, 4955705.097694502 4408938.526878821, 4941271.552663923 4383938.893552202))",3,0.677949767171965,2164.9999999292536,2,0.1672653213580566,frequency,1,1,0.5106844458139084,0.5106844458139084
5310,"POLYGON ((4941271.55266382 4433938.1602055505, 4912404.462603559 4433938.160205682, 4897970.91757289 4458937.793533357, 4912404.462603481 4483937.426859882, 4941271.552663736 4483937.426859759, 4955705.097694406 4458937.793533106, 4941271.55266382 4433938.1602055505))",10,0.2607501457893338,2164.999999972605,12,0.203431256851237,frequency,2,-2,0.05731888893809681,0.05731888893809681
5311,"POLYGON ((4941271.552663736 4483937.426859759, 4912404.462603481 4483937.426859882, 4897970.917572823 4508937.060186487, 4912404.462603421 4533936.693512952, 4941271.552663673 4533936.6935128365, 4955705.09769433 4508937.060186256, 4941271.552663736 4483937.426859759))",8,0.2643245528770621,2164.9999999292536,9,0.2678311614528999,frequency,1,-1,-0.003506608575837844,0.003506608575837844
5317,"POLYGON ((4941271.552663591 4783933.026779733, 4912404.462603351 4783933.026779801, 4897970.917572743 4808932.660106107, 4912404.46260338 4833932.293433322, 4941271.552663617 4833932.293433271, 4955705.097694225 4808932.660105967, 4941271.552663591 4783933.026779733))",1,0.2280641606390211,2164.9999999725646,12,0.2093138718695021,frequency,1,1,0.018750288769519008,0.018750288769519008
5318,"POLYGON ((4941271.552663617 4833932.293433271, 4912404.46260338 4833932.293433322, 4897970.917572774 4858931.926759607, 4912404.462603415 4883931.560085802, 4941271.552663653 4883931.560085759, 4955705.097694254 4858931.926759491, 4941271.552663617 4833932.293433271))",2,0.2034724907928009,2164.999999929294,1,0.2371250880794093,frequency,1,1,-0.03365259728660841,0.03365259728660841
5319,"POLYGON ((4941271.552663653 4883931.560085759, 4912404.462603415 4883931.560085802, 4897970.917572817 4908931.193412049, 4912404.462603459 4933930.8267392395, 4941271.5526637025 4933930.82673918, 4955705.097694296 4908931.19341195, 4941271.552663653 4883931.560085759))",3,0.1781848309455671,2164.999999972564,1,0.2232864066466651,frequency,2,2,-0.04510157570109799,0.04510157570109799
5320,"POLYGON ((4941271.5526637025 4933930.82673918, 4912404.462603459 4933930.8267392395, 4897970.917572868 4958930.460065449, 4912404.462603517 4983930.093391618, 4941271.552663758 4983930.093391576, 4955705.097694351 4958930.460065355, 4941271.5526637025 4933930.82673918))",4,0.2178442530801375,2164.9999999292536,3,0.2318556416776446,frequency,1,1,-0.014011388597507113,0.014011388597507113
5321,"POLYGON ((4941271.552663758 4983930.093391576, 4912404.462603517 4983930.093391618, 4897970.917572925 5008929.726717821, 4912404.46260358 5033929.360044965, 4941271.552663824 5033929.360044927, 4955705.097694414 5008929.726717728, 4941271.552663758 4983930.093391576))",12,0.1516459683232703,2164.9999999725646,12,0.259010716095914,frequency,0,0,-0.10736474777264368,0.10736474777264368
5322,"POLYGON ((4941271.552663824 5033929.360044927, 4912404.46260358 5033929.360044965, 4897970.917572992 5058928.993371148, 4912404.462603649 5083928.626697293, 4941271.552663898 5083928.626697245, 4955705.097694483 5058928.993371071, 4941271.552663824 5033929.360044927))",3,0.276886085614295,2164.9999999292536,3,0.2054335059580007,frequency,0,0,0.07145257965629431,0.07145257965629431
5323,"POLYGON ((4941271.552663898 5083928.626697245, 4912404.462603649 5083928.626697293, 4897970.9175730655 5108928.260023449, 4912404.462603726 5133927.893350585, 4941271.552663977 5133927.89335055, 4955705.097694562 5108928.260023379, 4941271.552663898 5083928.626697245))",1,0.2643896770810452,2164.999999972605,1,0.2836082070677732,frequency,0,0,-0.01921852998672796,0.01921852998672796
5325,"POLYGON ((4941271.552664063 5183927.1600028295, 4912404.462603809 5183927.160002861, 4897970.917573226 5208926.793330007, 4912404.4626039015 5233926.42665611, 4941271.552664157 5233926.426656086, 4955705.097694737 5208926.793329943, 4941271.552664063 5183927.1600028295))",1,0.3146458559989106,2164.9999999725646,1,0.2905981608976469,frequency,0,0,0.0240476951012637,0.0240476951012637
5326,"POLYGON ((4941271.552664157 5233926.426656086, 4912404.4626039015 5233926.42665611, 4897970.917573314 5258926.059982261, 4912404.46260399 5283925.693308372, 4941271.552664251 5283925.693308344, 4955705.097694831 5258926.059982209, 4941271.552664157 5233926.426656086))",3,0.2920090799925492,2164.9999999292536,2,0.3174194847246067,frequency,1,1,-0.025410404732057468,0.025410404732057468
5327,"POLYGON ((4941271.552664251 5283925.693308344, 4912404.46260399 5283925.693308372, 4897970.917573407 5308925.326635507, 4912404.462604086 5333924.959961619, 4941271.552664353 5333924.959961584, 4955705.097694932 5308925.326635456, 4941271.552664251 5283925.693308344))",12,0.3240248497033561,2164.999999972605,2,0.2895237231603676,frequency,2,-2,0.03450112654298848,0.03450112654298848
5348,"POLYGON ((4984572.187796115 1958974.4604181836, 4955705.097733029 1958974.4604192965, 4941271.55270087 1983974.0937563456, 4955705.09773176 2008973.7270922319, 4984572.18779479 2008973.727091125, 4999005.732826987 1983974.093754126, 4984572.187796115 1958974.4604181836))",11,0.2658442405870529,2164.999999979252,11,0.2821946246060642,frequency,0,0,-0.016350384019011288,0.016350384019011288
5353,"POLYGON ((4984572.187789467 2208970.793781922, 4955705.097726666 2208970.793782983, 4941271.552694651 2233970.4271189626, 4955705.097725403 2258970.060453816, 4984572.187788146 2258970.0604527714, 4999005.732820197 2233970.4271168625, 4984572.187789467 2208970.793781922))",2,0.4043316051140816,2164.9999999792617,11,0.2667474554172275,frequency,3,3,0.13758414969685412,0.13758414969685412
5354,"POLYGON ((4984572.187788146 2258970.0604527714, 4955705.097725403 2258970.060453816, 4941271.552693419 2283969.693789559, 4955705.097724146 2308969.3271251777, 4984572.1877868315 2308969.3271241477, 4999005.73281885 2283969.6937874844, 4984572.187788146 2258970.0604527714))",10,0.3214997181429768,2165.0000000225523,10,0.3251960719238979,frequency,0,0,-0.003696353780921091,0.003696353780921091
5355,"POLYGON ((4984572.1877868315 2308969.3271241477, 4955705.097724146 2308969.3271251777, 4941271.552692196 2333968.960460667, 4955705.097722899 2358968.593795052, 4984572.187785529 2358968.59379404, 4999005.732817513 2333968.9604586265, 4984572.1877868315 2308969.3271241477))",1,0.2471264317137731,2164.9999999792617,10,0.2944855146372142,frequency,3,3,-0.04735908292344107,0.04735908292344107
5356,"POLYGON ((4984572.187785529 2358968.59379404, 4955705.097722899 2358968.593795052, 4941271.552690984 2383968.2271302836, 4955705.097721666 2408967.8604654176, 4984572.187784239 2408967.8604644258, 4999005.732816188 2383968.227128281, 4984572.187785529 2358968.59379404))",7,0.2353373655168615,2165.0000000225523,11,0.204238618030637,frequency,4,-4,0.031098747486224487,0.031098747486224487
5357,"POLYGON ((4984572.187784239 2408967.8604644258, 4955705.097721666 2408967.8604654176, 4941271.552689785 2433967.4938003914, 4955705.097720446 2458967.127134285, 4984572.187782963 2458967.1271333154, 4999005.732814876 2433967.4937984254, 4984572.187784239 2408967.8604644258))",11,0.3076668346399525,2164.9999999792617,11,0.1610446943000864,frequency,0,0,0.1466221403398661,0.1466221403398661
5358,"POLYGON ((4984572.187782963 2458967.1271333154, 4955705.097720446 2458967.127134285, 4941271.5526886005 2483966.7604699912, 4955705.097719242 2508966.393803635, 4984572.187781704 2508966.39380268, 4999005.732813581 2483966.7604680653, 4984572.187782963 2458967.1271333154))",10,0.2894768143360758,2165.0000000225527,3,0.2051828697749249,frequency,5,-5,0.08429394456115091,0.08429394456115091
5359,"POLYGON ((4984572.187781704 2508966.39380268, 4955705.097719242 2508966.393803635, 4941271.552687434 2533966.027138066, 4955705.097718056 2558965.660471456, 4984572.187780464 2558965.6604705243, 4999005.732812304 2533966.0271361805, 4984572.187781704 2508966.39380268))",6,0.2577188404315811,2164.9999999792617,10,0.2558225586345225,frequency,4,-4,0.0018962817970585855,0.0018962817970585855
5360,"POLYGON ((4984572.187780464 2558965.6604705243, 4955705.097718056 2558965.660471456, 4941271.552686283 2583965.293806619, 4955705.09771689 2608964.9271397525, 4984572.187779243 2608964.927138845, 4999005.732811047 2583965.293804773, 4984572.187780464 2558965.6604705243))",8,0.3440330811782258,2165.0000000225527,10,0.2565064047240667,frequency,2,-2,0.08752667645415907,0.08752667645415907
5361,"POLYGON ((4984572.187779243 2608964.927138845, 4955705.09771689 2608964.9271397525, 4941271.5526851555 2633964.5604736344, 4955705.097715746 2658964.1938065193, 4984572.187778046 2658964.1938056313, 4999005.732809812 2633964.5604718337, 4984572.187779243 2608964.927138845))",12,0.1645136287483373,2164.9999999792617,10,0.2873269026906617,frequency,2,2,-0.12281327394232439,0.12281327394232439
5362,"POLYGON ((4984572.187778046 2658964.1938056313, 4955705.097715746 2658964.1938065193, 4941271.552684047 2683963.8271411224, 4955705.097714623 2708963.460473747, 4984572.187776873 2708963.4604728804, 4999005.732808599 2683963.827139365, 4984572.187778046 2658964.1938056313))",7,0.2873699508361687,2165.0000000225527,10,0.3052876328047642,frequency,3,-3,-0.0179176819685955,0.0179176819685955
5363,"POLYGON ((4984572.187776873 2708963.4604728804, 4955705.097714623 2708963.460473747, 4941271.552682963 2733963.093807076, 4955705.097713526 2758962.7271394413, 4984572.187775724 2758962.7271385975, 4999005.732807411 2733963.093805367, 4984572.187776873 2708963.4604728804))",1,0.1693508511234056,2164.9999999792417,1,0.2934737736136615,frequency,0,0,-0.12412292249025592,0.12412292249025592
5364,"POLYGON ((4984572.187775724 2758962.7271385975, 4955705.097713526 2758962.7271394413, 4941271.552681904 2783962.3604734885, 4955705.097712454 2808961.993805601, 4984572.187774602 2808961.993804783, 4999005.73280625 2783962.360471828, 4984572.187775724 2758962.7271385975))",12,0.4846803091821479,2165.000000022573,1,0.2479984445197455,frequency,1,-1,0.23668186466240237,0.23668186466240237
5365,"POLYGON ((4984572.187774602 2808961.993804783, 4955705.097712454 2808961.993805601, 4941271.55268087 2833961.6271383753, 4955705.0977114085 2858961.2604712355, 4984572.187773508 2858961.2604704355, 4999005.732805118 2833961.627136756, 4984572.187774602 2808961.993804783))",6,0.225174997149868,2165.0000000225523,2,0.2357857656183145,frequency,4,4,-0.010610768468446496,0.010610768468446496
5366,"POLYGON ((4984572.187773508 2858961.2604704355, 4955705.0977114085 2858961.2604712355, 4941271.552679862 2883960.8938037273, 4955705.0977103915 2908960.5271353377, 4984572.187772443 2908960.5271345633, 4999005.732804014 2883960.8938021585, 4984572.187773508 2858961.2604704355))",11,0.2438155763868391,2164.9999999792617,2,0.2789690008230798,frequency,3,-3,-0.0351534244362407,0.0351534244362407
5367,"POLYGON ((4984572.187772443 2908960.5271345633, 4955705.0977103915 2908960.5271353377, 4941271.552678883 2933960.1604675553, 4955705.097709402 2958959.7937999135, 4984572.187771409 2958959.793799166, 4999005.7328029405 2933960.1604660386, 4984572.187772443 2908960.5271345633))",7,0.1558131871015156,2165.0000000225523,2,0.2354849616963546,frequency,5,5,-0.07967177459483901,0.07967177459483901
5368,"POLYGON ((4984572.187771409 2958959.793799166, 4955705.097709402 2958959.7937999135, 4941271.552677932 2983959.42713186, 4955705.097708445 3008959.060462973, 4984572.187770405 3008959.060462247, 4999005.732801898 2983959.4271303928, 4984572.187771409 2958959.793799166))",9,0.2858500624436378,2164.9999999792617,1,0.2763894999412727,frequency,4,-4,0.0094605625023651,0.0094605625023651
5369,"POLYGON ((4984572.187770405 3008959.060462247, 4955705.097708445 3008959.060462973, 4941271.552677011 3033958.693794651, 4955705.0977075165 3058958.32712652, 4984572.1877694335 3058958.327125822, 4999005.732800888 3033958.6937932326, 4984572.187770405 3008959.060462247))",1,0.2900943983966634,2165.0000000225523,1,0.2866271624971548,frequency,0,0,0.0034672358995085917,0.0034672358995085917
5370,"POLYGON ((4984572.1877694335 3058958.327125822, 4955705.0977075165 3058958.32712652, 4941271.55267612 3083957.9604579345, 4955705.097706621 3108957.5937885623, 4984572.187768494 3108957.5937878923, 4999005.732799911 3083957.960456564, 4984572.1877694335 3058958.327125822))",2,0.220302858201291,2164.9999999792617,1,0.2998012823523505,frequency,1,1,-0.07949842415105948,0.07949842415105948
5371,"POLYGON ((4984572.187768494 3108957.5937878923, 4955705.097706621 3108957.5937885623, 4941271.55267526 3133957.227119715, 4955705.097705755 3158956.860451111, 4984572.187767589 3158956.860450459, 4999005.7327989675 3133957.2271184, 4984572.187768494 3108957.5937878923))",1,0.2726335741888878,2165.0000000225523,2,0.3005949053506175,frequency,1,-1,-0.02796133116172972,0.02796133116172972
5372,"POLYGON ((4984572.187767589 3158956.860450459, 4955705.097705755 3158956.860451111, 4941271.552674432 3183956.4937820123, 4955705.097704924 3208956.127112176, 4984572.187766717 3208956.127111554, 4999005.7327980595 3183956.4937807396, 4984572.187767589 3158956.860450459))",2,0.1935509740156206,2164.9999999792617,1,0.3122699845311523,frequency,1,1,-0.11871901051553169,0.11871901051553169
5373,"POLYGON ((4984572.187766717 3208956.127111554, 4955705.097704924 3208956.127112176, 4941271.552673637 3233955.7604438183, 4955705.097704126 3258955.393773763, 4984572.18776588 3258955.3937731674, 4999005.732797185 3233955.7604426015, 4984572.187766717 3208956.127111554))",12,0.2395459941399717,2165.0000000225527,1,0.2998582632523858,frequency,1,-1,-0.06031226911241408,0.06031226911241408
5374,"POLYGON ((4984572.18776588 3258955.3937731674, 4955705.097704126 3258955.393773763, 4941271.552672872 3283955.0271041673, 4955705.097703359 3308954.66043389, 4984572.187765077 3308954.6604333147, 4999005.732796347 3283955.0271029915, 4984572.18776588 3258955.3937731674))",1,0.2813133059580876,2164.9999999792617,1,0.3452596698135202,frequency,0,0,-0.06394636385543256,0.06394636385543256
5375,"POLYGON ((4984572.187765077 3308954.6604333147, 4955705.097703359 3308954.66043389, 4941271.55267214 3333954.293765051, 4955705.097702626 3358953.9270945624, 4984572.187764309 3358953.9270940116, 4999005.732795542 3333954.293763929, 4984572.187765077 3308954.6604333147))",6,0.1690287004883576,2165.0000000225527,1,0.3452596698135202,frequency,5,5,-0.17623096932516258,0.17623096932516258
5376,"POLYGON ((4984572.187764309 3358953.9270940116, 4955705.097702626 3358953.9270945624, 4941271.552671443 3383953.560424488, 4955705.097701928 3408953.1937537873, 4984572.187763576 3408953.1937532676, 4999005.732794776 3383953.560423412, 4984572.187764309 3358953.9270940116))",3,0.1972111790768282,2164.9999999792417,1,0.2676044189459948,frequency,2,2,-0.0703932398691666,0.0703932398691666
5377,"POLYGON ((4984572.187763576 3408953.1937532676, 4955705.097701928 3408953.1937537873, 4941271.552670777 3433952.8270844915, 4955705.097701263 3458952.4604135966, 4984572.187762879 3458952.460413091, 4999005.732794044 3433952.8270834642, 4984572.187763576 3408953.1937532676))",1,0.2426712811300643,2165.000000022573,1,0.3022846688827695,frequency,0,0,-0.059613387752705194,0.059613387752705194
5378,"POLYGON ((4984572.187762879 3458952.460413091, 4955705.097701263 3458952.4604135966, 4941271.552670144 3483952.09374308, 4955705.09770063 3508951.727071989, 4984572.187762216 3508951.7270715088, 4999005.732793347 3483952.0937421005, 4984572.187762879 3458952.460413091))",2,0.3073074479453332,2164.9999999792417,1,0.2776790254570982,frequency,1,1,0.029628422488234996,0.029628422488234996
5393,"POLYGON ((4984572.187756402 4208941.460261931, 4955705.097695101 4208941.460262131, 4941271.552664358 4233941.093589218, 4955705.097694917 4258940.7269160645, 4984572.187756207 4258940.726915886, 4999005.732786953 4233941.093588826, 4984572.187756402 4208941.460261931))",12,0.3825747955174328,2164.9999999792417,12,0.3030868977783056,frequency,0,0,0.07948789773912718,0.07948789773912718
5394,"POLYGON ((4984572.187756207 4258940.726915886, 4955705.097694917 4258940.7269160645, 4941271.5526641905 4283940.360244051, 4955705.0976947555 4308939.9935708195, 4984572.187756037 4308939.993570646, 4999005.732786766 4283940.3602436865, 4984572.187756207 4258940.726915886))",9,0.3139359661796242,2165.0000000225527,3,0.2041501387261407,frequency,6,6,0.1097858274534835,0.1097858274534835
5395,"POLYGON ((4984572.187756037 4308939.993570646, 4955705.0976947555 4308939.9935708195, 4941271.552664045 4333939.6268977085, 4955705.097694618 4358939.2602254, 4984572.187755892 4358939.26022524, 4999005.732786602 4333939.626897378, 4984572.187756037 4308939.993570646))",1,0.1670663047804695,2165.0000000225523,3,0.1937990645070424,frequency,2,-2,-0.026732759726572908,0.026732759726572908
5396,"POLYGON ((4984572.187755892 4358939.26022524, 4955705.097694618 4358939.2602254, 4941271.552663923 4383938.893552202, 4955705.097694502 4408938.526878821, 4984572.187755767 4408938.52687868, 4999005.7327864645 4383938.893551894, 4984572.187755892 4358939.26022524))",2,0.2677665006838764,2164.9999999792817,3,0.1763331626572952,frequency,1,-1,0.09143333802658121,0.09143333802658121
5397,"POLYGON ((4984572.187755767 4408938.52687868, 4955705.097694502 4408938.526878821, 4941271.55266382 4433938.1602055505, 4955705.097694406 4458937.793533106, 4984572.187755668 4458937.79353296, 4999005.732786348 4433938.1602052655, 4984572.187755767 4408938.52687868))",12,0.2085928474817745,2165.0000000225523,9,0.2107873913930818,frequency,3,3,-0.0021945439113073006,0.0021945439113073006
5398,"POLYGON ((4984572.187755668 4458937.79353296, 4955705.097694406 4458937.793533106, 4941271.552663736 4483937.426859759, 4955705.09769433 4508937.060186256, 4984572.187755585 4508937.060186131, 4999005.732786252 4483937.426859502, 4984572.187755668 4458937.79353296))",2,0.253877674993903,2164.9999999792417,9,0.2101921712607905,frequency,5,5,0.0436855037331125,0.0436855037331125
5399,"POLYGON ((4984572.187755585 4508937.060186131, 4955705.09769433 4508937.060186256, 4941271.552663673 4533936.6935128365, 4955705.097694272 4558936.32684028, 4984572.187755521 4558936.326840171, 4999005.732786179 4533936.6935126, 4984572.187755585 4508937.060186131))",12,0.2435144174658083,2165.0000000225523,9,0.1760518136231964,frequency,3,3,0.06746260384261188,0.06746260384261188
5400,"POLYGON ((4984572.187755521 4558936.326840171, 4955705.097694272 4558936.32684028, 4941271.552663625 4583935.960166803, 4955705.097694232 4608935.593493196, 4984572.187755478 4608935.593493098, 4999005.732786123 4583935.960166593, 4984572.187755521 4558936.326840171))",11,0.3117897966127289,2164.9999999792817,9,0.3047045664397084,frequency,2,2,0.007085230173020485,0.007085230173020485
5405,"POLYGON ((4984572.187755464 4808932.6601059, 4955705.097694225 4808932.660105967, 4941271.552663617 4833932.293433271, 4955705.097694254 4858931.926759491, 4984572.187755493 4858931.9267594265, 4999005.7327860985 4833932.293433133, 4984572.187755464 4808932.6601059))",1,0.1939381432889786,2165.0000000225527,1,0.2141546019777392,frequency,0,0,-0.020216458688760597,0.020216458688760597
5406,"POLYGON ((4984572.187755493 4858931.9267594265, 4955705.097694254 4858931.926759491, 4941271.552663653 4883931.560085759, 4955705.097694296 4908931.19341195, 4984572.187755535 4908931.193411895, 4999005.732786135 4883931.560085635, 4984572.187755493 4858931.9267594265))",10,0.2812588095465246,2164.9999999792417,1,0.2319216939672393,frequency,3,-3,0.0493371155792853,0.0493371155792853
5407,"POLYGON ((4984572.187755535 4908931.193411895, 4955705.097694296 4908931.19341195, 4941271.5526637025 4933930.82673918, 4955705.097694351 4958930.460065355, 4984572.18775559 4958930.460065311, 4999005.732786184 4933930.826739074, 4984572.187755535 4908931.193411895))",9,0.1984375329873152,2165.0000000225527,1,0.2319216939672393,frequency,4,-4,-0.0334841609799241,0.0334841609799241
5408,"POLYGON ((4984572.18775559 4958930.460065311, 4955705.097694351 4958930.460065355, 4941271.552663758 4983930.093391576, 4955705.097694414 5008929.726717728, 4984572.1877556555 5008929.726717684, 4999005.732786244 4983930.0933914725, 4984572.18775559 4958930.460065311))",9,0.3349693177957131,2164.9999999792817,12,0.3258136731530911,frequency,3,-3,0.009155644642621974,0.009155644642621974
5409,"POLYGON ((4984572.1877556555 5008929.726717684, 4955705.097694414 5008929.726717728, 4941271.552663824 5033929.360044927, 4955705.097694483 5058928.993371071, 4984572.187755725 5058928.993371035, 4999005.732786312 5033929.36004484, 4984572.1877556555 5008929.726717684))",4,0.1944414934790275,2165.0000000225527,12,0.286652895463263,frequency,4,4,-0.0922114019842355,0.0922114019842355
5410,"POLYGON ((4984572.187755725 5058928.993371035, 4955705.097694483 5058928.993371071, 4941271.552663898 5083928.626697245, 4955705.097694562 5108928.260023379, 4984572.187755806 5108928.260023347, 4999005.73278639 5083928.626697166, 4984572.187755725 5058928.993371035))",11,0.1893741769911122,2164.9999999792417,12,0.3432014071786082,frequency,1,-1,-0.153827230187496,0.153827230187496
5411,"POLYGON ((4984572.187755806 5108928.260023347, 4955705.097694562 5108928.260023379, 4941271.552663977 5133927.89335055, 4955705.097694646 5158927.5266766725, 4984572.187755894 5158927.526676639, 4999005.732786475 5133927.893350478, 4984572.187755806 5108928.260023347))",2,0.2886945592755769,2165.0000000225527,12,0.3269624300054162,frequency,2,2,-0.03826787072983928,0.03826787072983928
5412,"POLYGON ((4984572.187755894 5158927.526676639, 4955705.097694646 5158927.5266766725, 4941271.552664063 5183927.1600028295, 4955705.097694737 5208926.793329943, 4984572.18775599 5208926.7933299085, 4999005.73278657 5183927.160002753, 4984572.187755894 5158927.526676639))",2,0.2879891067602329,2165.0000000225523,1,0.2610296415962834,frequency,1,1,0.026959465163949536,0.026959465163949536
5413,"POLYGON ((4984572.18775599 5208926.7933299085, 4955705.097694737 5208926.793329943, 4941271.552664157 5233926.426656086, 4955705.097694831 5258926.059982209, 4984572.1877560895 5258926.059982169, 4999005.732786664 5233926.426656036, 4984572.18775599 5208926.7933299085))",2,0.1974025072654607,2164.9999999792817,1,0.2775453287303758,frequency,1,1,-0.08014282146491508,0.08014282146491508
5414,"POLYGON ((4984572.1877560895 5258926.059982169, 4955705.097694831 5258926.059982209, 4941271.552664251 5283925.693308344, 4955705.097694932 5308925.326635456, 4984572.187756191 5308925.32663543, 4999005.732786768 5283925.693308288, 4984572.1877560895 5258926.059982169))",3,0.5183774462771659,2165.0000000225523,12,0.3251347358199937,frequency,3,3,0.19324271045717217,0.19324271045717217
5415,"POLYGON ((4984572.187756191 5308925.32663543, 4955705.097694932 5308925.326635456, 4941271.552664353 5333924.959961584, 4955705.097695037 5358924.593287697, 4984572.187756302 5358924.593287666, 4999005.732786877 5333924.959961535, 4984572.187756191 5308925.32663543))",3,0.3020720877705739,2164.9999999792417,2,0.2653810787924756,frequency,1,1,0.03669100897809835,0.03669100897809835
5440,"POLYGON ((5027872.822884398 2183971.1604436333, 4999005.732821551 2183971.160444772, 4984572.187789467 2208970.793781922, 4999005.732820197 2233970.4271168625, 5027872.822882986 2233970.4271157375, 5042306.367915105 2208970.793779663, 5027872.822884398 2183971.1604436333))",12,0.2670163181459006,2165.0000000225523,11,0.2657337071979856,frequency,1,1,0.001282610947914986,0.001282610947914986
5441,"POLYGON ((5027872.822882986 2233970.4271157375, 4999005.732820197 2233970.4271168625, 4984572.187788146 2258970.0604527714, 4999005.73281885 2283969.6937874844, 5027872.822881582 2283969.6937863785, 5042306.367913669 2258970.06045054, 5027872.822882986 2233970.4271157375))",12,0.3388597295065006,2164.9999999792617,10,0.266661930410261,frequency,2,2,0.07219779909623963,0.07219779909623963
5442,"POLYGON ((5027872.822881582 2283969.6937863785, 4999005.73281885 2283969.6937874844, 4984572.1877868315 2308969.3271241477, 4999005.732817513 2333968.9604586265, 5027872.822880188 2333968.9604575345, 5042306.367912241 2308969.3271219535, 5027872.822881582 2283969.6937863785))",11,0.2935236906335358,2165.0000000225523,10,0.2556723049135805,frequency,1,1,0.03785138571995528,0.03785138571995528
5443,"POLYGON ((5027872.822880188 2333968.9604575345, 4999005.732817513 2333968.9604586265, 4984572.187785529 2358968.59379404, 4999005.732816188 2383968.227128281, 5027872.822878807 2383968.2271272056, 5042306.367910825 2358968.593791876, 5027872.822880188 2333968.9604575345))",1,0.3091215654878742,2164.9999999792617,11,0.2938121382994509,frequency,2,2,0.015309427188423264,0.015309427188423264
5444,"POLYGON ((5027872.822878807 2383968.2271272056, 4999005.732816188 2383968.227128281, 4984572.187784239 2408967.8604644258, 4999005.732814876 2433967.4937984254, 5027872.822877439 2433967.4937973763, 5042306.36790942 2408967.86046231, 5027872.822878807 2383968.2271272056))",3,0.4298875691879196,2165.0000000225523,1,0.199607126076299,frequency,2,2,0.2302804431116206,0.2302804431116206
5445,"POLYGON ((5027872.822877439 2433967.4937973763, 4999005.732814876 2433967.4937984254, 4984572.187782963 2458967.1271333154, 4999005.732813581 2483966.7604680653, 5027872.822876088 2483966.7604670334, 5042306.3679080345 2458967.1271312293, 5027872.822877439 2433967.4937973763))",9,0.4126206161247686,2165.0000000225523,10,0.2171021238068717,frequency,1,-1,0.1955184923178969,0.1955184923178969
5446,"POLYGON ((5027872.822876088 2483966.7604670334, 4999005.732813581 2483966.7604680653, 4984572.187781704 2508966.39380268, 4999005.732812304 2533966.0271361805, 5027872.8228747565 2533966.027135168, 5042306.3679066645 2508966.3938006386, 5027872.822876088 2483966.7604670334))",7,0.1760558640771382,2164.9999999792617,10,0.3603694722185722,frequency,3,-3,-0.184313608141434,0.184313608141434
5447,"POLYGON ((5027872.8228747565 2533966.027135168, 4999005.732812304 2533966.0271361805, 4984572.187780464 2558965.6604705243, 4999005.732811047 2583965.293804773, 5027872.822873444 2583965.29380379, 5042306.367905316 2558965.660468529, 5027872.8228747565 2533966.027135168))",5,0.2354160047874049,2165.0000000225523,10,0.2056847552071146,frequency,5,-5,0.029731249580290303,0.029731249580290303
5448,"POLYGON ((5027872.822873444 2583965.29380379, 4999005.732811047 2583965.293804773, 4984572.187779243 2608964.927138845, 4999005.732809812 2633964.5604718337, 5027872.822872155 2633964.560470874, 5042306.367903988 2608964.9271368925, 5027872.822873444 2583965.29380379))",10,0.3209532990939622,2164.9999999792617,10,0.2056847552071146,frequency,0,0,0.1152685438868476,0.1152685438868476
5449,"POLYGON ((5027872.822872155 2633964.560470874, 4999005.732809812 2633964.5604718337, 4984572.187778046 2658964.1938056313, 4999005.732808599 2683963.827139365, 5027872.822870891 2683963.8271384314, 5042306.367902684 2658964.1938037267, 5027872.822872155 2633964.560470874))",11,0.5232947612025517,2165.0000000225523,1,0.2368493174404809,frequency,2,-2,0.2864454437620708,0.2864454437620708
5450,"POLYGON ((5027872.822870891 2683963.8271384314, 4999005.732808599 2683963.827139365, 4984572.187776873 2708963.4604728804, 4999005.732807411 2733963.093805367, 5027872.822869652 2733963.093804448, 5042306.367901406 2708963.4604710257, 5027872.822870891 2683963.8271384314))",8,0.3323127199534388,2164.9999999792617,1,0.2379127374404206,frequency,5,-5,0.0943999825130182,0.0943999825130182
5451,"POLYGON ((5027872.822869652 2733963.093804448, 4999005.732807411 2733963.093805367, 4984572.187775724 2758962.7271385975, 4999005.73280625 2783962.360471828, 5027872.82286844 2783962.3604709394, 5042306.3679001555 2758962.7271367935, 5027872.822869652 2733963.093804448))",1,0.2305592386103478,2165.0000000225523,3,0.3247533816266695,frequency,2,-2,-0.0941941430163217,0.0941941430163217
5452,"POLYGON ((5027872.82286844 2783962.3604709394, 4999005.73280625 2783962.360471828, 4984572.187774602 2808961.993804783, 4999005.732805118 2833961.627136756, 5027872.8228672575 2833961.627135895, 5042306.367898933 2808961.9938030303, 5027872.82286844 2783962.3604709394))",3,0.2387875103836983,2164.9999999792617,3,0.3068992188257263,frequency,0,0,-0.06811170844202799,0.06811170844202799
5453,"POLYGON ((5027872.8228672575 2833961.627135895, 4999005.732805118 2833961.627136756, 4984572.187773508 2858961.2604704355, 4999005.732804014 2883960.8938021585, 5027872.8228661055 2883960.893801323, 5042306.3678977415 2858961.260468734, 5027872.8228672575 2833961.627135895))",5,0.3550466818197731,2165.0000000225523,2,0.2786470725693329,frequency,3,3,0.0763996092504402,0.0763996092504402
5454,"POLYGON ((5027872.8228661055 2883960.893801323, 4999005.732804014 2883960.8938021585, 4984572.187772443 2908960.5271345633, 4999005.7328029405 2933960.1604660386, 5027872.822864985 2933960.1604652223, 5042306.36789658 2908960.5271329125, 5027872.8228661055 2883960.893801323))",7,0.1878668306963156,2164.9999999792617,1,0.2355255751651217,frequency,6,6,-0.04765874446880611,0.04765874446880611
5455,"POLYGON ((5027872.822864985 2933960.1604652223, 4999005.7328029405 2933960.1604660386, 4984572.187771409 2958959.793799166, 4999005.732801898 2983959.4271303928, 5027872.822863895 2983959.427129609, 5042306.367895451 2958959.7937975675, 5027872.822864985 2933960.1604652223))",2,0.2567455745222587,2165.0000000225523,2,0.2874729460068136,frequency,0,0,-0.0307273714845549,0.0307273714845549
5456,"POLYGON ((5027872.822863895 2983959.427129609, 4999005.732801898 2983959.4271303928, 4984572.187770405 3008959.060462247, 4999005.732800888 3033958.6937932326, 5027872.822862842 3033958.693792467, 5042306.367894357 3008959.0604607095, 5027872.822863895 2983959.427129609))",5,0.2494338391341478,2164.9999999792617,2,0.2114781412974037,frequency,3,3,0.0379556978367441,0.0379556978367441
5457,"POLYGON ((5027872.822862842 3033958.693792467, 4999005.732800888 3033958.6937932326, 4984572.1877694335 3058958.327125822, 4999005.732799911 3083957.960456564, 5027872.822861821 3083957.9604558293, 5042306.367893298 3058958.327124326, 5027872.822862842 3033958.693792467))",9,0.2490161806707697,2165.0000000225523,1,0.2761359415532271,frequency,4,-4,-0.027119760882457433,0.027119760882457433
5458,"POLYGON ((5027872.822861821 3083957.9604558293, 4999005.732799911 3083957.960456564, 4984572.187768494 3108957.5937878923, 4999005.7327989675 3133957.2271184, 5027872.822860836 3133957.227117687, 5042306.367892273 3108957.593786447, 5027872.822861821 3083957.9604558293))",9,0.1802578140779243,2164.9999999792617,1,0.2763894999412726,frequency,4,-4,-0.0961316858633483,0.0961316858633483
5459,"POLYGON ((5027872.822860836 3133957.227117687, 4999005.7327989675 3133957.2271184, 4984572.187767589 3158956.860450459, 4999005.7327980595 3183956.4937807396, 5027872.822859886 3183956.493780061, 5042306.367891285 3158956.860449076, 5027872.822860836 3133957.227117687))",7,0.2308553085795429,2165.0000000225523,1,0.3135421977340747,frequency,6,6,-0.08268688915453182,0.08268688915453182
5460,"POLYGON ((5027872.822859886 3183956.493780061, 4999005.7327980595 3183956.4937807396, 4984572.187766717 3208956.127111554, 4999005.732797185 3233955.7604426015, 5027872.822858972 3233955.760441952, 5042306.367890333 3208956.1271102205, 5027872.822859886 3183956.493780061))",12,0.2926246005507959,2165.0000000225523,1,0.2690717558598188,frequency,1,-1,0.023552844690977126,0.023552844690977126
5461,"POLYGON ((5027872.822858972 3233955.760441952, 4999005.732797185 3233955.7604426015, 4984572.18776588 3258955.3937731674, 4999005.732796347 3283955.0271029915, 5027872.822858095 3283955.027102371, 5042306.367889418 3258955.3937718845, 5027872.822858972 3233955.760441952))",1,0.2634317313462986,2164.9999999792617,1,0.3444869495742491,frequency,0,0,-0.08105521822795048,0.08105521822795048
5462,"POLYGON ((5027872.822858095 3283955.027102371, 4999005.732796347 3283955.0271029915, 4984572.187765077 3308954.6604333147, 4999005.732795542 3333954.293763929, 5027872.822857255 3333954.293763327, 5042306.367888541 3308954.6604320845, 5027872.822858095 3283955.027102371))",1,0.1813923965479372,2165.0000000225523,1,0.3112905862734199,frequency,0,0,-0.12989818972548267,0.12989818972548267
5463,"POLYGON ((5027872.822857255 3333954.293763327, 4999005.732795542 3333954.293763929, 4984572.187764309 3358953.9270940116, 4999005.732794776 3383953.560423412, 5027872.822856453 3383953.56042284, 5042306.367887702 3358953.9270928353, 5027872.822857255 3333954.293763327))",11,0.2228559379970201,2164.9999999792617,1,0.3286032033997291,frequency,2,-2,-0.10574726540270898,0.10574726540270898
5464,"POLYGON ((5027872.822856453 3383953.56042284, 4999005.732794776 3383953.560423412, 4984572.187763576 3408953.1937532676, 4999005.732794044 3433952.8270834642, 5027872.822855688 3433952.8270829148, 5042306.367886901 3408953.193752139, 5027872.822856453 3383953.56042284))",2,0.2189042487767,2165.0000000225523,1,0.3421621124280828,frequency,1,1,-0.1232578636513828,0.1232578636513828
5465,"POLYGON ((5027872.822855688 3433952.8270829148, 4999005.732794044 3433952.8270834642, 4984572.187762879 3458952.460413091, 4999005.732793347 3483952.0937421005, 5027872.82285496 3483952.0937415725, 5042306.367886138 3458952.4604120157, 5027872.822855688 3433952.8270829148))",1,0.326867784874167,2164.9999999792617,1,0.28264201795036,frequency,0,0,0.04422576692380703,0.04422576692380703
5466,"POLYGON ((5027872.82285496 3483952.0937415725, 4999005.732793347 3483952.0937421005, 4984572.187762216 3508951.7270715088, 4999005.732792687 3533951.360401327, 5027872.822854268 3533951.3604008276, 5042306.367885412 3508951.7270704913, 5027872.82285496 3483952.0937415725))",1,0.2741626967982877,2165.0000000225523,1,0.3447251372670642,frequency,0,0,-0.07056244046877652,0.07056244046877652
5471,"POLYGON ((5027872.822851872 3733948.427032031, 4999005.732790398 3733948.4270324297, 4984572.187759422 3758948.060360864, 4999005.732789911 3783947.6936888406, 5027872.822851363 3783947.6936884583, 5042306.367882347 3758948.0603600815, 5027872.822851872 3733948.427032031))",2,0.292787240576695,2164.9999999792617,1,0.2986821241876613,frequency,1,1,-0.0058948836109663505,0.0058948836109663505
5479,"POLYGON ((5027872.822848732 4133942.5602792795, 4999005.732787405 4133942.560279522, 4984572.187756623 4158942.193606787, 4999005.732787167 4183941.826934772, 5027872.822848478 4183941.8269345504, 5042306.367879263 4158942.19360632, 5027872.822848732 4133942.5602792795))",9,0.2373849654188115,2165.0000000225523,9,0.3096027184628938,frequency,0,0,-0.07221775304408229,0.07221775304408229
5480,"POLYGON ((5027872.822848478 4183941.8269345504, 4999005.732787167 4183941.826934772, 4984572.187756402 4208941.460261931, 4999005.732786953 4233941.093588826, 5027872.822848256 4233941.093588613, 5042306.367879018 4208941.460261501, 5027872.822848478 4183941.8269345504))",12,0.3020524064796059,2164.9999999792817,12,0.2973887624296154,frequency,0,0,0.0046636440499904785,0.0046636440499904785
5481,"POLYGON ((5027872.822848256 4233941.093588613, 4999005.732786953 4233941.093588826, 4984572.187756207 4258940.726915886, 4999005.732786766 4283940.3602436865, 5027872.822848056 4283940.360243496, 5042306.367878804 4258940.726915469, 5027872.822848256 4233941.093588613))",9,0.2095830077100701,2165.0000000225523,3,0.2280193151513414,frequency,6,6,-0.01843630744127131,0.01843630744127131
5482,"POLYGON ((5027872.822848056 4283940.360243496, 4999005.732786766 4283940.3602436865, 4984572.187756037 4308939.993570646, 4999005.732786602 4333939.626897378, 5027872.822847885 4333939.626897195, 5042306.367878613 4308939.99357027, 5027872.822848056 4283940.360243496))",1,0.1897573810175936,2164.9999999792417,12,0.1553456386389533,frequency,1,1,0.03441174237864031,0.03441174237864031
5483,"POLYGON ((5027872.822847885 4333939.626897195, 4999005.732786602 4333939.626897378, 4984572.187755892 4358939.26022524, 4999005.7327864645 4383938.893551894, 5027872.822847738 4383938.89355173, 5042306.367878449 4358939.260224893, 5027872.822847885 4333939.626897195))",8,0.1634331783677612,2165.0000000225527,2,0.1450002668159322,frequency,6,6,0.018432911551828995,0.018432911551828995
5484,"POLYGON ((5027872.822847738 4383938.89355173, 4999005.7327864645 4383938.893551894, 4984572.187755767 4408938.52687868, 4999005.732786348 4433938.1602052655, 5027872.822847613 4433938.160205118, 5042306.367878309 4408938.526878359, 5027872.822847738 4383938.89355173))",2,0.2335971886519093,2164.9999999792417,3,0.1763249459724699,frequency,1,-1,0.057272242679439395,0.057272242679439395
5485,"POLYGON ((5027872.822847613 4433938.160205118, 4999005.732786348 4433938.1602052655, 4984572.187755668 4458937.79353296, 4999005.732786252 4483937.426859502, 5027872.8228475135 4483937.426859358, 5042306.367878193 4458937.793532681, 5027872.822847613 4433938.160205118))",6,0.2150555797593948,2165.000000022593,3,0.2425817007362635,frequency,3,3,-0.027526120976868712,0.027526120976868712
5486,"POLYGON ((5027872.8228475135 4483937.426859358, 4999005.732786252 4483937.426859502, 4984572.187755585 4508937.060186131, 4999005.732786179 4533936.6935126, 5027872.822847432 4533936.693512477, 5042306.367878101 4508937.060185862, 5027872.8228475135 4483937.426859358))",4,0.1994804651739212,2164.9999999792417,5,0.2242918839330847,frequency,1,-1,-0.024811418759163484,0.024811418759163484
5487,"POLYGON ((5027872.822847432 4533936.693512477, 4999005.732786179 4533936.6935126, 4984572.187755521 4558936.326840171, 4999005.732786123 4583935.960166593, 5027872.822847374 4583935.960166468, 5042306.367878029 4558936.326839922, 5027872.822847432 4533936.693512477))",3,0.1589670438017784,2165.0000000225527,9,0.2380224608408632,frequency,6,-6,-0.07905541703908481,0.07905541703908481
5488,"POLYGON ((5027872.822847374 4583935.960166468, 4999005.732786123 4583935.960166593, 4984572.187755478 4608935.593493098, 4999005.732786088 4633935.226819463, 5027872.822847334 4633935.22681936, 5042306.367877978 4608935.593492867, 5027872.822847374 4583935.960166468))",11,0.1910668696203448,2164.9999999792417,11,0.253027572462571,frequency,0,0,-0.06196070284222621,0.06196070284222621
5492,"POLYGON ((5027872.822847314 4783933.026779499, 4999005.732786075 4783933.02677957, 4984572.187755464 4808932.6601059, 4999005.7327860985 4833932.293433133, 5027872.822847339 4833932.293433055, 5042306.367877946 4808932.6601057425, 5027872.822847314 4783933.026779499))",1,0.2172926305587102,2165.0000000225523,9,0.1797571352230689,frequency,4,4,0.037535495335641295,0.037535495335641295
5493,"POLYGON ((5027872.822847339 4833932.293433055, 4999005.7327860985 4833932.293433133, 4984572.187755493 4858931.9267594265, 4999005.732786135 4883931.560085635, 5027872.822847374 4883931.5600855695, 5042306.367877977 4858931.9267592775, 5027872.822847339 4833932.293433055))",12,0.2006533166178902,2164.9999999792817,1,0.1504782642507193,frequency,1,-1,0.0501750523671709,0.0501750523671709
5494,"POLYGON ((5027872.822847374 4883931.5600855695, 4999005.732786135 4883931.560085635, 4984572.187755535 4908931.193411895, 4999005.732786184 4933930.826739074, 5027872.822847424 4933930.826739015, 5042306.367878018 4908931.193411765, 5027872.822847374 4883931.5600855695))",9,0.2570406181226767,2165.0000000225523,5,0.2227209944751381,frequency,4,4,0.0343196236475386,0.0343196236475386
5495,"POLYGON ((5027872.822847424 4933930.826739015, 4999005.732786184 4933930.826739074, 4984572.18775559 4958930.460065311, 4999005.732786244 4983930.0933914725, 5027872.822847485 4983930.093391421, 5042306.367878075 4958930.460065191, 5027872.822847424 4933930.826739015))",5,0.2671590103028836,2164.9999999792417,12,0.2811083871926306,frequency,5,5,-0.013949376889747012,0.013949376889747012
5496,"POLYGON ((5027872.822847485 4983930.093391421, 4999005.732786244 4983930.0933914725, 4984572.1877556555 5008929.726717684, 4999005.732786312 5033929.36004484, 5027872.822847555 5033929.360044787, 5042306.367878141 5008929.72671758, 5027872.822847485 4983930.093391421))",12,0.2543541888216489,2165.0000000225523,1,0.2479647522384079,frequency,1,-1,0.006389436583241009,0.006389436583241009
5497,"POLYGON ((5027872.822847555 5033929.360044787, 4999005.732786312 5033929.36004484, 4984572.187755725 5058928.993371035, 4999005.73278639 5083928.626697166, 5027872.822847636 5083928.626697117, 5042306.367878217 5058928.993370932, 5027872.822847555 5033929.360044787))",2,0.19435755047869,2164.9999999792417,1,0.2221037071876102,frequency,1,1,-0.027746156708920194,0.027746156708920194
5498,"POLYGON ((5027872.822847636 5083928.626697117, 4999005.73278639 5083928.626697166, 4984572.187755806 5108928.260023347, 4999005.732786475 5133927.893350478, 5027872.822847725 5133927.893350424, 5042306.367878299 5108928.260023269, 5027872.822847636 5083928.626697117))",11,0.1915348671625728,2165.000000022593,1,0.1654875348090154,frequency,2,-2,0.026047332353557412,0.026047332353557412
5499,"POLYGON ((5027872.822847725 5133927.893350424, 4999005.732786475 5133927.893350478, 4984572.187755894 5158927.526676639, 4999005.73278657 5183927.160002753, 5027872.822847818 5183927.160002721, 5042306.367878395 5158927.526676554, 5027872.822847725 5133927.893350424))",3,0.2724397242186615,2164.9999999792417,1,0.2488889641814475,frequency,2,2,0.02355076003721404,0.02355076003721404
5500,"POLYGON ((5027872.822847818 5183927.160002721, 4999005.73278657 5183927.160002753, 4984572.18775599 5208926.7933299085, 4999005.732786664 5233926.426656036, 5027872.822847919 5233926.426655992, 5042306.367878495 5208926.793329835, 5027872.822847818 5183927.160002721))",5,0.2907700790622791,2165.0000000225527,12,0.2926923137390539,frequency,5,5,-0.0019222346767748255,0.0019222346767748255
5501,"POLYGON ((5027872.822847919 5233926.426655992, 4999005.732786664 5233926.426656036, 4984572.1877560895 5258926.059982169, 4999005.732786768 5283925.693308288, 5027872.822848027 5283925.693308247, 5042306.367878597 5258926.0599821145, 5027872.822847919 5233926.426655992))",3,0.2825423744737391,2164.9999999792417,12,0.2909848415698347,frequency,3,3,-0.008442467096095585,0.008442467096095585
5503,"POLYGON ((5027872.822848136 5333924.9599615075, 4999005.732786877 5333924.959961535, 4984572.187756302 5358924.593287666, 4999005.732786988 5383924.226613783, 5027872.822848252 5383924.226613753, 5042306.367878826 5358924.5932876095, 5027872.822848136 5333924.9599615075))",12,0.372860313290794,2164.9999999792417,3,0.3061543045795667,frequency,3,-3,0.06670600871122728,0.06670600871122728
5527,"POLYGON ((5071173.457979443 2158971.5271061044, 5042306.367916549 2158971.527107322, 5027872.822884398 2183971.1604436333, 5042306.367915105 2208970.793779663, 5071173.457977942 2208970.793778457, 5085607.00301013 2183971.160441214, 5071173.457979443 2158971.5271061044))",12,0.3168457699655182,2165.0000000225523,1,0.2217500040179697,frequency,1,-1,0.09509576594754851,0.09509576594754851
5528,"POLYGON ((5071173.457977942 2208970.793778457, 5042306.367915105 2208970.793779663, 5027872.822882986 2233970.4271157375, 5042306.367913669 2258970.06045054, 5071173.457976448 2258970.0604493534, 5085607.003008604 2233970.4271133477, 5071173.457977942 2208970.793778457))",11,0.3602566027174028,2164.9999999792617,10,0.3124604032723512,frequency,1,1,0.04779619944505159,0.04779619944505159
5529,"POLYGON ((5071173.457976448 2258970.0604493534, 5042306.367913669 2258970.06045054, 5027872.822881582 2283969.6937863785, 5042306.367912241 2308969.3271219535, 5071173.457974963 2308969.3271207847, 5085607.003007086 2283969.6937840222, 5071173.457976448 2258970.0604493534))",10,0.2695865313575402,2165.0000000225523,3,0.1958330072479318,frequency,5,-5,0.07375352410960839,0.07375352410960839
5530,"POLYGON ((5071173.457974963 2308969.3271207847, 5042306.367912241 2308969.3271219535, 5027872.822880188 2333968.9604575345, 5042306.367910825 2358968.593791876, 5071173.4579734905 2358968.593790727, 5085607.003005578 2333968.96045522, 5071173.457974963 2308969.3271207847))",11,0.2611692525544801,2164.9999999792617,10,0.2795284138153455,frequency,1,1,-0.018359161260865398,0.018359161260865398
5531,"POLYGON ((5071173.4579734905 2358968.593790727, 5042306.367910825 2358968.593791876, 5027872.822878807 2383968.2271272056, 5042306.36790942 2408967.86046231, 5071173.457972031 2408967.8604611773, 5085607.003004083 2383968.2271249276, 5071173.4579734905 2358968.593790727))",10,0.2488232936746371,2165.0000000225523,1,0.36778496554903,frequency,3,-3,-0.11896167187439291,0.11896167187439291
5532,"POLYGON ((5071173.457972031 2408967.8604611773, 5042306.36790942 2408967.86046231, 5027872.822877439 2433967.4937973763, 5042306.3679080345 2458967.1271312293, 5071173.457970587 2458967.127130127, 5085607.003002604 2433967.4937951374, 5071173.457972031 2408967.8604611773))",4,0.392846568538804,2164.9999999792617,3,0.2154176403531792,frequency,1,1,0.1774289281856248,0.1774289281856248
5533,"POLYGON ((5071173.457970587 2458967.127130127, 5042306.3679080345 2458967.1271312293, 5027872.822876088 2483966.7604670334, 5042306.3679066645 2508966.3938006386, 5071173.457969163 2508966.393799559, 5085607.003001141 2483966.7604648424, 5071173.457970587 2458967.127130127))",10,0.4412034673511334,2165.0000000225527,1,0.1758442377866551,frequency,3,-3,0.2653592295644783,0.2653592295644783
5534,"POLYGON ((5071173.457969163 2508966.393799559, 5042306.3679066645 2508966.3938006386, 5027872.8228747565 2533966.027135168, 5042306.367905316 2558965.660468529, 5071173.457967758 2558965.660467467, 5085607.002999699 2533966.027133027, 5071173.457969163 2508966.393799559))",6,0.3026744402993999,2164.9999999792617,10,0.24279059577154,frequency,4,-4,0.059883844527859886,0.059883844527859886
5535,"POLYGON ((5071173.457967758 2558965.660467467, 5042306.367905316 2558965.660468529, 5027872.822873444 2583965.29380379, 5042306.367903988 2608964.9271368925, 5071173.457966377 2608964.927135857, 5085607.002998279 2583965.293801685, 5071173.457967758 2558965.660467467))",2,0.3333390679610067,2165.0000000225527,10,0.2724915530749918,frequency,4,4,0.06084751488601492,0.06084751488601492
5536,"POLYGON ((5071173.457966377 2608964.927135857, 5042306.367903988 2608964.9271368925, 5027872.822872155 2633964.560470874, 5042306.367902684 2658964.1938037267, 5071173.45796502 2658964.1938027125, 5085607.002996882 2633964.5604688255, 5071173.457966377 2608964.927135857))",6,0.3452605229744113,2164.9999999792617,2,0.1387511957797733,frequency,4,4,0.206509327194638,0.206509327194638
5537,"POLYGON ((5071173.45796502 2658964.1938027125, 5042306.367902684 2658964.1938037267, 5027872.822870891 2683963.8271384314, 5042306.367901406 2708963.4604710257, 5071173.45796369 2708963.46047004, 5085607.002995513 2683963.8271364253, 5071173.45796502 2658964.1938027125))",6,0.556477589875224,2165.0000000225527,10,0.2051828697749249,frequency,4,-4,0.3512947201002991,0.3512947201002991
5538,"POLYGON ((5071173.45796369 2708963.46047004, 5042306.367901406 2708963.4604710257, 5027872.822869652 2733963.093804448, 5042306.3679001555 2758962.7271367935, 5071173.457962388 2758962.7271358334, 5085607.0029941695 2733963.0938025024, 5071173.45796369 2708963.46047004))",4,0.2188942170919484,2164.9999999792417,3,0.288871096877502,frequency,1,1,-0.06997687978555361,0.06997687978555361
5539,"POLYGON ((5071173.457962388 2758962.7271358334, 5042306.3679001555 2758962.7271367935, 5027872.82286844 2783962.3604709394, 5042306.367898933 2808961.9938030303, 5071173.457961115 2808961.9938020967, 5085607.002992857 2783962.3604690433, 5071173.457962388 2758962.7271358334))",7,0.1874264706919144,2165.000000022573,3,0.288871096877502,frequency,4,4,-0.10144462618558761,0.10144462618558761
5540,"POLYGON ((5071173.457961115 2808961.9938020967, 5042306.367898933 2808961.9938030303, 5027872.8228672575 2833961.627135895, 5042306.3678977415 2858961.260468734, 5071173.457959874 2858961.260467823, 5085607.002991574 2833961.627134056, 5071173.457961115 2808961.9938020967))",3,0.2724158708475341,2165.0000000225523,3,0.3793455882712517,frequency,0,0,-0.1069297174237176,0.1069297174237176
5541,"POLYGON ((5071173.457959874 2858961.260467823, 5042306.3678977415 2858961.260468734, 5027872.8228661055 2883960.893801323, 5042306.36789658 2908960.5271329125, 5071173.457958666 2908960.527132027, 5085607.002990325 2883960.893799535, 5071173.457959874 2858961.260467823))",5,0.2551447737409544,2164.9999999792617,1,0.2379244387850273,frequency,4,4,0.01722033495592709,0.01722033495592709
5542,"POLYGON ((5071173.457958666 2908960.527132027, 5042306.36789658 2908960.5271329125, 5027872.822864985 2933960.1604652223, 5042306.367895451 2958959.7937975675, 5071173.457957489 2958959.7937967177, 5085607.00298911 2933960.160463489, 5071173.457958666 2908960.527132027))",2,0.1994847140173264,2165.0000000225523,2,0.1930928593176546,frequency,0,0,0.006391854699671795,0.006391854699671795
5543,"POLYGON ((5071173.457957489 2958959.7937967177, 5042306.367895451 2958959.7937975675, 5027872.822863895 2983959.427129609, 5042306.367894357 3008959.0604607095, 5071173.4579563495 3008959.0604598746, 5085607.002987929 2983959.427127924, 5071173.457957489 2958959.7937967177))",2,0.3321977785522811,2164.9999999792617,1,0.2377591570316292,frequency,1,1,0.09443862152065191,0.09443862152065191
5544,"POLYGON ((5071173.4579563495 3008959.0604598746, 5042306.367894357 3008959.0604607095, 5027872.822862842 3033958.693792467, 5042306.367893298 3058958.327124326, 5071173.457955245 3058958.327123532, 5085607.002986783 3033958.693790847, 5071173.4579563495 3008959.0604598746))",3,0.2462840079602971,2165.0000000225523,2,0.2355762357791438,frequency,1,1,0.010707772181153291,0.010707772181153291
5545,"POLYGON ((5071173.457955245 3058958.327123532, 5042306.367893298 3058958.327124326, 5027872.822861821 3083957.9604558293, 5042306.367892273 3108957.593786447, 5071173.457954178 3108957.5937856804, 5085607.002985675 3083957.960454265, 5071173.457955245 3058958.327123532))",2,0.2360860011331382,2164.9999999792617,2,0.2743811063546371,frequency,0,0,-0.03829510522149887,0.03829510522149887
5546,"POLYGON ((5071173.457954178 3108957.5937856804, 5042306.367892273 3108957.593786447, 5027872.822860836 3133957.227117687, 5042306.367891285 3158956.860449076, 5071173.457953147 3158956.860448337, 5085607.002984605 3133957.227116179, 5071173.457954178 3108957.5937856804))",1,0.2421986019487826,2165.0000000225523,1,0.2948726684796411,frequency,0,0,-0.052674066530858515,0.052674066530858515
5547,"POLYGON ((5071173.457953147 3158956.860448337, 5042306.367891285 3158956.860449076, 5027872.822859886 3183956.493780061, 5042306.367890333 3208956.1271102205, 5071173.457952155 3208956.127109501, 5085607.002983572 3183956.4937786097, 5071173.457953147 3158956.860448337))",4,0.2194554056396807,2164.9999999792617,1,0.2685241074299511,frequency,3,3,-0.0490687017902704,0.0490687017902704
5548,"POLYGON ((5071173.457952155 3208956.127109501, 5042306.367890333 3208956.1271102205, 5027872.822858972 3233955.760441952, 5042306.367889418 3258955.3937718845, 5071173.4579512 3258955.3937712037, 5085607.002982579 3233955.760440547, 5071173.457952155 3208956.127109501))",11,0.3433053074439554,2165.0000000225527,1,0.2676599867409876,frequency,2,-2,0.07564532070296776,0.07564532070296776
5549,"POLYGON ((5071173.4579512 3258955.3937712037, 5042306.367889418 3258955.3937718845, 5027872.822858095 3283955.027102371, 5042306.367888541 3308954.6604320845, 5071173.457950287 3308954.660431429, 5085607.0029816255 3283955.0271010282, 5071173.4579512 3258955.3937712037))",1,0.1791400569517571,2164.9999999792617,1,0.3129047979918921,frequency,0,0,-0.13376474104013497,0.13376474104013497
5550,"POLYGON ((5071173.457950287 3308954.660431429, 5042306.367888541 3308954.6604320845, 5027872.822857255 3333954.293763327, 5042306.367887702 3358953.9270928353, 5071173.45794941 3358953.9270922067, 5085607.002980711 3333954.293762045, 5071173.457950287 3308954.660431429))",1,0.2547911923142091,2165.0000000225527,1,0.3264444422237806,frequency,0,0,-0.0716532499095715,0.0716532499095715
5551,"POLYGON ((5071173.45794941 3358953.9270922067, 5042306.367887702 3358953.9270928353, 5027872.822856453 3383953.56042284, 5042306.367886901 3408953.193752139, 5071173.457948575 3408953.1937515372, 5085607.002979837 3383953.5604216144, 5071173.45794941 3358953.9270922067))",7,0.3054922497849026,2164.9999999792417,1,0.3429716427492202,frequency,6,6,-0.037479392964317626,0.037479392964317626
5552,"POLYGON ((5071173.457948575 3408953.1937515372, 5042306.367886901 3408953.193752139, 5027872.822855688 3433952.8270829148, 5042306.367886138 3458952.4604120157, 5071173.457947778 3458952.4604114513, 5085607.002979005 3433952.827081748, 5071173.457948575 3408953.1937515372))",2,0.3025594670370299,2165.000000022573,1,0.3155415708171278,frequency,1,1,-0.012982103780097898,0.012982103780097898
5553,"POLYGON ((5071173.457947778 3458952.4604114513, 5042306.367886138 3458952.4604120157, 5027872.82285496 3483952.0937415725, 5042306.367885412 3508951.7270704913, 5071173.457947021 3508951.7270699395, 5085607.002978211 3483952.0937404567, 5071173.457947778 3458952.4604114513))",1,0.1980190050360507,2164.9999999792417,1,0.2869125176302833,frequency,0,0,-0.08889351259423262,0.08889351259423262
5554,"POLYGON ((5071173.457947021 3508951.7270699395, 5042306.367885412 3508951.7270704913, 5027872.822854268 3533951.3604008276, 5042306.3678847235 3558950.9937295537, 5071173.457946303 3558950.9937290307, 5085607.002977459 3533951.3603997626, 5071173.457947021 3508951.7270699395))",2,0.1524513047925733,2165.000000022573,1,0.3440662024400359,frequency,1,1,-0.1916148976474626,0.1916148976474626
5556,"POLYGON ((5071173.457945624 3608950.260387734, 5042306.367884076 3608950.2603882207, 5027872.822852998 3633949.8937171577, 5042306.367883462 3658949.5270455293, 5071173.457944985 3658949.5270450627, 5085607.002976072 3633949.893716193, 5071173.457945624 3608950.260387734))",9,0.2558652597186048,2164.9999999792617,1,0.316640856987771,frequency,4,-4,-0.060775597269166204,0.060775597269166204
5557,"POLYGON ((5071173.457944985 3658949.5270450627, 5042306.367883462 3658949.5270455293, 5027872.822852416 3683949.160374272, 5042306.367882886 3708948.7937034806, 5071173.457944383 3708948.793703039, 5085607.002975439 3683949.160373353, 5071173.457944985 3658949.5270450627))",1,0.2785914888276665,2165.0000000225523,1,0.285193723952654,frequency,0,0,-0.006602235124987532,0.006602235124987532
5558,"POLYGON ((5071173.457944383 3708948.793703039, 5042306.367882886 3708948.7937034806, 5027872.822851872 3733948.427032031, 5042306.367882347 3758948.0603600815, 5071173.45794382 3758948.0603596605, 5085607.002974844 3733948.4270311627, 5071173.457944383 3708948.793703039))",12,0.2816576347785032,2164.9999999792617,12,0.3111829621992851,frequency,0,0,-0.0295253274207819,0.0295253274207819
5559,"POLYGON ((5071173.45794382 3758948.0603596605, 5042306.367882347 3758948.0603600815, 5027872.822851363 3783947.6936884583, 5042306.367881844 3808947.32701736, 5071173.457943294 3808947.3270169566, 5085607.002974287 3783947.6936876355, 5071173.45794382 3758948.0603596605))",1,0.3094396027337206,2165.0000000225523,1,0.2100910434243767,frequency,0,0,0.09934855930934391,0.09934855930934391
5560,"POLYGON ((5071173.457943294 3808947.3270169566, 5042306.367881844 3808947.32701736, 5027872.822850889 3833946.9603455584, 5042306.367881377 3858946.5936733102, 5071173.457942803 3858946.593672942, 5085607.002973767 3833946.9603447863, 5071173.457943294 3808947.3270169566))",12,0.3827806541454848,2164.9999999792617,12,0.2326029084659038,frequency,0,0,0.15017774567958098,0.15017774567958098
5561,"POLYGON ((5071173.457942803 3858946.593672942, 5042306.367881377 3858946.5936733102, 5027872.822850449 3883946.227001353, 5042306.367880942 3908945.860329975, 5071173.457942351 3908945.8603296215, 5085607.002973284 3883946.2270006333, 5071173.457942803 3858946.593672942))",1,0.2725320256125448,2165.0000000225523,1,0.2100910434243767,frequency,0,0,0.0624409821881681,0.0624409821881681
5563,"POLYGON ((5071173.45794193 3958945.1269850293, 5042306.367880543 3958945.1269853534, 5027872.822849667 3983944.760314095, 5042306.367880176 4008944.393641464, 5071173.457941547 4008944.3936411524, 5085607.002972429 3983944.760313451, 5071173.45794193 3958945.1269850293))",1,0.3597825841808159,2165.0000000225527,12,0.2433275128347222,frequency,1,1,0.11645507134609367,0.11645507134609367
5564,"POLYGON ((5071173.457941547 4008944.3936411524, 5042306.367880176 4008944.393641464, 5027872.822849324 4033944.0269690678, 5042306.367879841 4058943.6602963186, 5071173.457941196 4058943.6602960257, 5085607.0029720515 4033944.0269684624, 5071173.457941547 4008944.3936411524))",1,0.5270700404799004,2164.9999999792417,12,0.2689779379282748,frequency,1,1,0.25809210255162557,0.25809210255162557
5567,"POLYGON ((5071173.457940589 4158942.193606068, 5042306.367879263 4158942.19360632, 5027872.822848478 4183941.8269345504, 5042306.367879018 4208941.460261501, 5071173.457940333 4208941.460261259, 5085607.002971119 4183941.8269340633, 5071173.457940589 4158942.193606068))",12,0.3559677650115148,2165.000000022573,11,0.3351255131325608,frequency,1,1,0.020842251878954,0.020842251878954
5568,"POLYGON ((5071173.457940333 4208941.460261259, 5042306.367879018 4208941.460261501, 5027872.822848256 4233941.093588613, 5042306.367878804 4258940.726915469, 5071173.4579401035 4258940.726915259, 5085607.002970871 4233941.093588168, 5071173.457940333 4208941.460261259))",5,0.2592951283791152,2164.9999999792417,12,0.2963639333207893,frequency,5,5,-0.03706880494167408,0.03706880494167408
5569,"POLYGON ((5071173.4579401035 4258940.726915259, 5042306.367878804 4258940.726915469, 5027872.822848056 4283940.360243496, 5042306.367878613 4308939.99357027, 5071173.457939904 4308939.993570066, 5085607.002970651 4283940.360243083, 5071173.4579401035 4258940.726915259))",7,0.2265994981383546,2165.0000000225527,3,0.2280193151513414,frequency,4,4,-0.0014198170129868237,0.0014198170129868237
5570,"POLYGON ((5071173.457939904 4308939.993570066, 5042306.367878613 4308939.99357027, 5027872.822847885 4333939.626897195, 5042306.367878449 4358939.260224893, 5071173.457939731 4358939.260224711, 5085607.002970459 4333939.626896811, 5071173.457939904 4308939.993570066))",1,0.1670297074839579,2165.0000000225523,9,0.2028575730182935,frequency,4,4,-0.03582786553433559,0.03582786553433559
5571,"POLYGON ((5071173.457939731 4358939.260224711, 5042306.367878449 4358939.260224893, 5027872.822847738 4383938.89355173, 5042306.367878309 4408938.526878359, 5071173.457939585 4408938.526878186, 5085607.002970296 4383938.893551372, 5071173.457939731 4358939.260224711))",5,0.1729921045073731,2164.9999999792817,3,0.2776868261158018,frequency,2,2,-0.10469472160842871,0.10469472160842871
5572,"POLYGON ((5071173.457939585 4408938.526878186, 5042306.367878309 4408938.526878359, 5027872.822847613 4433938.160205118, 5042306.367878193 4458937.793532681, 5071173.45793946 4458937.793532522, 5085607.002970157 4433938.160204783, 5071173.457939585 4408938.526878186))",12,0.2511425958273804,2165.0000000225523,9,0.1845716263754627,frequency,3,3,0.0665709694519177,0.0665709694519177
5573,"POLYGON ((5071173.45793946 4458937.793532522, 5042306.367878193 4458937.793532681, 5027872.8228475135 4483937.426859358, 5042306.367878101 4508937.060185862, 5071173.45793936 4508937.06018572, 5085607.002970041 4483937.42685906, 5071173.45793946 4458937.793532522))",12,0.1776750470959461,2164.9999999792417,11,0.2410919523161815,frequency,1,1,-0.06341690522023541,0.06341690522023541
5574,"POLYGON ((5071173.45793936 4508937.06018572, 5042306.367878101 4508937.060185862, 5027872.822847432 4533936.693512477, 5042306.367878029 4558936.326839922, 5071173.457939283 4558936.326839795, 5085607.002969951 4533936.693512193, 5071173.45793936 4508937.06018572))",5,0.1804175915778737,2165.0000000225523,5,0.2332900334563226,frequency,0,0,-0.05287244187844889,0.05287244187844889
5575,"POLYGON ((5071173.457939283 4558936.326839795, 5042306.367878029 4558936.326839922, 5027872.822847374 4583935.960166468, 5042306.367877978 4608935.593492867, 5071173.457939227 4608935.593492752, 5085607.002969882 4583935.960166212, 5071173.457939283 4558936.326839795))",12,0.2213084214756665,2164.9999999792817,11,0.2021895146878802,frequency,1,1,0.0191189067877863,0.0191189067877863
5576,"POLYGON ((5071173.457939227 4608935.593492752, 5042306.367877978 4608935.593492867, 5027872.822847334 4633935.22681936, 5042306.3678779425 4658934.860146722, 5071173.45793919 4658934.860146613, 5085607.002969831 4633935.226819139, 5071173.457939227 4608935.593492752))",12,0.2890608924798823,2165.0000000225523,5,0.2469513561702509,frequency,5,-5,0.04210953630963141,0.04210953630963141
5577,"POLYGON ((5071173.45793919 4658934.860146613, 5042306.3678779425 4658934.860146722, 5027872.822847309 4683934.493473166, 5042306.367877929 4708934.12679947, 5071173.457939172 4708934.126799373, 5085607.002969802 4683934.4934729505, 5071173.45793919 4658934.860146613))",5,0.2115875200230547,2164.9999999792417,5,0.2335927827235266,frequency,0,0,-0.0220052627004719,0.0220052627004719
5578,"POLYGON ((5071173.457939172 4708934.126799373, 5042306.367877929 4708934.12679947, 5027872.822847303 4733933.76012687, 5042306.3678779295 4758933.393453142, 5071173.457939171 4758933.393453051, 5085607.002969793 4733933.760126675, 5071173.457939172 4708934.126799373))",9,0.3028841771088867,2165.0000000225527,5,0.2335927827235266,frequency,4,4,0.06929139438536011,0.06929139438536011
5579,"POLYGON ((5071173.457939171 4758933.393453051, 5042306.3678779295 4758933.393453142, 5027872.822847314 4783933.026779499, 5042306.367877946 4808932.6601057425, 5071173.457939187 4808932.660105661, 5085607.002969798 4783933.026779327, 5071173.457939171 4758933.393453051))",8,0.1858177246016501,2164.9999999792817,5,0.2094066021083194,frequency,3,3,-0.023588877506669298,0.023588877506669298
5580,"POLYGON ((5071173.457939187 4808932.660105661, 5042306.367877946 4808932.6601057425, 5027872.822847339 4833932.293433055, 5042306.367877977 4858931.9267592775, 5071173.457939215 4858931.926759209, 5085607.002969821 4833932.293432901, 5071173.457939187 4808932.660105661))",9,0.322354218476467,2165.0000000225527,9,0.2258495963543568,frequency,0,0,0.0965046221221102,0.0965046221221102
5581,"POLYGON ((5071173.457939215 4858931.926759209, 5042306.367877977 4858931.9267592775, 5027872.822847374 4883931.5600855695, 5042306.367878018 4908931.193411765, 5071173.457939258 4908931.193411697, 5085607.0029698545 4883931.560085427, 5071173.457939215 4858931.926759209))",9,0.1829896110612638,2164.9999999792417,9,0.1459818137134431,frequency,0,0,0.0370077973478207,0.0370077973478207
5582,"POLYGON ((5071173.457939258 4908931.193411697, 5042306.367878018 4908931.193411765, 5027872.822847424 4933930.826739015, 5042306.367878075 4958930.460065191, 5071173.457939314 4958930.460065134, 5085607.002969906 4933930.826738887, 5071173.457939258 4908931.193411697))",9,0.2186289125335163,2165.0000000225527,9,0.1780815757521248,frequency,0,0,0.040547336781391496,0.040547336781391496
5583,"POLYGON ((5071173.457939314 4958930.460065134, 5042306.367878075 4958930.460065191, 5027872.822847485 4983930.093391421, 5042306.367878141 5008929.72671758, 5071173.457939383 5008929.726717525, 5085607.00296997 4983930.093391296, 5071173.457939314 4958930.460065134))",3,0.2146993208724273,2164.9999999792817,1,0.1897682762744805,frequency,2,2,0.02493104459794679,0.02493104459794679
5584,"POLYGON ((5071173.457939383 5008929.726717525, 5042306.367878141 5008929.72671758, 5027872.822847555 5033929.360044787, 5042306.367878217 5058928.993370932, 5071173.457939462 5058928.993370877, 5085607.002970041 5033929.3600446815, 5071173.457939383 5008929.726717525))",9,0.1727231415678198,2165.0000000225527,4,0.1693775372030381,frequency,5,5,0.003345604364781679,0.003345604364781679
5585,"POLYGON ((5071173.457939462 5058928.993370877, 5042306.367878217 5058928.993370932, 5027872.822847636 5083928.626697117, 5042306.367878299 5108928.260023269, 5071173.457939546 5108928.260023215, 5085607.002970126 5083928.62669702, 5071173.457939462 5058928.993370877))",10,0.1810660615024577,2164.9999999792417,1,0.200182178777434,frequency,3,-3,-0.019116117274976308,0.019116117274976308
5586,"POLYGON ((5071173.457939546 5108928.260023215, 5042306.367878299 5108928.260023269, 5027872.822847725 5133927.893350424, 5042306.367878395 5158927.526676554, 5071173.457939643 5158927.526676508, 5085607.002970215 5133927.893350347, 5071173.457939546 5108928.260023215))",1,0.1617007826086176,2165.0000000225527,1,0.1873355928574689,frequency,0,0,-0.02563481024885131,0.02563481024885131
5587,"POLYGON ((5071173.457939643 5158927.526676508, 5042306.367878395 5158927.526676554, 5027872.822847818 5183927.160002721, 5042306.367878495 5208926.793329835, 5071173.457939745 5208926.793329794, 5085607.002970316 5183927.1600026395, 5071173.457939643 5158927.526676508))",10,0.235084042323778,2165.0000000225523,12,0.2203621038086975,frequency,2,-2,0.014721938515080496,0.014721938515080496
5588,"POLYGON ((5071173.457939745 5208926.793329794, 5042306.367878495 5208926.793329835, 5027872.822847919 5233926.426655992, 5042306.367878597 5258926.0599821145, 5071173.457939855 5258926.059982061, 5085607.002970423 5233926.42665592, 5071173.457939745 5208926.793329794))",9,0.3204850097676421,2164.9999999792817,2,0.2311635885581354,frequency,5,-5,0.0893214212095067,0.0893214212095067
5589,"POLYGON ((5071173.457939855 5258926.059982061, 5042306.367878597 5258926.0599821145, 5027872.822848027 5283925.693308247, 5042306.36787871 5308925.326635363, 5071173.457939972 5308925.326635314, 5085607.002970536 5283925.693308183, 5071173.457939855 5258926.059982061))",7,0.3300802980219371,2165.0000000225523,2,0.2026414312949392,frequency,5,5,0.12743886672699792,0.12743886672699792
5590,"POLYGON ((5071173.457939972 5308925.326635314, 5042306.36787871 5308925.326635363, 5027872.822848136 5333924.9599615075, 5042306.367878826 5358924.5932876095, 5071173.457940083 5358924.593287587, 5085607.0029706545 5333924.95996144, 5071173.457939972 5308925.326635314))",12,0.183201079830911,2164.9999999792417,5,0.2093093661555184,frequency,5,-5,-0.026108286324607405,0.026108286324607405
5614,"POLYGON ((5114474.093074602 2133971.893768342, 5085607.00301166 2133971.8937696377, 5071173.457979443 2158971.5271061044, 5085607.00301013 2183971.160441214, 5114474.093073015 2183971.160439933, 5128907.63810527 2158971.527103529, 5114474.093074602 2133971.893768342))",3,0.4303581789205611,2164.9999999792617,1,0.3032292692728547,frequency,2,2,0.1271289096477064,0.1271289096477064
5615,"POLYGON ((5114474.093073015 2183971.160439933, 5085607.00301013 2183971.160441214, 5071173.457977942 2208970.793778457, 5085607.003008604 2233970.4271133477, 5114474.093071432 2233970.427112084, 5128907.6381036565 2208970.793775907, 5114474.093073015 2183971.160439933))",2,0.2972499113315939,2165.0000000225523,11,0.2437547967268757,frequency,3,3,0.0534951146047182,0.0534951146047182
5616,"POLYGON ((5114474.093071432 2233970.427112084, 5085607.003008604 2233970.4271133477, 5071173.457976448 2258970.0604493534, 5085607.003007086 2283969.6937840222, 5114474.093069857 2283969.6937827747, 5128907.638102049 2258970.0604468407, 5114474.093071432 2233970.427112084))",10,0.3713656644897191,2164.9999999792617,11,0.3405021786962337,frequency,1,-1,0.030863485793485357,0.030863485793485357
5617,"POLYGON ((5114474.093069857 2283969.6937827747, 5085607.003007086 2283969.6937840222, 5071173.457974963 2308969.3271207847, 5085607.003005578 2333968.96045522, 5114474.093068292 2333968.960453992, 5128907.63810045 2308969.327118309, 5114474.093069857 2283969.6937827747))",1,0.1901281689366819,2165.0000000225523,1,0.2636269566413656,frequency,0,0,-0.07349878770468368,0.07349878770468368
5618,"POLYGON ((5114474.093068292 2333968.960453992, 5085607.003005578 2333968.96045522, 5071173.4579734905 2358968.593790727, 5085607.003004083 2383968.2271249276, 5114474.093066741 2383968.2271237243, 5128907.638098864 2358968.5937882895, 5114474.093068292 2333968.960453992))",1,0.2882769143971443,2164.9999999792617,3,0.2439102614492116,frequency,2,-2,0.04436665294793271,0.04436665294793271
5619,"POLYGON ((5114474.093066741 2383968.2271237243, 5085607.003004083 2383968.2271249276, 5071173.457972031 2408967.8604611773, 5085607.003002604 2433967.4937951374, 5114474.093065204 2433967.4937939574, 5128907.638097291 2408967.860458786, 5114474.093066741 2383968.2271237243))",4,0.2390996862016537,2165.0000000225523,1,0.2101024492752279,frequency,3,3,0.028997236926425807,0.028997236926425807
5620,"POLYGON ((5114474.093065204 2433967.4937939574, 5085607.003002604 2433967.4937951374, 5071173.457970587 2458967.127130127, 5085607.003001141 2483966.7604648424, 5114474.093063688 2483966.7604636727, 5128907.638095736 2458967.1271277796, 5114474.093065204 2433967.4937939574))",4,0.2365427490207012,2165.0000000225523,1,0.1992819302812579,frequency,3,3,0.037260818739443285,0.037260818739443285
5621,"POLYGON ((5114474.093063688 2483966.7604636727, 5085607.003001141 2483966.7604648424, 5071173.457969163 2508966.393799559, 5085607.002999699 2533966.027133027, 5114474.093062189 2533966.0271318885, 5128907.638094201 2508966.3937972523, 5114474.093063688 2483966.7604636727))",4,0.4389134645302565,2164.9999999792617,2,0.1768824315621082,frequency,2,2,0.2620310329681483,0.2620310329681483
5623,"POLYGON ((5114474.093060715 2583965.293800571, 5085607.002998279 2583965.293801685, 5071173.457966377 2608964.927135857, 5085607.002996882 2633964.5604688255, 5114474.093059265 2633964.560467738, 5128907.638091197 2608964.927133651, 5114474.093060715 2583965.293800571))",1,0.6455368184142414,2164.9999999792617,10,0.2051939961737081,frequency,3,3,0.4403428222405333,0.4403428222405333
5624,"POLYGON ((5114474.093059265 2633964.560467738, 5085607.002996882 2633964.5604688255, 5071173.45796502 2658964.1938027125, 5085607.002995513 2683963.8271364253, 5114474.093057842 2683963.8271353655, 5128907.638089734 2658964.193800561, 5114474.093059265 2633964.560467738))",4,0.3935669155404693,2165.0000000225523,1,0.29231222711446,frequency,3,3,0.10125468842600932,0.10125468842600932
5625,"POLYGON ((5114474.093057842 2683963.8271353655, 5085607.002995513 2683963.8271364253, 5071173.45796369 2708963.46047004, 5085607.0029941695 2733963.0938025024, 5114474.093056448 2733963.0938014644, 5128907.638088298 2708963.4604679467, 5114474.093057842 2683963.8271353655))",3,0.2759529223045516,2164.9999999792617,1,0.2494185813463447,frequency,2,2,0.026534340958206892,0.026534340958206892
5626,"POLYGON ((5114474.093056448 2733963.0938014644, 5085607.0029941695 2733963.0938025024, 5071173.457962388 2758962.7271358334, 5085607.002992857 2783962.3604690433, 5114474.093055083 2783962.360468033, 5128907.638086893 2758962.727133793, 5114474.093056448 2733963.0938014644))",6,0.3309791461314734,2165.0000000225523,1,0.2918397436180404,frequency,5,5,0.03913940251343301,0.03913940251343301
5627,"POLYGON ((5114474.093055083 2783962.360468033, 5085607.002992857 2783962.3604690433, 5071173.457961115 2808961.9938020967, 5085607.002991574 2833961.627134056, 5114474.093053751 2833961.627133074, 5128907.638085519 2808961.9938001093, 5114474.093055083 2783962.360468033))",11,0.2175767963002225,2164.9999999792617,2,0.2124365453735666,frequency,3,-3,0.005140250926655904,0.005140250926655904
5628,"POLYGON ((5114474.093053751 2833961.627133074, 5085607.002991574 2833961.627134056, 5071173.457959874 2858961.260467823, 5085607.002990325 2883960.893799535, 5114474.093052452 2883960.8937985827, 5128907.638084178 2858961.260465904, 5114474.093053751 2833961.627133074))",6,0.3627593281461494,2165.0000000225523,3,0.2960787574598483,frequency,3,3,0.06668057068630112,0.06668057068630112
5629,"POLYGON ((5114474.093052452 2883960.8937985827, 5085607.002990325 2883960.893799535, 5071173.457958666 2908960.527132027, 5085607.00298911 2933960.160463489, 5114474.093051189 2933960.1604625713, 5128907.638082873 2908960.527130159, 5114474.093052452 2883960.8937985827))",11,0.4077277066433464,2164.9999999792617,1,0.3005390648380469,frequency,2,-2,0.10718864180529952,0.10718864180529952
5630,"POLYGON ((5114474.093051189 2933960.1604625713, 5085607.00298911 2933960.160463489, 5071173.457957489 2958959.7937967177, 5085607.002987929 2983959.427127924, 5114474.09304996 2983959.4271270367, 5128907.638081603 2958959.7937949044, 5114474.093051189 2933960.1604625713))",11,0.3378701202245684,2165.0000000225523,1,0.3005390648380469,frequency,2,-2,0.03733105538652154,0.03733105538652154
5631,"POLYGON ((5114474.09304996 2983959.4271270367, 5085607.002987929 2983959.427127924, 5071173.4579563495 3008959.0604598746, 5085607.002986783 3033958.693790847, 5114474.093048769 3033958.693789991, 5128907.638080371 3008959.0604581265, 5114474.09304996 2983959.4271270367))",2,0.4244787364193169,2164.9999999792617,1,0.2291326404623376,frequency,1,1,0.19534609595697927,0.19534609595697927
5633,"POLYGON ((5114474.093047617 3083957.9604534325, 5085607.002985675 3083957.960454265, 5071173.457954178 3108957.5937856804, 5085607.002984605 3133957.227116179, 5114474.093046504 3133957.2271153782, 5128907.638078022 3108957.5937840496, 5114474.093047617 3083957.9604534325))",2,0.1656886455466191,2164.9999999792617,2,0.286606675482629,frequency,0,0,-0.12091802993600992,0.12091802993600992
5634,"POLYGON ((5114474.093046504 3133957.2271153782, 5085607.002984605 3133957.227116179, 5071173.457953147 3158956.860448337, 5085607.002983572 3183956.4937786097, 5114474.093045431 3183956.493777831, 5128907.638076907 3158956.8604467623, 5114474.093046504 3133957.2271153782))",1,0.1905897881377351,2165.0000000225523,1,0.3025238923711242,frequency,0,0,-0.11193410423338909,0.11193410423338909
5635,"POLYGON ((5114474.093045431 3183956.493777831, 5085607.002983572 3183956.4937786097, 5071173.457952155 3208956.127109501, 5085607.002982579 3233955.760440547, 5114474.093044397 3233955.76043981, 5128907.638075834 3208956.127107988, 5114474.093045431 3183956.493777831))",9,0.3097712860002979,2165.0000000225523,1,0.2869525453155034,frequency,4,-4,0.022818740684794503,0.022818740684794503
5636,"POLYGON ((5114474.093044397 3233955.76043981, 5085607.002982579 3233955.760440547, 5071173.4579512 3258955.3937712037, 5085607.0029816255 3283955.0271010282, 5114474.093043406 3283955.02710031, 5128907.6380748 3258955.393769746, 5114474.093044397 3233955.76043981))",11,0.265961214852535,2164.9999999792617,1,0.2758940867170221,frequency,2,-2,-0.009932871864487103,0.009932871864487103
5637,"POLYGON ((5114474.093043406 3283955.02710031, 5085607.0029816255 3283955.0271010282, 5071173.457950287 3308954.660431429, 5085607.002980711 3333954.293762045, 5114474.093042455 3333954.2937613567, 5128907.63807381 3308954.6604300323, 5114474.093043406 3283955.02710031))",9,0.3222194628619644,2165.0000000225523,2,0.3319481582803469,frequency,5,-5,-0.009728695418382505,0.009728695418382505
5638,"POLYGON ((5114474.093042455 3333954.2937613567, 5085607.002980711 3333954.293762045, 5071173.45794941 3358953.9270922067, 5085607.002979837 3383953.5604216144, 5114474.093041545 3383953.5604209546, 5128907.63807286 3358953.927090872, 5114474.093042455 3333954.2937613567))",3,0.1928841309290558,2164.9999999792617,1,0.2765837281541213,frequency,2,2,-0.08369959722506551,0.08369959722506551
5639,"POLYGON ((5114474.093041545 3383953.5604209546, 5085607.002979837 3383953.5604216144, 5071173.457948575 3408953.1937515372, 5085607.002979005 3433952.827081748, 5114474.093040677 3433952.8270811164, 5128907.638071955 3408953.1937502595, 5114474.093041545 3383953.5604209546))",11,0.2560778150907792,2165.0000000225523,1,0.3155415708171278,frequency,2,-2,-0.0594637557263486,0.0594637557263486
5640,"POLYGON ((5114474.093040677 3433952.8270811164, 5085607.002979005 3433952.827081748, 5071173.457947778 3458952.4604114513, 5085607.002978211 3483952.0937404567, 5114474.093039851 3483952.0937398607, 5128907.638071091 3458952.4604102247, 5114474.093040677 3433952.8270811164))",2,0.3192934812996997,2164.9999999792617,1,0.3297902411852246,frequency,1,1,-0.010496759885524898,0.010496759885524898
5641,"POLYGON ((5114474.093039851 3483952.0937398607, 5085607.002978211 3483952.0937404567, 5071173.457947021 3508951.7270699395, 5085607.002977459 3533951.3603997626, 5114474.093039066 3533951.360399192, 5128907.638070269 3508951.727068776, 5114474.093039851 3483952.0937398607))",1,0.3598781389790626,2165.0000000225523,1,0.2925174112568598,frequency,0,0,0.0673607277222028,0.0673607277222028
5644,"POLYGON ((5114474.09303762 3633949.893715683, 5085607.002976072 3633949.893716193, 5071173.457944985 3658949.5270450627, 5085607.002975439 3683949.160373353, 5114474.093036959 3683949.1603728705, 5128907.638068057 3658949.527044062, 5114474.09303762 3633949.893715683))",12,0.1619862783979161,2164.9999999792617,1,0.3019813986266479,frequency,1,-1,-0.1399951202287318,0.1399951202287318
5645,"POLYGON ((5114474.093036959 3683949.1603728705, 5085607.002975439 3683949.160373353, 5071173.457944383 3708948.793703039, 5085607.002974844 3733948.4270311627, 5114474.093036339 3733948.4270307026, 5128907.638067401 3708948.793702089, 5114474.093036959 3683949.1603728705))",3,0.2309846676227111,2165.0000000225523,1,0.2492325265489895,frequency,2,2,-0.018247858926278393,0.018247858926278393
5646,"POLYGON ((5114474.093036339 3733948.4270307026, 5085607.002974844 3733948.4270311627, 5071173.45794382 3758948.0603596605, 5085607.002974287 3783947.6936876355, 5114474.093035758 3783947.693687202, 5128907.638066789 3758948.06035876, 5114474.093036339 3733948.4270307026))",1,0.2086601079389077,2164.9999999792617,12,0.1872334098628454,frequency,1,1,0.021426698076062317,0.021426698076062317
5647,"POLYGON ((5114474.093035758 3783947.693687202, 5085607.002974287 3783947.6936876355, 5071173.457943294 3808947.3270169566, 5085607.002973767 3833946.9603447863, 5114474.093035215 3833946.9603443816, 5128907.638066215 3808947.327016106, 5114474.093035758 3783947.693687202))",12,0.2150873260419617,2165.0000000225523,12,0.1875600844131602,frequency,0,0,0.02752724162880152,0.02752724162880152
5648,"POLYGON ((5114474.093035215 3833946.9603443816, 5085607.002973767 3833946.9603447863, 5071173.457942803 3858946.593672942, 5085607.002973284 3883946.2270006333, 5114474.093034712 3883946.2270002435, 5128907.638065681 3858946.593672141, 5114474.093035215 3833946.9603443816))",10,0.2232798072854229,2164.9999999792617,11,0.2144529903353502,frequency,1,-1,0.008826816950072702,0.008826816950072702
5652,"POLYGON ((5114474.093033421 4033944.0269681495, 5085607.0029720515 4033944.0269684624, 5071173.457941196 4058943.6602960257, 5085607.002971708 4083943.2936242307, 5114474.093033062 4083943.293623931, 5128907.638063922 4058943.6602954087, 5114474.093033421 4033944.0269681495))",11,0.2933670667522173,2165.0000000225523,11,0.2667947947737403,frequency,0,0,0.026572271978477002,0.026572271978477002
5655,"POLYGON ((5114474.093032444 4183941.8269338086, 5085607.002971119 4183941.8269340633, 5071173.457940333 4208941.460261259, 5085607.002970871 4233941.093588168, 5114474.093032184 4233941.093587925, 5128907.638062972 4208941.460260764, 5114474.093032444 4183941.8269338086))",12,0.3042756312479848,2164.9999999792817,9,0.1765918939143448,frequency,3,3,0.12768373733364,0.12768373733364
5656,"POLYGON ((5114474.093032184 4233941.093587925, 5085607.002970871 4233941.093588168, 5071173.4579401035 4258940.726915259, 5085607.002970651 4283940.360243083, 5114474.093031952 4283940.360242858, 5128907.638062719 4258940.726914797, 5114474.093032184 4233941.093587925))",7,0.1655157635031063,2165.0000000225523,3,0.2828151725316094,frequency,4,4,-0.11729940902850314,0.11729940902850314
5657,"POLYGON ((5114474.093031952 4283940.360242858, 5085607.002970651 4283940.360243083, 5071173.457939904 4308939.993570066, 5085607.002970459 4333939.626896811, 5114474.09303175 4333939.626896607, 5128907.6380625 4308939.993569634, 5114474.093031952 4283940.360242858))",1,0.1638921303252471,2164.9999999792417,9,0.2367417821686894,frequency,4,4,-0.0728496518434423,0.0728496518434423
5658,"POLYGON ((5114474.09303175 4333939.626896607, 5085607.002970459 4333939.626896811, 5071173.457939731 4358939.260224711, 5085607.002970296 4383938.893551372, 5114474.093031577 4383938.893551188, 5128907.638062306 4358939.260224313, 5114474.09303175 4333939.626896607))",6,0.1930411371220813,2165.0000000225527,9,0.1833980486565099,frequency,3,-3,0.009643088465571381,0.009643088465571381
5659,"POLYGON ((5114474.093031577 4383938.893551188, 5085607.002970296 4383938.893551372, 5071173.457939585 4408938.526878186, 5085607.002970157 4433938.160204783, 5114474.093031431 4433938.160204608, 5128907.638062143 4408938.52687782, 5114474.093031577 4383938.893551188))",8,0.1846309910743527,2164.9999999792417,9,0.2026640747678483,frequency,1,-1,-0.0180330836934956,0.0180330836934956
5660,"POLYGON ((5114474.093031431 4433938.160204608, 5085607.002970157 4433938.160204783, 5071173.45793946 4458937.793532522, 5085607.002970041 4483937.42685906, 5114474.09303131 4483937.4268588945, 5128907.638062003 4458937.793532184, 5114474.093031431 4433938.160204608))",4,0.1538502262043467,2165.000000022593,11,0.2534839207261667,frequency,5,5,-0.09963369452182,0.09963369452182
5661,"POLYGON ((5114474.09303131 4483937.4268588945, 5085607.002970041 4483937.42685906, 5071173.45793936 4508937.06018572, 5085607.002969951 4533936.693512193, 5114474.093031213 4533936.693512044, 5128907.638061889 4508937.060185411, 5114474.09303131 4483937.4268588945))",10,0.1583138366476772,2164.9999999792417,11,0.1916109433971171,frequency,1,-1,-0.03329710674943989,0.03329710674943989
5662,"POLYGON ((5114474.093031213 4533936.693512044, 5085607.002969951 4533936.693512193, 5071173.457939283 4558936.326839795, 5085607.002969882 4583935.960166212, 5114474.093031136 4583935.960166086, 5128907.638061801 4558936.326839511, 5114474.093031213 4533936.693512044))",10,0.1820528063368394,2165.0000000225527,11,0.2124624762163987,frequency,1,-1,-0.030409669879559287,0.030409669879559287
5663,"POLYGON ((5114474.093031136 4583935.960166086, 5085607.002969882 4583935.960166212, 5071173.457939227 4608935.593492752, 5085607.002969831 4633935.226819139, 5114474.093031085 4633935.226819003, 5128907.638061736 4608935.593492492, 5114474.093031136 4583935.960166086))",3,0.1775336123799464,2164.9999999792417,9,0.1525025407697264,frequency,6,-6,0.025031071610219974,0.025031071610219974
5664,"POLYGON ((5114474.093031085 4633935.226819003, 5085607.002969831 4633935.226819139, 5071173.45793919 4658934.860146613, 5085607.002969802 4683934.4934729505, 5114474.0930310525 4683934.49347283, 5128907.63806169 4658934.8601463735, 5114474.093031085 4633935.226819003))",5,0.19411548937183,2165.000000022593,9,0.1525025407697264,frequency,4,-4,0.0416129486021036,0.0416129486021036
5665,"POLYGON ((5114474.0930310525 4683934.49347283, 5085607.002969802 4683934.4934729505, 5071173.457939172 4708934.126799373, 5085607.002969793 4733933.760126675, 5114474.093031037 4733933.760126574, 5128907.638061668 4708934.126799153, 5114474.0930310525 4683934.49347283))",10,0.202958440555512,2165.0000000225523,5,0.1982674867937259,frequency,5,5,0.004690953761786076,0.004690953761786076
5666,"POLYGON ((5114474.093031037 4733933.760126574, 5085607.002969793 4733933.760126675, 5071173.457939171 4758933.393453051, 5085607.002969798 4783933.026779327, 5114474.093031041 4783933.026779229, 5128907.63806166 4758933.393452857, 5114474.093031037 4733933.760126574))",10,0.2501445168203396,2164.9999999792417,5,0.2758800795352515,frequency,5,5,-0.025735562714911897,0.025735562714911897
5667,"POLYGON ((5114474.093031041 4783933.026779229, 5085607.002969798 4783933.026779327, 5071173.457939187 4808932.660105661, 5085607.002969821 4833932.293432901, 5114474.093031062 4833932.293432817, 5128907.638061673 4808932.660105478, 5114474.093031041 4783933.026779229))",1,0.1704789832822934,2165.0000000225523,5,0.2345341871972152,frequency,4,-4,-0.06405520391492178,0.06405520391492178
5668,"POLYGON ((5114474.093031062 4833932.293432817, 5085607.002969821 4833932.293432901, 5071173.457939215 4858931.926759209, 5085607.0029698545 4883931.560085427, 5114474.093031096 4883931.560085347, 5128907.6380616985 4858931.926759047, 5114474.093031062 4833932.293432817))",11,0.1796719764110258,2164.9999999792817,5,0.2495036894058818,frequency,6,6,-0.069831712994856,0.069831712994856
5669,"POLYGON ((5114474.093031096 4883931.560085347, 5085607.0029698545 4883931.560085427, 5071173.457939258 4908931.193411697, 5085607.002969906 4933930.826738887, 5114474.0930311475 4933930.826738811, 5128907.63806174 4908931.193411551, 5114474.093031096 4883931.560085347))",12,0.269495985984614,2165.0000000225523,1,0.2001706881837225,frequency,1,-1,0.0693252978008915,0.0693252978008915
5670,"POLYGON ((5114474.0930311475 4933930.826738811, 5085607.002969906 4933930.826738887, 5071173.457939314 4958930.460065134, 5085607.00296997 4983930.093391296, 5114474.093031212 4983930.093391232, 5128907.638061801 4958930.460064987, 5114474.0930311475 4933930.826738811))",2,0.3494897850417396,2164.9999999792417,5,0.2101628374565886,frequency,3,-3,0.13932694758515102,0.13932694758515102
5671,"POLYGON ((5114474.093031212 4983930.093391232, 5085607.00296997 4983930.093391296, 5071173.457939383 5008929.726717525, 5085607.002970041 5033929.3600446815, 5114474.0930312835 5033929.360044619, 5128907.638061865 5008929.726717407, 5114474.093031212 4983930.093391232))",2,0.1377482468447329,2165.0000000225523,1,0.1751492048540331,frequency,1,1,-0.037400958009300184,0.037400958009300184
5672,"POLYGON ((5114474.0930312835 5033929.360044619, 5085607.002970041 5033929.3600446815, 5071173.457939462 5058928.993370877, 5085607.002970126 5083928.62669702, 5114474.093031367 5083928.626696971, 5128907.638061944 5058928.993370777, 5114474.0930312835 5033929.360044619))",9,0.1383131421849665,2164.9999999792417,12,0.2286393040489807,frequency,3,-3,-0.09032616186401421,0.09032616186401421
5677,"POLYGON ((5114474.093031791 5283925.693308139, 5085607.002970536 5283925.693308183, 5071173.457939972 5308925.326635314, 5085607.0029706545 5333924.95996144, 5114474.09303191 5333924.959961407, 5128907.638062478 5308925.326635253, 5114474.093031791 5283925.693308139))",10,0.3871843979233975,2165.000000022593,12,0.2442301062438114,frequency,2,-2,0.1429542916795861,0.1429542916795861
5700,"POLYGON ((5157774.728171553 2058972.9937570882, 5128907.638108505 2058972.9937584794, 5114474.093076192 2083972.6270953182, 5128907.638106888 2108972.2604317097, 5157774.72816988 2108972.2604303304, 5172208.273202233 2083972.6270925503, 5157774.728171553 2058972.9937570882))",2,0.3639797866491512,2165.0000000225523,1,0.3588458673785805,frequency,1,1,0.005133919270570719,0.005133919270570719
5701,"POLYGON ((5157774.72816988 2108972.2604303304, 5128907.638106888 2108972.2604317097, 5114474.093074602 2133971.893768342, 5128907.63810527 2158971.527103529, 5157774.728168205 2158971.5271021603, 5172208.273200531 2133971.893765596, 5157774.72816988 2108972.2604303304))",3,0.2841324117219259,2164.9999999792617,11,0.3392141101035599,frequency,4,4,-0.055081698381634014,0.055081698381634014
5702,"POLYGON ((5157774.728168205 2158971.5271021603, 5128907.63810527 2158971.527103529, 5114474.093073015 2183971.160439933, 5128907.6381036565 2208970.793775907, 5157774.728166535 2208970.793774562, 5172208.273198829 2183971.160437221, 5157774.728168205 2158971.5271021603))",1,0.2747572498552922,2165.0000000225523,10,0.2447228365286028,frequency,3,3,0.030034413326689408,0.030034413326689408
5703,"POLYGON ((5157774.728166535 2208970.793774562, 5128907.6381036565 2208970.793775907, 5114474.093071432 2233970.427112084, 5128907.638102049 2258970.0604468407, 5157774.728164869 2258970.0604455136, 5172208.273197132 2233970.427109404, 5157774.728166535 2208970.793774562))",10,0.3342498073546819,2164.9999999792617,10,0.208636808641112,frequency,0,0,0.1256129987135699,0.1256129987135699
5704,"POLYGON ((5157774.728164869 2258970.0604455136, 5128907.638102049 2258970.0604468407, 5114474.093069857 2283969.6937827747, 5128907.63810045 2308969.327118309, 5157774.728163214 2308969.327116997, 5172208.273195443 2283969.693780138, 5157774.728164869 2258970.0604455136))",3,0.2007542691724237,2165.0000000225523,1,0.2350999289529111,frequency,2,2,-0.0343456597804874,0.0343456597804874
5705,"POLYGON ((5157774.728163214 2308969.327116997, 5128907.63810045 2308969.327118309, 5114474.093068292 2333968.960453992, 5128907.638098864 2358968.5937882895, 5157774.728161571 2358968.5937870024, 5172208.2731937645 2333968.960451394, 5157774.728163214 2308969.327116997))",12,0.1943428889214981,2164.9999999792617,1,0.3476932208133221,frequency,1,-1,-0.153350331891824,0.153350331891824
5706,"POLYGON ((5157774.728161571 2358968.5937870024, 5128907.638098864 2358968.5937882895, 5114474.093066741 2383968.2271237243, 5128907.638097291 2408967.860458786, 5157774.728159942 2408967.8604575177, 5172208.2731921 2383968.227121164, 5157774.728161571 2358968.5937870024))",9,0.2448385957803191,2165.0000000225523,1,0.250436255000202,frequency,4,-4,-0.0055976592198828945,0.0055976592198828945
5707,"POLYGON ((5157774.728159942 2408967.8604575177, 5128907.638097291 2408967.860458786, 5114474.093065204 2433967.4937939574, 5128907.638095736 2458967.1271277796, 5157774.7281583315 2458967.12712653, 5172208.273190452 2433967.4937914438, 5157774.728159942 2408967.8604575177))",2,0.2833304943608328,2164.9999999792617,1,0.2494876046312523,frequency,1,1,0.033842889729580494,0.033842889729580494
5708,"POLYGON ((5157774.7281583315 2458967.12712653, 5128907.638095736 2458967.1271277796, 5114474.093063688 2483966.7604636727, 5128907.638094201 2508966.3937972523, 5157774.728156739 2508966.39379604, 5172208.273188822 2483966.7604612187, 5157774.7281583315 2458967.12712653))",9,0.3606226876710066,2165.0000000225527,4,0.190060715790788,frequency,5,5,0.17056197188021857,0.17056197188021857
5711,"POLYGON ((5157774.728153627 2608964.9271324896, 5128907.638091197 2608964.927133651, 5114474.093059265 2633964.560467738, 5128907.638089734 2658964.193800561, 5157774.72815211 2658964.1937994254, 5172208.273184073 2633964.56046543, 5157774.728153627 2608964.9271324896))",11,0.2871528315096695,2164.9999999792617,10,0.3092499509978174,frequency,1,1,-0.022097119488147854,0.022097119488147854
5713,"POLYGON ((5157774.728150622 2708963.4604668347, 5128907.638088298 2708963.4604679467, 5114474.093056448 2733963.0938014644, 5128907.638086893 2758962.727133793, 5157774.7281491645 2758962.7271327106, 5172208.2731810445 2733963.093799279, 5157774.728150622 2708963.4604668347))",5,0.522167157049713,2164.9999999792417,1,0.2632569196401906,frequency,4,4,0.25891023740952235,0.25891023740952235
5714,"POLYGON ((5157774.7281491645 2758962.7271327106, 5128907.638086893 2758962.727133793, 5114474.093055083 2783962.360468033, 5128907.638085519 2808961.9938001093, 5157774.7281477405 2808961.9937990587, 5172208.273179579 2783962.3604659, 5157774.7281491645 2758962.7271327106))",6,0.4402305719063092,2165.000000022573,3,0.2208147475512313,frequency,3,3,0.21941582435507792,0.21941582435507792
5715,"POLYGON ((5157774.7281477405 2808961.9937990587, 5128907.638085519 2808961.9938001093, 5114474.093053751 2833961.627133074, 5128907.638084178 2858961.260465904, 5157774.72814635 2858961.260464878, 5172208.273178145 2833961.6271309974, 5157774.7281477405 2808961.9937990587))",3,0.4341007746233179,2165.0000000225523,3,0.2286531198761998,frequency,0,0,0.20544765474711812,0.20544765474711812
5716,"POLYGON ((5157774.72814635 2858961.260464878, 5128907.638084178 2858961.260465904, 5114474.093052452 2883960.8937985827, 5128907.638082873 2908960.527130159, 5157774.728144995 2908960.527129173, 5172208.273176747 2883960.8937965767, 5157774.72814635 2858961.260464878))",5,0.2441827658256583,2164.9999999792617,3,0.2160115062076993,frequency,2,2,0.028171259617958994,0.028171259617958994
5717,"POLYGON ((5157774.728144995 2908960.527129173, 5128907.638082873 2908960.527130159, 5114474.093051189 2933960.1604625713, 5128907.638081603 2958959.7937949044, 5157774.728143679 2958959.793793938, 5172208.273175387 2933960.160460625, 5157774.728144995 2908960.527129173))",11,0.1790824909076985,2165.0000000225523,1,0.261015557297085,frequency,2,-2,-0.08193306638938647,0.08193306638938647
5718,"POLYGON ((5157774.728143679 2958959.793793938, 5128907.638081603 2958959.7937949044, 5114474.09304996 2983959.4271270367, 5128907.638080371 3008959.0604581265, 5157774.728142398 3008959.0604572007, 5172208.273174066 2983959.427125145, 5157774.728143679 2958959.793793938))",2,0.2672972926223913,2164.9999999792617,2,0.2351849242982987,frequency,0,0,0.032112368324092616,0.032112368324092616
5719,"POLYGON ((5157774.728142398 3008959.0604572007, 5128907.638080371 3008959.0604581265, 5114474.093048769 3033958.693789991, 5128907.638079177 3058958.3271218403, 5157774.72814116 3058958.327120942, 5172208.273172784 3033958.6937881624, 5157774.728142398 3008959.0604572007))",3,0.2652194995853825,2165.0000000225523,2,0.2438952192068201,frequency,1,1,0.021324280378562377,0.021324280378562377
5720,"POLYGON ((5157774.72814116 3058958.327120942, 5128907.638079177 3058958.3271218403, 5114474.093047617 3083957.9604534325, 5128907.638078022 3108957.5937840496, 5157774.728139962 3108957.5937831793, 5172208.273171541 3083957.9604516714, 5157774.72814116 3058958.327120942))",3,0.2443688065108969,2164.9999999792617,2,0.2535074133202057,frequency,1,1,-0.009138606809308808,0.009138606809308808
5721,"POLYGON ((5157774.728139962 3108957.5937831793, 5128907.638078022 3108957.5937840496, 5114474.093046504 3133957.2271153782, 5128907.638076907 3158956.8604467623, 5157774.7281388035 3158956.860445929, 5172208.273170342 3133957.227113679, 5157774.728139962 3108957.5937831793))",4,0.1655873023907787,2165.0000000225523,2,0.2638971687518145,frequency,2,2,-0.09830986636103581,0.09830986636103581
5722,"POLYGON ((5157774.7281388035 3158956.860445929, 5128907.638076907 3158956.8604467623, 5114474.093045431 3183956.493777831, 5128907.638075834 3208956.127107988, 5157774.728137689 3208956.12710719, 5172208.273169184 3183956.493776201, 5157774.7281388035 3158956.860445929))",2,0.354789804399382,2164.9999999792617,1,0.2548471178864959,frequency,1,1,0.09994268651288613,0.09994268651288613
5723,"POLYGON ((5157774.728137689 3208956.12710719, 5128907.638075834 3208956.127107988, 5114474.093044397 3233955.76043981, 5128907.6380748 3258955.393769746, 5157774.728136616 3258955.3937689723, 5172208.27316807 3233955.760438234, 5157774.728137689 3208956.12710719))",11,0.3694554197958966,2165.0000000225527,1,0.3118990546624372,frequency,2,-2,0.05755636513345935,0.05755636513345935
5724,"POLYGON ((5157774.728136616 3258955.3937689723, 5128907.6380748 3258955.393769746, 5114474.093043406 3283955.02710031, 5128907.63807381 3308954.6604300323, 5157774.728135587 3308954.6604292924, 5172208.273166999 3283955.027098806, 5157774.728136616 3258955.3937689723))",3,0.2403546445199944,2164.9999999792617,1,0.3279031662853347,frequency,2,2,-0.08754852176534034,0.08754852176534034
5725,"POLYGON ((5157774.728135587 3308954.6604292924, 5128907.63807381 3308954.6604300323, 5114474.093042455 3333954.2937613567, 5128907.63807286 3358953.927090872, 5157774.7281346 3358953.9270901587, 5172208.273165973 3333954.2937599113, 5157774.728135587 3308954.6604292924))",1,0.3300773869930004,2165.0000000225527,1,0.3155415708171278,frequency,0,0,0.014535816175872573,0.014535816175872573
5726,"POLYGON ((5157774.7281346 3358953.9270901587, 5128907.63807286 3358953.927090872, 5114474.093041545 3383953.5604209546, 5128907.638071955 3408953.1937502595, 5157774.728133658 3408953.193749585, 5172208.27316499 3383953.560419571, 5157774.7281346 3358953.9270901587))",2,0.2239559651482058,2164.9999999792417,1,0.3286032033997292,frequency,1,1,-0.10464723825152342,0.10464723825152342
5727,"POLYGON ((5157774.728133658 3408953.193749585, 5128907.638071955 3408953.1937502595, 5114474.093040677 3433952.8270811164, 5128907.638071091 3458952.4604102247, 5157774.728132761 3458952.4604095793, 5172208.273164053 3433952.8270797897, 5157774.728133658 3408953.193749585))",1,0.2222516511806843,2165.000000022573,1,0.3594405531039608,frequency,0,0,-0.13718890192327649,0.13718890192327649
5728,"POLYGON ((5157774.728132761 3458952.4604095793, 5128907.638071091 3458952.4604102247, 5114474.093039851 3483952.0937398607, 5128907.638070269 3508951.727068776, 5157774.728131904 3508951.727068162, 5172208.273163159 3483952.093738594, 5157774.728132761 3458952.4604095793))",4,0.2489827079674277,2164.9999999792417,1,0.3001572819941843,frequency,3,3,-0.0511745740267566,0.0511745740267566
5729,"POLYGON ((5157774.728131904 3508951.727068162, 5128907.638070269 3508951.727068776, 5114474.093039066 3533951.360399192, 5128907.638069491 3558950.993727914, 5157774.728131096 3558950.993727331, 5172208.273162311 3533951.3603979805, 5157774.728131904 3508951.727068162))",1,0.2393664019990997,2165.000000022573,1,0.2273131009822012,frequency,0,0,0.012053301016898499,0.012053301016898499
5730,"POLYGON ((5157774.728131096 3558950.993727331, 5128907.638069491 3558950.993727914, 5114474.093038323 3583950.627057125, 5128907.638068752 3608950.2603866747, 5157774.728130327 3608950.2603861247, 5172208.273161507 3583950.627055973, 5157774.728131096 3558950.993727331))",11,0.2040050634589448,2165.0000000225523,1,0.2671399723116679,frequency,2,-2,-0.0631349088527231,0.0631349088527231
5731,"POLYGON ((5157774.728130327 3608950.2603861247, 5128907.638068752 3608950.2603866747, 5114474.09303762 3633949.893715683, 5128907.638068057 3658949.527044062, 5157774.728129604 3658949.5270435303, 5172208.273160746 3633949.8937145895, 5157774.728130327 3608950.2603861247))",1,0.2128126074123763,2164.9999999792617,1,0.3016787362787496,frequency,0,0,-0.0888661288663733,0.0888661288663733
5732,"POLYGON ((5157774.728129604 3658949.5270435303, 5128907.638068057 3658949.527044062, 5114474.093036959 3683949.1603728705, 5128907.638067401 3708948.793702089, 5157774.728128922 3708948.793701582, 5172208.27316003 3683949.1603718284, 5157774.728129604 3658949.5270435303))",2,0.241461997128116,2165.0000000225523,1,0.2361186012707279,frequency,1,1,0.005343395857388106,0.005343395857388106
5733,"POLYGON ((5157774.728128922 3708948.793701582, 5128907.638067401 3708948.793702089, 5114474.093036339 3733948.4270307026, 5128907.638066789 3758948.06035876, 5157774.728128282 3758948.060358289, 5172208.273159355 3733948.4270297242, 5157774.728128922 3708948.793701582))",12,0.2509892932343027,2164.9999999792617,1,0.1886481759670047,frequency,1,-1,0.06234111726729799,0.06234111726729799
5734,"POLYGON ((5157774.728128282 3758948.060358289, 5128907.638066789 3758948.06035876, 5114474.093035758 3783947.693687202, 5128907.638066215 3808947.327016106, 5157774.728127685 3808947.327015662, 5172208.273158725 3783947.693686274, 5157774.728128282 3758948.060358289))",12,0.1851912501019574,2165.0000000225523,3,0.2289367127459892,frequency,3,-3,-0.04374546264403181,0.04374546264403181
5735,"POLYGON ((5157774.728127685 3808947.327015662, 5128907.638066215 3808947.327016106, 5114474.093035215 3833946.9603443816, 5128907.638065681 3858946.593672141, 5157774.728127129 3858946.5936717154, 5172208.273158135 3833946.9603435034, 5157774.728127685 3808947.327015662))",7,0.1654815614891965,2164.9999999792617,1,0.1870518806571199,frequency,6,6,-0.021570319167923402,0.021570319167923402
5739,"POLYGON ((5157774.728125694 4008944.393640141, 5128907.638064306 4008944.393640491, 5114474.093033421 4033944.0269681495, 5128907.638063922 4058943.6602954087, 5157774.728125292 4058943.6602950795, 5172208.273156181 4033944.026967466, 5157774.728125694 4008944.393640141))",2,0.267290807080304,2164.9999999792417,2,0.2121923363774401,frequency,0,0,0.055098470702863916,0.055098470702863916
5740,"POLYGON ((5157774.728125292 4058943.6602950795, 5128907.638063922 4058943.6602954087, 5114474.093033062 4083943.293623931, 5128907.638063572 4108942.9269510806, 5157774.728124925 4108942.92695078, 5172208.27315579 4083943.293623287, 5157774.728125292 4058943.6602950795))",12,0.2193928366168002,2165.000000022573,11,0.2415473311370518,frequency,1,1,-0.02215449452025159,0.02215449452025159
5743,"POLYGON ((5157774.728124299 4208941.460260493, 5128907.638062972 4208941.460260764, 5114474.093032184 4233941.093587925, 5128907.638062719 4258940.726914797, 5157774.728124033 4258940.726914547, 5172208.273154826 4233941.093587407, 5157774.728124299 4208941.460260493))",4,0.2008620436473593,2164.9999999792417,11,0.2793755588027391,frequency,5,5,-0.07851351515537983,0.07851351515537983
5744,"POLYGON ((5157774.728124033 4258940.726914547, 5128907.638062719 4258940.726914797, 5114474.093031952 4283940.360242858, 5128907.6380625 4308939.993569634, 5157774.728123802 4308939.993569406, 5172208.27315457 4283940.360242381, 5157774.728124033 4258940.726914547))",3,0.2116951133077743,2165.0000000225527,11,0.2408163192658395,frequency,4,4,-0.029121205958065194,0.029121205958065194
5745,"POLYGON ((5157774.728123802 4308939.993569406, 5128907.6380625 4308939.993569634, 5114474.09303175 4333939.626896607, 5128907.638062306 4358939.260224313, 5157774.7281236 4358939.260224095, 5172208.273154348 4333939.626896159, 5157774.728123802 4308939.993569406))",9,0.2668649677107484,2165.0000000225523,9,0.306570996978852,frequency,0,0,-0.03970602926810357,0.03970602926810357
5746,"POLYGON ((5157774.7281236 4358939.260224095, 5128907.638062306 4358939.260224313, 5114474.093031577 4383938.893551188, 5128907.638062143 4408938.52687782, 5157774.728123425 4408938.526877622, 5172208.2731541535 4383938.893550779, 5157774.7281236 4358939.260224095))",12,0.1497424215448542,2164.9999999792817,9,0.3374368708736586,frequency,3,3,-0.18769444932880439,0.18769444932880439
5747,"POLYGON ((5157774.728123425 4408938.526877622, 5128907.638062143 4408938.52687782, 5114474.093031431 4433938.160204608, 5128907.638062003 4458937.793532184, 5157774.728123279 4458937.793531997, 5172208.2731539905 4433938.160204232, 5157774.728123425 4408938.526877622))",4,0.1731711485618211,2165.0000000225523,9,0.1932783513009028,frequency,5,-5,-0.020107202739081703,0.020107202739081703
5748,"POLYGON ((5157774.728123279 4458937.793531997, 5128907.638062003 4458937.793532184, 5114474.09303131 4483937.4268588945, 5128907.638061889 4508937.060185411, 5157774.72812316 4508937.060185237, 5172208.273153853 4483937.42685855, 5157774.728123279 4458937.793531997))",1,0.1849115689475753,2164.9999999792417,11,0.2252036382676963,frequency,2,2,-0.040292069320121,0.040292069320121
5749,"POLYGON ((5157774.72812316 4508937.060185237, 5128907.638061889 4508937.060185411, 5114474.093031213 4533936.693512044, 5128907.638061801 4558936.326839511, 5157774.728123064 4558936.326839352, 5172208.273153744 4533936.693511723, 5157774.72812316 4508937.060185237))",11,0.2827656198929039,2165.0000000225523,11,0.2642554039220997,frequency,0,0,0.01851021597080421,0.01851021597080421
5750,"POLYGON ((5157774.728123064 4558936.326839352, 5128907.638061801 4558936.326839511, 5114474.093031136 4583935.960166086, 5128907.638061736 4608935.593492492, 5157774.728122992 4608935.593492347, 5172208.273153658 4583935.960165784, 5157774.728123064 4558936.326839352))",3,0.2226780087525979,2164.9999999792817,5,0.2458344333676668,frequency,2,-2,-0.023156424615068893,0.023156424615068893
5751,"POLYGON ((5157774.728122992 4608935.593492347, 5128907.638061736 4608935.593492492, 5114474.093031085 4633935.226819003, 5128907.63806169 4658934.8601463735, 5157774.728122943 4658934.860146241, 5172208.273153595 4633935.226818734, 5157774.728122992 4608935.593492347))",2,0.1524677680809949,2165.0000000225523,9,0.1769548850054821,frequency,5,5,-0.024487116924487184,0.024487116924487184
5752,"POLYGON ((5157774.728122943 4658934.860146241, 5128907.63806169 4658934.8601463735, 5114474.0930310525 4683934.49347283, 5128907.638061668 4708934.126799153, 5157774.728122916 4708934.126799035, 5172208.273153554 4683934.493472586, 5157774.728122943 4658934.860146241))",9,0.1987098877731741,2164.9999999792417,9,0.242447483151423,frequency,0,0,-0.043737595378248895,0.043737595378248895
5753,"POLYGON ((5157774.728122916 4708934.126799035, 5128907.638061668 4708934.126799153, 5114474.093031037 4733933.760126574, 5128907.63806166 4758933.393452857, 5157774.728122906 4758933.39345275, 5172208.273153533 4733933.760126347, 5157774.728122916 4708934.126799035))",2,0.2216459910634112,2165.0000000225527,9,0.2033815502268876,frequency,5,5,0.01826444083652362,0.01826444083652362
5754,"POLYGON ((5157774.728122906 4758933.39345275, 5128907.63806166 4758933.393452857, 5114474.093031041 4783933.026779229, 5128907.638061673 4808932.660105478, 5157774.728122916 4808932.660105381, 5172208.273153531 4783933.026779026, 5157774.728122906 4758933.39345275))",2,0.2081921951829038,2164.9999999792817,5,0.2478343584921574,frequency,3,-3,-0.0396421633092536,0.0396421633092536
5755,"POLYGON ((5157774.728122916 4808932.660105381, 5128907.638061673 4808932.660105478, 5114474.093031062 4833932.293432817, 5128907.6380616985 4858931.926759047, 5157774.728122941 4858931.926758955, 5172208.273153548 4833932.293432632, 5157774.728122916 4808932.660105381))",5,0.167795004495539,2165.0000000225527,5,0.248449052833982,frequency,0,0,-0.080654048338443,0.080654048338443
5756,"POLYGON ((5157774.728122941 4858931.926758955, 5128907.6380616985 4858931.926759047, 5114474.093031096 4883931.560085347, 5128907.63806174 4908931.193411551, 5157774.728122984 4908931.19341146, 5172208.273153584 4883931.560085168, 5157774.728122941 4858931.926758955))",5,0.2158218646754906,2164.9999999792417,5,0.2620773266031528,frequency,0,0,-0.046255461927662195,0.046255461927662195
5757,"POLYGON ((5157774.728122984 4908931.19341146, 5128907.63806174 4908931.193411551, 5114474.0930311475 4933930.826738811, 5128907.638061801 4958930.460064987, 5157774.72812304 4958930.46006492, 5172208.273153633 4933930.826738653, 5157774.728122984 4908931.19341146))",6,0.2003809004150139,2165.0000000225527,5,0.2107154524665142,frequency,1,1,-0.010334552051500301,0.010334552051500301
5758,"POLYGON ((5157774.72812304 4958930.46006492, 5128907.638061801 4958930.460064987, 5114474.093031212 4983930.093391232, 5128907.638061865 5008929.726717407, 5157774.728123108 5008929.726717335, 5172208.273153694 4983930.093391093, 5157774.72812304 4958930.46006492))",4,0.2092190873506,2164.9999999792817,5,0.1667835762272525,frequency,1,-1,0.04243551112334748,0.04243551112334748
5759,"POLYGON ((5157774.728123108 5008929.726717335, 5128907.638061865 5008929.726717407, 5114474.0930312835 5033929.360044619, 5128907.638061944 5058928.993370777, 5157774.72812319 5058928.993370706, 5172208.273153768 5033929.360044495, 5157774.728123108 5008929.726717335))",3,0.2100685567258096,2165.0000000225527,10,0.1622077133630589,frequency,5,5,0.047860843362750705,0.047860843362750705
5760,"POLYGON ((5157774.72812319 5058928.993370706, 5128907.638061944 5058928.993370777, 5114474.093031367 5083928.626696971, 5128907.638062037 5108928.260023111, 5157774.72812328 5108928.260023055, 5172208.2731538545 5083928.626696856, 5157774.72812319 5058928.993370706))",6,0.2268108354697573,2164.9999999792417,5,0.1980058402176354,frequency,1,1,0.028804995252121907,0.028804995252121907
5784,"POLYGON ((5201075.363272259 1883975.5603970666, 5172208.273208994 1883975.5603985712, 5157774.728176544 1908975.1937360947, 5172208.273207318 1933974.8270730872, 5201075.363270528 1933974.8270715943, 5215508.90830302 1908975.1937331026, 5201075.363272259 1883975.5603970666))",12,0.3045692383280869,2165.000000022563,1,0.2347647765540016,frequency,1,-1,0.06980446177408531,0.06980446177408531
5785,"POLYGON ((5201075.363270528 1933974.8270715943, 5172208.273207318 1933974.8270730872, 5157774.728174889 1958974.4604104469, 5172208.2732056305 1983974.093746269, 5201075.363268784 1983974.0937447865, 5215508.908301255 1958974.4604074704, 5201075.363270528 1933974.8270715943))",3,0.5564129567283405,2164.999999979252,3,0.4111077310851332,frequency,0,0,0.14530522564320725,0.14530522564320725
5786,"POLYGON ((5201075.363268784 1983974.0937447865, 5172208.2732056305 1983974.093746269, 5157774.728173224 2008973.7270834548, 5172208.273203935 2033973.3604201006, 5201075.363267032 2033973.3604186247, 5215508.908299479 2008973.727080497, 5201075.363268784 1983974.0937447865))",10,0.7197548905346481,2165.000000022563,1,0.2497646699555155,frequency,3,-3,0.46999022057913264,0.46999022057913264
5787,"POLYGON ((5201075.363267032 2033973.3604186247, 5172208.273203935 2033973.3604201006, 5157774.728171553 2058972.9937570882, 5172208.273202233 2083972.6270925503, 5201075.363265275 2083972.6270910874, 5215508.908297695 2058972.9937541562, 5201075.363267032 2033973.3604186247))",12,0.4174011808783919,2164.999999979252,1,0.2092980462481805,frequency,1,-1,0.2081031346302114,0.2081031346302114
5788,"POLYGON ((5201075.363265275 2083972.6270910874, 5172208.273202233 2083972.6270925503, 5157774.72816988 2108972.2604303304, 5172208.273200531 2133971.893765596, 5201075.363263516 2133971.8937641494, 5215508.908295908 2108972.260427431, 5201075.363265275 2083972.6270910874))",12,0.1934808484746236,2165.0000000225523,1,0.306418331413431,frequency,1,-1,-0.1129374829388074,0.1129374829388074
5789,"POLYGON ((5201075.363263516 2133971.8937641494, 5172208.273200531 2133971.893765596, 5157774.728168205 2158971.5271021603, 5172208.273198829 2183971.160437221, 5201075.3632617565 2183971.160435794, 5215508.908294121 2158971.5270992904, 5201075.363263516 2133971.8937641494))",11,0.2773166715773406,2164.9999999792617,11,0.3956542505712778,frequency,0,0,-0.11833757899393721,0.11833757899393721
5790,"POLYGON ((5201075.3632617565 2183971.160435794, 5172208.273198829 2183971.160437221, 5157774.728166535 2208970.793774562, 5172208.273197132 2233970.427109404, 5201075.363260004 2233970.4271079963, 5215508.908292336 2208970.793771721, 5201075.3632617565 2183971.160435794))",10,0.1846786842381024,2165.0000000225523,1,0.261393439382158,frequency,3,-3,-0.07671475514405557,0.07671475514405557
5791,"POLYGON ((5201075.363260004 2233970.4271079963, 5172208.273197132 2233970.427109404, 5157774.728164869 2258970.0604455136, 5172208.273195443 2283969.693780138, 5201075.3632582575 2283969.6937787426, 5215508.908290558 2258970.0604427103, 5201075.363260004 2233970.4271079963))",12,0.2927081245228974,2164.9999999792617,3,0.3251398689917529,frequency,3,-3,-0.032431744468855495,0.032431744468855495
5792,"POLYGON ((5201075.3632582575 2283969.6937787426, 5172208.273195443 2283969.693780138, 5157774.728163214 2308969.327116997, 5172208.2731937645 2333968.960451394, 5201075.363256522 2333968.960450023, 5215508.908288788 2308969.3271142356, 5201075.3632582575 2283969.6937787426))",10,0.294103668905347,2165.0000000225523,3,0.3256211071923596,frequency,5,-5,-0.03151743828701259,0.03151743828701259
5793,"POLYGON ((5201075.363256522 2333968.960450023, 5172208.2731937645 2333968.960451394, 5157774.728161571 2358968.5937870024, 5172208.2731921 2383968.227121164, 5201075.363254801 2383968.2271198216, 5215508.908287032 2358968.5937842885, 5201075.363256522 2333968.960450023))",12,0.2077313466890367,2164.9999999792617,1,0.2486815972796894,frequency,1,-1,-0.04095025059065269,0.04095025059065269
5794,"POLYGON ((5201075.363254801 2383968.2271198216, 5172208.2731921 2383968.227121164, 5157774.728159942 2408967.8604575177, 5172208.273190452 2433967.4937914438, 5201075.363253097 2433967.4937901213, 5215508.90828529 2408967.86045485, 5201075.363254801 2383968.2271198216))",9,0.3877553518947912,2165.0000000225523,1,0.2998405083575636,frequency,4,-4,0.08791484353722762,0.08791484353722762
5795,"POLYGON ((5201075.363253097 2433967.4937901213, 5172208.273190452 2433967.4937914438, 5157774.7281583315 2458967.12712653, 5172208.273188822 2483966.7604612187, 5201075.363251411 2483966.7604599204, 5215508.908283567 2458967.12712391, 5201075.363253097 2433967.4937901213))",1,0.3088731389877872,2165.0000000225523,1,0.2584870484418445,frequency,0,0,0.050386090545942674,0.050386090545942674
5796,"POLYGON ((5201075.363251411 2483966.7604599204, 5172208.273188822 2483966.7604612187, 5157774.728156739 2508966.39379604, 5172208.273187215 2533966.027129476, 5201075.363249749 2533966.0271282056, 5215508.908281864 2508966.393793474, 5201075.363251411 2483966.7604599204))",7,0.593194300466021,2164.9999999792617,10,0.2796170819031278,frequency,3,-3,0.31357721856289317,0.31357721856289317
5802,"POLYGON ((5201075.363241845 2783962.3604647787, 5172208.273179579 2783962.3604659, 5157774.7281477405 2808961.9937990587, 5172208.273178145 2833961.6271309974, 5201075.363240362 2833961.627129904, 5215508.908272226 2808961.993796838, 5201075.363241845 2783962.3604647787))",2,0.3365876797771159,2164.9999999792617,1,0.2337891389054036,frequency,1,1,0.10279854087171231,0.10279854087171231
5803,"POLYGON ((5201075.363240362 2833961.627129904, 5172208.273178145 2833961.6271309974, 5157774.72814635 2858961.260464878, 5172208.273176747 2883960.8937965767, 5201075.363238915 2883960.893795512, 5215508.908270736 2858961.2604627213, 5201075.363240362 2833961.627129904))",9,0.3573340251472278,2165.0000000225523,2,0.1879163227199089,frequency,5,-5,0.16941770242731888,0.16941770242731888
5804,"POLYGON ((5201075.363238915 2883960.893795512, 5172208.273176747 2883960.8937965767, 5157774.728144995 2908960.527129173, 5172208.273175387 2933960.160460625, 5201075.363237507 2933960.1604595887, 5215508.908269284 2908960.527127076, 5201075.363238915 2883960.893795512))",5,0.5331356440836053,2164.9999999792617,3,0.3067345416815278,frequency,2,2,0.22640110240207745,0.22640110240207745
5805,"POLYGON ((5201075.363237507 2933960.1604595887, 5172208.273175387 2933960.160460625, 5157774.728143679 2958959.793793938, 5172208.273174066 2983959.427125145, 5201075.363236137 2983959.427124153, 5215508.908267871 2958959.793791911, 5201075.363237507 2933960.1604595887))",10,0.3142649000404112,2165.0000000225523,1,0.2088608219773131,frequency,3,-3,0.1054040780630981,0.1054040780630981
5806,"POLYGON ((5201075.363236137 2983959.427124153, 5172208.273174066 2983959.427125145, 5157774.728142398 3008959.0604572007, 5172208.273172784 3033958.6937881624, 5201075.363234809 3033958.693787197, 5215508.908266498 3008959.0604552347, 5201075.363236137 2983959.427124153))",2,0.2783545584013009,2164.9999999792617,2,0.2516162665749334,frequency,0,0,0.0267382918263675,0.0267382918263675
5807,"POLYGON ((5201075.363234809 3033958.693787197, 5172208.273172784 3033958.6937881624, 5157774.72814116 3058958.327120942, 5172208.273171541 3083957.9604516714, 5201075.3632335225 3083957.9604507405, 5215508.908265168 3058958.327119042, 5201075.363234809 3033958.693787197))",3,0.2718500750199854,2165.0000000225523,2,0.2754365229994133,frequency,1,1,-0.0035864479794278648,0.0035864479794278648
5808,"POLYGON ((5201075.3632335225 3083957.9604507405, 5172208.273171541 3083957.9604516714, 5157774.728139962 3108957.5937831793, 5172208.273170342 3133957.227113679, 5201075.363232279 3133957.227112777, 5215508.908263881 3108957.5937813497, 5201075.3632335225 3083957.9604507405))",9,0.2898343735321163,2164.9999999792617,2,0.2743811063546372,frequency,5,-5,0.01545326717747908,0.01545326717747908
5809,"POLYGON ((5201075.363232279 3133957.227112777, 5172208.273170342 3133957.227113679, 5157774.7281388035 3158956.860445929, 5172208.273169184 3183956.493776201, 5201075.363231079 3183956.4937753305, 5215508.908262637 3158956.8604441616, 5201075.363232279 3133957.227112777))",11,0.2890803501811175,2165.0000000225523,2,0.2746532827583611,frequency,3,-3,0.014427067422756401,0.014427067422756401
5810,"POLYGON ((5201075.363231079 3183956.4937753305, 5172208.273169184 3183956.493776201, 5157774.728137689 3208956.12710719, 5172208.27316807 3233955.760438234, 5201075.363229924 3233955.7604374024, 5215508.908261438 3208956.1271054884, 5201075.363231079 3183956.4937753305))",4,0.2547931959381266,2165.0000000225523,2,0.2754608809312739,frequency,2,2,-0.020667684993147306,0.020667684993147306
5811,"POLYGON ((5201075.363229924 3233955.7604374024, 5172208.27316807 3233955.760438234, 5157774.728136616 3258955.3937689723, 5172208.273166999 3283955.027098806, 5201075.363228814 3283955.027098002, 5215508.908260285 3258955.3937673415, 5201075.363229924 3233955.7604374024))",1,0.3418012401600847,2164.9999999792617,2,0.3156903362320847,frequency,1,-1,0.026110903927999973,0.026110903927999973
5812,"POLYGON ((5201075.363228814 3283955.027098002, 5172208.273166999 3283955.027098806, 5157774.728135587 3308954.6604292924, 5172208.273165973 3333954.2937599113, 5201075.363227749 3333954.2937591407, 5215508.908259178 3308954.6604277287, 5201075.363228814 3283955.027098002))",1,0.3518212721375078,2165.0000000225523,1,0.2687504552006355,frequency,0,0,0.0830708169368723,0.0830708169368723
5813,"POLYGON ((5201075.363227749 3333954.2937591407, 5172208.273165973 3333954.2937599113, 5157774.7281346 3358953.9270901587, 5172208.27316499 3383953.560419571, 5201075.363226729 3383953.560418833, 5215508.908258116 3358953.927088661, 5201075.363227749 3333954.2937591407))",3,0.2573893003791259,2164.9999999792617,1,0.34441174737743,frequency,2,2,-0.08702244699830414,0.08702244699830414
5814,"POLYGON ((5201075.363226729 3383953.560418833, 5172208.27316499 3383953.560419571, 5157774.728133658 3408953.193749585, 5172208.273164053 3433952.8270797897, 5201075.363225755 3433952.8270790908, 5215508.908257102 3408953.193748146, 5201075.363226729 3383953.560418833))",1,0.2236649907616172,2165.0000000225523,1,0.3036072374362821,frequency,0,0,-0.0799422466746649,0.0799422466746649
5815,"POLYGON ((5201075.363225755 3433952.8270790908, 5172208.273164053 3433952.8270797897, 5157774.728132761 3458952.4604095793, 5172208.273163159 3483952.093738594, 5201075.36322483 3483952.0937379175, 5215508.908256133 3458952.460408211, 5201075.363225755 3433952.8270790908))",5,0.1841858114591602,2164.9999999792617,1,0.3150316059077113,frequency,4,4,-0.1308457944485511,0.1308457944485511
5816,"POLYGON ((5201075.36322483 3483952.0937379175, 5172208.273163159 3483952.093738594, 5157774.728131904 3508951.727068162, 5172208.273162311 3533951.3603979805, 5201075.363223948 3533951.3603973403, 5215508.908255213 3508951.727066845, 5201075.36322483 3483952.0937379175))",2,0.1829275167693622,2165.0000000225523,2,0.2348037602431324,frequency,0,0,-0.051876243473770206,0.051876243473770206
5817,"POLYGON ((5201075.363223948 3533951.3603973403, 5172208.273162311 3533951.3603979805, 5157774.728131096 3558950.993727331, 5172208.273161507 3583950.627055973, 5201075.363223112 3583950.6270553637, 5215508.908254338 3558950.9937260854, 5201075.363223948 3533951.3603973403))",1,0.2805529467105236,2164.9999999792617,1,0.2369052856639479,frequency,0,0,0.04364766104657572,0.04364766104657572
5818,"POLYGON ((5201075.363223112 3583950.6270553637, 5172208.273161507 3583950.627055973, 5157774.728130327 3608950.2603861247, 5172208.273160746 3633949.8937145895, 5201075.3632223215 3633949.893714012, 5215508.908253511 3608950.260384926, 5201075.363223112 3583950.6270553637))",4,0.2008191127457495,2165.0000000225523,1,0.3165104261730006,frequency,3,3,-0.11569131342725111,0.11569131342725111
5819,"POLYGON ((5201075.3632223215 3633949.893714012, 5172208.273160746 3633949.8937145895, 5157774.728129604 3658949.5270435303, 5172208.27316003 3683949.1603718284, 5201075.363221576 3683949.160371284, 5215508.908252728 3658949.527042401, 5201075.3632223215 3633949.893714012))",1,0.2513703150343578,2164.9999999792617,1,0.2705111018038051,frequency,0,0,-0.019140786769447304,0.019140786769447304
5820,"POLYGON ((5201075.363221576 3683949.160371284, 5172208.27316003 3683949.1603718284, 5157774.728128922 3708948.793701582, 5172208.273159355 3733948.4270297242, 5201075.363220876 3733948.4270292027, 5215508.9082519915 3708948.7937005125, 5201075.363221576 3683949.160371284))",3,0.1618285750751855,2165.0000000225523,1,0.2360691386355332,frequency,2,2,-0.0742405635603477,0.0742405635603477
5821,"POLYGON ((5201075.363220876 3733948.4270292027, 5172208.273159355 3733948.4270297242, 5157774.728128282 3758948.060358289, 5172208.273158725 3783947.693686274, 5201075.36322022 3783947.6936857807, 5215508.9082513 3758948.0603572694, 5201075.363220876 3733948.4270292027))",7,0.2641537693138193,2164.9999999792617,3,0.1940226458133759,frequency,4,4,0.0701311235004434,0.0701311235004434
5822,"POLYGON ((5201075.36322022 3783947.6936857807, 5172208.273158725 3783947.693686274, 5157774.728127685 3808947.327015662, 5172208.273158135 3833946.9603435034, 5201075.363219606 3833946.960343039, 5215508.908250653 3808947.327014703, 5201075.36322022 3783947.6936857807))",10,0.1779239356742702,2165.0000000225523,3,0.231357100931966,frequency,5,-5,-0.053433165257695786,0.053433165257695786
5823,"POLYGON ((5201075.363219606 3833946.960343039, 5172208.273158135 3833946.9603435034, 5157774.728127129 3858946.5936717154, 5172208.273157588 3883946.2269994165, 5201075.363219036 3883946.226998982, 5215508.90825005 3858946.5936708143, 5201075.363219606 3833946.960343039))",2,0.3395428626601383,2164.9999999792617,1,0.165884771052461,frequency,1,1,0.17365809160767728,0.17365809160767728
5825,"POLYGON ((5201075.363218507 3933945.4936556327, 5172208.273157081 3933945.4936560416, 5157774.728126133 3958945.1269839453, 5172208.273156611 3983944.7603123873, 5201075.363218019 3983944.760311999, 5215508.908248968 3958945.126983148, 5201075.363218507 3933945.4936556327))",12,0.3132310323047606,2165.0000000225523,12,0.220848695355094,frequency,0,0,0.09238233694966663,0.09238233694966663
5826,"POLYGON ((5201075.363218019 3983944.760311999, 5172208.273156611 3983944.7603123873, 5157774.728125694 4008944.393640141, 5172208.273156181 4033944.026967466, 5201075.36321757 4033944.0269671, 5215508.908248492 4008944.39363939, 5201075.363218019 3983944.760311999))",6,0.2268773371612013,2164.9999999792617,11,0.2257685705286914,frequency,5,-5,0.0011087666325098888,0.0011087666325098888
5827,"POLYGON ((5201075.36321757 4033944.0269671, 5172208.273156181 4033944.026967466, 5157774.728125292 4058943.6602950795, 5172208.27315579 4083943.293623287, 5201075.363217161 4083943.2936229506, 5215508.908248054 4058943.6602943763, 5201075.36321757 4033944.0269671))",4,0.1812397278740607,2165.0000000225523,11,0.2209192395675665,frequency,5,5,-0.03967951169350581,0.03967951169350581
5828,"POLYGON ((5201075.363217161 4083943.2936229506, 5172208.27315579 4083943.293623287, 5157774.728124925 4108942.92695078, 5172208.273155434 4133942.5602778774, 5201075.3632167885 4133942.5602775635, 5215508.908247653 4108942.9269501227, 5201075.363217161 4083943.2936229506))",11,0.2891841418473054,2164.9999999792617,11,0.3201710102858585,frequency,0,0,-0.030986868438553083,0.030986868438553083
5831,"POLYGON ((5201075.363216151 4233941.09358714, 5172208.273154826 4233941.093587407, 5157774.728124033 4258940.726914547, 5172208.27315457 4283940.360242381, 5201075.363215885 4283940.360242119, 5215508.908246677 4258940.726914011, 5201075.363216151 4233941.09358714))",11,0.2206434202172074,2165.0000000225523,11,0.2516349062064829,frequency,0,0,-0.03099148598927548,0.03099148598927548
5832,"POLYGON ((5201075.363215885 4283940.360242119, 5172208.27315457 4283940.360242381, 5157774.728123802 4308939.993569406, 5172208.273154348 4333939.626896159, 5201075.36321565 4333939.626895923, 5215508.90824642 4308939.993568916, 5201075.363215885 4283940.360242119))",7,0.2671527564765605,2164.9999999792417,11,0.2527239897889297,frequency,4,-4,0.014428766687630823,0.014428766687630823
5833,"POLYGON ((5201075.36321565 4333939.626895923, 5172208.273154348 4333939.626896159, 5157774.7281236 4358939.260224095, 5172208.2731541535 4383938.893550779, 5201075.3632154465 4383938.893550559, 5215508.908246195 4358939.260223645, 5201075.36321565 4333939.626895923))",3,0.2576641993989083,2165.0000000225527,11,0.2655353556499041,frequency,4,4,-0.007871156250995825,0.007871156250995825
5834,"POLYGON ((5201075.3632154465 4383938.893550559, 5172208.2731541535 4383938.893550779, 5157774.728123425 4408938.526877622, 5172208.2731539905 4433938.160204232, 5201075.363215273 4433938.160204034, 5215508.908246001 4408938.526877213, 5201075.3632154465 4383938.893550559))",10,0.2139460350154369,2164.9999999792417,9,0.2971671383953999,frequency,1,1,-0.08322110337996297,0.08322110337996297
5835,"POLYGON ((5201075.363215273 4433938.160204034, 5172208.2731539905 4433938.160204232, 5157774.728123279 4458937.793531997, 5172208.273153853 4483937.42685855, 5201075.363215129 4483937.426858362, 5215508.908245839 4458937.793531614, 5201075.363215273 4433938.160204034))",5,0.1950281997779365,2165.000000022593,11,0.2035959080181877,frequency,6,-6,-0.008567708240251187,0.008567708240251187
5836,"POLYGON ((5201075.363215129 4483937.426858362, 5172208.273153853 4483937.42685855, 5157774.72812316 4508937.060185237, 5172208.273153744 4533936.693511723, 5201075.363215011 4533936.69351156, 5215508.908245705 4508937.060184881, 5201075.363215129 4483937.426858362))",11,0.4307021592420379,2164.9999999792417,11,0.2959449202683992,frequency,0,0,0.13475723897363873,0.13475723897363873
5837,"POLYGON ((5201075.363215011 4533936.69351156, 5172208.273153744 4533936.693511723, 5157774.728123064 4558936.326839352, 5172208.273153658 4583935.960165784, 5201075.3632149175 4583935.9601656385, 5215508.908245596 4558936.326839027, 5201075.363215011 4533936.69351156))",5,0.2746783897917309,2165.0000000225527,11,0.288015667371115,frequency,6,-6,-0.013337277579384077,0.013337277579384077
5838,"POLYGON ((5201075.3632149175 4583935.9601656385, 5172208.273153658 4583935.960165784, 5157774.728122992 4608935.593492347, 5172208.273153595 4633935.226818734, 5201075.3632148495 4633935.226818599, 5215508.908245512 4608935.593492052, 5201075.3632149175 4583935.9601656385))",4,0.2466912008831698,2164.9999999792417,5,0.1805215978556305,frequency,1,-1,0.0661696030275393,0.0661696030275393
5839,"POLYGON ((5201075.3632148495 4633935.226818599, 5172208.273153595 4633935.226818734, 5157774.728122943 4658934.860146241, 5172208.273153554 4683934.493472586, 5201075.363214805 4683934.493472458, 5215508.908245455 4658934.860145967, 5201075.3632148495 4633935.226818599))",9,0.1565897220907666,2165.000000022593,9,0.2307145329693284,frequency,0,0,-0.07412481087856179,0.07412481087856179
5840,"POLYGON ((5201075.363214805 4683934.493472458, 5172208.273153554 4683934.493472586, 5157774.728122916 4708934.126799035, 5172208.273153533 4733933.760126347, 5201075.3632147815 4733933.760126227, 5215508.908245417 4708934.12679879, 5201075.363214805 4683934.493472458))",5,0.2820499825317196,2165.0000000225523,9,0.2258367162707175,frequency,4,-4,0.05621326626100209,0.05621326626100209
5841,"POLYGON ((5201075.3632147815 4733933.760126227, 5172208.273153533 4733933.760126347, 5157774.728122906 4758933.39345275, 5172208.273153531 4783933.026779026, 5201075.363214777 4783933.026778919, 5215508.908245403 4758933.39345252, 5201075.3632147815 4733933.760126227))",5,0.2476984608935949,2164.9999999792417,5,0.2342148186964447,frequency,0,0,0.013483642197150203,0.013483642197150203
5842,"POLYGON ((5201075.363214777 4783933.026778919, 5172208.273153531 4783933.026779026, 5157774.728122916 4808932.660105381, 5172208.273153548 4833932.293432632, 5201075.36321479 4833932.2934325375, 5215508.908245407 4808932.660105178, 5201075.363214777 4783933.026778919))",6,0.2496162008846476,2165.0000000225523,5,0.2477387805574942,frequency,1,1,0.0018774203271533785,0.0018774203271533785
5843,"POLYGON ((5201075.36321479 4833932.2934325375, 5172208.273153548 4833932.293432632, 5157774.728122941 4858931.926758955, 5172208.273153584 4883931.560085168, 5201075.3632148225 4883931.56008509, 5215508.908245431 4858931.926758761, 5201075.36321479 4833932.2934325375))",9,0.2769748627438164,2164.9999999792817,9,0.2305296445561154,frequency,0,0,0.046445218187700976,0.046445218187700976
5844,"POLYGON ((5201075.3632148225 4883931.56008509, 5172208.273153584 4883931.560085168, 5157774.728122984 4908931.19341146, 5172208.273153633 4933930.826738653, 5201075.363214873 4933930.826738577, 5215508.908245468 4908931.193411293, 5201075.3632148225 4883931.56008509))",1,0.206660854412554,2165.0000000225523,5,0.2614540847937104,frequency,4,-4,-0.05479323038115641,0.05479323038115641
5871,"POLYGON ((5244375.998368083 1858975.9270578453, 5215508.90830477 1858975.9270594236, 5201075.363272259 1883975.5603970666, 5215508.90830302 1908975.1937331026, 5244375.998366279 1908975.1937315299, 5258809.543398832 1883975.5603939146, 5244375.998368083 1858975.9270578453))",2,0.2250059203253889,2164.999999979252,3,0.3101657060930262,frequency,1,-1,-0.08515978576763727,0.08515978576763727
5872,"POLYGON ((5244375.998366279 1908975.1937315299, 5215508.90830302 1908975.1937331026, 5201075.363270528 1933974.8270715943, 5215508.908301255 1958974.4604074704, 5244375.998364459 1958974.4604059062, 5258809.543396993 1933974.8270684541, 5244375.998366279 1908975.1937315299))",3,0.2798460709203241,2165.000000022563,1,0.2616225578102256,frequency,2,2,0.01822351311009851,0.01822351311009851
5873,"POLYGON ((5244375.998364459 1958974.4604059062, 5215508.908301255 1958974.4604074704, 5201075.363268784 1983974.0937447865, 5215508.908299479 2008973.727080497, 5244375.998362627 2008973.7270789412, 5258809.543395139 1983974.0937416689, 5244375.998364459 1958974.4604059062))",6,0.1647939705408696,2164.999999979252,3,0.3519214314943641,frequency,3,3,-0.1871274609534945,0.1871274609534945
5874,"POLYGON ((5244375.998362627 2008973.7270789412, 5215508.908299479 2008973.727080497, 5201075.363267032 2033973.3604186247, 5215508.908297695 2058972.9937541562, 5244375.998360788 2058972.9937526083, 5258809.543393277 2033973.3604155295, 5244375.998362627 2008973.7270789412))",3,0.2928673109158545,2165.000000022563,1,0.3092042186001918,frequency,2,2,-0.01633690768433732,0.01633690768433732
5875,"POLYGON ((5244375.998360788 2058972.9937526083, 5215508.908297695 2058972.9937541562, 5201075.363265275 2083972.6270910874, 5215508.908295908 2108972.260427431, 5244375.998358944 2108972.260425899, 5258809.543391406 2083972.6270880206, 5244375.998360788 2058972.9937526083))",1,0.2071143725960967,2165.0000000225523,3,0.2305237765162743,frequency,2,-2,-0.023409403920177596,0.023409403920177596
5876,"POLYGON ((5244375.998358944 2108972.260425899, 5215508.908295908 2108972.260427431, 5201075.363263516 2133971.8937641494, 5215508.908294121 2158971.5270992904, 5244375.9983571 2158971.5270977784, 5258809.543389534 2133971.8937611133, 5244375.998358944 2108972.260425899))",11,0.3204278586204444,2164.9999999792617,11,0.2272428262311785,frequency,0,0,0.09318503238926587,0.09318503238926587
5877,"POLYGON ((5244375.9983571 2158971.5270977784, 5215508.908294121 2158971.5270992904, 5201075.3632617565 2183971.160435794, 5215508.908292336 2208970.793771721, 5244375.99835526 2208970.7937702257, 5258809.543387662 2183971.1604327895, 5244375.9983571 2158971.5270977784))",4,0.2874038864239436,2165.0000000225523,1,0.3765201880979407,frequency,3,3,-0.08911630167399709,0.08911630167399709
5878,"POLYGON ((5244375.99835526 2208970.7937702257, 5215508.908292336 2208970.793771721, 5201075.363260004 2233970.4271079963, 5215508.908290558 2258970.0604427103, 5244375.998353424 2258970.060441237, 5258809.543385795 2233970.4271050314, 5244375.99835526 2208970.7937702257))",9,0.2639631364069507,2164.9999999792617,3,0.3730553004034876,frequency,6,6,-0.10909216399653693,0.10909216399653693
5879,"POLYGON ((5244375.998353424 2258970.060441237, 5215508.908290558 2258970.0604427103, 5201075.3632582575 2283969.6937787426, 5215508.908288788 2308969.3271142356, 5244375.998351598 2308969.3271127855, 5258809.5433839355 2283969.6937758196, 5244375.998353424 2258970.060441237))",12,0.3149442052686787,2165.0000000225523,1,0.3346525114440318,frequency,1,-1,-0.019708306175353074,0.019708306175353074
5880,"POLYGON ((5244375.998351598 2308969.3271127855, 5215508.908288788 2308969.3271142356, 5201075.363256522 2333968.960450023, 5215508.908287032 2358968.5937842885, 5244375.998349784 2358968.593782861, 5258809.543382087 2333968.96044714, 5244375.998351598 2308969.3271127855))",6,0.18319876960248,2164.9999999792617,1,0.3331429699211812,frequency,5,5,-0.1499442003187012,0.1499442003187012
5881,"POLYGON ((5244375.998349784 2358968.593782861, 5215508.908287032 2358968.5937842885, 5201075.363254801 2383968.2271198216, 5215508.90828529 2408967.86045485, 5244375.9983479865 2408967.8604534445, 5258809.543380252 2383968.227116989, 5244375.998349784 2358968.593782861))",3,0.3887882306525247,2165.0000000225523,1,0.312312518010081,frequency,2,2,0.07647571264244374,0.07647571264244374
5882,"POLYGON ((5244375.9983479865 2408967.8604534445, 5215508.90828529 2408967.86045485, 5201075.363253097 2433967.4937901213, 5215508.908283567 2458967.12712391, 5244375.998346208 2458967.1271225316, 5258809.543378435 2433967.4937873376, 5244375.9983479865 2408967.8604534445))",5,0.3810298333246698,2164.9999999792617,1,0.313363830805519,frequency,4,4,0.06766600251915078,0.06766600251915078
5883,"POLYGON ((5244375.998346208 2458967.1271225316, 5215508.908283567 2458967.12712391, 5201075.363251411 2483966.7604599204, 5215508.908281864 2508966.393793474, 5244375.998344449 2508966.393792118, 5258809.543376639 2483966.7604571884, 5244375.998346208 2458967.1271225316))",12,0.5182222681373387,2165.0000000225527,11,0.3343770315903503,frequency,1,1,0.18384523654698842,0.18384523654698842
5887,"POLYGON ((5244375.99833933 2658964.1937957588, 5215508.908276909 2658964.1937970226, 5201075.363244915 2683963.8271319326, 5215508.908275315 2708963.4604644882, 5244375.998337683 2708963.4604632584, 5258809.543369706 2683963.827129438, 5244375.99833933 2658964.1937957588))",9,0.7123093858856331,2165.0000000225527,10,0.3563913151095432,frequency,1,-1,0.3559180707760899,0.3559180707760899
5889,"POLYGON ((5244375.998336069 2758962.7271292307, 5215508.908273754 2758962.727130427, 5201075.363241845 2783962.3604647787, 5215508.908272226 2808961.993796838, 5244375.998334492 2808961.9937956682, 5258809.5433664275 2783962.360462408, 5244375.998336069 2758962.7271292307))",4,0.422263117482804,2165.000000022573,1,0.2489886356860173,frequency,3,3,0.17327448179678667,0.17327448179678667
5890,"POLYGON ((5244375.998334492 2808961.9937956682, 5215508.908272226 2808961.993796838, 5201075.363240362 2833961.627129904, 5215508.908270736 2858961.2604627213, 5244375.998332951 2858961.2604615823, 5258809.543364842 2833961.627127601, 5244375.998334492 2808961.9937956682))",2,0.4533869276946306,2165.0000000225523,3,0.1823780239794546,frequency,1,-1,0.27100890371517605,0.27100890371517605
5891,"POLYGON ((5244375.998332951 2858961.2604615823, 5215508.908270736 2858961.2604627213, 5201075.363238915 2883960.893795512, 5215508.908269284 2908960.527127076, 5244375.998331448 2908960.5271259784, 5258809.543363296 2883960.8937932667, 5244375.998332951 2858961.2604615823))",1,0.418674766710329,2164.9999999792617,3,0.1818637920565294,frequency,2,-2,0.2368109746537996,0.2368109746537996
5892,"POLYGON ((5244375.998331448 2908960.5271259784, 5215508.908269284 2908960.527127076, 5201075.363237507 2933960.1604595887, 5215508.908267871 2958959.793791911, 5244375.998329988 2958959.7937908405, 5258809.54336179 2933960.16045742, 5244375.998331448 2908960.5271259784))",9,0.3236577467079159,2165.0000000225523,2,0.2237679163485408,frequency,5,-5,0.09988983035937513,0.09988983035937513
5893,"POLYGON ((5244375.998329988 2958959.7937908405, 5215508.908267871 2958959.793791911, 5201075.363236137 2983959.427124153, 5215508.908266498 3008959.0604552347, 5244375.998328568 3008959.0604541968, 5258809.543360325 2983959.427122047, 5244375.998329988 2958959.7937908405))",11,0.1599834748348303,2164.9999999792617,2,0.2634062129710698,frequency,3,-3,-0.1034227381362395,0.1034227381362395
5894,"POLYGON ((5244375.998328568 3008959.0604541968, 5215508.908266498 3008959.0604552347, 5201075.363234809 3033958.693787197, 5215508.908265168 3058958.327119042, 5244375.998327191 3058958.327118046, 5258809.543358903 3033958.6937851626, 5244375.998328568 3008959.0604541968))",11,0.2536115227509841,2165.0000000225523,1,0.2477127125783166,frequency,2,-2,0.005898810172667496,0.005898810172667496
5895,"POLYGON ((5244375.998327191 3058958.327118046, 5215508.908265168 3058958.327119042, 5201075.3632335225 3083957.9604507405, 5215508.908263881 3108957.5937813497, 5244375.998325859 3108957.593780388, 5258809.543357527 3083957.9604487712, 5244375.998327191 3058958.327118046))",4,0.217584169491353,2164.9999999792617,2,0.2874729460068137,frequency,2,2,-0.06988877651546072,0.06988877651546072
5896,"POLYGON ((5244375.998325859 3108957.593780388, 5215508.908263881 3108957.5937813497, 5201075.363232279 3133957.227112777, 5215508.908262637 3158956.8604441616, 5244375.998324573 3158956.8604432307, 5258809.543356195 3133957.227110882, 5244375.998325859 3108957.593780388))",4,0.3041322119499631,2165.0000000225523,2,0.2828084198118691,frequency,2,2,0.02132379213809399,0.02132379213809399
5897,"POLYGON ((5244375.998324573 3158956.8604432307, 5215508.908262637 3158956.8604441616, 5201075.363231079 3183956.4937753305, 5215508.908261438 3208956.1271054884, 5244375.998323331 3208956.127104598, 5258809.543354909 3183956.493773507, 5244375.998324573 3158956.8604432307))",1,0.1988044125477247,2164.9999999792617,1,0.2861064901704908,frequency,0,0,-0.08730207762276607,0.08730207762276607
5898,"POLYGON ((5244375.998323331 3208956.127104598, 5215508.908261438 3208956.1271054884, 5201075.363229924 3233955.7604374024, 5215508.908260285 3258955.3937673415, 5244375.998322138 3258955.3937664772, 5258809.54335367 3233955.7604356445, 5244375.998323331 3208956.127104598))",12,0.3386045712003597,2165.0000000225527,1,0.2991749517173017,frequency,1,-1,0.03942961948305801,0.03942961948305801
5899,"POLYGON ((5244375.998322138 3258955.3937664772, 5215508.908260285 3258955.3937673415, 5201075.363228814 3283955.027098002, 5215508.908259178 3308954.6604277287, 5244375.998320991 3308954.6604269, 5258809.543352479 3283955.027096318, 5244375.998322138 3258955.3937664772))",3,0.2222290005440212,2164.9999999792617,1,0.2582357013122004,frequency,2,2,-0.03600670076817922,0.03600670076817922
5900,"POLYGON ((5244375.998320991 3308954.6604269, 5215508.908259178 3308954.6604277287, 5201075.363227749 3333954.2937591407, 5215508.908258116 3358953.927088661, 5244375.998319891 3358953.9270878634, 5258809.543351337 3333954.2937575215, 5244375.998320991 3308954.6604269))",10,0.210804151725833,2165.0000000225527,1,0.3456561519693273,frequency,3,-3,-0.1348520002434943,0.1348520002434943
5901,"POLYGON ((5244375.998319891 3358953.9270878634, 5215508.908258116 3358953.927088661, 5201075.363226729 3383953.560418833, 5215508.908257102 3408953.193748146, 5244375.99831884 3408953.193747388, 5258809.543350242 3383953.5604172847, 5244375.998319891 3358953.9270878634))",2,0.2220406689367921,2164.9999999792417,1,0.294936980230963,frequency,1,1,-0.07289631129417087,0.07289631129417087
5902,"POLYGON ((5244375.99831884 3408953.193747388, 5215508.908257102 3408953.193748146, 5201075.363225755 3433952.8270790908, 5215508.908256133 3458952.460408211, 5244375.998317838 3458952.460407477, 5258809.543349197 3433952.8270776076, 5244375.99831884 3408953.193747388))",11,0.2767374997833,2165.000000022573,1,0.2679255902963443,frequency,2,-2,0.008811909486955705,0.008811909486955705
5903,"POLYGON ((5244375.998317838 3458952.460407477, 5215508.908256133 3458952.460408211, 5201075.36322483 3483952.0937379175, 5215508.908255213 3508951.727066845, 5244375.998316883 3508951.727066148, 5258809.543348201 3483952.0937365033, 5244375.998317838 3458952.460407477))",1,0.1624971478680085,2164.9999999792417,1,0.2649755348107079,frequency,0,0,-0.1024783869426994,0.1024783869426994
5904,"POLYGON ((5244375.998316883 3508951.727066148, 5215508.908255213 3508951.727066845, 5201075.363223948 3533951.3603973403, 5215508.908254338 3558950.9937260854, 5244375.998315976 3558950.993725416, 5258809.5433472525 3533951.3603959926, 5244375.998316883 3508951.727066148))",9,0.3622184033048813,2165.000000022573,2,0.2034594316613846,frequency,5,-5,0.1587589716434967,0.1587589716434967
5905,"POLYGON ((5244375.998315976 3558950.993725416, 5215508.908254338 3558950.9937260854, 5201075.363223112 3583950.6270553637, 5215508.908253511 3608950.260384926, 5244375.9983151145 3608950.260384306, 5258809.543346356 3583950.627054075, 5244375.998315976 3558950.993725416))",2,0.1988391934831804,2165.0000000225523,1,0.3066915171778273,frequency,1,1,-0.10785232369464687,0.10785232369464687
5906,"POLYGON ((5244375.9983151145 3608950.260384306, 5215508.908253511 3608950.260384926, 5201075.3632223215 3633949.893714012, 5215508.908252728 3658949.527042401, 5244375.998314303 3658949.5270418087, 5258809.5433455035 3633949.893712788, 5244375.9983151145 3608950.260384306))",6,0.1514956747932123,2164.9999999792617,1,0.2702403498971291,frequency,5,5,-0.11874467510391679,0.11874467510391679
5907,"POLYGON ((5244375.998314303 3658949.5270418087, 5215508.908252728 3658949.527042401, 5201075.363221576 3683949.160371284, 5215508.9082519915 3708948.7937005125, 5244375.99831354 3708948.7936999416, 5258809.5433447 3683949.160370126, 5244375.998314303 3658949.5270418087))",12,0.1924434814030535,2165.0000000225523,1,0.2489567571197521,frequency,1,-1,-0.05651327571669859,0.05651327571669859
5908,"POLYGON ((5244375.99831354 3708948.7936999416, 5215508.9082519915 3708948.7937005125, 5201075.363220876 3733948.4270292027, 5215508.9082513 3758948.0603572694, 5244375.99831282 3758948.060356741, 5258809.543343946 3733948.427028099, 5244375.99831354 3708948.7936999416))",11,0.192891985215748,2164.9999999792617,1,0.1799717231041974,frequency,2,-2,0.01292026211155059,0.01292026211155059
5909,"POLYGON ((5244375.99831282 3758948.060356741, 5215508.9082513 3758948.0603572694, 5201075.36322022 3783947.6936857807, 5215508.908250653 3808947.327014703, 5244375.998312149 3808947.3270141967, 5258809.543343237 3783947.6936847446, 5244375.99831282 3758948.060356741))",6,0.1913864303096918,2165.0000000225523,3,0.1850856807455728,frequency,3,3,0.006300749564118996,0.006300749564118996
5910,"POLYGON ((5244375.998312149 3808947.3270141967, 5215508.908250653 3808947.327014703, 5201075.363219606 3833946.960343039, 5215508.90825005 3858946.5936708143, 5244375.99831152 3858946.5936703407, 5258809.543342575 3833946.9603420533, 5244375.998312149 3808947.3270141967))",1,0.2349232160188242,2164.9999999792617,3,0.2650184344261128,frequency,2,-2,-0.03009521840728857,0.03009521840728857
5911,"POLYGON ((5244375.99831152 3858946.5936703407, 5215508.90825005 3858946.5936708143, 5201075.363219036 3883946.226998982, 5215508.908249488 3908945.860327624, 5244375.998310937 3908945.8603271754, 5258809.543341959 3883946.2269980493, 5244375.99831152 3858946.5936703407))",12,0.2980716640891032,2165.0000000225523,12,0.1769002547279747,frequency,0,0,0.1211714093611285,0.1211714093611285
5912,"POLYGON ((5244375.998310937 3908945.8603271754, 5215508.908249488 3908945.860327624, 5201075.363218507 3933945.4936556327, 5215508.908248968 3958945.126983148, 5244375.998310398 3958945.126982717, 5258809.543341385 3933945.493654756, 5244375.998310937 3908945.8603271754))",8,0.216072890683303,2164.9999999792617,12,0.2548104901999966,frequency,4,-4,-0.03873759951669359,0.03873759951669359
5913,"POLYGON ((5244375.998310398 3958945.126982717, 5215508.908248968 3958945.126983148, 5201075.363218019 3983944.760311999, 5215508.908248492 4008944.39363939, 5244375.998309899 4008944.3936389936, 5258809.543340857 3983944.7603111723, 5244375.998310398 3958945.126982717))",10,0.2190159313584165,2165.0000000225527,12,0.2537591002693892,frequency,2,-2,-0.034743168910972705,0.034743168910972705
5914,"POLYGON ((5244375.998309899 4008944.3936389936, 5215508.908248492 4008944.39363939, 5201075.36321757 4033944.0269671, 5215508.908248054 4058943.6602943763, 5244375.998309444 4058943.6602940005, 5258809.543340368 4033944.026966333, 5244375.998309899 4008944.3936389936))",4,0.1923632180375024,2164.9999999792417,2,0.1934886765149539,frequency,2,2,-0.0011254584774515186,0.0011254584774515186
5915,"POLYGON ((5244375.998309444 4058943.6602940005, 5215508.908248054 4058943.6602943763, 5201075.363217161 4083943.2936229506, 5215508.908247653 4108942.9269501227, 5244375.9983090265 4108942.9269497697, 5258809.543339923 4083943.2936222316, 5244375.998309444 4058943.6602940005))",11,0.216051609732509,2165.000000022573,6,0.198167472308759,frequency,5,5,0.01788413742375,0.01788413742375
5916,"POLYGON ((5244375.9983090265 4108942.9269497697, 5215508.908247653 4108942.9269501227, 5201075.3632167885 4133942.5602775635, 5215508.908247293 4158942.1936046258, 5244375.998308647 4158942.193604307, 5258809.543339519 4133942.5602768883, 5244375.9983090265 4108942.9269497697))",12,0.3120264233193339,2164.9999999792417,11,0.4043583836622876,frequency,1,1,-0.09233196034295371,0.09233196034295371
5919,"POLYGON ((5244375.998308003 4258940.726913739, 5215508.908246677 4258940.726914011, 5201075.363215885 4283940.360242119, 5215508.90824642 4308939.993568916, 5244375.998307736 4308939.993568654, 5258809.543338529 4283940.360241577, 5244375.998308003 4258940.726913739))",11,0.2905284120493041,2165.0000000225527,11,0.3356769429883987,frequency,0,0,-0.0451485309390946,0.0451485309390946
5920,"POLYGON ((5244375.998307736 4308939.993568654, 5215508.90824642 4308939.993568916, 5201075.36321565 4333939.626895923, 5215508.908246195 4358939.260223645, 5244375.9983075 4358939.2602234, 5258809.543338271 4333939.62689542, 5244375.998307736 4308939.993568654))",10,0.2597457455107156,2165.0000000225523,11,0.2534839207261668,frequency,1,-1,0.006261824784548786,0.006261824784548786
5921,"POLYGON ((5244375.9983075 4358939.2602234, 5215508.908246195 4358939.260223645, 5201075.3632154465 4383938.893550559, 5215508.908246001 4408938.526877213, 5244375.998307297 4408938.5268769795, 5258809.543338046 4383938.8935500905, 5244375.9983075 4358939.2602234))",4,0.2627967005758976,2164.9999999792817,9,0.2665619419947029,frequency,5,-5,-0.0037652414188052985,0.0037652414188052985
5922,"POLYGON ((5244375.998307297 4408938.5268769795, 5215508.908246001 4408938.526877213, 5201075.363215273 4433938.160204034, 5215508.908245839 4458937.793531614, 5244375.998307125 4458937.793531407, 5258809.543337853 4433938.160203601, 5244375.998307297 4408938.5268769795))",11,0.2627999279226923,2165.0000000225523,9,0.1845999566810892,frequency,2,2,0.0781999712416031,0.0781999712416031
5923,"POLYGON ((5244375.998307125 4458937.793531407, 5215508.908245839 4458937.793531614, 5201075.363215129 4483937.426858362, 5215508.908245705 4508937.060184881, 5244375.998306981 4508937.060184693, 5258809.543337692 4483937.426857965, 5244375.998307125 4458937.793531407))",9,0.3224925382223957,2164.9999999792417,9,0.2533616136244755,frequency,0,0,0.0691309245979202,0.0691309245979202
5924,"POLYGON ((5244375.998306981 4508937.060184693, 5215508.908245705 4508937.060184881, 5201075.363215011 4533936.69351156, 5215508.908245596 4558936.326839027, 5244375.998306865 4558936.32683885, 5258809.54333756 4533936.693511186, 5244375.998306981 4508937.060184693))",10,0.278575229480534,2165.0000000225523,11,0.2304835669021283,frequency,1,-1,0.04809166257840569,0.04809166257840569
5925,"POLYGON ((5244375.998306865 4558936.32683885, 5215508.908245596 4558936.326839027, 5201075.3632149175 4583935.9601656385, 5215508.908245512 4608935.593492052, 5244375.998306776 4608935.593491888, 5258809.543337453 4583935.960165294, 5244375.998306865 4558936.32683885))",5,0.2361971119047472,2164.9999999792817,3,0.1766954564790175,frequency,2,2,0.059501655425729716,0.059501655425729716
5926,"POLYGON ((5244375.998306776 4608935.593491888, 5215508.908245512 4608935.593492052, 5201075.3632148495 4633935.226818599, 5215508.908245455 4658934.860145967, 5244375.998306712 4658934.8601458175, 5258809.543337373 4633935.226818286, 5244375.998306776 4608935.593491888))",5,0.2080242405345755,2165.0000000225523,5,0.1890721380451821,frequency,0,0,0.018952102489393385,0.018952102489393385
5927,"POLYGON ((5244375.998306712 4658934.8601458175, 5215508.908245455 4658934.860145967, 5201075.363214805 4683934.493472458, 5215508.908245417 4708934.12679879, 5244375.998306669 4708934.12679866, 5258809.543337316 4683934.493472181, 5244375.998306712 4658934.8601458175))",12,0.1569228524259397,2164.9999999792417,9,0.1932972200726233,frequency,3,3,-0.036374367646683586,0.036374367646683586
5928,"POLYGON ((5244375.998306669 4708934.12679866, 5215508.908245417 4708934.12679879, 5201075.3632147815 4733933.760126227, 5215508.908245403 4758933.39345252, 5244375.99830665 4758933.393452404, 5258809.543337283 4733933.76012598, 5244375.998306669 4708934.12679866))",10,0.2085016519566832,2165.0000000225527,5,0.2259449188238731,frequency,5,5,-0.017443266867189916,0.017443266867189916
5929,"POLYGON ((5244375.99830665 4758933.393452404, 5215508.908245403 4758933.39345252, 5201075.363214777 4783933.026778919, 5215508.908245407 4808932.660105178, 5244375.9983066525 4808932.660105067, 5258809.5433372725 4783933.02677869, 5244375.99830665 4758933.393452404))",10,0.2476928718413122,2164.9999999792817,9,0.1909256609764223,frequency,1,1,0.056767210864889894,0.056767210864889894
5930,"POLYGON ((5244375.9983066525 4808932.660105067, 5215508.908245407 4808932.660105178, 5201075.36321479 4833932.2934325375, 5215508.908245431 4858931.926758761, 5244375.998306675 4858931.926758659, 5258809.543337287 4833932.293432312, 5244375.9983066525 4808932.660105067))",11,0.1864221601727046,2165.0000000225527,9,0.1697924967528596,frequency,2,2,0.01662966341984501,0.01662966341984501
5958,"POLYGON ((5287676.633464015 1833976.2937184277, 5258809.543400654 1833976.2937200803, 5244375.998368083 1858975.9270578453, 5258809.543398832 1883975.5603939146, 5287676.63346214 1883975.560392266, 5302110.178494754 1858975.927054539, 5287676.633464015 1833976.2937184277))",3,0.3318228789167545,2164.999999979252,3,0.2554385909452531,frequency,0,0,0.07638428797150137,0.07638428797150137
5959,"POLYGON ((5287676.63346214 1883975.560392266, 5258809.543398832 1883975.5603939146, 5244375.998366279 1908975.1937315299, 5258809.543396993 1933974.8270684541, 5287676.633460247 1933974.8270668122, 5302110.178492843 1908975.1937282349, 5287676.63346214 1883975.560392266))",1,0.2059653406750654,2165.000000022563,11,0.2697431160347296,frequency,2,2,-0.06377777535966422,0.06377777535966422
5960,"POLYGON ((5287676.633460247 1933974.8270668122, 5258809.543396993 1933974.8270684541, 5244375.998364459 1958974.4604059062, 5258809.543395139 1983974.0937416689, 5287676.633458339 1983974.0937400318, 5302110.178490915 1958974.4604026238, 5287676.633460247 1933974.8270668122))",6,0.2355383261860345,2164.999999979252,3,0.348702196283213,frequency,3,3,-0.11316387009717846,0.11316387009717846
5961,"POLYGON ((5287676.633458339 1983974.0937400318, 5258809.543395139 1983974.0937416689, 5244375.998362627 2008973.7270789412, 5258809.543393277 2033973.3604155295, 5287676.63345642 2033973.3604139078, 5302110.1784889735 2008973.727075685, 5287676.633458339 1983974.0937400318))",1,0.2577337268952129,2165.000000022563,3,0.3518090692470473,frequency,2,-2,-0.0940753423518344,0.0940753423518344
5962,"POLYGON ((5287676.63345642 2033973.3604139078, 5258809.543393277 2033973.3604155295, 5244375.998360788 2058972.9937526083, 5258809.543391406 2083972.6270880206, 5287676.633454494 2083972.627086415, 5302110.178487023 2058972.9937493803, 5287676.63345642 2033973.3604139078))",10,0.3165738878399493,2164.999999979252,3,0.493453889379676,frequency,5,-5,-0.17688000153972672,0.17688000153972672
5963,"POLYGON ((5287676.633454494 2083972.627086415, 5258809.543391406 2083972.6270880206, 5244375.998358944 2108972.260425899, 5258809.543389534 2133971.8937611133, 5287676.633452565 2133971.8937595217, 5302110.178485068 2108972.2604227006, 5287676.633454494 2083972.627086415))",3,0.3082840081812822,2165.0000000225523,3,0.5233536408471134,frequency,0,0,-0.21506963266583123,0.21506963266583123
5964,"POLYGON ((5287676.633452565 2133971.8937595217, 5258809.543389534 2133971.8937611133, 5244375.9983571 2158971.5270977784, 5258809.543387662 2183971.1604327895, 5287676.633450638 2183971.160431214, 5302110.178483111 2158971.527094608, 5287676.633452565 2133971.8937595217))",4,0.3946606084367797,2164.9999999792617,1,0.3074895715746075,frequency,3,3,0.0871710368621722,0.0871710368621722
5965,"POLYGON ((5287676.633450638 2183971.160431214, 5258809.543387662 2183971.1604327895, 5244375.99835526 2208970.7937702257, 5258809.543385795 2233970.4271050314, 5287676.633448713 2233970.427103476, 5302110.178481156 2208970.793767102, 5287676.633450638 2183971.160431214))",6,0.2503735753675447,2165.0000000225523,1,0.2994261329361198,frequency,5,5,-0.04905255756857513,0.04905255756857513
5966,"POLYGON ((5287676.633448713 2233970.427103476, 5258809.543385795 2233970.4271050314, 5244375.998353424 2258970.060441237, 5258809.5433839355 2283969.6937758196, 5287676.633446797 2283969.693774288, 5302110.178479208 2258970.060438145, 5287676.633448713 2233970.427103476))",11,0.1789711584445058,2164.9999999792617,3,0.2720644660771679,frequency,4,-4,-0.09309330763266208,0.09309330763266208
5967,"POLYGON ((5287676.633446797 2283969.693774288, 5258809.5433839355 2283969.6937758196, 5244375.998351598 2308969.3271127855, 5258809.543382087 2333968.96044714, 5287676.633444893 2333968.960445629, 5302110.178477268 2308969.3271097415, 5287676.633446797 2283969.693774288))",3,0.3094483795053027,2165.0000000225523,3,0.2720644660771679,frequency,0,0,0.037383913428134796,0.037383913428134796
5968,"POLYGON ((5287676.633444893 2333968.960445629, 5258809.543382087 2333968.96044714, 5244375.998349784 2358968.593782861, 5258809.543380252 2383968.227116989, 5287676.633443002 2383968.2271154984, 5302110.178475342 2358968.593779861, 5287676.633444893 2333968.960445629))",3,0.3489184740034843,2164.9999999792617,1,0.3593715177178516,frequency,2,2,-0.010453043714367283,0.010453043714367283
5969,"POLYGON ((5287676.633443002 2383968.2271154984, 5258809.543380252 2383968.227116989, 5244375.9983479865 2408967.8604534445, 5258809.543378435 2433967.4937873376, 5287676.633441129 2433967.493785877, 5302110.178473431 2408967.8604504964, 5287676.633443002 2383968.2271154984))",3,0.529864035111634,2165.0000000225523,1,0.1753767389012067,frequency,2,2,0.35448729621042735,0.35448729621042735
5970,"POLYGON ((5287676.633441129 2433967.493785877, 5258809.543378435 2433967.4937873376, 5244375.998346208 2458967.1271225316, 5258809.543376639 2483966.7604571884, 5287676.633439275 2483966.7604557583, 5302110.178471539 2458967.127119639, 5287676.633441129 2433967.493785877))",1,0.1965174437385524,2165.0000000225523,3,0.2326029084659039,frequency,2,-2,-0.036085464727351496,0.036085464727351496
5971,"POLYGON ((5287676.633439275 2483966.7604557583, 5258809.543376639 2483966.7604571884, 5244375.998344449 2508966.393792118, 5258809.543374864 2533966.0271255323, 5287676.633437446 2533966.027124125, 5302110.17846967 2508966.3937892783, 5287676.633439275 2483966.7604557583))",10,0.288667016452085,2164.9999999792617,3,0.2678901046909777,frequency,5,-5,0.020776911761107297,0.020776911761107297
5972,"POLYGON ((5287676.633437446 2533966.027124125, 5258809.543374864 2533966.0271255323, 5244375.998342716 2558965.660460181, 5258809.543373116 2583965.2937943563, 5287676.633435643 2583965.29379298, 5302110.178467826 2558965.660457403, 5287676.633437446 2533966.027124125))",12,0.4539382672652567,2165.0000000225523,1,0.276083419056594,frequency,1,-1,0.1778548482086627,0.1778548482086627
5973,"POLYGON ((5287676.633435643 2583965.29379298, 5258809.543373116 2583965.2937943563, 5244375.998341008 2608964.9271287373, 5258809.543371397 2633964.5604616567, 5287676.633433868 2633964.560460316, 5302110.178466011 2608964.9271260104, 5287676.633435643 2583965.29379298))",8,0.3196130682444964,2164.9999999792617,10,0.2557493490214386,frequency,2,-2,0.06386371922305784,0.06386371922305784
5974,"POLYGON ((5287676.633433868 2633964.560460316, 5258809.543371397 2633964.5604616567, 5244375.99833933 2658964.1937957588, 5258809.543369706 2683963.827129438, 5287676.633432125 2683963.8271281254, 5302110.178464223 2658964.193793103, 5287676.633433868 2633964.560460316))",1,0.3250643310002217,2165.0000000225523,1,0.3990352937626059,frequency,0,0,-0.07397096276238418,0.07397096276238418
5975,"POLYGON ((5287676.633432125 2683963.8271281254, 5258809.543369706 2683963.827129438, 5244375.998337683 2708963.4604632584, 5258809.54336805 2733963.0937956823, 5287676.633430416 2733963.0937944027, 5302110.17846247 2708963.4604606656, 5287676.633432125 2683963.8271281254))",12,0.2312981167830757,2164.9999999792617,1,0.3501170219495224,frequency,1,-1,-0.11881890516644666,0.11881890516644666
5976,"POLYGON ((5287676.633430416 2733963.0937944027, 5258809.54336805 2733963.0937956823, 5244375.998336069 2758962.7271292307, 5258809.5433664275 2783962.360462408, 5287676.633428741 2783962.3604611573, 5302110.17846075 2758962.7271267064, 5287676.633430416 2733963.0937944027))",3,0.3700600214194106,2165.0000000225523,1,0.2816823896579761,frequency,2,2,0.08837763176143448,0.08837763176143448
5977,"POLYGON ((5287676.633428741 2783962.3604611573, 5258809.5433664275 2783962.360462408, 5244375.998334492 2808961.9937956682, 5258809.543364842 2833961.627127601, 5287676.633427105 2833961.627126389, 5302110.17845907 2808961.9937932137, 5287676.633428741 2783962.3604611573))",4,0.2988685892370331,2164.9999999792617,2,0.2237558606479827,frequency,2,2,0.07511272858905038,0.07511272858905038
5978,"POLYGON ((5287676.633427105 2833961.627126389, 5258809.543364842 2833961.627127601, 5244375.998332951 2858961.2604615823, 5258809.543363296 2883960.8937932667, 5287676.633425509 2883960.893792095, 5302110.178457427 2858961.2604591954, 5287676.633427105 2833961.627126389))",12,0.3081678305001067,2165.0000000225523,2,0.2779756684769585,frequency,2,-2,0.030192162023148228,0.030192162023148228
5979,"POLYGON ((5287676.633425509 2883960.893792095, 5258809.543363296 2883960.8937932667, 5244375.998331448 2908960.5271259784, 5258809.54336179 2933960.16045742, 5287676.633423952 2933960.1604562793, 5302110.178455826 2908960.5271236524, 5287676.633425509 2883960.893792095))",10,0.4529668207815051,2164.9999999792617,2,0.1637932941709479,frequency,4,-4,0.2891735266105572,0.2891735266105572
5980,"POLYGON ((5287676.633423952 2933960.1604562793, 5258809.54336179 2933960.16045742, 5244375.998329988 2958959.7937908405, 5258809.543360325 2983959.427122047, 5287676.63342244 2983959.4271209384, 5302110.178454268 2958959.793788596, 5287676.633423952 2933960.1604562793))",2,0.2494851516851653,2165.0000000225523,2,0.1637932941709479,frequency,0,0,0.0856918575142174,0.0856918575142174
5981,"POLYGON ((5287676.63342244 2983959.4271209384, 5258809.543360325 2983959.427122047, 5244375.998328568 3008959.0604541968, 5258809.543358903 3033958.6937851626, 5287676.633420971 3033958.6937840935, 5302110.1784527525 3008959.0604520207, 5287676.63342244 2983959.4271209384))",12,0.1616310704363597,2164.9999999792617,1,0.2334577107107755,frequency,1,-1,-0.07182664027441582,0.07182664027441582
5982,"POLYGON ((5287676.633420971 3033958.6937840935, 5258809.543358903 3033958.6937851626, 5244375.998327191 3058958.327118046, 5258809.543357527 3083957.9604487712, 5287676.633419549 3083957.960447739, 5302110.178451284 3058958.327115938, 5287676.633420971 3033958.6937840935))",2,0.3130127396511455,2165.0000000225523,2,0.2883444690231769,frequency,0,0,0.024668270627968614,0.024668270627968614
5983,"POLYGON ((5287676.633419549 3083957.960447739, 5258809.543357527 3083957.9604487712, 5244375.998325859 3108957.593780388, 5258809.543356195 3133957.227110882, 5287676.633418173 3133957.227109881, 5302110.178449862 3108957.5937783523, 5287676.633419549 3083957.960447739))",2,0.2918811406035262,2164.9999999792617,2,0.3491476352362713,frequency,0,0,-0.05726649463274508,0.05726649463274508
5984,"POLYGON ((5287676.633418173 3133957.227109881, 5258809.543356195 3133957.227110882, 5244375.998324573 3158956.8604432307, 5258809.543354909 3183956.493773507, 5287676.633416844 3183956.4937725402, 5302110.178448486 3158956.8604412726, 5287676.633418173 3133957.227109881))",6,0.2746340273862275,2165.0000000225523,1,0.2550534659522258,frequency,5,5,0.01958056143400172,0.01958056143400172
5985,"POLYGON ((5287676.633416844 3183956.4937725402, 5258809.543354909 3183956.493773507, 5244375.998323331 3208956.127104598, 5258809.54335367 3233955.7604356445, 5287676.633415563 3233955.760434717, 5302110.178447161 3208956.127102706, 5287676.633416844 3183956.4937725402))",1,0.2041097795927672,2165.0000000225523,2,0.2951905603211939,frequency,1,-1,-0.09108078072842671,0.09108078072842671
5986,"POLYGON ((5287676.633415563 3233955.760434717, 5258809.54335367 3233955.7604356445, 5244375.998322138 3258955.3937664772, 5258809.543352479 3283955.027096318, 5287676.633414332 3283955.0270954235, 5302110.178445883 3258955.3937646677, 5287676.633415563 3233955.760434717))",2,0.2442910128835808,2164.9999999792617,1,0.2651644287322701,frequency,1,1,-0.020873415848689292,0.020873415848689292
5987,"POLYGON ((5287676.633414332 3283955.0270954235, 5258809.543352479 3283955.027096318, 5244375.998320991 3308954.6604269, 5258809.543351337 3333954.2937575215, 5287676.63341315 3333954.2937566685, 5302110.178444657 3308954.660425157, 5287676.633414332 3283955.0270954235))",10,0.2619588980936556,2165.0000000225523,1,0.3001001874055677,frequency,3,-3,-0.03814128931191213,0.03814128931191213
5988,"POLYGON ((5287676.63341315 3333954.2937566685, 5258809.543351337 3333954.2937575215, 5244375.998319891 3358953.9270878634, 5258809.543350242 3383953.5604172847, 5287676.633412018 3383953.56041646, 5302110.17844348 3358953.927086193, 5287676.63341315 3333954.2937566685))",7,0.2292896568265854,2164.9999999792617,1,0.3097575482294084,frequency,6,6,-0.08046789140282298,0.08046789140282298
5989,"POLYGON ((5287676.633412018 3383953.56041646, 5258809.543350242 3383953.5604172847, 5244375.99831884 3408953.193747388, 5258809.543349197 3433952.8270776076, 5287676.633410935 3433952.8270768216, 5302110.178442355 3408953.1937457803, 5287676.633412018 3383953.56041646))",3,0.2005177827471767,2165.0000000225523,1,0.2688038761156397,frequency,2,2,-0.06828609336846303,0.06828609336846303
5990,"POLYGON ((5287676.633410935 3433952.8270768216, 5258809.543349197 3433952.8270776076, 5244375.998317838 3458952.460407477, 5258809.543348201 3483952.0937365033, 5287676.633409903 3483952.0937357596, 5302110.17844128 3458952.4604059476, 5287676.633410935 3433952.8270768216))",10,0.1679222445444324,2164.9999999792617,1,0.2817185655144659,frequency,3,-3,-0.1137963209700335,0.1137963209700335
5991,"POLYGON ((5287676.633409903 3483952.0937357596, 5258809.543348201 3483952.0937365033, 5244375.998316883 3508951.727066148, 5258809.5433472525 3533951.3603959926, 5287676.633408922 3533951.3603952783, 5302110.178440257 3508951.7270646878, 5287676.633409903 3483952.0937357596))",8,0.1959934637172028,2165.0000000225523,1,0.2469249156530508,frequency,5,-5,-0.050931451935848,0.050931451935848
5992,"POLYGON ((5287676.633408922 3533951.3603952783, 5258809.5433472525 3533951.3603959926, 5244375.998315976 3558950.993725416, 5258809.543346356 3583950.627054075, 5287676.633407991 3583950.6270534024, 5302110.178439283 3558950.9937240314, 5287676.633408922 3533951.3603952783))",8,0.2411133098414764,2164.9999999792617,1,0.2466993000831815,frequency,5,-5,-0.005585990241705113,0.005585990241705113
5993,"POLYGON ((5287676.633407991 3583950.6270534024, 5258809.543346356 3583950.627054075, 5244375.9983151145 3608950.260384306, 5258809.5433455035 3633949.893712788, 5287676.63340711 3633949.893712139, 5302110.178438361 3608950.2603829727, 5287676.633407991 3583950.6270534024))",8,0.1973357207071007,2165.0000000225523,1,0.289226822325064,frequency,5,-5,-0.09189110161796332,0.09189110161796332
5994,"POLYGON ((5287676.63340711 3633949.893712139, 5258809.5433455035 3633949.893712788, 5244375.998314303 3658949.5270418087, 5258809.5433447 3683949.160370126, 5287676.633406278 3683949.1603695075, 5302110.178437488 3658949.527040546, 5287676.63340711 3633949.893712139))",6,0.2188583553919607,2164.9999999792617,1,0.2599108022338754,frequency,5,5,-0.041052446841914725,0.041052446841914725
5995,"POLYGON ((5287676.633406278 3683949.1603695075, 5258809.5433447 3683949.160370126, 5244375.99831354 3708948.7936999416, 5258809.543343946 3733948.427028099, 5287676.6334054945 3733948.4270275165, 5302110.178436667 3708948.793698745, 5287676.633406278 3683949.1603695075))",12,0.2306358600907487,2165.0000000225523,1,0.2696879390835335,frequency,1,-1,-0.03905207899278479,0.03905207899278479
5996,"POLYGON ((5287676.6334054945 3733948.4270275165, 5258809.543343946 3733948.427028099, 5244375.99831282 3758948.060356741, 5258809.543343237 3783947.6936847446, 5287676.63340476 3783947.6936841877, 5302110.178435894 3758948.0603556028, 5287676.6334054945 3733948.4270275165))",12,0.2546064847052853,2164.9999999792617,1,0.2078144901721309,frequency,1,-1,0.046791994533154385,0.046791994533154385
5997,"POLYGON ((5287676.63340476 3783947.6936841877, 5258809.543343237 3783947.6936847446, 5244375.998312149 3808947.3270141967, 5258809.543342575 3833946.9603420533, 5287676.6334040705 3833946.9603415346, 5302110.178435167 3808947.327013126, 5287676.63340476 3783947.6936841877))",4,0.1731557555555248,2165.0000000225523,1,0.1982573296923056,frequency,3,3,-0.025101574136780824,0.025101574136780824
5998,"POLYGON ((5287676.6334040705 3833946.9603415346, 5258809.543342575 3833946.9603420533, 5244375.99831152 3858946.5936703407, 5258809.543341959 3883946.2269980493, 5287676.63340343 3883946.2269975645, 5302110.178434492 3858946.5936693223, 5287676.6334040705 3833946.9603415346))",4,0.1779241671276633,2164.9999999792617,3,0.2218595682587404,frequency,1,1,-0.043935401131077106,0.043935401131077106
5999,"POLYGON ((5287676.63340343 3883946.2269975645, 5258809.543341959 3883946.2269980493, 5244375.998310937 3908945.8603271754, 5258809.543341385 3933945.493654756, 5287676.633402835 3933945.493654296, 5302110.178433861 3908945.8603262235, 5287676.63340343 3883946.2269975645))",12,0.1852602326049877,2165.0000000225523,11,0.1841399854035377,frequency,1,1,0.0011202472014499865,0.0011202472014499865
6000,"POLYGON ((5287676.633402835 3933945.493654296, 5258809.543341385 3933945.493654756, 5244375.998310398 3958945.126982717, 5258809.543340857 3983944.7603111723, 5287676.633402283 3983944.7603107467, 5302110.178433279 3958945.1269818237, 5287676.633402835 3933945.493654296))",2,0.1558830894724409,2165.0000000225523,12,0.2652315288116005,frequency,2,2,-0.10934843933915961,0.10934843933915961
6001,"POLYGON ((5287676.633402283 3983944.7603107467, 5258809.543340857 3983944.7603111723, 5244375.998309899 4008944.3936389936, 5258809.543340368 4033944.026966333, 5287676.633401778 4033944.026965925, 5302110.178432739 4008944.39363815, 5287676.633402283 3983944.7603107467))",12,0.2719644984500341,2164.9999999792617,2,0.1849579885329957,frequency,2,-2,0.08700650991703843,0.08700650991703843
6002,"POLYGON ((5287676.633401778 4033944.026965925, 5258809.543340368 4033944.026966333, 5244375.998309444 4058943.6602940005, 5258809.543339923 4083943.2936222316, 5287676.633401315 4083943.2936218474, 5302110.178432246 4058943.6602932056, 5287676.633401778 4033944.026965925))",11,0.1734587752727867,2165.0000000225523,11,0.1948729077207887,frequency,0,0,-0.021414132448002,0.021414132448002
6003,"POLYGON ((5287676.633401315 4083943.2936218474, 5258809.543339923 4083943.2936222316, 5244375.9983090265 4108942.9269497697, 5258809.543339519 4133942.5602768883, 5287676.63340089 4133942.5602765386, 5302110.178431791 4108942.9269490344, 5287676.633401315 4083943.2936218474))",7,0.1662127939565613,2164.9999999792617,11,0.271880167187213,frequency,4,-4,-0.10566737323065167,0.10566737323065167
6007,"POLYGON ((5287676.633399858 4283940.360241289, 5258809.543338529 4283940.360241577, 5244375.998307736 4308939.993568654, 5258809.543338271 4333939.62689542, 5287676.633399586 4333939.626895155, 5302110.178430382 4308939.993568102, 5287676.633399858 4283940.360241289))",7,0.2298221188553788,2164.9999999792417,9,0.2132495535957623,frequency,2,-2,0.01657256525961648,0.01657256525961648
6008,"POLYGON ((5287676.633399586 4333939.626895155, 5258809.543338271 4333939.62689542, 5244375.9983075 4358939.2602234, 5258809.543338046 4383938.8935500905, 5287676.633399351 4383938.893549844, 5302110.178430122 4358939.260222888, 5287676.633399586 4333939.626895155))",7,0.2454992135724706,2165.0000000225527,11,0.3714066669673161,frequency,4,-4,-0.12590745339484552,0.12590745339484552
6009,"POLYGON ((5287676.633399351 4383938.893549844, 5258809.543338046 4383938.8935500905, 5244375.998307297 4408938.5268769795, 5258809.543337853 4433938.160203601, 5287676.6333991485 4433938.160203373, 5302110.1784299 4408938.526876503, 5287676.633399351 4383938.893549844))",7,0.1323189682263051,2164.9999999792417,11,0.303684200353762,frequency,4,-4,-0.17136523212745688,0.17136523212745688
6010,"POLYGON ((5287676.6333991485 4433938.160203373, 5258809.543337853 4433938.160203601, 5244375.998307125 4458937.793531407, 5258809.543337692 4483937.426857965, 5287676.633398977 4483937.426857753, 5302110.178429706 4458937.793530967, 5287676.6333991485 4433938.160203373))",11,0.325164033277724,2165.000000022593,11,0.2414069762393444,frequency,0,0,0.08375705703837957,0.08375705703837957
6011,"POLYGON ((5287676.633398977 4483937.426857753, 5258809.543337692 4483937.426857965, 5244375.998306981 4508937.060184693, 5258809.54333756 4533936.693511186, 5287676.6333988365 4533936.693510994, 5302110.178429545 4508937.06018429, 5287676.633398977 4483937.426857753))",7,0.1358866457370031,2164.9999999792417,11,0.1694655197788055,frequency,4,-4,-0.0335788740418024,0.0335788740418024
6012,"POLYGON ((5287676.6333988365 4533936.693510994, 5258809.54333756 4533936.693511186, 5244375.998306865 4558936.32683885, 5258809.543337453 4583935.960165294, 5287676.633398723 4583935.960165117, 5302110.1784294145 4558936.326838477, 5287676.6333988365 4533936.693510994))",10,0.1574745154996036,2165.0000000225527,9,0.1769888351832351,frequency,1,1,-0.019514319683631515,0.019514319683631515
6013,"POLYGON ((5287676.633398723 4583935.960165117, 5258809.543337453 4583935.960165294, 5244375.998306776 4608935.593491888, 5258809.543337373 4633935.226818286, 5287676.633398637 4633935.226818123, 5302110.178429312 4608935.593491547, 5287676.633398723 4583935.960165117))",7,0.1968429993388887,2164.9999999792417,9,0.2429591817800366,frequency,2,-2,-0.046116182441147874,0.046116182441147874
6014,"POLYGON ((5287676.633398637 4633935.226818123, 5258809.543337373 4633935.226818286, 5244375.998306712 4658934.8601458175, 5258809.543337316 4683934.493472181, 5287676.633398576 4683934.493472026, 5302110.178429234 4658934.860145512, 5287676.633398637 4633935.226818123))",7,0.1948796837077806,2165.000000022593,9,0.1792224421762199,frequency,2,-2,0.0156572415315607,0.0156572415315607
6015,"POLYGON ((5287676.633398576 4683934.493472026, 5258809.543337316 4683934.493472181, 5244375.998306669 4708934.12679866, 5258809.543337283 4733933.76012598, 5287676.633398539 4733933.760125832, 5302110.178429183 4708934.126798373, 5287676.633398576 4683934.493472026))",4,0.172528263918951,2165.0000000225523,9,0.1794552677128627,frequency,5,-5,-0.0069270037939116735,0.0069270037939116735
6043,"POLYGON ((5330977.268563857 1708978.1270281628, 5302110.178500345 1708978.1270298958, 5287676.633467693 1733977.7603689856, 5302110.17849851 1758977.3937053322, 5330977.268561972 1758977.3937036027, 5345410.813594669 1733977.760365523, 5330977.268563857 1708978.1270281628))",11,0.3186269768494062,2165.000000022563,1,0.2368261269054898,frequency,2,-2,0.08180084994391643,0.08180084994391643
6044,"POLYGON ((5330977.268561972 1758977.3937036027, 5302110.17849851 1758977.3937053322, 5287676.6334658675 1783977.0270433254, 5302110.178496646 1808976.6603795611, 5330977.268560056 1808976.660377829, 5345410.813592743 1783977.0270398608, 5330977.268561972 1758977.3937036027))",3,0.2670012307813157,2164.999999979252,2,0.2935523977583271,frequency,1,1,-0.026551166977011376,0.026551166977011376
6045,"POLYGON ((5330977.268560056 1808976.660377829, 5302110.178496646 1808976.6603795611, 5287676.633464015 1833976.2937184277, 5302110.178494754 1858975.927054539, 5330977.268558114 1858975.927052807, 5345410.813590787 1833976.293714968, 5330977.268560056 1808976.660377829))",3,0.4831455508081598,2165.000000022563,2,0.2789540109222585,frequency,1,1,0.20419153988590127,0.20419153988590127
6046,"POLYGON ((5330977.268558114 1858975.927052807, 5302110.178494754 1858975.927054539, 5287676.63346214 1883975.560392266, 5302110.178492843 1908975.1937282349, 5330977.26855615 1908975.1937265126, 5345410.813588807 1883975.5603888137, 5330977.268558114 1858975.927052807))",2,0.4262281864303565,2164.999999979252,1,0.2354545562467354,frequency,1,1,0.1907736301836211,0.1907736301836211
6047,"POLYGON ((5330977.26855615 1908975.1937265126, 5302110.178492843 1908975.1937282349, 5287676.633460247 1933974.8270668122, 5302110.178490915 1958974.4604026238, 5330977.268554167 1958974.4604009097, 5345410.813586806 1933974.827063376, 5330977.26855615 1908975.1937265126))",10,0.4066509415060512,2165.000000022563,1,0.3323575771222697,frequency,3,-3,0.07429336438378148,0.07429336438378148
6048,"POLYGON ((5330977.268554167 1958974.4604009097, 5302110.178490915 1958974.4604026238, 5287676.633458339 1983974.0937400318, 5302110.1784889735 2008973.727075685, 5330977.268552171 2008973.727073979, 5345410.81358479 1983974.0937366155, 5330977.268554167 1958974.4604009097))",5,0.2433726090154746,2164.999999979252,2,0.2823044919538744,frequency,3,3,-0.0389318829383998,0.0389318829383998
6049,"POLYGON ((5330977.268552171 2008973.727073979, 5302110.1784889735 2008973.727075685, 5287676.63345642 2033973.3604139078, 5302110.178487023 2058972.9937493803, 5330977.268550165 2058972.9937476893, 5345410.813582761 2033973.3604105145, 5330977.268552171 2008973.727073979))",3,0.4062829237805365,2165.000000022563,2,0.2652652535699348,frequency,1,1,0.1410176702106017,0.1410176702106017
6050,"POLYGON ((5330977.268550165 2058972.9937476893, 5302110.178487023 2058972.9937493803, 5287676.633454494 2083972.627086415, 5302110.178485068 2108972.2604227006, 5330977.268548153 2108972.260421019, 5345410.813580724 2083972.627083042, 5330977.268550165 2058972.9937476893))",2,0.3908791116348157,2165.0000000225523,1,0.2746368292713322,frequency,1,1,0.1162422823634835,0.1162422823634835
6051,"POLYGON ((5330977.268548153 2108972.260421019, 5302110.178485068 2108972.2604227006, 5287676.633452565 2133971.8937595217, 5302110.178483111 2158971.527094608, 5330977.268546141 2158971.5270929504, 5345410.813578683 2133971.8937561857, 5330977.268548153 2108972.260421019))",3,0.3254001809140343,2164.9999999792617,3,0.2843783681305848,frequency,0,0,0.04102181278344946,0.04102181278344946
6052,"POLYGON ((5330977.268546141 2158971.5270929504, 5302110.178483111 2158971.527094608, 5287676.633450638 2183971.160431214, 5302110.178481156 2208970.793767102, 5330977.268544129 2208970.7937654606, 5345410.813576642 2183971.1604279154, 5330977.268546141 2158971.5270929504))",11,0.3195290548384785,2165.0000000225523,3,0.3077026820652875,frequency,4,-4,0.011826372773190985,0.011826372773190985
6053,"POLYGON ((5330977.268544129 2208970.7937654606, 5302110.178481156 2208970.793767102, 5287676.633448713 2233970.427103476, 5302110.178479208 2258970.060438145, 5330977.268542124 2258970.0604365286, 5345410.813574607 2233970.427100214, 5330977.268544129 2208970.7937654606))",3,0.2401941835580928,2164.9999999792617,1,0.3008583764228058,frequency,2,2,-0.060664192864712974,0.060664192864712974
6054,"POLYGON ((5330977.268542124 2258970.0604365286, 5302110.178479208 2258970.060438145, 5287676.633446797 2283969.693774288, 5302110.178477268 2308969.3271097415, 5330977.268540128 2308969.327108144, 5345410.813572576 2283969.693771073, 5330977.268542124 2258970.0604365286))",3,0.313775578745181,2165.0000000225523,1,0.4009866085079821,frequency,2,2,-0.0872110297628011,0.0872110297628011
6055,"POLYGON ((5330977.268540128 2308969.327108144, 5302110.178477268 2308969.3271097415, 5287676.633444893 2333968.960445629, 5302110.178475342 2358968.593779861, 5330977.268538145 2358968.5937782913, 5345410.813570558 2333968.960442465, 5330977.268540128 2308969.327108144))",11,0.2444609918067303,2164.9999999792617,1,0.4115464599678609,frequency,2,-2,-0.16708546816113057,0.16708546816113057
6056,"POLYGON ((5330977.268538145 2358968.5937782913, 5302110.178475342 2358968.593779861, 5287676.633443002 2383968.2271154984, 5302110.178473431 2408967.8604504964, 5330977.268536177 2408967.860448955, 5345410.813568555 2383968.227112386, 5330977.268538145 2358968.5937782913))",10,0.3011085866059015,2165.0000000225523,3,0.2589282808516675,frequency,5,-5,0.04218030575423398,0.04218030575423398
6057,"POLYGON ((5330977.268536177 2408967.860448955, 5302110.178473431 2408967.8604504964, 5287676.633441129 2433967.493785877, 5302110.178471539 2458967.127119639, 5330977.26853423 2458967.1271181237, 5345410.813566568 2433967.493782817, 5330977.268536177 2408967.860448955))",12,0.2641714772941222,2164.9999999792617,3,0.1938976837193801,frequency,3,-3,0.07027379357474212,0.07027379357474212
6058,"POLYGON ((5330977.26853423 2458967.1271181237, 5302110.178471539 2458967.127119639, 5287676.633439275 2483966.7604557583, 5302110.17846967 2508966.3937892783, 5330977.268532306 2508966.393787787, 5345410.813564604 2483966.7604527473, 5330977.26853423 2458967.1271181237))",2,0.2344423889817498,2165.0000000225527,3,0.1938976837193801,frequency,1,-1,0.040544705262369696,0.040544705262369696
6059,"POLYGON ((5330977.268532306 2508966.393787787, 5302110.17846967 2508966.3937892783, 5287676.633437446 2533966.027124125, 5302110.178467826 2558965.660457403, 5330977.268530405 2558965.660455949, 5345410.813562663 2533966.0271211774, 5330977.268532306 2508966.393787787))",1,0.225303597991739,2164.9999999792617,10,0.2436275926181832,frequency,3,3,-0.018323994626444212,0.018323994626444212
6060,"POLYGON ((5330977.268530405 2558965.660455949, 5302110.178467826 2558965.660457403, 5287676.633435643 2583965.29379298, 5302110.178466011 2608964.9271260104, 5330977.268528534 2608964.9271245906, 5345410.813560749 2583965.2937900983, 5330977.268530405 2558965.660455949))",1,0.4003334737995341,2165.0000000225527,11,0.2187556420254433,frequency,2,2,0.18157783177409081,0.18157783177409081
6061,"POLYGON ((5330977.268528534 2608964.9271245906, 5302110.178466011 2608964.9271260104, 5287676.633433868 2633964.560460316, 5302110.178464223 2658964.193793103, 5330977.268526694 2658964.19379171, 5345410.813558866 2633964.5604574955, 5330977.268528534 2608964.9271245906))",1,0.3371683467472733,2164.9999999792617,1,0.1873235024666366,frequency,0,0,0.1498448442806367,0.1498448442806367
6062,"POLYGON ((5330977.268526694 2658964.19379171, 5302110.178464223 2658964.193793103, 5287676.633432125 2683963.8271281254, 5302110.17846247 2708963.4604606656, 5330977.268524887 2708963.460459307, 5345410.813557016 2683963.827125367, 5330977.268526694 2658964.19379171))",1,0.3334390389396618,2165.0000000225527,1,0.1873235024666366,frequency,0,0,0.14611553647302522,0.14611553647302522
6063,"POLYGON ((5330977.268524887 2708963.460459307, 5302110.17846247 2708963.4604606656, 5287676.633430416 2733963.0937944027, 5302110.17846075 2758962.7271267064, 5330977.268523117 2758962.7271253713, 5345410.813555199 2733963.093791724, 5330977.268524887 2708963.460459307))",2,0.2754288468827248,2164.9999999792417,1,0.2468918729674638,frequency,1,1,0.028536973915261,0.028536973915261
6064,"POLYGON ((5330977.268523117 2758962.7271253713, 5302110.17846075 2758962.7271267064, 5287676.633428741 2783962.3604611573, 5302110.17845907 2808961.9937932137, 5330977.268521383 2808961.9937919173, 5345410.813553422 2783962.360458543, 5330977.268523117 2758962.7271253713))",1,0.5149159105910726,2165.000000022573,1,0.2742864610667767,frequency,0,0,0.24062944952429588,0.24062944952429588
6065,"POLYGON ((5330977.268521383 2808961.9937919173, 5302110.17845907 2808961.9937932137, 5287676.633427105 2833961.627126389, 5302110.178457427 2858961.2604591954, 5330977.268519689 2858961.2604579437, 5345410.813551682 2833961.6271238457, 5330977.268521383 2808961.9937919173))",11,0.3511497275599193,2165.0000000225523,2,0.2237438062463783,frequency,3,-3,0.127405921313541,0.127405921313541
6066,"POLYGON ((5330977.268519689 2858961.2604579437, 5302110.178457427 2858961.2604591954, 5287676.633425509 2883960.893792095, 5302110.178455826 2908960.5271236524, 5330977.268518037 2908960.5271224403, 5345410.813549984 2883960.893789619, 5330977.268519689 2858961.2604579437))",4,0.2335191065598562,2164.9999999792617,10,0.2558087231922206,frequency,6,-6,-0.022289616632364395,0.022289616632364395
6067,"POLYGON ((5330977.268518037 2908960.5271224403, 5302110.178455826 2908960.5271236524, 5287676.633423952 2933960.1604562793, 5302110.178454268 2958959.793788596, 5330977.268516431 2958959.7937874133, 5345410.813548329 2933960.160453877, 5330977.268518037 2908960.5271224403))",10,0.2737169603008642,2165.0000000225523,2,0.4175787885277821,frequency,4,-4,-0.1438618282269179,0.1438618282269179
6068,"POLYGON ((5330977.268516431 2958959.7937874133, 5302110.178454268 2958959.793788596, 5287676.63342244 2983959.4271209384, 5302110.1784527525 3008959.0604520207, 5330977.268514868 3008959.0604508766, 5345410.813546719 2983959.427118616, 5330977.268516431 2958959.7937874133))",4,0.2244615779793629,2164.9999999792617,1,0.2482720938223481,frequency,3,3,-0.023810515842985214,0.023810515842985214
6069,"POLYGON ((5330977.268514868 3008959.0604508766, 5302110.1784527525 3008959.0604520207, 5287676.633420971 3033958.6937840935, 5302110.178451284 3058958.327115938, 5330977.268513352 3058958.327114835, 5345410.813545156 3033958.6937818443, 5330977.268514868 3008959.0604508766))",9,0.2085984318570418,2165.0000000225523,2,0.2736613675905191,frequency,5,-5,-0.06506293573347732,0.06506293573347732
6070,"POLYGON ((5330977.268513352 3058958.327114835, 5302110.178451284 3058958.327115938, 5287676.633419549 3083957.960447739, 5302110.178449862 3108957.5937783523, 5330977.268511884 3108957.593777285, 5345410.81354364 3083957.9604455656, 5330977.268513352 3058958.327114835))",12,0.1936391199766711,2164.9999999792617,2,0.2298128296777599,frequency,2,-2,-0.036173709701088796,0.036173709701088796
6071,"POLYGON ((5330977.268511884 3108957.593777285, 5302110.178449862 3108957.5937783523, 5287676.633418173 3133957.227109881, 5302110.178448486 3158956.8604412726, 5330977.2685104655 3158956.8604402384, 5345410.813542174 3133957.227107786, 5330977.268511884 3108957.593777285))",2,0.2886542562060875,2165.0000000225523,1,0.2871740853757859,frequency,1,1,0.0014801708303015526,0.0014801708303015526
6072,"POLYGON ((5330977.2685104655 3158956.8604402384, 5302110.178448486 3158956.8604412726, 5287676.633416844 3183956.4937725402, 5302110.178447161 3208956.127102706, 5330977.268509095 3208956.1271017157, 5345410.813540758 3183956.4937705207, 5330977.2685104655 3158956.8604402384))",4,0.3093952507829503,2164.9999999792617,2,0.2639083481085638,frequency,2,2,0.04548690267438654,0.04548690267438654
6073,"POLYGON ((5330977.268509095 3208956.1271017157, 5302110.178447161 3208956.127102706, 5287676.633415563 3233955.760434717, 5302110.178445883 3258955.3937646677, 5330977.268507779 3258955.3937637047, 5345410.813539392 3233955.7604327733, 5330977.268509095 3208956.1271017157))",7,0.2925414780375244,2165.0000000225527,1,0.3035680292184468,frequency,6,6,-0.011026551180922384,0.011026551180922384
6074,"POLYGON ((5330977.268507779 3258955.3937637047, 5302110.178445883 3258955.3937646677, 5287676.633414332 3283955.0270954235, 5302110.178444657 3308954.660425157, 5330977.268506509 3308954.6604242404, 5345410.81353808 3283955.0270935516, 5330977.268507779 3258955.3937637047))",1,0.1980471325684168,2164.9999999792617,2,0.2754608809312739,frequency,1,-1,-0.07741374836285711,0.07741374836285711
6075,"POLYGON ((5330977.268506509 3308954.6604242404, 5302110.178444657 3308954.660425157, 5287676.63341315 3333954.2937566685, 5302110.17844348 3358953.927086193, 5330977.268505293 3358953.927085316, 5345410.813536819 3333954.293754864, 5330977.268506509 3308954.6604242404))",6,0.1711375176389971,2165.0000000225527,2,0.2754608809312739,frequency,4,4,-0.10432336329227682,0.10432336329227682
6076,"POLYGON ((5330977.268505293 3358953.927085316, 5302110.17844348 3358953.927086193, 5287676.633412018 3383953.56041646, 5302110.178442355 3408953.1937457803, 5330977.26850413 3408953.193744945, 5345410.813535609 3383953.560414738, 5330977.268505293 3358953.927085316))",6,0.2143442025541944,2164.9999999792417,1,0.2817185655144659,frequency,5,5,-0.0673743629602715,0.0673743629602715
6077,"POLYGON ((5330977.26850413 3408953.193744945, 5302110.178442355 3408953.1937457803, 5287676.633410935 3433952.8270768216, 5302110.17844128 3458952.4604059476, 5330977.268503019 3458952.4604051425, 5345410.813534453 3433952.8270751704, 5330977.26850413 3408953.193744945))",3,0.15395701211236,2165.000000022573,1,0.2373731127737961,frequency,2,2,-0.08341610066143612,0.08341610066143612
6078,"POLYGON ((5330977.268503019 3458952.4604051425, 5302110.17844128 3458952.4604059476, 5287676.633409903 3483952.0937357596, 5302110.178440257 3508951.7270646878, 5330977.268501962 3508951.7270639148, 5345410.81353335 3483952.093734175, 5330977.268503019 3458952.4604051425))",5,0.1616599303659846,2164.9999999792417,1,0.2575230589201462,frequency,4,4,-0.0958631285541616,0.0958631285541616
6079,"POLYGON ((5330977.268501962 3508951.7270639148, 5302110.178440257 3508951.7270646878, 5287676.633408922 3533951.3603952783, 5302110.178439283 3558950.9937240314, 5330977.268500953 3558950.9937232933, 5345410.813532298 3533951.3603937747, 5330977.268501962 3508951.7270639148))",8,0.2608176271080655,2165.000000022573,1,0.2575230589201462,frequency,5,-5,0.003294568187919289,0.003294568187919289
6080,"POLYGON ((5330977.268500953 3558950.9937232933, 5302110.178439283 3558950.9937240314, 5287676.633407991 3583950.6270534024, 5302110.178438361 3608950.2603829727, 5330977.268499998 3608950.260382278, 5345410.813531302 3583950.6270519653, 5330977.268500953 3558950.9937232933))",2,0.2033263659351069,2165.0000000225523,1,0.2568388853919863,frequency,1,1,-0.053512519456879404,0.053512519456879404
6081,"POLYGON ((5330977.268499998 3608950.260382278, 5302110.178438361 3608950.2603829727, 5287676.63340711 3633949.893712139, 5302110.178437488 3658949.527040546, 5330977.268499097 3658949.5270398757, 5345410.813530357 3633949.8937107776, 5330977.268499998 3608950.260382278))",8,0.2155579957056039,2164.9999999792617,1,0.2257077210902933,frequency,5,-5,-0.01014972538468939,0.01014972538468939
6082,"POLYGON ((5330977.268499097 3658949.5270398757, 5302110.178437488 3658949.527040546, 5287676.633406278 3683949.1603695075, 5302110.178436667 3708948.793698745, 5330977.268498244 3708948.7936981176, 5345410.813529465 3683949.1603682064, 5330977.268499097 3658949.5270398757))",6,0.163552302719649,2165.0000000225523,1,0.2256971905272896,frequency,5,5,-0.0621448878076406,0.0621448878076406
6083,"POLYGON ((5330977.268498244 3708948.7936981176, 5302110.178436667 3708948.793698745, 5287676.6334054945 3733948.4270275165, 5302110.178435894 3758948.0603556028, 5330977.268497444 3758948.0603550035, 5345410.813528625 3733948.427026286, 5330977.268498244 3708948.7936981176))",4,0.2041332412763974,2164.9999999792617,1,0.1982674867937259,frequency,3,3,0.005865754482671487,0.005865754482671487
6084,"POLYGON ((5330977.268497444 3758948.0603550035, 5302110.178435894 3758948.0603556028, 5287676.63340476 3783947.6936841877, 5302110.178435167 3808947.327013126, 5330977.268496692 3808947.3270125566, 5345410.813527835 3783947.6936830217, 5330977.268497444 3758948.0603550035))",11,0.1793666200984447,2165.0000000225523,1,0.2212466194947177,frequency,2,-2,-0.04187999939627299,0.04187999939627299
6085,"POLYGON ((5330977.268496692 3808947.3270125566, 5302110.178435167 3808947.327013126, 5287676.6334040705 3833946.9603415346, 5302110.178434492 3858946.5936693223, 5330977.26849599 3858946.593668789, 5345410.813527094 3833946.960340428, 5330977.268496692 3808947.3270125566))",4,0.2104429785060897,2164.9999999792617,11,0.1934908376082025,frequency,5,5,0.016952140897887213,0.016952140897887213
6086,"POLYGON ((5330977.26849599 3858946.593668789, 5302110.178434492 3858946.5936693223, 5287676.63340343 3883946.2269975645, 5302110.178433861 3908945.8603262235, 5330977.268495336 3908945.8603257146, 5345410.813526405 3883946.2269965224, 5330977.26849599 3858946.593668789))",6,0.17539848866777,2165.0000000225523,3,0.1770782387367208,frequency,3,3,-0.0016797500689507971,0.0016797500689507971
6087,"POLYGON ((5330977.268495336 3908945.8603257146, 5302110.178433861 3908945.8603262235, 5287676.633402835 3933945.493654296, 5302110.178433279 3958945.1269818237, 5330977.268494731 3958945.126981347, 5345410.813525764 3933945.4936533105, 5330977.268495336 3908945.8603257146))",4,0.1797461182260557,2164.9999999792617,11,0.2304053294642948,frequency,5,5,-0.05065921123823908,0.05065921123823908
6088,"POLYGON ((5330977.268494731 3958945.126981347, 5302110.178433279 3958945.1269818237, 5287676.633402283 3983944.7603107467, 5302110.178432739 4008944.39363815, 5330977.26849417 4008944.3936377033, 5345410.81352517 3983944.76030982, 5330977.268494731 3958945.126981347))",1,0.1676806793796348,2165.0000000225527,12,0.2873094498927015,frequency,1,1,-0.11962877051306672,0.11962877051306672
6089,"POLYGON ((5330977.26849417 4008944.3936377033, 5302110.178432739 4008944.39363815, 5287676.633401778 4033944.026965925, 5302110.178432246 4058943.6602932056, 5330977.268493657 4058943.66029279, 5345410.8135246225 4033944.026965058, 5330977.26849417 4008944.3936377033))",1,0.2201504956148965,2164.9999999792417,2,0.2237558606479827,frequency,1,-1,-0.0036053650330861997,0.0036053650330861997
6090,"POLYGON ((5330977.268493657 4058943.66029279, 5302110.178432246 4058943.6602932056, 5287676.633401315 4083943.2936218474, 5302110.178431791 4108942.9269490344, 5330977.268493183 4108942.926948641, 5345410.813524119 4083943.293621038, 5330977.268493657 4058943.66029279))",11,0.3170803454450964,2165.000000022573,2,0.201966408910813,frequency,3,-3,0.1151139365342834,0.1151139365342834
6091,"POLYGON ((5330977.268493183 4108942.926948641, 5302110.178431791 4108942.9269490344, 5287676.63340089 4133942.5602765386, 5302110.178431381 4158942.193603614, 5330977.268492757 4158942.1936032437, 5345410.813523661 4133942.5602757717, 5330977.268493183 4108942.926948641))",2,0.2680012901427408,2164.9999999792417,11,0.338605692739271,frequency,3,3,-0.07060440259653017,0.07060440259653017
6095,"POLYGON ((5330977.268491712 4308939.993567807, 5302110.178430382 4308939.993568102, 5287676.633399586 4333939.626895155, 5302110.178430122 4358939.260222888, 5330977.2684914395 4358939.260222615, 5345410.813522237 4333939.626894583, 5330977.268491712 4308939.993567807))",12,0.1843440589050199,2165.0000000225523,9,0.3367623523086764,frequency,3,3,-0.1524182934036565,0.1524182934036565
6096,"POLYGON ((5330977.2684914395 4358939.260222615, 5302110.178430122 4358939.260222888, 5287676.633399351 4383938.893549844, 5302110.1784299 4408938.526876503, 5330977.268491207 4408938.526876246, 5345410.813521979 4383938.893549311, 5330977.2684914395 4358939.260222615))",7,0.322326791140071,2164.9999999792817,9,0.2240822131637949,frequency,2,-2,0.09824457797627612,0.09824457797627612
6097,"POLYGON ((5330977.268491207 4408938.526876246, 5302110.1784299 4408938.526876503, 5287676.6333991485 4433938.160203373, 5302110.178429706 4458937.793530967, 5330977.268491004 4458937.793530727, 5345410.813521756 4433938.160202876, 5330977.268491207 4408938.526876246))",7,0.2433694287168441,2165.0000000225523,6,0.2096618612825222,frequency,1,1,0.033707567434321906,0.033707567434321906
6098,"POLYGON ((5330977.268491004 4458937.793530727, 5302110.178429706 4458937.793530967, 5287676.633398977 4483937.426857753, 5302110.178429545 4508937.06018429, 5330977.268490832 4508937.060184073, 5345410.813521562 4483937.426857304, 5330977.268491004 4458937.793530727))",1,0.1944868136104666,2164.9999999792417,6,0.2096618612825222,frequency,5,-5,-0.015175047672055603,0.015175047672055603
6099,"POLYGON ((5330977.268490832 4508937.060184073, 5302110.178429545 4508937.06018429, 5287676.6333988365 4533936.693510994, 5302110.1784294145 4558936.326838477, 5330977.268490694 4558936.326838274, 5345410.813521402 4533936.693510586, 5330977.268490832 4508937.060184073))",1,0.1701231817584612,2165.0000000225523,9,0.2312350137322493,frequency,4,4,-0.06111183197378811,0.06111183197378811
6100,"POLYGON ((5330977.268490694 4558936.326838274, 5302110.1784294145 4558936.326838477, 5287676.633398723 4583935.960165117, 5302110.178429312 4608935.593491547, 5330977.268490583 4608935.593491364, 5345410.8135212725 4583935.960164741, 5330977.268490694 4558936.326838274))",1,0.3239521474823942,2164.9999999792817,6,0.2088608219773132,frequency,5,-5,0.115091325505081,0.115091325505081
6130,"POLYGON ((5374277.903660122 1683978.4936881838, 5345410.8135965625 1683978.4936899918, 5330977.268563857 1708978.1270281628, 5345410.813594669 1733977.760365523, 5374277.9036581805 1733977.7603637124, 5388711.44869093 1708978.1270245472, 5374277.903660122 1683978.4936881838))",2,0.2233442847024579,2165.0000000225523,2,0.2877451458074342,frequency,0,0,-0.06440086110497631,0.06440086110497631
6131,"POLYGON ((5374277.9036581805 1733977.7603637124, 5345410.813594669 1733977.760365523, 5330977.268561972 1758977.3937036027, 5345410.813592743 1783977.0270398608, 5374277.903656203 1783977.027038049, 5388711.448688946 1758977.3936999852, 5374277.9036581805 1733977.7603637124))",3,0.440771432659842,2164.999999979252,1,0.2705111018038051,frequency,2,2,0.17026033085603687,0.17026033085603687
6132,"POLYGON ((5374277.903656203 1783977.027038049, 5345410.813592743 1783977.0270398608, 5330977.268560056 1808976.660377829, 5345410.813590787 1833976.293714968, 5374277.903654196 1833976.29371316, 5388711.4486869285 1808976.6603742111, 5374277.903656203 1783977.027038049))",3,0.4408485825535725,2165.000000022563,11,0.2687065147593293,frequency,4,4,0.17214206779424324,0.17214206779424324
6133,"POLYGON ((5374277.903654196 1833976.29371316, 5345410.813590787 1833976.293714968, 5330977.268558114 1858975.927052807, 5345410.813588807 1883975.5603888137, 5374277.903652163 1883975.5603870149, 5388711.448684881 1858975.9270492012, 5374277.903654196 1833976.29371316))",2,0.253200179967012,2164.999999979252,1,0.198916014074266,frequency,1,1,0.054284165892745984,0.054284165892745984
6134,"POLYGON ((5374277.903652163 1883975.5603870149, 5345410.813588807 1883975.5603888137, 5330977.26855615 1908975.1937265126, 5345410.813586806 1933974.827063376, 5374277.903650111 1933974.8270615747, 5388711.448682812 1908975.1937229163, 5374277.903652163 1883975.5603870149))",1,0.2465815228953654,2165.000000022563,3,0.2568928260959556,frequency,2,-2,-0.010311303200590205,0.010311303200590205
6135,"POLYGON ((5374277.903650111 1933974.8270615747, 5345410.813586806 1933974.827063376, 5330977.268554167 1958974.4604009097, 5345410.81358479 1983974.0937366155, 5374277.903648039 1983974.0937348255, 5388711.448680722 1958974.46039733, 5374277.903650111 1933974.8270615747))",4,0.6052094599233813,2164.999999979252,1,0.2065439023272669,frequency,3,3,0.39866555759611433,0.39866555759611433
6136,"POLYGON ((5374277.903648039 1983974.0937348255, 5345410.81358479 1983974.0937366155, 5330977.268552171 2008973.727073979, 5345410.813582761 2033973.3604105145, 5374277.903645956 2033973.360408741, 5388711.448678616 2008973.727070424, 5374277.903648039 1983974.0937348255))",3,0.3413803727732957,2165.000000022563,1,0.1977781586450819,frequency,2,2,0.1436022141282138,0.1436022141282138
6137,"POLYGON ((5374277.903645956 2033973.360408741, 5345410.813582761 2033973.3604105145, 5330977.268550165 2058972.9937476893, 5345410.813580724 2083972.627083042, 5374277.903643863 2083972.6270812887, 5388711.448676501 2058972.993744162, 5374277.903645956 2033973.360408741))",5,0.2530057041408031,2164.999999979252,1,0.2973358393970455,frequency,4,4,-0.04433013525624241,0.04433013525624241
6138,"POLYGON ((5374277.903643863 2083972.6270812887, 5345410.813580724 2083972.627083042, 5330977.268548153 2108972.260421019, 5345410.813578683 2133971.8937561857, 5374277.903641767 2133971.893754447, 5388711.448674379 2108972.260417521, 5374277.903643863 2083972.6270812887))",1,0.4388373430784152,2165.0000000225523,1,0.2594088218945166,frequency,0,0,0.17942852118389863,0.17942852118389863
6139,"POLYGON ((5374277.903641767 2133971.893754447, 5345410.813578683 2133971.8937561857, 5330977.268546141 2158971.5270929504, 5345410.813576642 2183971.1604279154, 5374277.9036396695 2183971.1604261966, 5388711.448672255 2158971.527089484, 5374277.903641767 2133971.893754447))",11,0.5332061991433854,2164.9999999792617,3,0.3901142099431213,frequency,4,-4,0.1430919892002641,0.1430919892002641
6140,"POLYGON ((5374277.9036396695 2183971.1604261966, 5345410.813576642 2183971.1604279154, 5330977.268544129 2208970.7937654606, 5345410.813574607 2233970.427100214, 5374277.903637577 2233970.4270985182, 5388711.448670131 2208970.793762033, 5374277.9036396695 2183971.1604261966))",1,0.3802921912782606,2165.0000000225523,3,0.3458067315486455,frequency,2,-2,0.03448545972961509,0.03448545972961509
6141,"POLYGON ((5374277.903637577 2233970.4270985182, 5345410.813574607 2233970.427100214, 5330977.268542124 2258970.0604365286, 5345410.813572576 2283969.693771073, 5374277.903635491 2283969.693769393, 5388711.448668012 2258970.0604331484, 5374277.903637577 2233970.4270985182))",1,0.2548629425709651,2164.9999999792617,3,0.3652842177302137,frequency,2,-2,-0.1104212751592486,0.1104212751592486
6142,"POLYGON ((5374277.903635491 2283969.693769393, 5345410.813572576 2283969.693771073, 5330977.268540128 2308969.327108144, 5345410.813570558 2333968.960442465, 5374277.903633418 2333968.960440807, 5388711.448665904 2308969.3271048088, 5374277.903635491 2283969.693769393))",1,0.3551159691682585,2165.0000000225523,3,0.3608112678601924,frequency,2,-2,-0.005695298691933914,0.005695298691933914
6143,"POLYGON ((5374277.903633418 2333968.960440807, 5345410.813570558 2333968.960442465, 5330977.268538145 2358968.5937782913, 5345410.813568555 2383968.227112386, 5374277.903631357 2383968.227110758, 5388711.4486638075 2358968.593775007, 5374277.903633418 2333968.960440807))",4,0.2078642456001721,2164.9999999792617,3,0.2225088089072365,frequency,1,1,-0.014644563307064401,0.014644563307064401
6144,"POLYGON ((5374277.903631357 2383968.227110758, 5345410.813568555 2383968.227112386, 5330977.268536177 2408967.860448955, 5345410.813566568 2433967.493782817, 5374277.903629315 2433967.4937812136, 5388711.448661728 2408967.8604457234, 5374277.903631357 2383968.227110758))",6,0.2100455658632614,2165.0000000225523,3,0.2286393040489806,frequency,3,3,-0.018593738185719216,0.018593738185719216
6145,"POLYGON ((5374277.903629315 2433967.4937812136, 5345410.813566568 2433967.493782817, 5330977.26853423 2458967.1271181237, 5345410.813564604 2483966.7604527473, 5374277.903627294 2483966.7604511785, 5388711.448659668 2458967.1271149516, 5374277.903629315 2433967.4937812136))",9,0.3206410515258225,2165.0000000225523,3,0.224995504266596,frequency,6,6,0.0956455472592265,0.0956455472592265
6146,"POLYGON ((5374277.903627294 2483966.7604511785, 5345410.813564604 2483966.7604527473, 5330977.268532306 2508966.393787787, 5345410.813562663 2533966.0271211774, 5374277.903625298 2533966.0271196393, 5388711.448657632 2508966.393784677, 5374277.903627294 2483966.7604511785))",10,0.2476529356793121,2164.9999999792617,3,0.2151298351485687,frequency,5,-5,0.03252310053074339,0.03252310053074339
6147,"POLYGON ((5374277.903625298 2533966.0271196393, 5345410.813562663 2533966.0271211774, 5330977.268530405 2558965.660455949, 5345410.813560749 2583965.2937900983, 5374277.9036233295 2583965.2937885867, 5388711.448655621 2558965.6604529, 5374277.903625298 2533966.0271196393))",10,0.2429721046573424,2165.0000000225523,1,0.2900381306825867,frequency,3,-3,-0.04706602602524432,0.04706602602524432
6148,"POLYGON ((5374277.9036233295 2583965.2937885867, 5345410.813560749 2583965.2937900983, 5330977.268528534 2608964.9271245906, 5345410.813558866 2633964.5604574955, 5374277.903621391 2633964.5604560147, 5388711.44865364 2608964.927121605, 5374277.9036233295 2583965.2937885867))",7,0.1787553084720966,2164.9999999792617,3,0.3281790067309442,frequency,4,4,-0.14942369825884758,0.14942369825884758
6149,"POLYGON ((5374277.903621391 2633964.5604560147, 5345410.813558866 2633964.5604574955, 5330977.268526694 2658964.19379171, 5345410.813557016 2683963.827125367, 5374277.903619487 2683963.827123927, 5388711.44865169 2658964.1937887985, 5374277.903621391 2633964.5604560147))",9,0.2418470039752603,2165.0000000225523,3,0.3896979127811541,frequency,6,6,-0.14785090880589383,0.14785090880589383
6150,"POLYGON ((5374277.903619487 2683963.827123927, 5345410.813557016 2683963.827125367, 5330977.268524887 2708963.460459307, 5345410.813555199 2733963.093791724, 5374277.903617617 2733963.0937903128, 5388711.448649777 2708963.460456458, 5374277.903619487 2683963.827123927))",7,0.3632331326023734,2164.9999999792617,3,0.2873269026906617,frequency,4,4,0.0759062299117117,0.0759062299117117
6151,"POLYGON ((5374277.903617617 2733963.0937903128, 5345410.813555199 2733963.093791724, 5330977.268523117 2758962.7271253713, 5345410.813553422 2783962.360458543, 5374277.903615786 2783962.360457178, 5388711.4486479 2758962.727122602, 5374277.903617617 2733963.0937903128))",9,0.2786422544511245,2165.0000000225523,2,0.2232266928155299,frequency,5,-5,0.05541556163559461,0.05541556163559461
6152,"POLYGON ((5374277.903615786 2783962.360457178, 5345410.813553422 2783962.360458543, 5330977.268521383 2808961.9937919173, 5345410.813551682 2833961.6271238457, 5374277.903613994 2833961.6271225167, 5388711.448646062 2808961.9937892174, 5374277.903615786 2783962.360457178))",4,0.2400036977447541,2164.9999999792617,2,0.2779756684769585,frequency,2,2,-0.037971970732204374,0.037971970732204374
6153,"POLYGON ((5374277.903613994 2833961.6271225167, 5345410.813551682 2833961.6271238457, 5330977.268519689 2858961.2604579437, 5345410.813549984 2883960.893789619, 5374277.903612246 2883960.893788327, 5388711.4486442655 2858961.260455314, 5374277.903613994 2833961.6271225167))",10,0.2086851759092688,2165.0000000225523,2,0.2953645049158034,frequency,4,-4,-0.0866793290065346,0.0866793290065346
6154,"POLYGON ((5374277.903612246 2883960.893788327, 5345410.813549984 2883960.893789619, 5330977.268518037 2908960.5271224403, 5345410.813548329 2933960.160453877, 5374277.903610542 2933960.1604526183, 5388711.448642514 2908960.527119885, 5374277.903612246 2883960.893788327))",3,0.1880022527498822,2164.9999999792617,2,0.3239685962787751,frequency,1,1,-0.13596634352889292,0.13596634352889292
6155,"POLYGON ((5374277.903610542 2933960.1604526183, 5345410.813548329 2933960.160453877, 5330977.268516431 2958959.7937874133, 5345410.813546719 2983959.427118616, 5374277.903608883 2983959.4271173985, 5388711.448640807 2958959.793784943, 5374277.903610542 2933960.1604526183))",2,0.204057941370621,2165.0000000225523,1,0.2713393049527503,frequency,1,1,-0.06728136358212933,0.06728136358212933
6156,"POLYGON ((5374277.903608883 2983959.4271173985, 5345410.813546719 2983959.427118616, 5330977.268514868 3008959.0604508766, 5345410.813545156 3033958.6937818443, 5374277.9036072735 3033958.6937806583, 5388711.448639149 3008959.0604484826, 5374277.903608883 2983959.4271173985))",3,0.3126139309605426,2164.9999999792617,1,0.2991749517173017,frequency,2,2,0.01343897924324089,0.01343897924324089
6157,"POLYGON ((5374277.9036072735 3033958.6937806583, 5345410.813545156 3033958.6937818443, 5330977.268513352 3058958.327114835, 5345410.81354364 3083957.9604455656, 5374277.903605711 3083957.960444422, 5388711.448637538 3058958.3271125127, 5374277.9036072735 3033958.6937806583))",4,0.2331941556024515,2165.0000000225523,2,0.2646426645378104,frequency,2,2,-0.03144850893535889,0.03144850893535889
6158,"POLYGON ((5374277.903605711 3083957.960444422, 5345410.81354364 3083957.9604455656, 5330977.268511884 3108957.593777285, 5345410.813542174 3133957.227107786, 5374277.903604198 3133957.227106688, 5388711.448635979 3108957.5937750414, 5374277.903605711 3083957.960444422))",1,0.3066615868937864,2164.9999999792617,2,0.2408365293063036,frequency,1,-1,0.06582505758748283,0.06582505758748283
6159,"POLYGON ((5374277.903604198 3133957.227106688, 5345410.813542174 3133957.227107786, 5330977.2685104655 3158956.8604402384, 5345410.813540758 3183956.4937705207, 5374277.903602738 3183956.4937694594, 5388711.448634469 3158956.86043808, 5374277.903604198 3133957.227106688))",6,0.3446454801213886,2165.0000000225523,2,0.2639083481085638,frequency,4,4,0.08073713201282484,0.08073713201282484
6160,"POLYGON ((5374277.903602738 3183956.4937694594, 5345410.813540758 3183956.4937705207, 5330977.268509095 3208956.1271017157, 5345410.813539392 3233955.7604327733, 5374277.90360133 3233955.760431747, 5388711.448633013 3208956.12709963, 5374277.903602738 3183956.4937694594))",9,0.1758825484676432,2165.0000000225523,1,0.3131682411216978,frequency,4,-4,-0.13728569265405458,0.13728569265405458
6161,"POLYGON ((5374277.90360133 3233955.760431747, 5345410.813539392 3233955.7604327733, 5330977.268507779 3258955.3937637047, 5345410.81353808 3283955.0270935516, 5374277.903599974 3283955.0270925714, 5388711.448631609 3258955.3937617056, 5374277.90360133 3233955.760431747))",4,0.3096625523133167,2164.9999999792617,1,0.3131682411216978,frequency,3,3,-0.003505688808381091,0.003505688808381091
6162,"POLYGON ((5374277.903599974 3283955.0270925714, 5345410.81353808 3283955.0270935516, 5330977.268506509 3308954.6604242404, 5345410.813536819 3333954.293754864, 5374277.903598672 3333954.293753924, 5388711.44863026 3308954.660422309, 5374277.903599974 3283955.0270925714))",10,0.2205392309853133,2165.0000000225523,2,0.3009216033365045,frequency,4,-4,-0.08038237235119117,0.08038237235119117
6163,"POLYGON ((5374277.903598672 3333954.293753924, 5345410.813536819 3333954.293754864, 5330977.268505293 3358953.927085316, 5345410.813535609 3383953.560414738, 5374277.903597426 3383953.5604138314, 5388711.448628964 3358953.927083469, 5374277.903598672 3333954.293753924))",12,0.1689357405718431,2164.9999999792617,1,0.31285573447256,frequency,1,-1,-0.14391999390071689,0.14391999390071689
6164,"POLYGON ((5374277.903597426 3383953.5604138314, 5345410.813535609 3383953.560414738, 5330977.26850413 3408953.193744945, 5345410.813534453 3433952.8270751704, 5374277.903596231 3433952.8270743038, 5388711.448627725 3408953.193743166, 5374277.903597426 3383953.5604138314))",11,0.1503043596473927,2165.0000000225523,1,0.2823803690444058,frequency,2,-2,-0.13207600939701308,0.13207600939701308
6165,"POLYGON ((5374277.903596231 3433952.8270743038, 5345410.813534453 3433952.8270751704, 5330977.268503019 3458952.4604051425, 5345410.81353335 3483952.093734175, 5374277.903595091 3483952.09373335, 5388711.448626539 3458952.4604034447, 5374277.903596231 3433952.8270743038))",8,0.2495662195683149,2164.9999999792617,1,0.2476601549716471,frequency,5,-5,0.0019060645966678114,0.0019060645966678114
6166,"POLYGON ((5374277.903595091 3483952.09373335, 5345410.81353335 3483952.093734175, 5330977.268501962 3508951.7270639148, 5345410.813532298 3533951.3603937747, 5374277.903594006 3533951.360392977, 5388711.44862541 3508951.727062298, 5374277.903595091 3483952.09373335))",5,0.2093079237687514,2165.0000000225523,1,0.2779843984951115,frequency,4,4,-0.06867647472636007,0.06867647472636007
6167,"POLYGON ((5374277.903594006 3533951.360392977, 5345410.813532298 3533951.3603937747, 5330977.268500953 3558950.9937232933, 5345410.813531302 3583950.6270519653, 5374277.903592974 3583950.627051213, 5388711.448624332 3558950.993721752, 5374277.903594006 3533951.360392977))",9,0.2556121797285787,2164.9999999792617,1,0.2240032300963664,frequency,4,-4,0.03160894963221228,0.03160894963221228
6168,"POLYGON ((5374277.903592974 3583950.627051213, 5345410.813531302 3583950.6270519653, 5330977.268499998 3608950.260382278, 5345410.813530357 3633949.8937107776, 5374277.903591997 3633949.8937100596, 5388711.448623314 3608950.260380804, 5374277.903592974 3583950.627051213))",1,0.1507422774259105,2165.0000000225523,1,0.225200291580941,frequency,0,0,-0.07445801415503048,0.07445801415503048
6169,"POLYGON ((5374277.903591997 3633949.8937100596, 5345410.813530357 3633949.8937107776, 5330977.268499097 3658949.5270398757, 5345410.813529465 3683949.1603682064, 5374277.903591073 3683949.160367533, 5388711.448622346 3658949.5270384843, 5374277.903591997 3633949.8937100596))",2,0.2309226326689498,2164.9999999792617,1,0.2070086795698206,frequency,1,1,0.023913953099129193,0.023913953099129193
6170,"POLYGON ((5374277.903591073 3683949.160367533, 5345410.813529465 3683949.1603682064, 5330977.268498244 3708948.7936981176, 5345410.813528625 3733948.427026286, 5374277.903590206 3733948.4270256357, 5388711.448621435 3708948.793696787, 5374277.903591073 3683949.160367533))",4,0.214941274609002,2165.0000000225523,1,0.2394427338956766,frequency,3,3,-0.024501459286674604,0.024501459286674604
6171,"POLYGON ((5374277.903590206 3733948.4270256357, 5345410.813528625 3733948.427026286, 5330977.268497444 3758948.0603550035, 5345410.813527835 3783947.6936830217, 5374277.903589387 3783947.693682407, 5388711.448620576 3758948.0603537452, 5374277.903590206 3733948.4270256357))",4,0.1552052417429121,2164.9999999792617,1,0.2209623916912458,frequency,3,3,-0.0657571499483337,0.0657571499483337
6172,"POLYGON ((5374277.903589387 3783947.693682407, 5345410.813527835 3783947.6936830217, 5330977.268496692 3808947.3270125566, 5345410.813527094 3833946.960340428, 5374277.90358862 3833946.9603398517, 5388711.44861977 3808947.32701137, 5374277.903589387 3783947.693682407))",2,0.2319312052297109,2165.0000000225523,11,0.2033262806982171,frequency,3,3,0.028604924531493797,0.028604924531493797
6173,"POLYGON ((5374277.90358862 3833946.9603398517, 5345410.813527094 3833946.960340428, 5330977.26849599 3858946.593668789, 5345410.813526405 3883946.2269965224, 5374277.903587906 3883946.2269959757, 5388711.448619017 3858946.5936676636, 5374277.90358862 3833946.9603398517))",5,0.1750517436451822,2164.9999999792617,1,0.2361186012707279,frequency,4,4,-0.0610668576255457,0.0610668576255457
6174,"POLYGON ((5374277.903587906 3883946.2269959757, 5345410.813526405 3883946.2269965224, 5330977.268495336 3908945.8603257146, 5345410.813525764 3933945.4936533105, 5374277.903587241 3933945.4936527982, 5388711.448618317 3908945.860324644, 5374277.903587906 3883946.2269959757))",4,0.150777429830933,2165.0000000225523,11,0.2130471569568111,frequency,5,5,-0.06226972712587808,0.06226972712587808
6185,"POLYGON ((5374277.903583063 4433938.16020262, 5345410.813521756 4433938.160202876, 5330977.268491004 4458937.793530727, 5345410.813521562 4483937.426857304, 5374277.90358286 4483937.426857065, 5388711.448613611 4458937.79353023, 5374277.903583063 4433938.16020262))",7,0.3014595676392568,2165.000000022593,9,0.1898516593895653,frequency,2,-2,0.1116079082496915,0.1116079082496915
6186,"POLYGON ((5374277.90358286 4483937.426857065, 5345410.813521562 4483937.426857304, 5330977.268490832 4508937.060184073, 5345410.813521402 4533936.693510586, 5374277.90358269 4533936.6935103685, 5388711.44861342 4508937.060183613, 5374277.90358286 4483937.426857065))",9,0.2818037387513985,2164.9999999792417,6,0.2332296805971926,frequency,3,3,0.04857405815420593,0.04857405815420593
6187,"POLYGON ((5374277.90358269 4533936.6935103685, 5345410.813521402 4533936.693510586, 5330977.268490694 4558936.326838274, 5345410.8135212725 4583935.960164741, 5374277.903582556 4583935.960164529, 5388711.448613263 4558936.326837856, 5374277.90358269 4533936.6935103685))",3,0.2351724908444059,2165.0000000225527,6,0.2335927827235266,frequency,3,-3,0.0015797081208792918,0.0015797081208792918
6188,"POLYGON ((5374277.903582556 4583935.960164529, 5345410.8135212725 4583935.960164741, 5330977.268490583 4608935.593491364, 5345410.813521176 4633935.226817768, 5374277.903582448 4633935.226817582, 5388711.44861314 4608935.593490966, 5374277.903582556 4583935.960164529))",7,0.1791548622773967,2164.9999999792417,9,0.2264048332049266,frequency,2,-2,-0.047249970927529916,0.047249970927529916
6216,"POLYGON ((5417578.538758434 1608979.5936723254, 5388711.4486947805 1608979.593674195, 5374277.903662025 1633979.2270124988, 5388711.448692877 1658978.8603499383, 5417578.538756484 1658978.8603480645, 5432012.083789286 1633979.2270087532, 5417578.538758434 1608979.5936723254))",4,0.21707083777536,2165.000000022563,11,0.3348526409140595,frequency,5,5,-0.11778180313869949,0.11778180313869949
6217,"POLYGON ((5417578.538756484 1658978.8603480645, 5388711.448692877 1658978.8603499383, 5374277.903660122 1683978.4936881838, 5388711.44869093 1708978.1270245472, 5417578.538754489 1708978.1270226703, 5432012.08378729 1683978.49368443, 5417578.538756484 1658978.8603480645))",3,0.2143267167408711,2164.999999979252,11,0.2970859168330911,frequency,4,4,-0.08275920009222001,0.08275920009222001
6218,"POLYGON ((5417578.538754489 1708978.1270226703, 5388711.44869093 1708978.1270245472, 5374277.9036581805 1733977.7603637124, 5388711.448688946 1758977.3936999852, 5417578.538752456 1758977.3936981019, 5432012.083785252 1733977.7603599466, 5417578.538754489 1708978.1270226703))",3,0.2866983619436442,2165.000000022563,11,0.2218329776390828,frequency,4,4,0.06486538430456137,0.06486538430456137
6220,"POLYGON ((5417578.538750389 1808976.6603723287, 5388711.4486869285 1808976.6603742111, 5374277.903654196 1833976.29371316, 5388711.448684881 1858975.9270492012, 5417578.538748291 1858975.9270473171, 5432012.083781068 1833976.2937093934, 5417578.538750389 1808976.6603723287))",1,0.1914477648946591,2165.000000022563,11,0.2204441142399077,frequency,2,2,-0.028996349345248612,0.028996349345248612
6221,"POLYGON ((5417578.538748291 1858975.9270473171, 5388711.448684881 1858975.9270492012, 5374277.903652163 1883975.5603870149, 5388711.448682812 1908975.1937229163, 5417578.538746169 1908975.1937210395, 5432012.083778932 1883975.5603832584, 5417578.538748291 1858975.9270473171))",8,0.469695985248078,2164.999999979252,3,0.2769432894364169,frequency,5,5,0.1927526958116611,0.1927526958116611
6222,"POLYGON ((5417578.538746169 1908975.1937210395, 5388711.448682812 1908975.1937229163, 5374277.903650111 1933974.8270615747, 5388711.448680722 1958974.46039733, 5417578.538744026 1958974.4603954647, 5432012.083776772 1933974.8270578382, 5417578.538746169 1908975.1937210395))",12,0.3162419942547311,2165.000000022563,3,0.2910488921016988,frequency,3,-3,0.025193102153032276,0.025193102153032276
6225,"POLYGON ((5417578.538739696 2058972.993742319, 5388711.448676501 2058972.993744162, 5374277.903643863 2083972.6270812887, 5388711.448674379 2108972.260417521, 5417578.538737519 2108972.2604156956, 5432012.083770201 2083972.6270776165, 5417578.538739696 2058972.993742319))",2,0.2642523469135223,2165.0000000225523,11,0.2526132621029074,frequency,3,3,0.011639084810614875,0.011639084810614875
6226,"POLYGON ((5417578.538737519 2108972.2604156956, 5388711.448674379 2108972.260417521, 5374277.903641767 2133971.893754447, 5388711.448672255 2158971.527089484, 5417578.538735338 2158971.527087678, 5432012.083767992 2133971.8937508115, 5417578.538737519 2108972.2604156956))",1,0.1945882105518557,2164.9999999792617,11,0.268080755777705,frequency,2,2,-0.0734925452258493,0.0734925452258493
6227,"POLYGON ((5417578.538735338 2158971.527087678, 5388711.448672255 2158971.527089484, 5374277.9036396695 2183971.1604261966, 5388711.448670131 2208970.793762033, 5417578.538733158 2208970.79376025, 5432012.083765784 2183971.160422595, 5417578.538735338 2158971.527087678))",2,0.279399155602114,2165.0000000225523,1,0.2983367449136533,frequency,1,1,-0.018937589311539327,0.018937589311539327
6228,"POLYGON ((5417578.538733158 2208970.79376025, 5388711.448670131 2208970.793762033, 5374277.903637577 2233970.4270985182, 5388711.448668012 2258970.0604331484, 5417578.538730985 2258970.0604313836, 5432012.083763578 2233970.4270949657, 5417578.538733158 2208970.79376025))",2,0.2094236986310585,2164.9999999792617,3,0.3458067315486455,frequency,1,-1,-0.136383032917587,0.136383032917587
6229,"POLYGON ((5417578.538730985 2258970.0604313836, 5388711.448668012 2258970.0604331484, 5374277.903635491 2283969.693769393, 5388711.448665904 2308969.3271048088, 5417578.538728819 2308969.3271030663, 5432012.08376138 2283969.693765887, 5417578.538730985 2258970.0604313836))",5,0.2090869415514665,2165.0000000225523,1,0.2994924464684228,frequency,4,4,-0.09040550491695631,0.09040550491695631
6230,"POLYGON ((5417578.538728819 2308969.3271030663, 5388711.448665904 2308969.3271048088, 5374277.903633418 2333968.960440807, 5388711.4486638075 2358968.593775007, 5417578.538726667 2358968.5937732887, 5432012.083759192 2333968.9604373574, 5417578.538728819 2308969.3271030663))",12,0.3848342680277628,2164.9999999792617,3,0.3652842177302136,frequency,3,-3,0.01955005029754925,0.01955005029754925
6231,"POLYGON ((5417578.538726667 2358968.5937732887, 5388711.4486638075 2358968.593775007, 5374277.903631357 2383968.227110758, 5388711.448661728 2408967.8604457234, 5417578.5387245305 2408967.8604440354, 5432012.08375702 2383968.227107358, 5417578.538726667 2358968.5937732887))",12,0.3596936498999856,2165.0000000225523,3,0.2791529543855608,frequency,3,-3,0.08054069551442478,0.08054069551442478
6232,"POLYGON ((5417578.5387245305 2408967.8604440354, 5388711.448661728 2408967.8604457234, 5374277.903629315 2433967.4937812136, 5388711.448659668 2458967.1271149516, 5417578.5387224145 2458967.1271132915, 5432012.083754865 2433967.49377787, 5417578.5387245305 2408967.8604440354))",1,0.6841622966100547,2164.9999999792617,10,0.26009401634892,frequency,3,3,0.4240682802611347,0.4240682802611347
6233,"POLYGON ((5417578.5387224145 2458967.1271132915, 5388711.448659668 2458967.1271149516, 5374277.903627294 2483966.7604511785, 5388711.448657632 2508966.393784677, 5417578.538720322 2508966.3937830534, 5432012.083752733 2483966.7604478975, 5417578.5387224145 2458967.1271132915))",11,0.2466395255774699,2165.0000000225527,10,0.2076217920980671,frequency,1,1,0.039017733479402794,0.039017733479402794
6234,"POLYGON ((5417578.538720322 2508966.3937830534, 5388711.448657632 2508966.393784677, 5374277.903625298 2533966.0271196393, 5388711.448655621 2558965.6604529, 5417578.538718257 2558965.660451305, 5432012.083750625 2533966.0271164225, 5417578.538720322 2508966.3937830534))",1,0.2515018253943947,2164.9999999792617,3,0.2649529589977337,frequency,2,-2,-0.013451133603338994,0.013451133603338994
6235,"POLYGON ((5417578.538718257 2558965.660451305, 5388711.448655621 2558965.6604529, 5374277.9036233295 2583965.2937885867, 5388711.44865364 2608964.927121605, 5417578.538716221 2608964.927120043, 5432012.0837485455 2583965.2937854356, 5417578.538718257 2558965.660451305))",1,0.3677859277663488,2165.0000000225527,5,0.2098461168152641,frequency,4,-4,0.15793981095108467,0.15793981095108467
6236,"POLYGON ((5417578.538716221 2608964.927120043, 5388711.44865364 2608964.927121605, 5374277.903621391 2633964.5604560147, 5388711.44865169 2658964.1937887985, 5417578.538714217 2658964.1937872684, 5432012.083746498 2633964.560452932, 5417578.538716221 2608964.927120043))",2,0.2756717506783017,2164.9999999792617,3,0.2584544442889604,frequency,1,-1,0.01721730638934127,0.01721730638934127
6237,"POLYGON ((5417578.538714217 2658964.1937872684, 5388711.44865169 2658964.1937887985, 5374277.903619487 2683963.827123927, 5388711.448649777 2708963.460456458, 5417578.538712248 2708963.4604549706, 5432012.083744485 2683963.8271209174, 5417578.538714217 2658964.1937872684))",3,0.5837257780344961,2165.0000000225527,5,0.2503063032744214,frequency,2,-2,0.3334194747600747,0.3334194747600747
6238,"POLYGON ((5417578.538712248 2708963.4604549706, 5388711.448649777 2708963.460456458, 5374277.903617617 2733963.0937903128, 5388711.4486479 2758962.727122602, 5417578.538710317 2758962.727121153, 5432012.083742509 2733963.0937873777, 5417578.538712248 2708963.4604549706))",3,0.4135285569851846,2164.9999999792417,3,0.2154053776369609,frequency,0,0,0.19812317934822368,0.19812317934822368
6239,"POLYGON ((5417578.538710317 2758962.727121153, 5388711.4486479 2758962.727122602, 5374277.903615786 2783962.360457178, 5388711.448646062 2808961.9937892174, 5417578.538708428 2808961.993787808, 5432012.0837405715 2783962.3604543125, 5417578.538710317 2758962.727121153))",12,0.2071478462021139,2165.000000022573,3,0.2154053776369609,frequency,3,-3,-0.008257531434847004,0.008257531434847004
6240,"POLYGON ((5417578.538708428 2808961.993787808, 5388711.448646062 2808961.9937892174, 5374277.903613994 2833961.6271225167, 5388711.4486442655 2858961.260455314, 5417578.53870658 2858961.260453941, 5432012.083738676 2833961.6271197246, 5417578.538708428 2808961.993787808))",5,0.3786324913423596,2165.0000000225523,10,0.2312599871210856,frequency,5,-5,0.14737250422127401,0.14737250422127401
6241,"POLYGON ((5417578.53870658 2858961.260453941, 5388711.4486442655 2858961.260455314, 5374277.903612246 2883960.893788327, 5388711.448642514 2908960.527119885, 5417578.538704777 2908960.5271185525, 5432012.083736826 2883960.8937856164, 5417578.53870658 2858961.260453941))",7,0.2734918648794965,2164.9999999792617,1,0.2477127125783166,frequency,6,6,0.025779152301179914,0.025779152301179914
6242,"POLYGON ((5417578.538704777 2908960.5271185525, 5388711.448642514 2908960.527119885, 5374277.903610542 2933960.1604526183, 5388711.448640807 2958959.793784943, 5417578.5387030225 2958959.7937836414, 5432012.083735022 2933960.160449986, 5417578.538704777 2908960.5271185525))",2,0.2358879505745625,2165.0000000225523,2,0.2300317624312795,frequency,0,0,0.005856188143282981,0.005856188143282981
6243,"POLYGON ((5417578.5387030225 2958959.7937836414, 5388711.448640807 2958959.793784943, 5374277.903608883 2983959.4271173985, 5388711.448639149 3008959.0604484826, 5417578.5387013145 3008959.060447226, 5432012.083733264 2983959.4271148453, 5417578.5387030225 2958959.7937836414))",12,0.2185876787490985,2164.9999999792617,1,0.2832967911956063,frequency,1,-1,-0.06470911244650779,0.06470911244650779
6244,"POLYGON ((5417578.5387013145 3008959.060447226, 5388711.448639149 3008959.0604484826, 5374277.9036072735 3033958.6937806583, 5388711.448637538 3058958.3271125127, 5417578.538699657 3058958.327111297, 5432012.083731557 3033958.693778193, 5417578.5387013145 3008959.060447226))",10,0.1624887121858794,2165.0000000225523,1,0.2246951385301395,frequency,3,-3,-0.0622064263442601,0.0622064263442601
6245,"POLYGON ((5417578.538699657 3058958.327111297, 5388711.448637538 3058958.3271125127, 5374277.903605711 3083957.960444422, 5388711.448635979 3108957.5937750414, 5417578.538698049 3108957.5937738717, 5432012.0837299 3083957.960442034, 5417578.538699657 3058958.327111297))",2,0.3929733644430366,2164.9999999792617,2,0.2880711346903421,frequency,0,0,0.10490222975269448,0.10490222975269448
6246,"POLYGON ((5417578.538698049 3108957.5937738717, 5388711.448635979 3108957.5937750414, 5374277.903604198 3133957.227106688, 5388711.448634469 3158956.86043808, 5417578.538696496 3158956.8604369424, 5432012.083728297 3133957.2271043807, 5417578.538698049 3108957.5937738717))",8,0.1809977154990146,2165.0000000225523,2,0.2640090049583086,frequency,6,6,-0.08301128945929398,0.08301128945929398
6247,"POLYGON ((5417578.538696496 3158956.8604369424, 5388711.448634469 3158956.86043808, 5374277.903602738 3183956.4937694594, 5388711.448633013 3208956.12709963, 5417578.5386949945 3208956.1270985357, 5432012.083726746 3183956.493767235, 5417578.538696496 3158956.8604369424))",9,0.2952249754719648,2164.9999999792617,1,0.2663511127759038,frequency,4,-4,0.028873862696061015,0.028873862696061015
6248,"POLYGON ((5417578.5386949945 3208956.1270985357, 5388711.448633013 3208956.12709963, 5374277.90360133 3233955.760431747, 5388711.448631609 3258955.3937617056, 5417578.538693548 3258955.393760653, 5432012.083725251 3233955.7604296077, 5417578.5386949945 3208956.1270985357))",3,0.2370068537230126,2165.0000000225527,1,0.298594573901411,frequency,2,2,-0.061587720178398364,0.061587720178398364
6249,"POLYGON ((5417578.538693548 3258955.393760653, 5388711.448631609 3258955.3937617056, 5374277.903599974 3283955.0270925714, 5388711.44863026 3308954.660422309, 5417578.538692157 3308954.6604213007, 5432012.083723811 3283955.027090507, 5417578.538693548 3258955.393760653))",9,0.2708499868076024,2164.9999999792617,1,0.2468798363573749,frequency,4,-4,0.023970150450227518,0.023970150450227518
6250,"POLYGON ((5417578.538692157 3308954.6604213007, 5388711.44863026 3308954.660422309, 5374277.903598672 3333954.293753924, 5388711.448628964 3358953.927083469, 5417578.538690821 3358953.9270824944, 5432012.083722427 3333954.2937519504, 5417578.538692157 3308954.6604213007))",11,0.2204573321185059,2165.0000000225527,1,0.2690306959836143,frequency,2,-2,-0.04857336386510838,0.04857336386510838
6251,"POLYGON ((5417578.538690821 3358953.9270824944, 5388711.448628964 3358953.927083469, 5374277.903597426 3383953.5604138314, 5388711.448627725 3408953.193743166, 5417578.538689541 3408953.193742245, 5432012.0837211 3383953.560411936, 5417578.538690821 3358953.9270824944))",6,0.1871858994547121,2164.9999999792417,1,0.2976789037641831,frequency,5,5,-0.11049300430947101,0.11049300430947101
6252,"POLYGON ((5417578.538689541 3408953.193742245, 5388711.448627725 3408953.193743166, 5374277.903596231 3433952.8270743038, 5388711.448626539 3458952.4604034447, 5417578.538688318 3458952.4604025604, 5432012.083719829 3433952.8270724863, 5417578.538689541 3408953.193742245))",7,0.1577750545572819,2165.000000022573,1,0.2603833331035882,frequency,6,6,-0.10260827854630628,0.10260827854630628
6253,"POLYGON ((5417578.538688318 3458952.4604025604, 5388711.448626539 3458952.4604034447, 5374277.903595091 3483952.09373335, 5388711.44862541 3508951.727062298, 5417578.538687153 3508951.7270614486, 5432012.0837186165 3483952.0937316115, 5417578.538688318 3458952.4604025604))",7,0.2427616154552536,2164.9999999792417,1,0.2469387501011597,frequency,6,6,-0.004177134645906105,0.004177134645906105
6254,"POLYGON ((5417578.538687153 3508951.7270614486, 5388711.44862541 3508951.727062298, 5374277.903594006 3533951.360392977, 5388711.448624332 3558950.993721752, 5417578.538686043 3558950.9937209385, 5432012.08371746 3533951.360391318, 5417578.538687153 3508951.7270614486))",9,0.1875882620325101,2165.000000022573,1,0.2148483834172308,frequency,4,-4,-0.027260121384720698,0.027260121384720698
6255,"POLYGON ((5417578.538686043 3558950.9937209385, 5388711.448624332 3558950.993721752, 5374277.903592974 3583950.627051213, 5388711.448623314 3608950.260380804, 5417578.538684988 3608950.260380029, 5432012.083716359 3583950.62704963, 5417578.538686043 3558950.9937209385))",8,0.2031335261805414,2165.0000000225523,1,0.2355748102573848,frequency,5,-5,-0.03244128407684341,0.03244128407684341
6256,"POLYGON ((5417578.538684988 3608950.260380029, 5388711.448623314 3608950.260380804, 5374277.903591997 3633949.8937100596, 5388711.448622346 3658949.5270384843, 5417578.538683989 3658949.527037746, 5432012.083715319 3633949.8937085425, 5417578.538684988 3608950.260380029))",11,0.1508250780913384,2164.9999999792617,1,0.1734742016300037,frequency,2,-2,-0.0226491235386653,0.0226491235386653
6257,"POLYGON ((5417578.538683989 3658949.527037746, 5388711.448622346 3658949.5270384843, 5374277.903591073 3683949.160367533, 5388711.448621435 3708948.793696787, 5417578.538683048 3708948.793696088, 5432012.083714332 3683949.160366091, 5417578.538683989 3658949.527037746))",8,0.1580881753582353,2165.0000000225523,3,0.2670645007660219,frequency,5,5,-0.1089763254077866,0.1089763254077866
6258,"POLYGON ((5417578.538683048 3708948.793696088, 5388711.448621435 3708948.793696787, 5374277.903590206 3733948.4270256357, 5388711.448620576 3758948.0603537452, 5417578.538682159 3758948.060353087, 5432012.083713401 3733948.4270242825, 5417578.538683048 3708948.793696088))",8,0.1651374994188488,2164.9999999792617,3,0.244018292878574,frequency,5,5,-0.07888079345972518,0.07888079345972518
6259,"POLYGON ((5417578.538682159 3758948.060353087, 5388711.448620576 3758948.0603537452, 5374277.903589387 3783947.693682407, 5388711.44861977 3808947.32701137, 5417578.538681326 3808947.327010736, 5432012.083712527 3783947.693681118, 5417578.538682159 3758948.060353087))",9,0.1478157428377206,2165.0000000225523,3,0.2707453209769336,frequency,6,6,-0.12292957813921301,0.12292957813921301
6260,"POLYGON ((5417578.538681326 3808947.327010736, 5388711.44861977 3808947.32701137, 5374277.90358862 3833946.9603398517, 5388711.448619017 3858946.5936676636, 5417578.538680547 3858946.5936670657, 5432012.083711705 3833946.96033863, 5417578.538681326 3808947.327010736))",3,0.1943747021718508,2164.9999999792617,11,0.2899782819911984,frequency,4,4,-0.09560357981934761,0.09560357981934761
6304,"POLYGON ((5460879.173852939 1633979.2270068112, 5432012.083789286 1633979.2270087532, 5417578.538756484 1658978.8603480645, 5432012.08378729 1683978.49368443, 5460879.173850898 1683978.4936824767, 5475312.718883746 1658978.8603441676, 5460879.173852939 1633979.2270068112))",11,0.2728725111868108,2165.000000022563,11,0.2528878738115054,frequency,0,0,0.01998463737530537,0.01998463737530537
6305,"POLYGON ((5460879.173850898 1683978.4936824767, 5432012.08378729 1683978.49368443, 5417578.538754489 1708978.1270226703, 5432012.083785252 1733977.7603599466, 5460879.173848812 1733977.760357993, 5475312.718881658 1708978.1270187611, 5460879.173850898 1683978.4936824767))",11,0.2571193774285664,2165.0000000225523,3,0.3687217291020394,frequency,4,-4,-0.11160235167347299,0.11160235167347299
6307,"POLYGON ((5460879.173846686 1783977.027032326, 5432012.083783176 1783977.0270342852, 5417578.538750389 1808976.6603723287, 5432012.083781068 1833976.2937093934, 5460879.173844527 1833976.293707441, 5475312.718877362 1808976.6603684132, 5460879.173846686 1783977.027032326))",1,0.283975527142238,2165.000000022563,3,0.5201522799241617,frequency,2,-2,-0.23617675278192368,0.23617675278192368
6309,"POLYGON ((5460879.173842341 1883975.560381305, 5432012.083778932 1883975.5603832584, 5417578.538746169 1908975.1937210395, 5432012.083776772 1933974.8270578382, 5460879.173840128 1933974.8270558966, 5475312.718872937 1908975.1937171407, 5460879.173842341 1883975.560381305))",10,0.3853327974389803,2165.000000022563,3,0.2712952730019725,frequency,5,-5,0.11403752443700782,0.11403752443700782
6311,"POLYGON ((5460879.173837898 1983974.0937291693, 5432012.083774595 1983974.0937311102, 5417578.538741867 2008973.7270685637, 5432012.083772402 2033973.3604050404, 5460879.173835651 2033973.3604031208, 5475312.718868423 2008973.7270647027, 5460879.173837898 1983974.0937291693))",2,0.3754523527887454,2165.000000022563,2,0.2818733953428318,frequency,0,0,0.0935789574459136,0.0935789574459136
6313,"POLYGON ((5460879.173833395 2083972.6270757082, 5432012.083770201 2083972.6270776165, 5417578.538737519 2108972.2604156956, 5432012.083767992 2133971.8937508115, 5460879.173831131 2133971.8937489227, 5475312.718863856 2108972.260411896, 5460879.173833395 2083972.6270757082))",6,0.1600562922305766,2165.0000000225523,1,0.2337750164093354,frequency,5,5,-0.0737187241787588,0.0737187241787588
6314,"POLYGON ((5460879.173831131 2133971.8937489227, 5432012.083767992 2133971.8937508115, 5417578.538735338 2158971.527087678, 5432012.083765784 2183971.160422595, 5460879.173828867 2183971.1604207326, 5475312.718861564 2158971.5270839175, 5460879.173831131 2133971.8937489227))",2,0.4279739193164434,2164.9999999792617,3,0.288474697289739,frequency,1,-1,0.1394992220267044,0.1394992220267044
6315,"POLYGON ((5460879.173828867 2183971.1604207326, 5432012.083765784 2183971.160422595, 5417578.538733158 2208970.79376025, 5432012.083763578 2233970.4270949657, 5460879.173826606 2233970.4270931142, 5475312.718859274 2208970.793756526, 5460879.173828867 2183971.1604207326))",1,0.3647609323820407,2165.0000000225523,11,0.2049870588977968,frequency,2,2,0.1597738734842439,0.1597738734842439
6316,"POLYGON ((5460879.173826606 2233970.4270931142, 5432012.083763578 2233970.4270949657, 5417578.538730985 2258970.0604313836, 5432012.08376138 2283969.693765887, 5460879.173824351 2283969.693764067, 5475312.718856987 2258970.0604277104, 5460879.173826606 2233970.4270931142))",6,0.2045740366240782,2164.9999999792617,1,0.266102050228502,frequency,5,5,-0.06152801360442378,0.06152801360442378
6317,"POLYGON ((5460879.173824351 2283969.693764067, 5432012.08376138 2283969.693765887, 5417578.538728819 2308969.3271030663, 5432012.083759192 2333968.9604373574, 5460879.173822109 2333968.9604355576, 5475312.7188547095 2308969.3270994434, 5460879.173824351 2283969.693764067))",5,0.2496592318241803,2165.0000000225523,3,0.3253161174676094,frequency,2,2,-0.07565688564342912,0.07565688564342912
6318,"POLYGON ((5460879.173822109 2333968.9604355576, 5432012.083759192 2333968.9604373574, 5417578.538726667 2358968.5937732887, 5432012.08375702 2383968.227107358, 5460879.17381988 2383968.227105584, 5475312.718852445 2358968.5937697203, 5460879.173822109 2333968.9604355576))",7,0.4908830021068213,2164.9999999792617,3,0.2846382248602347,frequency,4,4,0.20624477724658657,0.20624477724658657
6320,"POLYGON ((5460879.173817669 2433967.4937761305, 5432012.083754865 2433967.49377787, 5417578.5387224145 2458967.1271132915, 5432012.083752733 2483966.7604478975, 5460879.1738154795 2483966.7604461904, 5475312.718847969 2458967.127109838, 5460879.173817669 2433967.4937761305))",5,0.2811191340666886,2165.0000000225523,11,0.203228592528925,frequency,6,-6,0.07789054153776359,0.07789054153776359
6321,"POLYGON ((5460879.1738154795 2483966.7604461904, 5432012.083752733 2483966.7604478975, 5417578.538720322 2508966.3937830534, 5432012.083750625 2533966.0271164225, 5460879.173813317 2533966.0271147434, 5475312.718845763 2508966.3937796615, 5460879.1738154795 2483966.7604461904))",4,0.3162664622143439,2164.9999999792617,10,0.2302222327745856,frequency,6,-6,0.08604422943975831,0.08604422943975831
6322,"POLYGON ((5460879.173813317 2533966.0271147434, 5432012.083750625 2533966.0271164225, 5417578.538718257 2558965.660451305, 5432012.0837485455 2583965.2937854356, 5460879.173811181 2583965.2937837946, 5475312.718843587 2558965.660447986, 5460879.173813317 2533966.0271147434))",4,0.2533860300188151,2165.0000000225523,2,0.2124365453735666,frequency,2,2,0.0409494846452485,0.0409494846452485
6323,"POLYGON ((5460879.173811181 2583965.2937837946, 5432012.0837485455 2583965.2937854356, 5417578.538716221 2608964.927120043, 5432012.083746498 2633964.560452932, 5460879.173809079 2633964.560451326, 5475312.71884144 2608964.927116795, 5460879.173811181 2583965.2937837946))",3,0.2872180676777083,2164.9999999792617,1,0.2092980462481805,frequency,2,2,0.07792002142952781,0.07792002142952781
6324,"POLYGON ((5460879.173809079 2633964.560451326, 5432012.083746498 2633964.560452932, 5417578.538714217 2658964.1937872684, 5432012.083744485 2683963.8271209174, 5460879.173807013 2683963.827119341, 5475312.718839327 2658964.193784089, 5460879.173809079 2633964.560451326))",2,0.4415290107626539,2165.0000000225523,3,0.2165430492785341,frequency,1,-1,0.22498596148411978,0.22498596148411978
6325,"POLYGON ((5460879.173807013 2683963.827119341, 5432012.083744485 2683963.8271209174, 5417578.538712248 2708963.4604549706, 5432012.083742509 2733963.0937873777, 5460879.173804982 2733963.0937858415, 5475312.718837252 2708963.4604518623, 5460879.173807013 2683963.827119341))",2,0.3601694214352124,2164.9999999792617,2,0.2270753228279954,frequency,0,0,0.13309409860721702,0.13309409860721702
6326,"POLYGON ((5460879.173804982 2733963.0937858415, 5432012.083742509 2733963.0937873777, 5417578.538710317 2758962.727121153, 5432012.0837405715 2783962.3604543125, 5460879.173802992 2783962.360452814, 5475312.718835214 2758962.727118123, 5460879.173804982 2733963.0937858415))",8,0.3202544777894119,2165.0000000225523,3,0.3797915987639728,frequency,5,5,-0.059537120974560875,0.059537120974560875
6327,"POLYGON ((5460879.173802992 2783962.360452814, 5432012.0837405715 2783962.3604543125, 5417578.538708428 2808961.993787808, 5432012.083738676 2833961.6271197246, 5460879.173801044 2833961.627118273, 5475312.718833219 2808961.9937848547, 5460879.173802992 2783962.360452814))",9,0.3064629340691635,2164.9999999792617,3,0.3406085871622245,frequency,6,6,-0.034145653093061,0.034145653093061
6328,"POLYGON ((5460879.173801044 2833961.627118273, 5432012.083738676 2833961.6271197246, 5417578.53870658 2858961.260453941, 5432012.083736826 2883960.8937856164, 5460879.173799142 2883960.8937842003, 5475312.718831268 2858961.2604510663, 5460879.173801044 2833961.627118273))",6,0.3027551278462493,2165.0000000225523,2,0.1775428026071863,frequency,4,4,0.125212325239063,0.125212325239063
6329,"POLYGON ((5460879.173799142 2883960.8937842003, 5432012.083736826 2883960.8937856164, 5417578.538704777 2908960.5271185525, 5432012.083735022 2933960.160449986, 5460879.173797288 2933960.1604486126, 5475312.718829364 2908960.527115757, 5460879.173799142 2883960.8937842003))",1,0.2918502388172141,2164.9999999792617,1,0.2772276881743243,frequency,0,0,0.014622550642889809,0.014622550642889809
6330,"POLYGON ((5460879.173797288 2933960.1604486126, 5432012.083735022 2933960.160449986, 5417578.5387030225 2958959.7937836414, 5432012.083733264 2983959.4271148453, 5460879.173795481 2983959.427113512, 5475312.7188275065 2958959.793780936, 5460879.173797288 2933960.1604486126))",11,0.2646594858260473,2165.0000000225523,2,0.192900037043876,frequency,3,-3,0.0717594487821713,0.0717594487821713
6331,"POLYGON ((5460879.173795481 2983959.427113512, 5432012.083733264 2983959.4271148453, 5417578.5387013145 3008959.060447226, 5432012.083731557 3033958.693778193, 5460879.173793725 3033958.6937769013, 5475312.718825701 3008959.0604445986, 5460879.173795481 2983959.427113512))",12,0.5522725701942093,2164.9999999792617,1,0.2466140498668001,frequency,1,-1,0.30565852032740914,0.30565852032740914
6332,"POLYGON ((5460879.173793725 3033958.6937769013, 5432012.083731557 3033958.693778193, 5417578.538699657 3058958.327111297, 5432012.0837299 3083957.960442034, 5460879.173792021 3083957.960440785, 5475312.718823946 3058958.3271087585, 5460879.173793725 3033958.6937769013))",2,0.3232692006951222,2165.0000000225523,2,0.2871880209021428,frequency,0,0,0.03608117979297942,0.03608117979297942
6333,"POLYGON ((5460879.173792021 3083957.960440785, 5432012.0837299 3083957.960442034, 5417578.538698049 3108957.5937738717, 5432012.083728297 3133957.2271043807, 5460879.173790372 3133957.227103171, 5475312.7188222455 3108957.593771416, 5460879.173792021 3083957.960440785))",10,0.2142014571794667,2164.9999999792617,1,0.2743020140029389,frequency,3,-3,-0.060100556823472207,0.060100556823472207
6334,"POLYGON ((5460879.173790372 3133957.227103171, 5432012.083728297 3133957.2271043807, 5417578.538696496 3158956.8604369424, 5432012.083726746 3183956.493767235, 5460879.173788776 3183956.493766069, 5475312.718820599 3158956.860434577, 5460879.173790372 3133957.227103171))",3,0.2571107720464755,2165.0000000225523,2,0.2298128296777599,frequency,1,1,0.027297942368715578,0.027297942368715578
6335,"POLYGON ((5460879.173788776 3183956.493766069, 5432012.083726746 3183956.493767235, 5417578.5386949945 3208956.1270985357, 5432012.083725251 3233955.7604296077, 5460879.173787235 3233955.7604284855, 5475312.718819009 3208956.127096253, 5460879.173788776 3183956.493766069))",5,0.2634545258841456,2165.0000000225523,1,0.3038754315650677,frequency,4,4,-0.0404209056809221,0.0404209056809221
6336,"POLYGON ((5460879.173787235 3233955.7604284855, 5432012.083725251 3233955.7604296077, 5417578.538693548 3258955.393760653, 5432012.083723811 3283955.027090507, 5460879.173785752 3283955.0270894337, 5475312.718817476 3258955.39375845, 5460879.173787235 3233955.7604284855))",4,0.2605153649019056,2164.9999999792617,1,0.2880264757502708,frequency,3,3,-0.027511110848365217,0.027511110848365217
6337,"POLYGON ((5460879.173785752 3283955.0270894337, 5432012.083723811 3283955.027090507, 5417578.538692157 3308954.6604213007, 5432012.083722427 3333954.2937519504, 5460879.173784327 3333954.2937509124, 5475312.718816001 3308954.6604191875, 5460879.173785752 3283955.0270894337))",1,0.2478341571946432,2165.0000000225523,1,0.2464187208031011,frequency,0,0,0.0014154363915420964,0.0014154363915420964
6338,"POLYGON ((5460879.173784327 3333954.2937509124, 5432012.083722427 3333954.2937519504, 5417578.538690821 3358953.9270824944, 5432012.0837211 3383953.560411936, 5460879.1737829605 3383953.5604109378, 5475312.718814583 3358953.9270804636, 5460879.173784327 3333954.2937509124))",12,0.1875913410727011,2164.9999999792617,1,0.2378009667705109,frequency,1,-1,-0.05020962569780982,0.05020962569780982
6339,"POLYGON ((5460879.1737829605 3383953.5604109378, 5432012.0837211 3383953.560411936, 5417578.538689541 3408953.193742245, 5432012.083719829 3433952.8270724863, 5460879.17378165 3433952.8270715354, 5475312.718813226 3408953.1937402883, 5460879.1737829605 3383953.5604109378))",9,0.2264548826948611,2165.0000000225523,1,0.219482589886261,frequency,4,-4,0.006972292808600122,0.006972292808600122
6340,"POLYGON ((5460879.17378165 3433952.8270715354, 5432012.083719829 3433952.8270724863, 5417578.538688318 3458952.4604025604, 5432012.0837186165 3483952.0937316115, 5460879.173780398 3483952.093730697, 5475312.7188119255 3458952.46040069, 5460879.17378165 3433952.8270715354))",3,0.241714292701693,2164.9999999792617,1,0.2350597019347574,frequency,2,2,0.006654590766935614,0.006654590766935614
6341,"POLYGON ((5460879.173780398 3483952.093730697, 5432012.0837186165 3483952.0937316115, 5417578.538687153 3508951.7270614486, 5432012.08371746 3533951.360391318, 5460879.173779207 3533951.3603904424, 5475312.718810685 3508951.727059665, 5460879.173780398 3483952.093730697))",4,0.2017903067606644,2165.0000000225523,1,0.2345582139575368,frequency,3,3,-0.03276790719687239,0.03276790719687239
6342,"POLYGON ((5460879.173779207 3533951.3603904424, 5432012.08371746 3533951.360391318, 5417578.538686043 3558950.9937209385, 5432012.083716359 3583950.62704963, 5460879.173778072 3583950.627048798, 5475312.718809504 3558950.9937192327, 5460879.173779207 3533951.3603904424))",4,0.2638578012443214,2164.9999999792617,1,0.1904761676103842,frequency,3,3,0.07338163363393721,0.07338163363393721
6343,"POLYGON ((5460879.173778072 3583950.627048798, 5432012.083716359 3583950.62704963, 5417578.538684988 3608950.260380029, 5432012.083715319 3633949.8937085425, 5460879.173776995 3633949.893707755, 5475312.718808381 3608950.2603784087, 5460879.173778072 3583950.627048798))",7,0.2916162310194641,2165.0000000225523,1,0.1651067699810981,frequency,6,6,0.126509461038366,0.126509461038366
6344,"POLYGON ((5460879.173776995 3633949.893707755, 5432012.083715319 3633949.8937085425, 5417578.538683989 3658949.527037746, 5432012.083714332 3683949.160366091, 5460879.173775978 3683949.160365336, 5475312.718807318 3658949.5270361947, 5460879.173776995 3633949.893707755))",2,0.1856193846121534,2164.9999999792617,3,0.2443018695838944,frequency,1,-1,-0.058682484971741,0.058682484971741
6345,"POLYGON ((5460879.173775978 3683949.160365336, 5432012.083714332 3683949.160366091, 5417578.538683048 3708948.793696088, 5432012.083713401 3733948.4270242825, 5460879.173775016 3733948.427023565, 5475312.718806311 3708948.7936946223, 5460879.173775978 3683949.160365336))",6,0.1691945286269885,2165.0000000225523,1,0.1661391742358456,frequency,5,5,0.003055354391142906,0.003055354391142906
6346,"POLYGON ((5460879.173775016 3733948.427023565, 5432012.083713401 3733948.4270242825, 5417578.538682159 3758948.060353087, 5432012.083712527 3783947.693681118, 5460879.173774113 3783947.6936804396, 5475312.718805365 3758948.060351681, 5460879.173775016 3733948.427023565))",11,0.2341788298392549,2164.9999999792617,3,0.2647526604277162,frequency,4,-4,-0.03057383058846133,0.03057383058846133
6392,"POLYGON ((5504179.808947402 1658978.8603421433, 5475312.718883746 1658978.8603441676, 5460879.173850898 1683978.4936824767, 5475312.718881658 1708978.1270187611, 5504179.808945268 1708978.1270167306, 5518613.3539781645 1683978.493678425, 5504179.808947402 1658978.8603421433))",4,0.3469223909486081,2164.999999979252,1,0.3464811430143663,frequency,3,3,0.0004412479342418285,0.0004412479342418285
6394,"POLYGON ((5504179.808943091 1758977.3936921535, 5475312.718879528 1758977.3936941852, 5460879.173846686 1783977.027032326, 5475312.718877362 1808976.6603684132, 5504179.808940874 1808976.6603663806, 5518613.353973763 1783977.0270282591, 5504179.808943091 1758977.3936921535))",12,0.2411384840235994,2164.999999979252,3,0.4254313630704793,frequency,3,-3,-0.1842928790468799,0.1842928790468799
6395,"POLYGON ((5504179.808940874 1808976.6603663806, 5475312.718877362 1808976.6603684132, 5460879.173844527 1833976.293707441, 5475312.718875164 1858975.9270434082, 5504179.808938626 1858975.9270413744, 5518613.353971505 1833976.293703379, 5504179.808940874 1808976.6603663806))",10,0.2231209909712287,2165.000000022563,3,0.3039200642014745,frequency,5,-5,-0.0807990732302458,0.0807990732302458
6399,"POLYGON ((5504179.808931729 2008973.7270627024, 5475312.718868423 2008973.7270647027, 5460879.173835651 2033973.3604031208, 5475312.718866144 2058972.9937384834, 5504179.808929396 2058972.9937364897, 5518613.353962211 2033973.3603991233, 5504179.808931729 2008973.7270627024))",2,0.3293244583086324,2165.000000022563,1,0.2223104907097417,frequency,1,1,0.10701396759889067,0.10701396759889067
6400,"POLYGON ((5504179.808929396 2058972.9937364897, 5475312.718866144 2058972.9937384834, 5460879.173833395 2083972.6270757082, 5475312.718863856 2108972.260411896, 5504179.808927053 2108972.260409921, 5518613.353959845 2083972.6270717448, 5504179.808929396 2058972.9937364897))",10,0.379832836098471,2165.0000000225523,3,0.2053744936591565,frequency,5,-5,0.17445834243931452,0.17445834243931452
6401,"POLYGON ((5504179.808927053 2108972.260409921, 5475312.718863856 2108972.260411896, 5460879.173831131 2133971.8937489227, 5475312.718861564 2158971.5270839175, 5504179.808924707 2158971.52708196, 5518613.353957473 2133971.893744988, 5504179.808927053 2108972.260409921))",3,0.4973350692710951,2164.9999999792617,1,0.2216954736650173,frequency,2,2,0.2756395956060778,0.2756395956060778
6402,"POLYGON ((5504179.808924707 2158971.52708196, 5475312.718861564 2158971.5270839175, 5460879.173828867 2183971.1604207326, 5475312.718859274 2208970.793756526, 5504179.808922362 2208970.7937545883, 5518613.353955099 2183971.160416834, 5504179.808924707 2158971.52708196))",11,0.1715962859202014,2165.0000000225523,3,0.2804099463377809,frequency,4,-4,-0.10881366041757948,0.10881366041757948
6403,"POLYGON ((5504179.808922362 2208970.7937545883, 5475312.718859274 2208970.793756526, 5460879.173826606 2233970.4270931142, 5475312.718856987 2258970.0604277104, 5504179.808920018 2258970.060425794, 5518613.353952726 2233970.4270892683, 5504179.808922362 2208970.7937545883))",3,0.2358546924015758,2164.9999999792617,3,0.3472834067547724,frequency,0,0,-0.11142871435319657,0.11142871435319657
6404,"POLYGON ((5504179.808920018 2258970.060425794, 5475312.718856987 2258970.0604277104, 5460879.173824351 2283969.693764067, 5475312.7188547095 2308969.3270994434, 5504179.8089176845 2308969.3270975556, 5518613.353950359 2283969.693760266, 5504179.808920018 2258970.060425794))",1,0.2254657622170594,2165.0000000225523,1,0.2489567571197521,frequency,0,0,-0.023490994902692686,0.023490994902692686
6405,"POLYGON ((5504179.8089176845 2308969.3270975556, 5475312.7188547095 2308969.3270994434, 5460879.173822109 2333968.9604355576, 5475312.718852445 2358968.5937697203, 5504179.808915364 2358968.593767861, 5518613.353948004 2333968.960431815, 5504179.8089176845 2308969.3270975556))",3,0.2818776159339156,2164.9999999792617,11,0.2541448018027438,frequency,4,4,0.02773281413117179,0.02773281413117179
6408,"POLYGON ((5504179.808910775 2458967.1271080403, 5475312.718847969 2458967.127109838, 5460879.1738154795 2483966.7604461904, 5475312.718845763 2508966.3937796615, 5504179.808908515 2508966.3937778957, 5518613.353941038 2483966.760442625, 5504179.808910775 2458967.1271080403))",2,0.2931662404315568,2165.0000000225527,11,0.2172945164228936,frequency,3,3,0.07587172400866321,0.07587172400866321
6409,"POLYGON ((5504179.808908515 2508966.3937778957, 5475312.718845763 2508966.3937796615, 5460879.173813317 2533966.0271147434, 5475312.718843587 2558965.660447986, 5504179.808906281 2558965.660446253, 5518613.353938764 2533966.0271112453, 5504179.808908515 2508966.3937778957))",4,0.217101169592607,2164.9999999792617,2,0.1702840016740393,frequency,2,2,0.046817167918567715,0.046817167918567715
6410,"POLYGON ((5504179.808906281 2558965.660446253, 5475312.718843587 2558965.660447986, 5460879.173811181 2583965.2937837946, 5475312.71884144 2608964.927116795, 5504179.808904079 2608964.9271151014, 5518613.353936519 2583965.2937803664, 5504179.808906281 2558965.660446253))",3,0.2577126313600376,2165.0000000225527,5,0.2268774332808476,frequency,2,-2,0.030835198079189968,0.030835198079189968
6411,"POLYGON ((5504179.808904079 2608964.9271151014, 5475312.71884144 2608964.927116795, 5460879.173809079 2633964.560451326, 5475312.718839327 2658964.193784089, 5504179.808901912 2658964.193782431, 5518613.353934306 2633964.5604479797, 5504179.808904079 2608964.9271151014))",4,0.2409078090930348,2164.9999999792617,3,0.220593337269047,frequency,1,1,0.020314471823987795,0.020314471823987795
6412,"POLYGON ((5504179.808901912 2658964.193782431, 5475312.718839327 2658964.193784089, 5460879.173807013 2683963.827119341, 5475312.718837252 2708963.4604518623, 5504179.808899781 2708963.4604502497, 5518613.353932129 2683963.8271160657, 5504179.808901912 2658964.193782431))",9,0.2543609923583426,2165.0000000225527,3,0.2930821253605027,frequency,6,6,-0.038721133002160124,0.038721133002160124
6413,"POLYGON ((5504179.808899781 2708963.4604502497, 5475312.718837252 2708963.4604518623, 5460879.173804982 2733963.0937858415, 5475312.718835214 2758962.727118123, 5504179.808897691 2758962.727116541, 5518613.353929991 2733963.0937826457, 5504179.808899781 2708963.4604502497))",7,0.2760124379199811,2164.9999999792417,3,0.3651598386314744,frequency,4,4,-0.0891474007114933,0.0891474007114933
6414,"POLYGON ((5504179.808897691 2758962.727116541, 5475312.718835214 2758962.727118123, 5460879.173802992 2783962.360452814, 5475312.718833219 2808961.9937848547, 5504179.808895642 2808961.993783316, 5518613.353927894 2783962.360449701, 5504179.808897691 2758962.727116541))",10,0.5289194469484739,2165.000000022573,3,0.3640521996502086,frequency,5,-5,0.16486724729826535,0.16486724729826535
6415,"POLYGON ((5504179.808895642 2808961.993783316, 5475312.718833219 2808961.9937848547, 5460879.173801044 2833961.627118273, 5475312.718831268 2858961.2604510663, 5504179.80889364 2858961.260449572, 5518613.353925842 2833961.627115236, 5504179.808895642 2808961.993783316))",3,0.2801877760778051,2165.0000000225523,11,0.2520473021810567,frequency,4,4,0.028140473896748397,0.028140473896748397
6416,"POLYGON ((5504179.80889364 2858961.260449572, 5475312.718831268 2858961.2604510663, 5460879.173799142 2883960.8937842003, 5475312.718829364 2908960.527115757, 5504179.808891684 2908960.527114305, 5518613.353923836 2883960.8937812503, 5504179.80889364 2858961.260449572))",12,0.231168660560333,2164.9999999792617,11,0.2629869656558719,frequency,1,1,-0.031818305095538874,0.031818305095538874
6417,"POLYGON ((5504179.808891684 2908960.527114305, 5475312.718829364 2908960.527115757, 5460879.173797288 2933960.1604486126, 5475312.7188275065 2958959.793780936, 5504179.8088897765 2958959.793779524, 5518613.353921879 2933960.160445744, 5504179.808891684 2908960.527114305))",3,0.2901553096629622,2165.0000000225523,2,0.2343025995782608,frequency,1,1,0.05585271008470141,0.05585271008470141
6418,"POLYGON ((5504179.8088897765 2958959.793779524, 5475312.7188275065 2958959.793780936, 5460879.173795481 2983959.427113512, 5475312.718825701 3008959.0604445986, 5504179.808887919 3008959.060443237, 5518613.353919972 2983959.427110734, 5504179.8088897765 2958959.793779524))",3,0.260912993012061,2164.9999999792617,2,0.2114781412974037,frequency,1,1,0.04943485171465731,0.04943485171465731
6419,"POLYGON ((5504179.808887919 3008959.060443237, 5475312.718825701 3008959.0604445986, 5460879.173793725 3033958.6937769013, 5475312.718823946 3058958.3271087585, 5504179.808886118 3058958.3271074314, 5518613.3539181175 3033958.693774211, 5504179.808887919 3008959.060443237))",6,0.3843495243973051,2165.0000000225523,2,0.2508078936437845,frequency,4,4,0.1335416307535206,0.1335416307535206
6420,"POLYGON ((5504179.808886118 3058958.3271074314, 5475312.718823946 3058958.3271087585, 5460879.173792021 3083957.960440785, 5475312.7188222455 3108957.593771416, 5504179.808884368 3108957.5937701375, 5518613.353916319 3083957.960438179, 5504179.808886118 3058958.3271074314))",8,0.3981472944470924,2164.9999999792617,2,0.2513543434939848,frequency,6,6,0.14679295095310763,0.14679295095310763
6421,"POLYGON ((5504179.808884368 3108957.5937701375, 5475312.7188222455 3108957.593771416, 5460879.173790372 3133957.227103171, 5475312.718820599 3158956.860434577, 5504179.808882676 3158956.860433344, 5518613.353914576 3133957.227100651, 5504179.808884368 3108957.5937701375))",4,0.2743464065502797,2165.0000000225523,1,0.2572776702807294,frequency,3,3,0.0170687362695503,0.0170687362695503
6422,"POLYGON ((5504179.808882676 3158956.860433344, 5475312.718820599 3158956.860434577, 5460879.173788776 3183956.493766069, 5475312.718819009 3208956.127096253, 5504179.8088810425 3208956.12709506, 5518613.353912887 3183956.4937636405, 5504179.808882676 3158956.860433344))",2,0.2863837410136706,2164.9999999792617,1,0.227714360341794,frequency,1,1,0.0586693806718766,0.0586693806718766
6423,"POLYGON ((5504179.8088810425 3208956.12709506, 5475312.718819009 3208956.127096253, 5460879.173787235 3233955.7604284855, 5475312.718817476 3258955.39375845, 5504179.808879464 3258955.393757307, 5518613.353911259 3233955.7604261427, 5504179.8088810425 3208956.12709506))",4,0.3678808282865423,2165.0000000225527,1,0.2563693598579257,frequency,3,3,0.11151146842861659,0.11151146842861659
6424,"POLYGON ((5504179.808879464 3258955.393757307, 5475312.718817476 3258955.39375845, 5460879.173785752 3283955.0270894337, 5475312.718816001 3308954.6604191875, 5504179.808877947 3308954.660418077, 5518613.35390969 3283955.0270871716, 5504179.808879464 3258955.393757307))",12,0.2548020341073016,2164.9999999792617,1,0.3275621863549819,frequency,1,-1,-0.07276015224768029,0.07276015224768029
6425,"POLYGON ((5504179.808877947 3308954.660418077, 5475312.718816001 3308954.6604191875, 5460879.173784327 3333954.2937509124, 5475312.718814583 3358953.9270804636, 5504179.808876487 3358953.927079404, 5518613.353908181 3333954.293748736, 5504179.808877947 3308954.660418077))",4,0.2182145176936041,2165.0000000225527,1,0.2684832145113257,frequency,3,3,-0.050268696817721586,0.050268696817721586
6426,"POLYGON ((5504179.808876487 3358953.927079404, 5475312.718814583 3358953.9270804636, 5460879.1737829605 3383953.5604109378, 5475312.718813226 3408953.1937402883, 5504179.8088750895 3408953.193739271, 5518613.353906729 3383953.560408862, 5504179.808876487 3358953.927079404))",10,0.2176088810838578,2164.9999999792417,1,0.1888553109084265,frequency,3,-3,0.028753570175431314,0.028753570175431314
6427,"POLYGON ((5504179.8088750895 3408953.193739271, 5475312.718813226 3408953.1937402883, 5460879.17378165 3433952.8270715354, 5475312.7188119255 3458952.46040069, 5504179.80887375 3458952.460399715, 5518613.353905342 3433952.827069537, 5504179.8088750895 3408953.193739271))",6,0.2056958905732421,2165.000000022573,1,0.1884506711038741,frequency,5,5,0.017245219469368023,0.017245219469368023
6428,"POLYGON ((5504179.80887375 3458952.460399715, 5475312.7188119255 3458952.46040069, 5460879.173780398 3483952.093730697, 5475312.718810685 3508951.727059665, 5504179.8088724725 3508951.7270587333, 5518613.353904013 3483952.09372879, 5504179.80887375 3458952.460399715))",6,0.279533772236264,2164.9999999792417,1,0.2463853543340344,frequency,5,5,0.03314841790222961,0.03314841790222961
6429,"POLYGON ((5504179.8088724725 3508951.7270587333, 5475312.718810685 3508951.727059665, 5460879.173779207 3533951.3603904424, 5475312.718809504 3558950.9937192327, 5504179.808871256 3558950.99371834, 5518613.353902747 3533951.3603886194, 5504179.8088724725 3508951.7270587333))",3,0.379360153394479,2165.000000022573,3,0.2305699928485612,frequency,0,0,0.1487901605459178,0.1487901605459178
6430,"POLYGON ((5504179.808871256 3558950.99371834, 5475312.718809504 3558950.9937192327, 5460879.173778072 3583950.627048798, 5475312.718808381 3608950.2603784087, 5504179.808870098 3608950.260377554, 5518613.353901543 3583950.6270470517, 5504179.808871256 3558950.99371834))",11,0.2679279665078861,2165.0000000225523,4,0.1751911769942347,frequency,5,-5,0.09273678951365139,0.09273678951365139
6431,"POLYGON ((5504179.808870098 3608950.260377554, 5475312.718808381 3608950.2603784087, 5460879.173776995 3633949.893707755, 5475312.718807318 3658949.5270361947, 5504179.8088690005 3658949.5270353854, 5518613.353900398 3633949.893706091, 5504179.808870098 3608950.260377554))",3,0.2031510822122338,2164.9999999792617,1,0.2363781979659587,frequency,2,2,-0.03322711575372489,0.03322711575372489
6432,"POLYGON ((5504179.8088690005 3658949.5270353854, 5475312.718807318 3658949.5270361947, 5460879.173775978 3683949.160365336, 5475312.718806311 3708948.7936946223, 5504179.808867963 3708948.7936938466, 5518613.353899315 3683949.1603637533, 5504179.8088690005 3658949.5270353854))",3,0.1736395704495917,2165.0000000225523,4,0.1525283289711759,frequency,1,-1,0.021111241478415782,0.021111241478415782
6433,"POLYGON ((5504179.808867963 3708948.7936938466, 5475312.718806311 3708948.7936946223, 5460879.173775016 3733948.427023565, 5475312.718805365 3758948.060351681, 5504179.808866982 3758948.060350961, 5518613.353898291 3733948.4270220567, 5504179.808867963 3708948.7936938466))",3,0.2332209375307812,2164.9999999792617,3,0.2425817007362635,frequency,0,0,-0.009360763205482292,0.009360763205482292
6434,"POLYGON ((5504179.808866982 3758948.060350961, 5475312.718805365 3758948.060351681, 5460879.173774113 3783947.6936804396, 5475312.718804472 3808947.3270094194, 5504179.808866065 3808947.3270087168, 5518613.353897326 3783947.6936790124, 5504179.808866982 3758948.060350961))",3,0.2297886398909654,2165.0000000225523,3,0.255557078323573,frequency,0,0,-0.025768438432607593,0.025768438432607593
6481,"POLYGON ((5547480.444039596 1733977.7603518274, 5518613.353975984 1733977.7603539303, 5504179.808943091 1758977.3936921535, 5518613.353973763 1783977.0270282591, 5547480.444037328 1783977.027026151, 5561913.989070268 1758977.393687944, 5547480.444039596 1733977.7603518274))",10,0.2324331795614929,2164.999999979252,2,0.3025070350473266,frequency,4,-4,-0.07007385548583372,0.07007385548583372
6482,"POLYGON ((5547480.444037328 1783977.027026151, 5518613.353973763 1783977.0270282591, 5504179.808940874 1808976.6603663806, 5518613.353971505 1833976.293703379, 5547480.44403502 1833976.2937012727, 5561913.989067956 1808976.6603621703, 5547480.444037328 1783977.027026151))",11,0.3347364358718823,2165.000000022563,1,0.316181330928432,frequency,2,-2,0.018555104943450307,0.018555104943450307
6488,"POLYGON ((5547480.444023101 2083972.6270696865, 5518613.353959845 2083972.6270717448, 5504179.808927053 2108972.260409921, 5518613.353957473 2133971.893744988, 5547480.444020674 2133971.893742947, 5561913.98905351 2108972.2604058227, 5547480.444023101 2083972.6270696865))",3,0.234773423563931,2165.0000000225523,3,0.2227340829777202,frequency,0,0,0.012039340586210784,0.012039340586210784
6489,"POLYGON ((5547480.444020674 2133971.893742947, 5518613.353957473 2133971.893744988, 5504179.808924707 2158971.52708196, 5518613.353955099 2183971.160416834, 5547480.444018244 2183971.160414817, 5561913.989051055 2158971.5270778965, 5547480.444020674 2133971.893742947))",3,0.398037562355082,2164.9999999792617,1,0.310805866115481,frequency,2,2,0.08723169623960098,0.08723169623960098
6490,"POLYGON ((5547480.444018244 2183971.160414817, 5518613.353955099 2183971.160416834, 5504179.808922362 2208970.7937545883, 5518613.353952726 2233970.4270892683, 5547480.444015816 2233970.427087268, 5561913.9890485965 2208970.793750572, 5547480.444018244 2183971.160414817))",1,0.3222097036413197,2165.0000000225523,1,0.2682881818317965,frequency,0,0,0.0539215218095232,0.0539215218095232
6491,"POLYGON ((5547480.444015816 2233970.427087268, 5518613.353952726 2233970.4270892683, 5504179.808920018 2258970.060425794, 5518613.353950359 2283969.693760266, 5547480.444013394 2283969.693758294, 5561913.989046143 2258970.0604218272, 5547480.444015816 2233970.427087268))",3,0.3217419547415907,2164.9999999792617,3,0.4305369779381157,frequency,0,0,-0.10879502319652501,0.10879502319652501
6492,"POLYGON ((5547480.444013394 2283969.693758294, 5518613.353950359 2283969.693760266, 5504179.8089176845 2308969.3270975556, 5518613.353948004 2333968.960431815, 5547480.444010982 2333968.9604298663, 5561913.989043699 2308969.3270936366, 5547480.444013394 2283969.693758294))",12,0.2231102566302991,2165.0000000225523,1,0.2480530330412205,frequency,1,-1,-0.024942776410921408,0.024942776410921408
6493,"POLYGON ((5547480.444010982 2333968.9604298663, 5518613.353948004 2333968.960431815, 5504179.808915364 2358968.593767861, 5518613.353945662 2383968.227101897, 5547480.444008585 2383968.2270999765, 5561913.989041265 2358968.5937639973, 5547480.444010982 2333968.9604298663))",6,0.3468054111892016,2164.9999999792617,3,0.2906347002965469,frequency,3,3,0.056170710892654685,0.056170710892654685
6496,"POLYGON ((5547480.444003848 2483966.7604407733, 5518613.353941038 2483966.760442625, 5504179.808908515 2508966.3937778957, 5518613.353938764 2533966.0271112453, 5547480.444001517 2533966.027109433, 5561913.989034081 2508966.3937742272, 5547480.444003848 2483966.7604407733))",1,0.3113436707121805,2164.9999999792617,3,0.2814472553976379,frequency,2,-2,0.029896415314542624,0.029896415314542624
6497,"POLYGON ((5547480.444001517 2533966.027109433, 5518613.353938764 2533966.0271112453, 5504179.808906281 2558965.660446253, 5518613.353936519 2583965.2937803664, 5547480.443999218 2583965.2937785834, 5561913.989031736 2558965.660442655, 5547480.444001517 2533966.027109433))",7,0.2742534708583166,2165.0000000225523,3,0.1858466020440922,frequency,4,4,0.08840686881422438,0.08840686881422438
6498,"POLYGON ((5547480.443999218 2583965.2937785834, 5518613.353936519 2583965.2937803664, 5504179.808904079 2608964.9271151014, 5518613.353934306 2633964.5604479797, 5547480.443996951 2633964.56044623, 5561913.989029423 2608964.9271115754, 5547480.443999218 2583965.2937785834))",5,0.349247846225465,2164.9999999792617,1,0.2622608215026435,frequency,4,4,0.0869870247228215,0.0869870247228215
6499,"POLYGON ((5547480.443996951 2633964.56044623, 5518613.353934306 2633964.5604479797, 5504179.808901912 2658964.193782431, 5518613.353932129 2683963.8271160657, 5547480.443994718 2683963.8271143665, 5561913.989027147 2658964.19377898, 5547480.443996951 2633964.56044623))",6,0.2785656995454402,2165.0000000225523,3,0.3705013185365886,frequency,3,3,-0.09193561899114838,0.09193561899114838
6500,"POLYGON ((5547480.443994718 2683963.8271143665, 5518613.353932129 2683963.8271160657, 5504179.808899781 2708963.4604502497, 5518613.353929991 2733963.0937826457, 5547480.443992527 2733963.093780975, 5561913.989024907 2708963.4604468765, 5547480.443994718 2683963.8271143665))",1,0.2235083648756377,2164.9999999792617,3,0.2691909419253822,frequency,2,-2,-0.04568257704974449,0.04568257704974449
6501,"POLYGON ((5547480.443992527 2733963.093780975, 5518613.353929991 2733963.0937826457, 5504179.808897691 2758962.727116541, 5518613.353927894 2783962.360449701, 5547480.443990376 2783962.3604480764, 5561913.989022709 2758962.7271132506, 5547480.443992527 2733963.093780975))",10,0.2368964998490507,2165.0000000225523,3,0.2564189017210729,frequency,5,-5,-0.0195224018720222,0.0195224018720222
6502,"POLYGON ((5547480.443990376 2783962.3604480764, 5518613.353927894 2783962.360449701, 5504179.808895642 2808961.993783316, 5518613.353925842 2833961.627115236, 5547480.44398827 2833961.627113653, 5561913.9890205525 2808961.993780114, 5547480.443990376 2783962.3604480764))",3,0.2511393080768625,2164.9999999792617,1,0.2253703334407134,frequency,2,2,0.025768974636149133,0.025768974636149133
6503,"POLYGON ((5547480.44398827 2833961.627113653, 5518613.353925842 2833961.627115236, 5504179.80889364 2858961.260449572, 5518613.353923836 2883960.8937812503, 5547480.443986213 2883960.893779711, 5561913.989018446 2858961.2604464493, 5547480.44398827 2833961.627113653))",7,0.196185052414109,2165.0000000225523,1,0.1979957099057751,frequency,6,6,-0.0018106574916661178,0.0018106574916661178
6504,"POLYGON ((5547480.443986213 2883960.893779711, 5518613.353923836 2883960.8937812503, 5504179.808891684 2908960.527114305, 5518613.353921879 2933960.160445744, 5547480.443984205 2933960.160444252, 5561913.989016386 2908960.5271112723, 5547480.443986213 2883960.893779711))",1,0.2823341720350582,2164.9999999792617,2,0.2114738340250818,frequency,1,-1,0.07086033800997638,0.07086033800997638
6505,"POLYGON ((5547480.443984205 2933960.160444252, 5518613.353921879 2933960.160445744, 5504179.8088897765 2958959.793779524, 5518613.353919972 2983959.427110734, 5547480.443982247 2983959.4271092815, 5561913.989014378 2958959.7937765787, 5547480.443984205 2933960.160444252))",4,0.2534355819306647,2165.0000000225523,3,0.2411091543276376,frequency,1,1,0.012326427603027074,0.012326427603027074
6506,"POLYGON ((5547480.443982247 2983959.4271092815, 5518613.353919972 2983959.427110734, 5504179.808887919 3008959.060443237, 5518613.3539181175 3033958.693774211, 5547480.443980344 3033958.693772801, 5561913.989012422 3008959.0604403783, 5547480.443982247 2983959.4271092815))",11,0.3531393762378771,2164.9999999792617,11,0.2321903056686125,frequency,0,0,0.1209490705692646,0.1209490705692646
6509,"POLYGON ((5547480.443976704 3133957.227099341, 5518613.353914576 3133957.227100651, 5504179.808882676 3158956.860433344, 5518613.353912887 3183956.4937636405, 5547480.443974971 3183956.493762367, 5561913.989006891 3158956.8604307566, 5547480.443976704 3133957.227099341))",6,0.4066322315202432,2165.0000000225523,1,0.2463979039639828,frequency,5,5,0.16023432755626038,0.16023432755626038
6510,"POLYGON ((5547480.443974971 3183956.493762367, 5518613.353912887 3183956.4937636405, 5504179.8088810425 3208956.12709506, 5518613.353911259 3233955.7604261427, 5547480.443973296 3233955.760424917, 5561913.989005163 3208956.127092569, 5547480.443974971 3183956.493762367))",12,0.323707737495618,2165.0000000225523,1,0.2880913226848994,frequency,1,-1,0.03561641481071859,0.03561641481071859
6511,"POLYGON ((5547480.443973296 3233955.760424917, 5518613.353911259 3233955.7604261427, 5504179.808879464 3258955.393757307, 5518613.35390969 3283955.0270871716, 5547480.443971684 3283955.02708599, 5561913.989003498 3258955.393754898, 5547480.443973296 3233955.760424917))",4,0.2276527833263556,2164.9999999792617,1,0.2759053263845072,frequency,3,3,-0.048252543058151603,0.048252543058151603
6512,"POLYGON ((5547480.443971684 3283955.02708599, 5518613.35390969 3283955.0270871716, 5504179.808877947 3308954.660418077, 5518613.353908181 3333954.293748736, 5547480.443970131 3333954.2937476085, 5561913.9890018925 3308954.660415771, 5547480.443971684 3283955.02708599))",2,0.2072720476449212,2165.0000000225523,1,0.2347654712620549,frequency,1,1,-0.027493423617133722,0.027493423617133722
6513,"POLYGON ((5547480.443970131 3333954.2937476085, 5518613.353908181 3333954.293748736, 5504179.808876487 3358953.927079404, 5518613.353906729 3383953.560408862, 5547480.44396864 3383953.560407769, 5561913.989000349 3358953.927077181, 5547480.443970131 3333954.2937476085))",11,0.2658251407381673,2164.9999999792617,1,0.2355748102573848,frequency,2,-2,0.030250330480782517,0.030250330480782517
6514,"POLYGON ((5547480.44396864 3383953.560407769, 5518613.353906729 3383953.560408862, 5504179.8088750895 3408953.193739271, 5518613.353905342 3433952.827069537, 5547480.44396721 3433952.827068495, 5561913.988998869 3408953.193737142, 5547480.44396864 3383953.560407769))",9,0.1398254086694824,2165.0000000225523,1,0.2740191127769895,frequency,4,-4,-0.13419370410750708,0.13419370410750708
6515,"POLYGON ((5547480.44396721 3433952.827068495, 5518613.353905342 3433952.827069537, 5504179.80887375 3458952.460399715, 5518613.353904013 3483952.09372879, 5547480.443965845 3483952.0937277833, 5561913.988997452 3458952.46039767, 5547480.44396721 3433952.827068495))",2,0.1567415053064201,2164.9999999792617,1,0.2603973492544368,frequency,1,1,-0.10365584394801672,0.10365584394801672
6516,"POLYGON ((5547480.443965845 3483952.0937277833, 5518613.353904013 3483952.09372879, 5504179.8088724725 3508951.7270587333, 5518613.353902747 3533951.3603886194, 5547480.443964541 3533951.360387662, 5561913.988996096 3508951.7270567813, 5547480.443965845 3483952.0937277833))",8,0.2432476450283983,2165.0000000225523,1,0.1975510000809278,frequency,5,-5,0.0456966449474705,0.0456966449474705
6517,"POLYGON ((5547480.443964541 3533951.360387662, 5518613.353902747 3533951.3603886194, 5504179.808871256 3558950.99371834, 5518613.353901543 3583950.6270470517, 5547480.443963299 3583950.6270461404, 5561913.988994803 3558950.9937164797, 5547480.443964541 3533951.360387662))",2,0.1879070662378484,2164.9999999792617,3,0.2419243671882877,frequency,1,-1,-0.0540173009504393,0.0540173009504393
6518,"POLYGON ((5547480.443963299 3583950.6270461404, 5518613.353901543 3583950.6270470517, 5504179.808870098 3608950.260377554, 5518613.353900398 3633949.893706091, 5547480.443962119 3633949.8937052228, 5561913.988993577 3608950.260375772, 5547480.443963299 3583950.6270461404))",1,0.1996763266795143,2165.0000000225523,1,0.1985952766691165,frequency,0,0,0.0010810500103977938,0.0010810500103977938
6519,"POLYGON ((5547480.443962119 3633949.8937052228, 5518613.353900398 3633949.893706091, 5504179.8088690005 3658949.5270353854, 5518613.353899315 3683949.1603637533, 5547480.443961002 3683949.160362926, 5561913.98899241 3658949.5270336894, 5547480.443962119 3633949.8937052228))",2,0.1930265499804843,2164.9999999792617,1,0.1884900718108328,frequency,1,1,0.004536478169651498,0.004536478169651498
6520,"POLYGON ((5547480.443961002 3683949.160362926, 5518613.353899315 3683949.1603637533, 5504179.808867963 3708948.7936938466, 5518613.353898291 3733948.4270220567, 5547480.443959943 3733948.427021277, 5561913.988991307 3708948.793692233, 5547480.443961002 3683949.160362926))",11,0.2017013776851587,2165.0000000225523,3,0.2042447424527562,frequency,4,-4,-0.0025433647675975057,0.0025433647675975057
6521,"POLYGON ((5547480.443959943 3733948.427021277, 5518613.353898291 3733948.4270220567, 5504179.808866982 3758948.060350961, 5518613.353897326 3783947.6936790124, 5547480.44395895 3783947.693678263, 5561913.988990265 3758948.0603494225, 5547480.443959943 3733948.427021277))",9,0.1821178340076021,2164.9999999792617,4,0.2419024654503802,frequency,5,5,-0.0597846314427781,0.0597846314427781
6569,"POLYGON ((5590781.079133885 1758977.3936857579, 5561913.989070268 1758977.393687944, 5547480.444037328 1783977.027026151, 5561913.989067956 1808976.6603621703, 5590781.079131525 1808976.660359985, 5605214.624164514 1783977.0270217874, 5590781.079133885 1758977.3936857579))",11,0.3537879976101152,2164.999999979252,1,0.3293062359131148,frequency,2,-2,0.024481761697000393,0.024481761697000393
6576,"POLYGON ((5590781.079116769 2108972.2604036946, 5561913.98905351 2108972.2604058227, 5547480.444020674 2133971.893742947, 5561913.989051055 2158971.5270778965, 5590781.07911426 2158971.5270757903, 5605214.62414714 2133971.8937387113, 5590781.079116769 2108972.2604036946))",2,0.2102870376664403,2164.9999999792617,1,0.2785922723872866,frequency,1,1,-0.06830523472084632,0.06830523472084632
6577,"POLYGON ((5590781.07911426 2158971.5270757903, 5561913.989051055 2158971.5270778965, 5547480.444018244 2183971.160414817, 5561913.9890485965 2208970.793750572, 5590781.079111747 2208970.7937484896, 5605214.624144601 2183971.160410624, 5590781.07911426 2158971.5270757903))",8,0.2036909217792217,2165.0000000225523,1,0.2301573256667411,frequency,5,-5,-0.02646640388751939,0.02646640388751939
6578,"POLYGON ((5590781.079111747 2208970.7937484896, 5561913.9890485965 2208970.793750572, 5547480.444015816 2233970.427087268, 5561913.989046143 2258970.0604218272, 5590781.079109239 2258970.0604197616, 5605214.624142063 2233970.427083123, 5590781.079111747 2208970.7937484896))",11,0.8477129123176587,2164.9999999792617,3,0.4050328126375274,frequency,4,-4,0.4426800996801313,0.4426800996801313
6579,"POLYGON ((5590781.079109239 2258970.0604197616, 5561913.989046143 2258970.0604218272, 5547480.444013394 2283969.693758294, 5561913.989043699 2308969.3270936366, 5590781.079106737 2308969.327091603, 5605214.62413953 2283969.693754199, 5590781.079109239 2258970.0604197616))",3,0.2059618546680749,2165.0000000225523,3,0.3282232433536793,frequency,0,0,-0.1222613886856044,0.1222613886856044
6580,"POLYGON ((5590781.079106737 2308969.327091603, 5561913.989043699 2308969.3270936366, 5547480.444010982 2333968.9604298663, 5561913.989041265 2358968.5937639973, 5590781.079104248 2358968.593761993, 5605214.624137006 2333968.960425827, 5590781.079106737 2308969.327091603))",1,0.3308848713874132,2164.9999999792617,3,0.3822157352999949,frequency,2,-2,-0.05133086391258174,0.05133086391258174
6583,"POLYGON ((5590781.079099324 2458967.127102363, 5561913.989036453 2458967.127104301, 5547480.444003848 2483966.7604407733, 5561913.989034081 2508966.3937742272, 5590781.079096897 2508966.39377232, 5605214.6241295375 2483966.7604369223, 5590781.079099324 2458967.127102363))",6,0.5909104958432259,2165.0000000225527,2,0.2237799733482625,frequency,4,4,0.36713052249496336,0.36713052249496336
6584,"POLYGON ((5590781.079096897 2508966.39377232, 5561913.989034081 2508966.3937742272, 5547480.444001517 2533966.027109433, 5561913.989031736 2558965.660442655, 5590781.079094496 2558965.660440786, 5605214.624127096 2533966.0271056565, 5590781.079096897 2508966.39377232))",3,0.3149356062501334,2164.9999999792617,3,0.2308542756936684,frequency,0,0,0.084081330556465,0.084081330556465
6585,"POLYGON ((5590781.079094496 2558965.660440786, 5561913.989031736 2558965.660442655, 5547480.443999218 2583965.2937785834, 5561913.989029423 2608964.9271115754, 5590781.079092128 2608964.9271097435, 5605214.624124683 2583965.2937748823, 5590781.079094496 2558965.660440786))",3,0.2808737285740581,2165.0000000225527,3,0.3679790138302843,frequency,0,0,-0.08710528525622618,0.08710528525622618
6586,"POLYGON ((5590781.079092128 2608964.9271097435, 5561913.989029423 2608964.9271115754, 5547480.443996951 2633964.56044623, 5561913.989027147 2658964.19377898, 5590781.079089795 2658964.1937771933, 5605214.624122305 2633964.560442606, 5590781.079092128 2608964.9271097435))",10,0.3685547346863851,2164.9999999792617,3,0.2201415998719539,frequency,5,-5,0.14841313481443122,0.14841313481443122
6587,"POLYGON ((5590781.079089795 2658964.1937771933, 5561913.989027147 2658964.19377898, 5547480.443994718 2683963.8271143665, 5561913.989024907 2708963.4604468765, 5590781.079087501 2708963.460445127, 5605214.6241199635 2683963.8271108195, 5590781.079089795 2658964.1937771933))",2,0.2508412161347261,2165.0000000225527,3,0.2409325217906257,frequency,1,-1,0.00990869434410041,0.00990869434410041
6588,"POLYGON ((5590781.079087501 2708963.460445127, 5561913.989024907 2708963.4604468765, 5547480.443992527 2733963.093780975, 5561913.989022709 2758962.7271132506, 5590781.0790852485 2758962.7271115445, 5605214.624117664 2733963.0937775145, 5590781.079087501 2708963.460445127))",2,0.2143251828085088,2164.9999999792417,3,0.2561203830513892,frequency,1,-1,-0.04179520024288039,0.04179520024288039
6589,"POLYGON ((5590781.0790852485 2758962.7271115445, 5561913.989022709 2758962.7271132506, 5547480.443990376 2783962.3604480764, 5561913.9890205525 2808961.993780114, 5590781.079083042 2808961.9937784425, 5605214.624115405 2783962.3604447013, 5590781.0790852485 2758962.7271115445))",2,0.2271652263219665,2165.000000022573,1,0.2291326404623376,frequency,1,1,-0.0019674141403711043,0.0019674141403711043
6590,"POLYGON ((5590781.079083042 2808961.9937784425, 5561913.9890205525 2808961.993780114, 5547480.44398827 2833961.627113653, 5561913.989018446 2858961.2604464493, 5590781.07908088 2858961.2604448274, 5605214.624113193 2833961.6271103653, 5590781.079083042 2808961.9937784425))",2,0.3068811388319991,2165.0000000225523,1,0.1975510000809278,frequency,1,1,0.10933013875107128,0.10933013875107128
6591,"POLYGON ((5590781.07908088 2858961.2604448274, 5561913.989018446 2858961.2604464493, 5547480.443986213 2883960.893779711, 5561913.989016386 2908960.5271112723, 5590781.079078767 2908960.5271096984, 5605214.62411103 2883960.8937765127, 5590781.07908088 2858961.2604448274))",7,0.3808920477576992,2164.9999999792617,11,0.2126359669887769,frequency,4,-4,0.1682560807689223,0.1682560807689223
6592,"POLYGON ((5590781.079078767 2908960.5271096984, 5561913.989016386 2908960.5271112723, 5547480.443984205 2933960.160444252, 5561913.989014378 2958959.7937765787, 5590781.079076707 2958959.793775049, 5605214.624108918 2933960.1604411444, 5590781.079078767 2908960.5271096984))",11,0.2712383054779287,2165.0000000225523,2,0.2471806052934508,frequency,3,-3,0.02405770018447792,0.02405770018447792
6593,"POLYGON ((5590781.079076707 2958959.793775049, 5561913.989014378 2958959.7937765787, 5547480.443982247 2983959.4271092815, 5561913.989012422 3008959.0604403783, 5590781.079074703 3008959.0604388886, 5605214.624106862 2983959.4271062594, 5590781.079076707 2958959.793775049))",11,0.3943539208085789,2164.9999999792617,2,0.2201548479318011,frequency,3,-3,0.1741990728767778,0.1741990728767778
6594,"POLYGON ((5590781.079074703 3008959.0604388886, 5561913.989012422 3008959.0604403783, 5547480.443980344 3033958.693772801, 5561913.989010522 3058958.3271046677, 5590781.079072753 3058958.327103225, 5605214.6241048565 3033958.6937698773, 5590781.079074703 3008959.0604388886))",9,0.3095500743215009,2165.0000000225523,2,0.2869036600379213,frequency,5,-5,0.022646414283579608,0.022646414283579608
6595,"POLYGON ((5590781.079072753 3058958.327103225, 5561913.989010522 3058958.3271046677, 5547480.443978495 3083957.9604368187, 5561913.989008676 3108957.5937674623, 5590781.07907086 3108957.5937660662, 5605214.624102912 3083957.960433982, 5590781.079072753 3058958.327103225))",2,0.3239890301410379,2164.9999999792617,2,0.2857456101097249,frequency,0,0,0.038243420031313036,0.038243420031313036
6596,"POLYGON ((5590781.07907086 3108957.5937660662, 5561913.989008676 3108957.5937674623, 5547480.443976704 3133957.227099341, 5561913.989006891 3158956.8604307566, 5590781.079069026 3158956.86042941, 5605214.624101024 3133957.2270965977, 5590781.07907086 3108957.5937660662))",2,0.417593118991697,2165.0000000225523,1,0.2814249261570696,frequency,1,1,0.1361681928346274,0.1361681928346274
6597,"POLYGON ((5590781.079069026 3158956.86042941, 5561913.989006891 3158956.8604307566, 5547480.443974971 3183956.493762367, 5561913.989005163 3208956.127092569, 5590781.079067254 3208956.1270912616, 5605214.624099196 3183956.4937597243, 5590781.079069026 3158956.86042941))",10,0.3964555431642799,2164.9999999792617,1,0.2769466229013755,frequency,3,-3,0.11950892026290438,0.11950892026290438
6598,"POLYGON ((5590781.079067254 3208956.1270912616, 5561913.989005163 3208956.127092569, 5547480.443973296 3233955.760424917, 5561913.989003498 3258955.393754898, 5590781.079065543 3258955.393753645, 5605214.624097431 3233955.760422366, 5590781.079067254 3208956.1270912616))",10,0.3377394708976868,2165.0000000225527,1,0.2570582294090038,frequency,3,-3,0.080681241488683,0.080681241488683
6599,"POLYGON ((5590781.079065543 3258955.393753645, 5561913.989003498 3258955.393754898, 5547480.443971684 3283955.02708599, 5561913.9890018925 3308954.660415771, 5590781.079063892 3308954.660414563, 5605214.624095729 3283955.027083534, 5590781.079065543 3258955.393753645))",10,0.1520073537387379,2164.9999999792617,1,0.3124768191053241,frequency,3,-3,-0.1604694653665862,0.1604694653665862
6600,"POLYGON ((5590781.079063892 3308954.660414563, 5561913.9890018925 3308954.660415771, 5547480.443970131 3333954.2937476085, 5561913.989000349 3358953.927077181, 5590781.079062307 3358953.927076019, 5605214.6240940895 3333954.2937452416, 5590781.079063892 3308954.660414563))",3,0.2216047822626003,2165.0000000225527,1,0.2603973492544368,frequency,2,2,-0.0387925669918365,0.0387925669918365
6601,"POLYGON ((5590781.079062307 3358953.927076019, 5561913.989000349 3358953.927077181, 5547480.44396864 3383953.560407769, 5561913.988998869 3408953.193737142, 5590781.079060784 3408953.193736032, 5605214.624092514 3383953.5604054993, 5590781.079062307 3358953.927076019))",12,0.1843126464346331,2164.9999999792417,11,0.2400130561425958,frequency,1,1,-0.055700409707962695,0.055700409707962695
6602,"POLYGON ((5590781.079060784 3408953.193736032, 5561913.988998869 3408953.193737142, 5547480.44396721 3433952.827068495, 5561913.988997452 3458952.46039767, 5590781.079059325 3458952.4603966074, 5605214.624091003 3433952.827066314, 5590781.079060784 3408953.193736032))",3,0.255611167175616,2165.000000022573,1,0.2466680305671235,frequency,2,2,0.008943136608492497,0.008943136608492497
6603,"POLYGON ((5590781.079059325 3458952.4603966074, 5561913.988997452 3458952.46039767, 5547480.443965845 3483952.0937277833, 5561913.988996096 3508951.7270567813, 5590781.079057932 3508951.7270557596, 5605214.624089558 3483952.093725697, 5590781.079059325 3458952.4603966074))",10,0.3017761509716355,2164.9999999792417,1,0.2758125580150257,frequency,3,-3,0.025963592956609827,0.025963592956609827
6604,"POLYGON ((5590781.079057932 3508951.7270557596, 5561913.988996096 3508951.7270567813, 5547480.443964541 3533951.360387662, 5561913.988994803 3558950.9937164797, 5590781.079056604 3558950.9937154963, 5605214.624088176 3533951.360385667, 5590781.079057932 3508951.7270557596))",3,0.2063610099191922,2165.000000022573,1,0.2250095721599046,frequency,2,2,-0.018648562240712402,0.018648562240712402
6605,"POLYGON ((5590781.079056604 3558950.9937154963, 5561913.988994803 3558950.9937164797, 5547480.443963299 3583950.6270461404, 5561913.988993577 3608950.260375772, 5590781.079055338 3608950.260374843, 5605214.624086861 3583950.6270442293, 5590781.079056604 3558950.9937154963))",12,0.2306076487971269,2165.0000000225523,3,0.2715928478075916,frequency,3,-3,-0.040985199010464685,0.040985199010464685
6606,"POLYGON ((5590781.079055338 3608950.260374843, 5561913.988993577 3608950.260375772, 5547480.443962119 3633949.8937052228, 5561913.98899241 3658949.5270336894, 5590781.079054137 3658949.5270328037, 5605214.62408561 3633949.8937034, 5590781.079055338 3608950.260374843))",10,0.3095655958020923,2164.9999999792617,4,0.2249706939506217,frequency,6,6,0.08459490185147062,0.08459490185147062
6607,"POLYGON ((5590781.079054137 3658949.5270328037, 5561913.98899241 3658949.5270336894, 5547480.443961002 3683949.160362926, 5561913.988991307 3708948.793692233, 5590781.079053 3708948.7936913893, 5605214.624084423 3683949.160361195, 5590781.079054137 3658949.5270328037))",5,0.2488013412011527,2165.0000000225523,4,0.1924517566734626,frequency,1,1,0.056349584527690094,0.056349584527690094
6608,"POLYGON ((5590781.079053 3708948.7936913893, 5561913.988991307 3708948.793692233, 5547480.443959943 3733948.427021277, 5561913.988990265 3758948.0603494225, 5590781.079051926 3758948.060348618, 5605214.624083301 3733948.427019624, 5590781.079053 3708948.7936913893))",8,0.2475205517276051,2164.9999999792617,4,0.2635889726426597,frequency,4,4,-0.016068420915054588,0.016068420915054588
6609,"POLYGON ((5590781.079051926 3758948.060348618, 5561913.988990265 3758948.0603494225, 5547480.44395895 3783947.693678263, 5561913.988989284 3808947.3270072644, 5590781.079050914 3808947.3270065, 5605214.62408224 3783947.693676704, 5590781.079051926 3758948.060348618))",3,0.2632991089672696,2165.0000000225523,4,0.2405530052235382,frequency,1,-1,0.0227461037437314,0.0227461037437314
6664,"POLYGON ((5634081.714210406 2133971.8937365217, 5605214.62414714 2133971.8937387113, 5590781.07911426 2158971.5270757903, 5605214.624144601 2183971.160410624, 5634081.714207811 2183971.1604084536, 5648515.259240737 2158971.5270714266, 5634081.714210406 2133971.8937365217))",1,0.2287134697654857,2164.9999999792617,1,0.435276228695492,frequency,0,0,-0.20656275893000628,0.20656275893000628
6665,"POLYGON ((5634081.714207811 2183971.1604084536, 5605214.624144601 2183971.160410624, 5590781.079111747 2208970.7937484896, 5605214.624142063 2233970.427083123, 5634081.7142052185 2233970.427080974, 5648515.259238116 2208970.793744166, 5634081.714207811 2183971.1604084536))",1,0.2500480579503152,2165.0000000225523,1,0.2378508250951733,frequency,0,0,0.012197232855141904,0.012197232855141904
6666,"POLYGON ((5634081.7142052185 2233970.427080974, 5605214.624142063 2233970.427083123, 5590781.079109239 2258970.0604197616, 5605214.62413953 2283969.693754199, 5634081.714202631 2283969.6937520746, 5648515.259235498 2258970.060415491, 5634081.7142052185 2233970.427080974))",6,0.2561386293506834,2164.9999999792617,10,0.2922884853539249,frequency,4,-4,-0.0361498560032415,0.0361498560032415
6667,"POLYGON ((5634081.714202631 2283969.6937520746, 5605214.62413953 2283969.693754199, 5590781.079106737 2308969.327091603, 5605214.624137006 2333968.960425827, 5634081.7142000515 2333968.9604237345, 5648515.259232885 2308969.3270873893, 5634081.714202631 2283969.6937520746))",2,0.2570557485092246,2165.0000000225523,3,0.2333166503847505,frequency,1,-1,0.023739098124474084,0.023739098124474084
6668,"POLYGON ((5634081.7142000515 2333968.9604237345, 5605214.624137006 2333968.960425827, 5590781.079104248 2358968.593761993, 5605214.624134497 2383968.227096001, 5634081.714197487 2383968.227093936, 5648515.259230285 2358968.593757835, 5634081.7142000515 2333968.9604237345))",12,0.4667619117947731,2164.9999999792617,3,0.2786974574048548,frequency,3,-3,0.1880644543899183,0.1880644543899183
6669,"POLYGON ((5634081.714197487 2383968.227093936, 5605214.624134497 2383968.227096001, 5590781.079101776 2408967.8604329145, 5605214.6241320055 2433967.4937667064, 5634081.7141949395 2433967.4937646715, 5648515.2592277005 2408967.8604288218, 5634081.714197487 2383968.227093936))",10,0.5429502229351917,2165.0000000225523,2,0.2782960463264529,frequency,4,-4,0.2646541766087388,0.2646541766087388
6670,"POLYGON ((5634081.7141949395 2433967.4937646715, 5605214.6241320055 2433967.4937667064, 5590781.079099324 2458967.127102363, 5605214.6241295375 2483966.7604369223, 5634081.714192415 2483966.760434929, 5648515.259225136 2458967.1270983396, 5634081.7141949395 2433967.4937646715))",2,0.3694535430252441,2165.0000000225523,12,0.2165022544177796,frequency,2,2,0.1529512886074645,0.1529512886074645
6671,"POLYGON ((5634081.714192415 2483966.760434929, 5605214.6241295375 2483966.7604369223, 5590781.079096897 2508966.39377232, 5605214.624127096 2533966.0271056565, 5634081.714189917 2533966.0271036956, 5648515.259222597 2508966.3937683655, 5634081.714192415 2483966.760434929))",1,0.3241479575222163,2164.9999999792617,1,0.2347790188909292,frequency,0,0,0.08936893863128711,0.08936893863128711
6672,"POLYGON ((5634081.714189917 2533966.0271036956, 5605214.624127096 2533966.0271056565, 5590781.079094496 2558965.660440786, 5605214.624124683 2583965.2937748823, 5634081.714187449 2583965.293772962, 5648515.259220086 2558965.6604369027, 5634081.714189917 2533966.0271036956))",11,0.2762802796271947,2165.0000000225523,3,0.2456548886395328,frequency,4,-4,0.0306253909876619,0.0306253909876619
6673,"POLYGON ((5634081.714187449 2583965.293772962, 5605214.624124683 2583965.2937748823, 5590781.079092128 2608964.9271097435, 5605214.624122305 2633964.560442606, 5634081.714185016 2633964.560440723, 5648515.259217607 2608964.9271059437, 5634081.714187449 2583965.293772962))",1,0.33658442110025,2164.9999999792617,12,0.2889291979693162,frequency,1,1,0.04765522313093379,0.04765522313093379
6674,"POLYGON ((5634081.714185016 2633964.560440723, 5605214.624122305 2633964.560442606, 5590781.079089795 2658964.1937771933, 5605214.6241199635 2683963.8271108195, 5634081.71418262 2683963.8271089797, 5648515.259215164 2658964.1937734704, 5634081.714185016 2633964.560440723))",2,0.2064313036042057,2165.0000000225523,1,0.3318074692753435,frequency,1,1,-0.1253761656711378,0.1253761656711378
6675,"POLYGON ((5634081.71418262 2683963.8271089797, 5605214.6241199635 2683963.8271108195, 5590781.079087501 2708963.460445127, 5605214.624117664 2733963.0937775145, 5634081.714180265 2733963.093775719, 5648515.25921276 2708963.46044149, 5634081.71418262 2683963.8271089797))",8,0.3604382139748497,2164.9999999792617,1,0.271419138752707,frequency,5,-5,0.0890190752221427,0.0890190752221427
6676,"POLYGON ((5634081.714180265 2733963.093775719, 5605214.624117664 2733963.0937775145, 5590781.0790852485 2758962.7271115445, 5605214.624115405 2783962.3604447013, 5634081.714177951 2783962.360442947, 5648515.259210399 2758962.727107991, 5634081.714180265 2733963.093775719))",3,0.5341490176892625,2165.0000000225523,3,0.3074325663239828,frequency,0,0,0.22671645136527968,0.22671645136527968
6677,"POLYGON ((5634081.714177951 2783962.360442947, 5605214.624115405 2783962.3604447013, 5590781.079083042 2808961.9937784425, 5605214.624113193 2833961.6271103653, 5634081.714175688 2833961.6271086503, 5648515.259208082 2808961.993774984, 5634081.714177951 2783962.360442947))",2,0.3193091579526283,2164.9999999792617,1,0.2254815303242602,frequency,1,1,0.09382762762836813,0.09382762762836813
6678,"POLYGON ((5634081.714175688 2833961.6271086503, 5605214.624113193 2833961.6271103653, 5590781.07908088 2858961.2604448274, 5605214.62411103 2883960.8937765127, 5634081.714173472 2883960.893774849, 5648515.259205816 2858961.2604414574, 5634081.714175688 2833961.6271086503))",4,0.3506872646712189,2165.0000000225523,1,0.2058083428452838,frequency,3,3,0.14487892182593512,0.14487892182593512
6679,"POLYGON ((5634081.714173472 2883960.893774849, 5605214.62411103 2883960.8937765127, 5590781.079078767 2908960.5271096984, 5605214.624108918 2933960.1604411444, 5634081.714171307 2933960.160439527, 5648515.2592036 2908960.5271064127, 5634081.714173472 2883960.893774849))",10,0.3815513641886718,2164.9999999792617,2,0.2216541008872412,frequency,4,-4,0.15989726330143061,0.15989726330143061
6680,"POLYGON ((5634081.714171307 2933960.160439527, 5605214.624108918 2933960.1604411444, 5590781.079076707 2958959.793775049, 5605214.624106862 2983959.4271062594, 5634081.714169198 2983959.4271046915, 5648515.259201436 2958959.79377186, 5634081.714171307 2933960.160439527))",7,0.3134222739760979,2165.0000000225523,2,0.176441575056403,frequency,5,5,0.1369806989196949,0.1369806989196949
6681,"POLYGON ((5634081.714169198 2983959.4271046915, 5605214.624106862 2983959.4271062594, 5590781.079074703 3008959.0604388886, 5605214.6241048565 3033958.6937698773, 5634081.714167145 3033958.6937683495, 5648515.25919933 3008959.0604357976, 5634081.714169198 2983959.4271046915))",5,0.4129099210521959,2164.9999999792617,2,0.2109239479691199,frequency,3,3,0.20198597308307603,0.20198597308307603
6682,"POLYGON ((5634081.714167145 3033958.6937683495, 5605214.6241048565 3033958.6937698773, 5590781.079072753 3058958.327103225, 5605214.624102912 3083957.960433982, 5634081.714165149 3083957.96043251, 5648515.25919728 3058958.327100229, 5634081.714167145 3033958.6937683495))",4,0.1818992408119325,2165.0000000225523,2,0.2508200111593399,frequency,2,2,-0.06892077034740737,0.06892077034740737
6684,"POLYGON ((5634081.714163213 3133957.2270951755, 5605214.624101024 3133957.2270965977, 5590781.079069026 3158956.86042941, 5605214.624099196 3183956.4937597243, 5634081.71416134 3183956.4937583413, 5648515.259193359 3158956.8604266066, 5634081.714163213 3133957.2270951755))",1,0.2130260033225868,2165.0000000225523,1,0.3291155669182985,frequency,0,0,-0.11608956359571171,0.11608956359571171
6685,"POLYGON ((5634081.71416134 3183956.4937583413, 5605214.624099196 3183956.4937597243, 5590781.079067254 3208956.1270912616, 5605214.624097431 3233955.760422366, 5634081.714159528 3233955.7604210344, 5648515.259191494 3208956.127088556, 5634081.71416134 3183956.4937583413))",1,0.3052255589400728,2165.0000000225523,1,0.2577803627478376,frequency,0,0,0.047445196192235195,0.047445196192235195
6686,"POLYGON ((5634081.714159528 3233955.7604210344, 5605214.624097431 3233955.760422366, 5590781.079065543 3258955.393753645, 5605214.624095729 3283955.027083534, 5634081.714157779 3283955.0270822546, 5648515.25918969 3258955.393751038, 5634081.714159528 3233955.7604210344))",5,0.2058524317012217,2164.9999999792617,1,0.2588527408992878,frequency,4,4,-0.05300030919806609,0.05300030919806609
6687,"POLYGON ((5634081.714157779 3283955.0270822546, 5605214.624095729 3283955.027083534, 5590781.079063892 3308954.660414563, 5605214.6240940895 3333954.2937452416, 5634081.714156097 3333954.2937440095, 5648515.259187952 3308954.6604120503, 5634081.714157779 3283955.0270822546))",12,0.2531242258378861,2165.0000000225523,1,0.2483942898900847,frequency,1,-1,0.004729935947801384,0.004729935947801384
6688,"POLYGON ((5634081.714156097 3333954.2937440095, 5605214.6240940895 3333954.2937452416, 5590781.079062307 3358953.927076019, 5605214.624092514 3383953.5604054993, 5634081.714154477 3383953.5604043156, 5648515.259186279 3358953.9270736016, 5634081.714156097 3333954.2937440095))",8,0.2502985062126408,2164.9999999792617,1,0.2466680305671235,frequency,5,-5,0.003630475645517328,0.003630475645517328
6689,"POLYGON ((5634081.714154477 3383953.5604043156, 5605214.624092514 3383953.5604054993, 5590781.079060784 3408953.193736032, 5605214.624091003 3433952.827066314, 5634081.714152925 3433952.8270651805, 5648515.2591846725 3408953.1937337075, 5634081.714154477 3383953.5604043156))",1,0.1885779325342521,2165.0000000225523,1,0.2907660743226454,frequency,0,0,-0.1021881417883933,0.1021881417883933
6690,"POLYGON ((5634081.714152925 3433952.8270651805, 5605214.624091003 3433952.827066314, 5590781.079059325 3458952.4603966074, 5605214.624089558 3483952.093725697, 5634081.714151438 3483952.0937246135, 5648515.259183131 3458952.4603943806, 5634081.714152925 3433952.8270651805))",3,0.2288799802109445,2164.9999999792617,1,0.3095884017613389,frequency,2,2,-0.0807084215503944,0.0807084215503944
6691,"POLYGON ((5634081.714151438 3483952.0937246135, 5605214.624089558 3483952.093725697, 5590781.079057932 3508951.7270557596, 5605214.624088176 3533951.360385667, 5634081.714150019 3533951.360384626, 5648515.259181659 3508951.727053626, 5634081.714151438 3483952.0937246135))",5,0.2471527926636568,2165.0000000225523,3,0.2422736469161112,frequency,2,2,0.00487914574754561,0.00487914574754561
6692,"POLYGON ((5634081.714150019 3533951.360384626, 5605214.624088176 3533951.360385667, 5590781.079056604 3558950.9937154963, 5605214.624086861 3583950.6270442293, 5634081.714148665 3583950.627043234, 5648515.259180252 3558950.993713458, 5634081.714150019 3533951.360384626))",5,0.1455070646680442,2164.9999999792617,4,0.2196253869416231,frequency,1,1,-0.0741183222735789,0.0741183222735789
6693,"POLYGON ((5634081.714148665 3583950.627043234, 5605214.624086861 3583950.6270442293, 5590781.079055338 3608950.260374843, 5605214.62408561 3633949.8937034, 5634081.714147375 3633949.893702459, 5648515.259178913 3608950.260372894, 5634081.714148665 3583950.627043234))",9,0.1578527388793101,2165.0000000225523,4,0.2196253869416231,frequency,5,5,-0.061772648062313,0.061772648062313
6694,"POLYGON ((5634081.714147375 3633949.893702459, 5605214.62408561 3633949.8937034, 5590781.079054137 3658949.5270328037, 5605214.624084423 3683949.160361195, 5634081.714146156 3683949.160360291, 5648515.259177642 3658949.527030939, 5634081.714147375 3633949.893702459))",11,0.155720156352684,2164.9999999792617,11,0.2240695338716099,frequency,0,0,-0.06834937751892592,0.06834937751892592
6695,"POLYGON ((5634081.714146156 3683949.160360291, 5605214.624084423 3683949.160361195, 5590781.079053 3708948.7936913893, 5605214.624083301 3733948.427019624, 5634081.714145 3733948.4270187607, 5648515.259176436 3708948.7936896165, 5634081.714146156 3683949.160360291))",7,0.2235226814082528,2165.0000000225523,4,0.1922014919409971,frequency,3,3,0.031321189467255706,0.031321189467255706
6696,"POLYGON ((5634081.714145 3733948.4270187607, 5605214.624083301 3733948.427019624, 5590781.079051926 3758948.060348618, 5605214.62408224 3783947.693676704, 5634081.714143908 3783947.693675884, 5648515.259175293 3758948.06034694, 5634081.714145 3733948.4270187607))",3,0.2263363215703857,2164.9999999792617,2,0.1757695163551257,frequency,1,1,0.05056680521526,0.05056680521526
6751,"POLYGON ((5677382.349306682 2108972.2603970123, 5648515.259243356 2108972.260399291, 5634081.714210406 2133971.8937365217, 5648515.259240737 2158971.5270714266, 5677382.349304009 2158971.5270691677, 5691815.894337006 2133971.893731987, 5677382.349306682 2108972.2603970123))",1,0.3819977848957165,2164.9999999792617,11,0.2545606201986546,frequency,2,2,0.1274371646970619,0.1274371646970619
6752,"POLYGON ((5677382.349304009 2158971.5270691677, 5648515.259240737 2158971.5270714266, 5634081.714207811 2183971.1604084536, 5648515.259238116 2208970.793744166, 5677382.349301334 2208970.793741935, 5691815.894334304 2183971.1604039553, 5677382.349304009 2158971.5270691677))",1,0.2445933374364599,2165.0000000225523,3,0.233366064509297,frequency,2,-2,0.011227272927162885,0.011227272927162885
6753,"POLYGON ((5677382.349301334 2208970.793741935, 5648515.259238116 2208970.793744166, 5634081.7142052185 2233970.427080974, 5648515.259235498 2258970.060415491, 5677382.349298661 2258970.060413285, 5691815.894331602 2233970.4270765265, 5677382.349301334 2208970.793741935))",9,0.5576053934083376,2164.9999999792617,10,0.2348717705459561,frequency,1,-1,0.3227336228623815,0.3227336228623815
6754,"POLYGON ((5677382.349298661 2258970.060413285, 5648515.259235498 2258970.060415491, 5634081.714202631 2283969.6937520746, 5648515.259232885 2308969.3270873893, 5677382.349295994 2308969.327085202, 5691815.894328903 2283969.6937476806, 5677382.349298661 2258970.060413285))",8,0.3264180099789841,2165.0000000225523,10,0.3446788765455686,frequency,2,-2,-0.018260866566584488,0.018260866566584488
6755,"POLYGON ((5677382.349295994 2308969.327085202, 5648515.259232885 2308969.3270873893, 5634081.7142000515 2333968.9604237345, 5648515.259230285 2358968.593757835, 5677382.349293336 2358968.5937556867, 5691815.894326214 2333968.960419398, 5677382.349295994 2308969.327085202))",2,0.2767160134343328,2164.9999999792617,3,0.2188005065818979,frequency,1,-1,0.05791550685243488,0.05791550685243488
6756,"POLYGON ((5677382.349293336 2358968.5937556867, 5648515.259230285 2358968.593757835, 5634081.714197487 2383968.227093936, 5648515.2592277005 2408967.8604288218, 5677382.349290697 2408967.8604267035, 5691815.894323537 2383968.2270896644, 5677382.349293336 2358968.5937556867))",2,0.4258998001310744,2165.0000000225523,11,0.2532244158495152,frequency,3,3,0.1726753842815592,0.1726753842815592
6757,"POLYGON ((5677382.349290697 2408967.8604267035, 5648515.2592277005 2408967.8604288218, 5634081.7141949395 2433967.4937646715, 5648515.259225136 2458967.1270983396, 5677382.349288079 2458967.127096247, 5691815.894320879 2433967.493760467, 5677382.349290697 2408967.8604267035))",1,0.2428199398308428,2164.9999999792617,2,0.2935357997143938,frequency,1,-1,-0.05071585988355101,0.05071585988355101
6759,"POLYGON ((5677382.349285482 2508966.3937663147, 5648515.259222597 2508966.3937683655, 5634081.714189917 2533966.0271036956, 5648515.259220086 2558965.6604369027, 5677382.349282916 2558965.6604348896, 5691815.894315634 2533966.0270996313, 5677382.349285482 2508966.3937663147))",12,0.5856803334537136,2164.9999999792617,12,0.2442662518519451,frequency,0,0,0.34141408160176856,0.34141408160176856
6760,"POLYGON ((5677382.349282916 2558965.6604348896, 5648515.259220086 2558965.6604369027, 5634081.714187449 2583965.293772962, 5648515.259217607 2608964.9271059437, 5677382.34928038 2608964.927103972, 5691815.894313053 2583965.293768981, 5677382.349282916 2558965.6604348896))",5,0.4703548029571501,2165.0000000225527,12,0.2442662518519451,frequency,5,5,0.226088551105205,0.226088551105205
6761,"POLYGON ((5677382.34928038 2608964.927103972, 5648515.259217607 2608964.9271059437, 5634081.714185016 2633964.560440723, 5648515.259215164 2658964.1937734704, 5677382.349277883 2658964.1937715383, 5691815.89431051 2633964.560436825, 5677382.34928038 2608964.927103972))",9,0.3707660619349614,2164.9999999792617,1,0.3346525114440318,frequency,4,-4,0.036113550490929625,0.036113550490929625
6762,"POLYGON ((5677382.349277883 2658964.1937715383, 5648515.259215164 2658964.1937734704, 5634081.71418262 2683963.8271089797, 5648515.25921276 2708963.46044149, 5677382.349275423 2708963.460439601, 5691815.894308003 2683963.8271051636, 5677382.349277883 2658964.1937715383))",1,0.4760042942985404,2165.0000000225527,1,0.2951442108803248,frequency,0,0,0.18086008341821563,0.18086008341821563
6763,"POLYGON ((5677382.349275423 2708963.460439601, 5648515.25921276 2708963.46044149, 5634081.714180265 2733963.093775719, 5648515.259210399 2758962.727107991, 5677382.349273008 2758962.727106149, 5691815.894305538 2733963.0937719885, 5677382.349275423 2708963.460439601))",5,0.3032852927700666,2164.9999999792417,3,0.2707763194638369,frequency,2,2,0.032508973306229705,0.032508973306229705
6764,"POLYGON ((5677382.349273008 2758962.727106149, 5648515.259210399 2758962.727107991, 5634081.714177951 2783962.360442947, 5648515.259208082 2808961.993774984, 5677382.349270638 2808961.993773186, 5691815.894303118 2783962.360439302, 5677382.349273008 2758962.727106149))",4,0.3258262084285146,2165.000000022573,3,0.3600323297367938,frequency,1,1,-0.03420612130827916,0.03420612130827916
6765,"POLYGON ((5677382.349270638 2808961.993773186, 5648515.259208082 2808961.993774984, 5634081.714175688 2833961.6271086503, 5648515.259205816 2858961.2604414574, 5677382.349268319 2858961.2604397014, 5691815.894300745 2833961.6271051066, 5677382.349270638 2808961.993773186))",5,0.6719350713577477,2165.0000000225523,3,0.2539369524554026,frequency,2,2,0.41799811890234506,0.41799811890234506
6766,"POLYGON ((5677382.349268319 2858961.2604397014, 5648515.259205816 2858961.2604414574, 5634081.714173472 2883960.893774849, 5648515.2592036 2908960.5271064127, 5677382.3492660485 2908960.527104708, 5691815.894298423 2883960.8937713946, 5677382.349268319 2858961.2604397014))",9,0.4848038805185682,2164.9999999792617,2,0.2227119641630972,frequency,5,-5,0.262091916355471,0.262091916355471
6767,"POLYGON ((5677382.3492660485 2908960.527104708, 5648515.2592036 2908960.5271064127, 5634081.714171307 2933960.160439527, 5648515.259201436 2958959.79377186, 5677382.349263834 2958959.793770205, 5691815.894296154 2933960.1604361646, 5677382.3492660485 2908960.527104708))",7,0.5465808133182545,2165.0000000225523,2,0.2219205879305592,frequency,5,5,0.3246602253876953,0.3246602253876953
6768,"POLYGON ((5677382.349263834 2958959.793770205, 5648515.259201436 2958959.79377186, 5634081.714169198 2983959.4271046915, 5648515.25919933 3008959.0604357976, 5677382.349261674 3008959.060434192, 5691815.8942939425 2983959.4271014268, 5677382.349263834 2958959.793770205))",2,0.2656522084623079,2164.9999999792617,2,0.2508078936437845,frequency,0,0,0.01484431481852344,0.01484431481852344
6769,"POLYGON ((5677382.349261674 3008959.060434192, 5648515.25919933 3008959.0604357976, 5634081.714167145 3033958.6937683495, 5648515.25919728 3058958.327100229, 5677382.349259574 3058958.3270986746, 5691815.8942917865 3033958.6937651867, 5677382.349261674 3008959.060434192))",10,0.1603459954309401,2165.0000000225523,2,0.22218771652146,frequency,4,-4,-0.061841721090519886,0.061841721090519886
6770,"POLYGON ((5677382.349259574 3058958.3270986746, 5648515.25919728 3058958.327100229, 5634081.714165149 3083957.96043251, 5648515.25919529 3108957.5937631624, 5677382.349257536 3108957.59376165, 5691815.894289692 3083957.9604294416, 5677382.349259574 3058958.3270986746))",10,0.3499754858533543,2164.9999999792617,1,0.2811182839388568,frequency,3,-3,0.06885720191449751,0.06885720191449751
6771,"POLYGON ((5677382.349257536 3108957.59376165, 5648515.25919529 3108957.5937631624, 5634081.714163213 3133957.2270951755, 5648515.259193359 3158956.8604266066, 5677382.349255556 3158956.860425146, 5691815.894287658 3133957.227092203, 5677382.349257536 3108957.59376165))",2,0.3259029009546881,2165.0000000225523,1,0.2676723287172073,frequency,1,1,0.05823057223748079,0.05823057223748079
6772,"POLYGON ((5677382.349255556 3158956.860425146, 5648515.259193359 3158956.8604266066, 5634081.71416134 3183956.4937583413, 5648515.259191494 3208956.127088556, 5677382.349253643 3208956.1270871474, 5691815.894285687 3183956.4937554784, 5677382.349255556 3158956.860425146))",5,0.3414330259880002,2164.9999999792617,1,0.2693651660437257,frequency,4,4,0.0720678599442745,0.0720678599442745
6773,"POLYGON ((5677382.349253643 3208956.1270871474, 5648515.259191494 3208956.127088556, 5634081.714159528 3233955.7604210344, 5648515.25918969 3258955.393751038, 5677382.349251796 3258955.393749674, 5691815.894283781 3233955.7604182702, 5677382.349253643 3208956.1270871474))",12,0.2677194678537989,2165.0000000225527,1,0.2067804491281259,frequency,1,-1,0.060939018725673005,0.060939018725673005
6774,"POLYGON ((5677382.349251796 3258955.393749674, 5648515.25918969 3258955.393751038, 5634081.714157779 3283955.0270822546, 5648515.259187952 3308954.6604120503, 5677382.349250009 3308954.660410742, 5691815.894281944 3283955.027079583, 5677382.349251796 3258955.393749674))",10,0.2950064750431219,2164.9999999792617,1,0.2071993109287679,frequency,3,-3,0.08780716411435399,0.08780716411435399
6775,"POLYGON ((5677382.349250009 3308954.660410742, 5648515.259187952 3308954.6604120503, 5634081.714156097 3333954.2937440095, 5648515.259186279 3358953.9270736016, 5677382.349248294 3358953.927072342, 5691815.894280169 3333954.2937414446, 5677382.349250009 3308954.660410742))",3,0.221012210063185,2165.0000000225527,1,0.2071993109287679,frequency,2,2,0.013812899134417106,0.013812899134417106
6776,"POLYGON ((5677382.349248294 3358953.927072342, 5648515.259186279 3358953.9270736016, 5634081.714154477 3383953.5604043156, 5648515.2591846725 3408953.1937337075, 5677382.3492466435 3408953.193732497, 5691815.894278464 3383953.560401847, 5677382.349248294 3358953.927072342))",1,0.3390253954552333,2164.9999999792417,1,0.2610760274716415,frequency,0,0,0.07794936798359181,0.07794936798359181
6777,"POLYGON ((5677382.3492466435 3408953.193732497, 5648515.2591846725 3408953.1937337075, 5634081.714152925 3433952.8270651805, 5648515.259183131 3458952.4603943806, 5677382.349245063 3458952.4603932155, 5691815.894276828 3433952.827062806, 5677382.3492466435 3408953.193732497))",3,0.2844435723940106,2165.000000022573,1,0.2919153414233885,frequency,2,2,-0.007471769029377906,0.007471769029377906
6778,"POLYGON ((5677382.349245063 3458952.4603932155, 5648515.259183131 3458952.4603943806, 5634081.714151438 3483952.0937246135, 5648515.259181659 3508951.727053626, 5677382.349243549 3508951.7270525103, 5691815.89427526 3483952.093722334, 5677382.349245063 3458952.4603932155))",8,0.1671826127598788,2164.9999999792417,1,0.2200441697031893,frequency,5,-5,-0.05286155694331049,0.05286155694331049
6779,"POLYGON ((5677382.349243549 3508951.7270525103, 5648515.259181659 3508951.727053626, 5634081.714150019 3533951.360384626, 5648515.259180252 3558950.993713458, 5677382.349242102 3558950.9937124, 5691815.894273762 3533951.3603824438, 5677382.349243549 3508951.7270525103))",12,0.2244208707968279,2165.000000022573,1,0.2200441697031893,frequency,1,-1,0.0043767010936386075,0.0043767010936386075
6780,"POLYGON ((5677382.349242102 3558950.9937124, 5648515.259180252 3558950.993713458, 5634081.714148665 3583950.627043234, 5648515.259178913 3608950.260372894, 5677382.349240726 3608950.260371877, 5691815.894272328 3583950.6270411573, 5677382.349242102 3558950.9937124))",7,0.1762944013061297,2165.0000000225523,4,0.2132002691922591,frequency,3,3,-0.0369058678861294,0.0369058678861294
6781,"POLYGON ((5677382.349240726 3608950.260371877, 5648515.259178913 3608950.260372894, 5634081.714147375 3633949.893702459, 5648515.259177642 3658949.527030939, 5677382.349239416 3658949.5270299735, 5691815.894270968 3633949.8937004628, 5677382.349240726 3608950.260371877))",9,0.2096613348253651,2164.9999999792617,4,0.237747983622977,frequency,5,5,-0.028086648797611913,0.028086648797611913
6782,"POLYGON ((5677382.349239416 3658949.5270299735, 5648515.259177642 3658949.527030939, 5634081.714146156 3683949.160360291, 5648515.259176436 3708948.7936896165, 5677382.349238176 3708948.7936886945, 5691815.894269674 3683949.1603583926, 5677382.349239416 3658949.5270299735))",10,0.2215356065982529,2165.0000000225523,4,0.2003351257708756,frequency,6,6,0.0212004808273773,0.0212004808273773
6841,"POLYGON ((5720682.984394828 2233970.4270742307, 5691815.894331602 2233970.4270765265, 5677382.349298661 2258970.060413285, 5691815.894328903 2283969.6937476806, 5720682.984392074 2283969.693745415, 5735116.529425059 2258970.060408715, 5720682.984394828 2233970.4270742307))",4,0.1611677087843641,2164.9999999792617,3,0.2558821637544249,frequency,1,1,-0.09471445497006081,0.09471445497006081
6842,"POLYGON ((5720682.984392074 2283969.693745415, 5691815.894328903 2283969.6937476806, 5677382.349295994 2308969.327085202, 5691815.894326214 2333968.960419398, 5720682.984389329 2333968.9604171547, 5735116.529422283 2308969.327080693, 5720682.984392074 2283969.693745415))",3,0.2203806165096741,2165.0000000225523,1,0.2845047390560618,frequency,2,2,-0.06412412254638766,0.06412412254638766
6843,"POLYGON ((5720682.984389329 2333968.9604171547, 5691815.894326214 2333968.960419398, 5677382.349293336 2358968.5937556867, 5691815.894323537 2383968.2270896644, 5720682.984386598 2383968.227087453, 5735116.529419516 2358968.5937512303, 5720682.984389329 2333968.9604171547))",4,0.2528309572497419,2164.9999999792617,1,0.2980074612989722,frequency,3,3,-0.04517650404923029,0.04517650404923029
6844,"POLYGON ((5720682.984386598 2383968.227087453, 5691815.894323537 2383968.2270896644, 5677382.349290697 2408967.8604267035, 5691815.894320879 2433967.493760467, 5720682.984383884 2433967.493758292, 5735116.529416766 2408967.860422314, 5720682.984386598 2383968.227087453))",9,0.3069621487549444,2165.0000000225523,3,0.2542304001510201,frequency,6,6,0.05273174860392427,0.05273174860392427
6845,"POLYGON ((5720682.984383884 2433967.493758292, 5691815.894320879 2433967.493760467, 5677382.349288079 2458967.127096247, 5691815.894318243 2483966.760430794, 5720682.984381191 2483966.760428653, 5735116.5294140335 2458967.127091934, 5720682.984383884 2433967.493758292))",3,0.2811262602158578,2165.0000000225523,2,0.3012344455962949,frequency,1,1,-0.020108185380437127,0.020108185380437127
6850,"POLYGON ((5720682.984370731 2683963.8271031845, 5691815.894308003 2683963.8271051636, 5677382.349275423 2708963.460439601, 5691815.894305538 2733963.0937719885, 5720682.984368211 2733963.093770057, 5735116.529400826 2708963.4604356904, 5720682.984370731 2683963.8271031845))",8,0.2331648897406206,2164.9999999792617,1,0.3148033148886275,frequency,5,-5,-0.0816384251480069,0.0816384251480069
6851,"POLYGON ((5720682.984368211 2733963.093770057, 5691815.894305538 2733963.0937719885, 5677382.349273008 2758962.727106149, 5691815.894303118 2783962.360439302, 5720682.984365737 2783962.360437414, 5735116.529398301 2758962.7271023258, 5720682.984368211 2733963.093770057))",3,0.4326665850785651,2165.0000000225523,3,0.2728517978439339,frequency,0,0,0.15981478723463122,0.15981478723463122
6852,"POLYGON ((5720682.984365737 2783962.360437414, 5691815.894303118 2783962.360439302, 5677382.349270638 2808961.993773186, 5691815.894300745 2833961.6271051066, 5720682.984363308 2833961.627103269, 5735116.529395822 2808961.993769454, 5720682.984365737 2783962.360437414))",4,0.2815805622208454,2164.9999999792617,3,0.2656546532885773,frequency,1,1,0.015925908932268085,0.015925908932268085
6853,"POLYGON ((5720682.984363308 2833961.627103269, 5691815.894300745 2833961.6271051066, 5677382.349268319 2858961.2604397014, 5691815.894298423 2883960.8937713946, 5720682.984360935 2883960.8937695967, 5735116.529393394 2858961.260436073, 5720682.984363308 2833961.627103269))",3,0.2607624108885547,2165.0000000225523,3,0.2681912063764039,frequency,0,0,-0.007428795487849249,0.007428795487849249
6855,"POLYGON ((5720682.984358612 2933960.1604344225, 5691815.894296154 2933960.1604361646, 5677382.349263834 2958959.793770205, 5691815.8942939425 2983959.4271014268, 5720682.9843563475 2983959.427099735, 5735116.5293887 2958959.793766762, 5720682.984358612 2933960.1604344225))",2,0.2440543937083132,2165.0000000225523,11,0.2237556383361378,frequency,3,3,0.020298755372175403,0.020298755372175403
6856,"POLYGON ((5720682.9843563475 2983959.427099735, 5691815.8942939425 2983959.4271014268, 5677382.349261674 3008959.060434192, 5691815.8942917865 3033958.6937651867, 5720682.984354141 3033958.6937635457, 5735116.5293864375 3008959.0604308527, 5720682.9843563475 2983959.427099735))",3,0.2857789277609662,2164.9999999792617,2,0.2293660778508446,frequency,1,1,0.056412849910121604,0.056412849910121604
6857,"POLYGON ((5720682.984354141 3033958.6937635457, 5691815.8942917865 3033958.6937651867, 5677382.349259574 3058958.3270986746, 5691815.894289692 3083957.9604294416, 5720682.984351995 3083957.9604278523, 5735116.529384235 3058958.3270954383, 5720682.984354141 3033958.6937635457))",4,0.1749753198130942,2165.0000000225523,2,0.2348989353814107,frequency,2,2,-0.05992361556831652,0.05992361556831652
6859,"POLYGON ((5720682.984349914 3133957.227090662, 5691815.894287658 3133957.227092203, 5677382.349255556 3158956.860425146, 5691815.894285687 3183956.4937554784, 5720682.984347895 3183956.4937539864, 5735116.52938002 3158956.8604221134, 5720682.984349914 3133957.227090662))",11,0.2161352174462371,2165.0000000225523,2,0.2637826349295116,frequency,3,-3,-0.0476474174832745,0.0476474174832745
6860,"POLYGON ((5720682.984347895 3183956.4937539864, 5691815.894285687 3183956.4937554784, 5677382.349253643 3208956.1270871474, 5691815.894283781 3233955.7604182702, 5720682.984345942 3233955.7604168262, 5735116.529378009 3208956.1270842245, 5720682.984347895 3183956.4937539864))",11,0.1926818963661767,2165.0000000225523,1,0.2256625236656229,frequency,2,-2,-0.0329806272994462,0.0329806272994462
6861,"POLYGON ((5720682.984345942 3233955.7604168262, 5691815.894283781 3233955.7604182702, 5677382.349251796 3258955.393749674, 5691815.894281944 3283955.027079583, 5720682.984344056 3283955.027078196, 5735116.529376066 3258955.3937468533, 5720682.984345942 3233955.7604168262))",10,0.2724709260526008,2164.9999999792617,1,0.2256625236656229,frequency,3,-3,0.04680840238697792,0.04680840238697792
6862,"POLYGON ((5720682.984344056 3283955.027078196, 5691815.894281944 3283955.027079583, 5677382.349250009 3308954.660410742, 5691815.894280169 3333954.2937414446, 5720682.984342238 3333954.2937401026, 5735116.5293741925 3308954.660408016, 5720682.984344056 3283955.027078196))",1,0.2087916714348693,2165.0000000225523,1,0.2268667932899931,frequency,0,0,-0.018075121855123805,0.018075121855123805
6863,"POLYGON ((5720682.984342238 3333954.2937401026, 5691815.894280169 3333954.2937414446, 5677382.349248294 3358953.927072342, 5691815.894278464 3383953.560401847, 5720682.984340488 3383953.56040056, 5735116.529372385 3358953.9270697245, 5720682.984342238 3333954.2937401026))",2,0.2821212646717029,2164.9999999792617,1,0.3183494405976436,frequency,1,1,-0.03622817592594069,0.03622817592594069
6864,"POLYGON ((5720682.984340488 3383953.56040056, 5691815.894278464 3383953.560401847, 5677382.3492466435 3408953.193732497, 5691815.894276828 3433952.827062806, 5720682.984338808 3433952.8270615726, 5735116.529370649 3408953.1937299767, 5720682.984340488 3383953.56040056))",1,0.2812291813071093,2165.0000000225523,3,0.2650963229100038,frequency,2,-2,0.016132858397105487,0.016132858397105487
6865,"POLYGON ((5720682.984338808 3433952.8270615726, 5691815.894276828 3433952.827062806, 5677382.349245063 3458952.4603932155, 5691815.89427526 3483952.093722334, 5720682.984337197 3483952.0937211583, 5735116.529368983 3458952.4603907987, 5720682.984338808 3433952.8270615726))",3,0.1747098663050847,2164.9999999792617,3,0.2536353351745244,frequency,0,0,-0.07892546886943971,0.07892546886943971
6866,"POLYGON ((5720682.984337197 3483952.0937211583, 5691815.89427526 3483952.093722334, 5677382.349243549 3508951.7270525103, 5691815.894273762 3533951.3603824438, 5720682.984335657 3533951.360381316, 5735116.529367386 3508951.727050193, 5720682.984337197 3483952.0937211583))",9,0.1743797183791618,2165.0000000225523,3,0.2522927847815139,frequency,6,6,-0.0779130664023521,0.0779130664023521
6867,"POLYGON ((5720682.984335657 3533951.360381316, 5691815.894273762 3533951.3603824438, 5677382.349242102 3558950.9937124, 5691815.894272328 3583950.6270411573, 5720682.984334187 3583950.627040072, 5735116.52936586 3558950.99371018, 5720682.984335657 3533951.360381316))",9,0.2408072294210622,2164.9999999792617,4,0.2016921970362328,frequency,5,5,0.039115032384829385,0.039115032384829385
6868,"POLYGON ((5720682.984334187 3583950.627040072, 5691815.894272328 3583950.6270411573, 5677382.349240726 3608950.260371877, 5691815.894270968 3633949.8937004628, 5720682.984332788 3633949.8936994253, 5735116.529364407 3608950.2603697563, 5720682.984334187 3583950.627040072))",8,0.1987661002749087,2165.0000000225523,4,0.2016921970362328,frequency,4,4,-0.002926096761324104,0.002926096761324104
6913,"POLYGON ((5763983.619530506 1458981.7936212358, 5735116.529466542 1458981.7936236043, 5720682.984433484 1483981.4269621002, 5735116.529464343 1508981.0602982633, 5763983.619528273 1508981.0602958717, 5778417.1645613825 1483981.4269573363, 5763983.619530506 1458981.7936212358))",1,0.5367394705608949,2164.999999979252,2,0.2749017362441504,frequency,1,-1,0.2618377343167445,0.2618377343167445
6929,"POLYGON ((5763983.619488295 2258970.0604063524, 5735116.529425059 2258970.060408715, 5720682.984392074 2283969.693745415, 5735116.529422283 2308969.327080693, 5763983.619485463 2308969.327078363, 5778417.164518493 2283969.693740719, 5763983.619488295 2258970.0604063524))",8,0.3511438781659569,2165.0000000225523,1,0.3304702437236271,frequency,5,-5,0.02067363444232978,0.02067363444232978
6930,"POLYGON ((5763983.619485463 2308969.327078363, 5735116.529422283 2308969.327080693, 5720682.984389329 2333968.9604171547, 5735116.529419516 2358968.5937512303, 5763983.619482642 2358968.593748931, 5778417.164515639 2333968.9604125223, 5763983.619485463 2308969.327078363))",1,0.4388373447560479,2164.9999999792617,1,0.2854952849285047,frequency,0,0,0.15334205982754323,0.15334205982754323
6931,"POLYGON ((5763983.619482642 2358968.593748931, 5735116.529419516 2358968.5937512303, 5720682.984386598 2383968.227087453, 5735116.529416766 2408967.860422314, 5763983.619479836 2408967.860420045, 5778417.164512797 2383968.227082884, 5763983.619482642 2358968.593748931))",2,0.366213882060891,2165.0000000225523,2,0.2229690314242559,frequency,0,0,0.1432448506366351,0.1432448506366351
6932,"POLYGON ((5763983.619479836 2408967.860420045, 5735116.529416766 2408967.860422314, 5720682.984383884 2433967.493758292, 5735116.5294140335 2458967.127091934, 5763983.6194770485 2458967.127089703, 5778417.164509972 2433967.493753791, 5763983.619479836 2408967.860420045))",2,0.3836377610775217,2164.9999999792617,11,0.2528907361244977,frequency,3,3,0.13074702495302398,0.13074702495302398
6933,"POLYGON ((5763983.6194770485 2458967.127089703, 5735116.5294140335 2458967.127091934, 5720682.984381191 2483966.760428653, 5735116.529411327 2508966.3937620735, 5763983.619474287 2508966.3937598774, 5778417.164507168 2483966.760424228, 5763983.6194770485 2458967.127089703))",10,0.4095004936203514,2165.0000000225527,1,0.2606387662014253,frequency,3,-3,0.14886172741892612,0.14886172741892612
6935,"POLYGON ((5763983.619471553 2558965.6604285697, 5735116.529408649 2558965.660430728, 5720682.984375892 2583965.293766916, 5735116.529406003 2608964.9270998854, 5763983.619468852 2608964.9270977685, 5778417.1645016465 2583965.2937626457, 5763983.619471553 2558965.6604285697))",11,0.3133656653326906,2165.0000000225527,1,0.1993860212391915,frequency,2,-2,0.11397964409349912,0.11397964409349912
6936,"POLYGON ((5763983.619468852 2608964.9270977685, 5735116.529406003 2608964.9270998854, 5720682.984373293 2633964.5604347996, 5735116.529403392 2658964.1937675443, 5763983.6194661865 2658964.193765469, 5778417.1644989345 2633964.560430619, 5763983.619468852 2608964.9270977685))",12,0.5933431278480553,2164.9999999792617,1,0.3156470794969646,frequency,1,-1,0.27769604835109074,0.27769604835109074
6937,"POLYGON ((5763983.6194661865 2658964.193765469, 5735116.529403392 2658964.1937675443, 5720682.984370731 2683963.8271031845, 5735116.529400826 2708963.4604356904, 5763983.619463564 2708963.460433659, 5778417.1644962635 2683963.827099086, 5763983.6194661865 2658964.193765469))",5,0.7202104102914206,2165.0000000225527,1,0.2947575620445442,frequency,4,4,0.42545284824687646,0.42545284824687646
6938,"POLYGON ((5763983.619463564 2708963.460433659, 5735116.529400826 2708963.4604356904, 5720682.984368211 2733963.093770057, 5735116.529398301 2758962.7271023258, 5763983.619460982 2758962.7271003495, 5778417.1644936325 2733963.093766051, 5763983.619463564 2708963.460433659))",10,0.4979654550929117,2164.9999999792417,3,0.3388308059066364,frequency,5,-5,0.1591346491862753,0.1591346491862753
6939,"POLYGON ((5763983.619460982 2758962.7271003495, 5735116.529398301 2758962.7271023258, 5720682.984365737 2783962.360437414, 5735116.529395822 2808961.993769454, 5763983.61945845 2808961.993767526, 5778417.164491049 2783962.360433503, 5763983.619460982 2758962.7271003495))",3,0.3205781699118886,2165.000000022573,3,0.3112122113499346,frequency,0,0,0.009365958561953991,0.009365958561953991
6940,"POLYGON ((5763983.61945845 2808961.993767526, 5735116.529395822 2808961.993769454, 5720682.984363308 2833961.627103269, 5735116.529393394 2858961.260436073, 5763983.619455969 2858961.260434187, 5778417.164488515 2833961.627099447, 5763983.61945845 2808961.993767526))",3,0.2142332527236427,2165.0000000225523,1,0.2088124458376679,frequency,2,2,0.005420806885974794,0.005420806885974794
6941,"POLYGON ((5763983.619455969 2858961.260434187, 5735116.529393394 2858961.260436073, 5720682.984360935 2883960.8937695967, 5735116.529391021 2908960.5271011707, 5763983.619453538 2908960.5270993435, 5778417.16448603 2883960.8937658835, 5763983.619455969 2858961.260434187))",12,0.2230523777542765,2164.9999999792617,1,0.2244605562242076,frequency,1,-1,-0.001408178469931104,0.001408178469931104
6942,"POLYGON ((5763983.619453538 2908960.5270993435, 5735116.529391021 2908960.5271011707, 5720682.984358612 2933960.1604344225, 5735116.5293887 2958959.793766762, 5763983.619451169 2958959.793764979, 5778417.164483603 2933960.160430807, 5763983.619453538 2908960.5270993435))",11,0.3682356649873458,2165.0000000225523,11,0.2131395351126905,frequency,0,0,0.1550961298746553,0.1550961298746553
6943,"POLYGON ((5763983.619451169 2958959.793764979, 5735116.5293887 2958959.793766762, 5720682.9843563475 2983959.427099735, 5735116.5293864375 3008959.0604308527, 5763983.619448854 3008959.060429119, 5778417.164481235 2983959.4270962197, 5763983.619451169 2958959.793764979))",3,0.1835484220101355,2164.9999999792617,1,0.2466014782101087,frequency,2,2,-0.0630530561999732,0.0630530561999732
6944,"POLYGON ((5763983.619448854 3008959.060429119, 5735116.5293864375 3008959.0604308527, 5720682.984354141 3033958.6937635457, 5735116.529384235 3058958.3270954383, 5763983.619446602 3058958.327093753, 5778417.164478925 3033958.693760131, 5763983.619448854 3008959.060429119))",1,0.2354539823023831,2165.0000000225523,1,0.2736038735976658,frequency,0,0,-0.038149891295282706,0.038149891295282706
6945,"POLYGON ((5763983.619446602 3058958.327093753, 5735116.529384235 3058958.3270954383, 5720682.984351995 3083957.9604278523, 5735116.529382097 3108957.5937585174, 5763983.619444411 3108957.5937568876, 5778417.164476677 3083957.9604245457, 5763983.619446602 3058958.327093753))",1,0.1906943705632276,2164.9999999792617,2,0.3017049305226417,frequency,1,-1,-0.11101055995941408,0.11101055995941408
6946,"POLYGON ((5763983.619444411 3108957.5937568876, 5735116.529382097 3108957.5937585174, 5720682.984349914 3133957.227090662, 5735116.52938002 3158956.8604221134, 5763983.619442285 3158956.860420539, 5778417.164474495 3133957.227087459, 5763983.619444411 3108957.5937568876))",2,0.1958689605416067,2165.0000000225523,2,0.2229690314242559,frequency,0,0,-0.02710007088264918,0.02710007088264918
6947,"POLYGON ((5763983.619442285 3158956.860420539, 5735116.52938002 3158956.8604221134, 5720682.984347895 3183956.4937539864, 5735116.529378009 3208956.1270842245, 5763983.619440228 3208956.1270826934, 5778417.164472379 3183956.4937508865, 5763983.619442285 3158956.860420539))",11,0.2858837842715198,2164.9999999792617,2,0.223509004743069,frequency,3,-3,0.062374779528450774,0.062374779528450774
6948,"POLYGON ((5763983.619440228 3208956.1270826934, 5735116.529378009 3208956.1270842245, 5720682.984345942 3233955.7604168262, 5735116.529376066 3258955.3937468533, 5763983.619438235 3258955.393745386, 5778417.164470328 3233955.760413839, 5763983.619440228 3208956.1270826934))",8,0.2681496950759762,2165.0000000225527,1,0.1991654056958017,frequency,5,-5,0.06898428938017448,0.06898428938017448
6949,"POLYGON ((5763983.619438235 3258955.393745386, 5735116.529376066 3258955.3937468533, 5720682.984344056 3283955.027078196, 5735116.5293741925 3308954.660408016, 5763983.6194363125 3308954.660406603, 5778417.164468349 3283955.0270753135, 5763983.619438235 3258955.393745386))",5,0.2074819526412715,2164.9999999792617,1,0.1739850324844431,frequency,4,4,0.0334969201568284,0.0334969201568284
6950,"POLYGON ((5763983.6194363125 3308954.660406603, 5735116.5293741925 3308954.660408016, 5720682.984342238 3333954.2937401026, 5735116.529372385 3358953.9270697245, 5763983.619434463 3358953.927068355, 5778417.164466439 3333954.293737327, 5763983.6194363125 3308954.660406603))",3,0.2516514321955782,2165.0000000225527,1,0.227152212454246,frequency,2,2,0.02449921974133218,0.02449921974133218
6951,"POLYGON ((5763983.619434463 3358953.927068355, 5735116.529372385 3358953.9270697245, 5720682.984340488 3383953.56040056, 5735116.529370649 3408953.1937299767, 5763983.619432681 3408953.193728669, 5778417.164464599 3383953.5603978867, 5763983.619434463 3358953.927068355))",3,0.1966331131631692,2164.9999999792417,1,0.207628784282238,frequency,2,2,-0.010995671119068795,0.010995671119068795
6952,"POLYGON ((5763983.619432681 3408953.193728669, 5735116.529370649 3408953.1937299767, 5720682.984338808 3433952.8270615726, 5735116.529368983 3458952.4603907987, 5763983.619430972 3458952.460389539, 5778417.164462833 3433952.8270590017, 5763983.619432681 3408953.193728669))",10,0.210212198611501,2165.000000022573,3,0.266525262612982,frequency,5,-5,-0.05631306400148098,0.05631306400148098
6953,"POLYGON ((5763983.619430972 3458952.460389539, 5735116.529368983 3458952.4603907987, 5720682.984337197 3483952.0937211583, 5735116.529367386 3508951.727050193, 5763983.619429333 3508951.7270489894, 5778417.164461136 3483952.0937186903, 5763983.619430972 3458952.460389539))",7,0.1887987236050316,2164.9999999792417,3,0.3070417499252899,frequency,4,4,-0.11824302632025827,0.11824302632025827
6955,"POLYGON ((5763983.619427766 3558950.9937090245, 5735116.52936586 3558950.99371018, 5720682.984334187 3583950.627040072, 5735116.529364407 3608950.2603697563, 5763983.619426272 3608950.2603686545, 5778417.164457962 3583950.627037812, 5763983.619427766 3558950.9937090245))",12,0.2084668892752609,2165.0000000225523,4,0.2314783132365219,frequency,4,-4,-0.02301142396126099,0.02301142396126099
7021,"POLYGON ((5807284.254570195 2483966.760421934, 5778417.164507168 2483966.760424228, 5763983.619474287 2508966.3937598774, 5778417.164504392 2533966.0270931823, 5807284.254567362 2533966.0270909322, 5821717.7996002855 2508966.3937553396, 5807284.254570195 2483966.760421934))",11,0.6811575063480196,2164.9999999792617,1,0.2939515671859125,frequency,2,-2,0.38720593916210716,0.38720593916210716
7022,"POLYGON ((5807284.254567362 2533966.0270909322, 5778417.164504392 2533966.0270931823, 5763983.619471553 2558965.6604285697, 5778417.1645016465 2583965.2937626457, 5807284.254564562 2583965.293760439, 5821717.79959744 2558965.660424117, 5807284.254567362 2533966.0270909322))",5,0.3150698691650291,2165.0000000225523,1,0.2351469650006409,frequency,4,4,0.07992290416438821,0.07992290416438821
7023,"POLYGON ((5807284.254564562 2583965.293760439, 5778417.1645016465 2583965.2937626457, 5763983.619468852 2608964.9270977685, 5778417.1644989345 2633964.560430619, 5807284.254561793 2633964.560428457, 5821717.799594628 2608964.927093398, 5807284.254564562 2583965.293760439))",11,0.2895733303277507,2164.9999999792617,1,0.2373990152736125,frequency,2,-2,0.052174315054138165,0.052174315054138165
7027,"POLYGON ((5807284.254553743 2783962.3604314798, 5778417.164491049 2783962.360433503, 5763983.61945845 2808961.993767526, 5778417.164488515 2833961.627099447, 5807284.254551154 2833961.627097476, 5821717.799583784 2808961.993763529, 5807284.254553743 2783962.3604314798))",3,0.3079417105436899,2164.9999999792617,1,0.3527633163501621,frequency,2,2,-0.04482160580647221,0.04482160580647221
7028,"POLYGON ((5807284.254551154 2833961.627097476, 5778417.164488515 2833961.627099447, 5763983.619455969 2858961.260434187, 5778417.16448603 2883960.8937658835, 5807284.254548617 2883960.893763956, 5821717.799581196 2858961.2604302857, 5807284.254551154 2833961.627097476))",3,0.2925390093721507,2165.0000000225523,1,0.2474529516566107,frequency,2,2,0.04508605771554003,0.04508605771554003
7029,"POLYGON ((5807284.254548617 2883960.893763956, 5778417.16448603 2883960.8937658835, 5763983.619453538 2908960.5270993435, 5778417.164483603 2933960.160430807, 5807284.254546137 2933960.16042893, 5821717.799578658 2908960.527095545, 5807284.254548617 2883960.893763956))",11,0.3047626742856819,2164.9999999792617,1,0.290673603605254,frequency,2,-2,0.014089070680427862,0.014089070680427862
7030,"POLYGON ((5807284.254546137 2933960.16042893, 5778417.164483603 2933960.160430807, 5763983.619451169 2958959.793764979, 5778417.164481235 2983959.4270962197, 5807284.254543714 2983959.4270943957, 5821717.799576182 2958959.7937612855, 5807284.254546137 2933960.16042893))",2,0.1715198135099498,2165.0000000225523,2,0.2354849616963547,frequency,0,0,-0.06396514818640489,0.06396514818640489
7031,"POLYGON ((5807284.254543714 2983959.4270943957, 5778417.164481235 2983959.4270962197, 5763983.619448854 3008959.060429119, 5778417.164478925 3033958.693760131, 5807284.254541351 3033958.6937583666, 5821717.799573762 3008959.0604255297, 5807284.254543714 2983959.4270943957))",10,0.2642673272013668,2164.9999999792617,2,0.2351849242982986,frequency,4,-4,0.02908240290306821,0.02908240290306821
7032,"POLYGON ((5807284.254541351 3033958.6937583666, 5778417.164478925 3033958.693760131, 5763983.619446602 3058958.327093753, 5778417.164476677 3083957.9604245457, 5807284.254539052 3083957.960422833, 5821717.799571406 3058958.3270902713, 5807284.254541351 3033958.6937583666))",12,0.291587786835989,2165.0000000225523,1,0.259708246829389,frequency,1,-1,0.03187954000660004,0.03187954000660004
7033,"POLYGON ((5807284.254539052 3083957.960422833, 5778417.164476677 3083957.9604245457, 5763983.619444411 3108957.5937568876, 5778417.164474495 3133957.227087459, 5807284.254536821 3133957.227085797, 5821717.799569113 3108957.5937535195, 5807284.254539052 3083957.960422833))",4,0.3726743967586192,2164.9999999792617,1,0.2736038735976659,frequency,3,3,0.09907052316095327,0.09907052316095327
7034,"POLYGON ((5807284.254536821 3133957.227085797, 5778417.164474495 3133957.227087459, 5763983.619442285 3158956.860420539, 5778417.164472379 3183956.4937508865, 5807284.254534655 3183956.493749278, 5821717.799566888 3158956.860417271, 5807284.254536821 3133957.227085797))",11,0.4445346312514852,2165.0000000225523,2,0.2491528102119292,frequency,3,-3,0.19538182103955598,0.19538182103955598
7035,"POLYGON ((5807284.254534655 3183956.493749278, 5778417.164472379 3183956.4937508865, 5763983.619440228 3208956.1270826934, 5778417.164470328 3233955.760413839, 5807284.254532557 3233955.760412283, 5821717.799564732 3208956.1270795385, 5807284.254534655 3183956.493749278))",6,0.4158083426116573,2165.0000000225523,1,0.2229969172260797,frequency,5,5,0.19281142538557758,0.19281142538557758
7036,"POLYGON ((5807284.254532557 3233955.760412283, 5778417.164470328 3233955.760413839, 5763983.619438235 3258955.393745386, 5778417.164468349 3283955.0270753135, 5807284.254530529 3283955.027073813, 5821717.799562645 3258955.393742331, 5807284.254532557 3233955.760412283))",12,0.2861839954001994,2164.9999999792617,1,0.1817132373403696,frequency,1,-1,0.1044707580598298,0.1044707580598298
7037,"POLYGON ((5807284.254530529 3283955.027073813, 5778417.164468349 3283955.0270753135, 5763983.6194363125 3308954.660406603, 5778417.164466439 3333954.293737327, 5807284.25452857 3333954.293735887, 5821717.799560628 3308954.660403661, 5807284.254530529 3283955.027073813))",1,0.2047700893189353,2165.0000000225523,1,0.2852538826073095,frequency,0,0,-0.08048379328837418,0.08048379328837418
7038,"POLYGON ((5807284.25452857 3333954.293735887, 5778417.164466439 3333954.293737327, 5763983.619434463 3358953.927068355, 5778417.164464599 3383953.5603978867, 5807284.254526686 3383953.560396502, 5821717.799558685 3358953.9270655233, 5807284.25452857 3333954.293735887))",8,0.2791884869810947,2164.9999999792617,1,0.208415975537032,frequency,5,-5,0.07077251144406271,0.07077251144406271
7039,"POLYGON ((5807284.254526686 3383953.560396502, 5778417.164464599 3383953.5603978867, 5763983.619432681 3408953.193728669, 5778417.164462833 3433952.8270590017, 5807284.254524875 3433952.8270576713, 5821717.799556812 3408953.1937259445, 5807284.254526686 3383953.560396502))",5,0.2879322952753702,2165.0000000225523,3,0.3553670168173093,frequency,2,2,-0.06743472154193914,0.06743472154193914
7043,"POLYGON ((5807284.254519881 3583950.62703663, 5778417.164457962 3583950.627037812, 5763983.619426272 3608950.2603686545, 5778417.164456487 3633949.8936972674, 5807284.254518362 3633949.8936961433, 5821717.799550068 3608950.260366352, 5807284.254519881 3583950.62703663))",3,0.1743986027718785,2165.0000000225523,4,0.2317112782710308,frequency,1,-1,-0.05731267549915231,0.05731267549915231
7111,"POLYGON ((5850584.889657555 2608964.9270911426, 5821717.799594628 2608964.927093398, 5807284.254561793 2633964.560428457, 5821717.799591852 2658964.193761184, 5850584.889654725 2658964.193758969, 5865018.434686596 2633964.5604239833, 5850584.889657555 2608964.9270911426))",12,0.270740113441705,2164.999999954256,1,0.3152442561848829,frequency,1,-1,-0.04450414274317788,0.04450414274317788
7115,"POLYGON ((5850584.889646492 2808961.9937614566, 5821717.799583784 2808961.993763529, 5807284.254551154 2833961.627097476, 5821717.799581196 2858961.2604302857, 5850584.889643849 2858961.260428267, 5865018.434675515 2833961.6270933845, 5850584.889646492 2808961.9937614566))",5,0.4221383008906574,2164.999999997547,11,0.2021452093851354,frequency,6,-6,0.21999309150552201,0.21999309150552201
7116,"POLYGON ((5850584.889643849 2858961.260428267, 5821717.799581196 2858961.2604302857, 5807284.254548617 2883960.893763956, 5821717.799578658 2908960.527095545, 5850584.889641258 2908960.5270935735, 5865018.434672868 2883960.893759976, 5850584.889643849 2858961.260428267))",11,0.2922794921519361,2164.999999954256,1,0.2357723770527368,frequency,2,-2,0.05650711509919931,0.05650711509919931
7117,"POLYGON ((5850584.889641258 2908960.5270935735, 5821717.799578658 2908960.527095545, 5807284.254546137 2933960.16042893, 5821717.799576182 2958959.7937612855, 5850584.889638725 2958959.793759378, 5865018.434670282 2933960.160425051, 5850584.889641258 2908960.5270935735))",10,0.3375009231995941,2164.999999997547,1,0.2246847022386056,frequency,3,-3,0.11281622096098853,0.11281622096098853
7118,"POLYGON ((5850584.889638725 2958959.793759378, 5821717.799576182 2958959.7937612855, 5807284.254543714 2983959.4270943957, 5821717.799573762 3008959.0604255297, 5850584.889636254 3008959.0604236727, 5865018.434667751 2983959.427090632, 5850584.889638725 2958959.793759378))",7,0.8614812003545864,2164.999999954256,2,0.2232266928155299,frequency,5,5,0.6382545075390565,0.6382545075390565
7119,"POLYGON ((5850584.889636254 3008959.0604236727, 5821717.799573762 3008959.0604255297, 5807284.254541351 3033958.6937583666, 5821717.799571406 3058958.3270902713, 5850584.889633846 3058958.3270884673, 5865018.434665287 3033958.6937546977, 5850584.889636254 3008959.0604236727))",5,0.4501567680991996,2164.999999997547,2,0.2521417537741303,frequency,3,3,0.1980150143250693,0.1980150143250693
7120,"POLYGON ((5850584.889633846 3058958.3270884673, 5821717.799571406 3058958.3270902713, 5807284.254539052 3083957.960422833, 5821717.799569113 3108957.5937535195, 5850584.889631502 3108957.593751765, 5865018.434662882 3083957.9604192795, 5850584.889633846 3058958.3270884673))",4,0.5058612500103341,2164.999999954256,1,0.2603231833487664,frequency,3,3,0.2455380666615677,0.2455380666615677
7121,"POLYGON ((5850584.889631502 3108957.593751765, 5821717.799569113 3108957.5937535195, 5807284.254536821 3133957.227085797, 5821717.799566888 3158956.860417271, 5850584.889629226 3158956.8604155784, 5865018.4346605465 3133957.2270823587, 5850584.889631502 3108957.593751765))",8,0.4419986159370611,2164.999999997547,1,0.2753918697696893,frequency,5,-5,0.16660674616737176,0.16660674616737176
7122,"POLYGON ((5850584.889629226 3158956.8604155784, 5821717.799566888 3158956.860417271, 5807284.254534655 3183956.493749278, 5821717.799564732 3208956.1270795385, 5850584.889627021 3208956.1270779017, 5865018.434658281 3183956.49374595, 5850584.889629226 3158956.8604155784))",12,0.351149584015576,2164.999999954256,1,0.2235508188198596,frequency,1,-1,0.1275987651957164,0.1275987651957164
7123,"POLYGON ((5850584.889627021 3208956.1270779017, 5821717.799564732 3208956.1270795385, 5807284.254532557 3233955.760412283, 5821717.799562645 3258955.393742331, 5850584.889624883 3258955.393740755, 5865018.4346560845 3233955.7604090665, 5850584.889627021 3208956.1270779017))",1,0.4370247040981156,2164.999999997546,1,0.2948167108510833,frequency,0,0,0.14220799324703232,0.14220799324703232
7124,"POLYGON ((5850584.889624883 3258955.393740755, 5821717.799562645 3258955.393742331, 5807284.254530529 3283955.027073813, 5821717.799560628 3308954.660403661, 5850584.889622821 3308954.66040213, 5865018.434653962 3283955.027070705, 5850584.889624883 3258955.393740755))",4,0.4294893593056716,2164.999999954256,1,0.2003386325155396,frequency,3,3,0.22915072679013201,0.22915072679013201
7125,"POLYGON ((5850584.889622821 3308954.66040213, 5821717.799560628 3308954.660403661, 5807284.25452857 3333954.293735887, 5821717.799558685 3358953.9270655233, 5850584.889620829 3358953.927064055, 5865018.434651909 3333954.2937328876, 5850584.889622821 3308954.66040213))",3,0.2352045226567983,2164.999999997546,1,0.2101514250483757,frequency,2,2,0.025053097608422614,0.025053097608422614
7126,"POLYGON ((5850584.889620829 3358953.927064055, 5821717.799558685 3358953.9270655233, 5807284.254526686 3383953.560396502, 5821717.799556812 3408953.1937259445, 5850584.889618913 3408953.193724527, 5865018.434649934 3383953.5603936063, 5850584.889620829 3358953.927064055))",5,0.3401502443345457,2164.999999954236,1,0.1994301278127541,frequency,4,4,0.14072011652179162,0.14072011652179162
7127,"POLYGON ((5850584.889618913 3408953.193724527, 5821717.799556812 3408953.1937259445, 5807284.254524875 3433952.8270576713, 5821717.799555016 3458952.460386924, 5850584.8896170715 3458952.460385561, 5865018.4346480295 3433952.8270548955, 5850584.889618913 3408953.193724527))",12,0.2350518384808081,2164.999999997567,3,0.2324176686804817,frequency,3,-3,0.002634169800326408,0.002634169800326408
7202,"POLYGON ((5893885.524740988 2783962.360425131, 5865018.434678212 2783962.3604272944, 5850584.889646492 2808961.9937614566, 5865018.434675515 2833961.6270933845, 5893885.5247382345 2833961.6270912765, 5908319.069770991 2808961.9937571767, 5893885.524740988 2783962.360425131))",11,0.3092598601169888,2164.99999995428,11,0.1801683168902803,frequency,0,0,0.12909154322670852,0.12909154322670852
7206,"POLYGON ((5893885.524730312 2983959.4270886746, 5865018.434667751 2983959.427090632, 5850584.889636254 3008959.0604236727, 5865018.434665287 3033958.6937546977, 5893885.524727793 3033958.693752799, 5908319.069760319 3008959.060419828, 5893885.524730312 2983959.4270886746))",9,0.4332249516382568,2164.99999995428,10,0.2115159662215775,frequency,1,-1,0.2217089854166793,0.2217089854166793
7207,"POLYGON ((5893885.524727793 3033958.693752799, 5865018.434665287 3033958.6937546977, 5850584.889633846 3058958.3270884673, 5865018.434662882 3083957.9604192795, 5893885.524725338 3083957.9604174313, 5908319.069757807 3058958.3270847276, 5893885.524727793 3033958.693752799))",5,0.5727552492361416,2164.99999999757,10,0.2425283072667198,frequency,5,-5,0.3302269419694218,0.3302269419694218
7208,"POLYGON ((5893885.524725338 3083957.9604174313, 5865018.434662882 3083957.9604192795, 5850584.889631502 3108957.593751765, 5865018.4346605465 3133957.2270823587, 5893885.524722951 3133957.2270805724, 5908319.06975536 3108957.593748143, 5893885.524725338 3083957.9604174313))",1,0.2543440514342497,2164.99999995428,1,0.2161153661335086,frequency,0,0,0.03822868530074111,0.03822868530074111
7209,"POLYGON ((5893885.524722951 3133957.2270805724, 5865018.4346605465 3133957.2270823587, 5850584.889629226 3158956.8604155784, 5865018.434658281 3183956.49374595, 5893885.524720633 3183956.4937442257, 5908319.069752982 3158956.8604120654, 5893885.524722951 3133957.2270805724))",2,0.2961267872770708,2164.99999999757,1,0.2500893682938316,frequency,1,1,0.04603741898323921,0.04603741898323921
7210,"POLYGON ((5893885.524720633 3183956.4937442257, 5865018.434658281 3183956.49374595, 5850584.889627021 3208956.1270779017, 5865018.4346560845 3233955.7604090665, 5893885.524718389 3233955.7604073924, 5908319.069750676 3208956.1270745005, 5893885.524720633 3183956.4937442257))",1,0.322531969163837,2164.9999999975707,1,0.2506314357878376,frequency,0,0,0.07190053337599939,0.07190053337599939
7211,"POLYGON ((5893885.524718389 3233955.7604073924, 5865018.4346560845 3233955.7604090665, 5850584.889624883 3258955.393740755, 5865018.434653962 3283955.027070705, 5893885.524716213 3283955.0270690965, 5908319.069748442 3258955.393737464, 5893885.524718389 3233955.7604073924))",5,0.4287732682033002,2164.99999995428,1,0.2787461465325996,frequency,4,4,0.1500271216707006,0.1500271216707006
7212,"POLYGON ((5893885.524716213 3283955.0270690965, 5865018.434653962 3283955.027070705, 5850584.889622821 3308954.66040213, 5865018.434651909 3333954.2937328876, 5893885.524714116 3333954.293731329, 5908319.069746278 3308954.6603989666, 5893885.524716213 3283955.0270690965))",5,0.3276232519911751,2164.9999999975707,1,0.1998833478413682,frequency,4,4,0.1277399041498069,0.1277399041498069
7213,"POLYGON ((5893885.524714116 3333954.293731329, 5865018.434651909 3333954.2937328876, 5850584.889620829 3358953.927064055, 5865018.434649934 3383953.5603936063, 5893885.524712091 3383953.5603921106, 5908319.069744192 3358953.9270610036, 5893885.524714116 3333954.293731329))",12,0.1449727199463735,2164.99999995428,4,0.2038212082771295,frequency,4,-4,-0.05884848833075598,0.05884848833075598
7214,"POLYGON ((5893885.524712091 3383953.5603921106, 5865018.434649934 3383953.5603936063, 5850584.889618913 3408953.193724527, 5865018.4346480295 3433952.8270548955, 5893885.524710144 3433952.827053448, 5908319.069742184 3408953.193721588, 5893885.524712091 3383953.5603921106))",5,0.2336451101482996,2164.9999999975707,3,0.1857379132499166,frequency,2,2,0.04790719689838302,0.04790719689838302
7215,"POLYGON ((5893885.524710144 3433952.827053448, 5865018.4346480295 3433952.8270548955, 5850584.8896170715 3458952.460385561, 5865018.434646202 3483952.093714743, 5893885.524708271 3483952.0937133553, 5908319.069740251 3458952.460382736, 5893885.524710144 3433952.827053448))",1,0.2386154724104932,2164.99999995428,1,0.1992094147069956,frequency,0,0,0.03940605770349759,0.03940605770349759
7295,"POLYGON ((5937186.1598203285 3058958.3270827974, 5908319.069757807 3058958.3270847276, 5893885.524725338 3083957.9604174313, 5908319.06975536 3108957.593748143, 5937186.15981783 3108957.5937462645, 5951619.704850327 3083957.960413623, 5937186.1598203285 3058958.3270827974))",3,0.4347140964261162,2164.999999979262,1,0.2374106661383891,frequency,2,2,0.1973034302877271,0.1973034302877271
7296,"POLYGON ((5937186.15981783 3108957.5937462645, 5908319.06975536 3108957.593748143, 5893885.524722951 3133957.2270805724, 5908319.069752982 3158956.8604120654, 5937186.159815398 3158956.8604102475, 5951619.704847837 3133957.227076878, 5937186.15981783 3108957.5937462645))",6,0.1977031729492296,2165.0000000225527,1,0.1665682208508238,frequency,5,5,0.031134952098405805,0.031134952098405805
7297,"POLYGON ((5937186.159815398 3158956.8604102475, 5908319.069752982 3158956.8604120654, 5893885.524720633 3183956.4937442257, 5908319.069750676 3208956.1270745005, 5937186.15981304 3208956.1270727487, 5951619.704845416 3183956.4937406457, 5937186.159815398 3158956.8604102475))",3,0.2996262426320236,2164.999999979262,1,0.227381769218467,frequency,2,2,0.07224447341355658,0.07224447341355658
7298,"POLYGON ((5937186.15981304 3208956.1270727487, 5908319.069750676 3208956.1270745005, 5893885.524718389 3233955.7604073924, 5908319.069748442 3258955.393737464, 5937186.159810758 3258955.393735762, 5951619.7048430685 3233955.76040394, 5937186.15981304 3208956.1270727487))",3,0.5312305794580753,2165.0000000225527,1,0.2090148126915343,frequency,2,2,0.32221576676654096,0.32221576676654096
7299,"POLYGON ((5937186.159810758 3258955.393735762, 5908319.069748442 3258955.393737464, 5893885.524716213 3283955.0270690965, 5908319.069746278 3308954.6603989666, 5937186.159808547 3308954.6603973173, 5951619.7048408 3283955.0270657465, 5937186.159810758 3258955.393735762))",9,0.1948342130592242,2164.999999979262,3,0.2329212502056812,frequency,6,6,-0.038087037146457,0.038087037146457
7300,"POLYGON ((5937186.159808547 3308954.6603973173, 5908319.069746278 3308954.6603989666, 5893885.524714116 3333954.293731329, 5908319.069744192 3358953.9270610036, 5937186.159806412 3358953.927059421, 5951619.704838602 3333954.293728108, 5937186.159808547 3308954.6603973173))",4,0.4474194855581417,2165.0000000225527,3,0.2934881512463561,frequency,1,1,0.15393133431178563,0.15393133431178563
7301,"POLYGON ((5937186.159806412 3358953.927059421, 5908319.069744192 3358953.9270610036, 5893885.524712091 3383953.5603921106, 5908319.069742184 3408953.193721588, 5937186.159804356 3408953.193720062, 5951619.704836482 3383953.560389001, 5937186.159806412 3358953.927059421))",1,0.3559176800666818,2164.9999999792417,1,0.2348259266056132,frequency,0,0,0.1210917534610686,0.1210917534610686
7302,"POLYGON ((5937186.159804356 3408953.193720062, 5908319.069742184 3408953.193721588, 5893885.524710144 3433952.827053448, 5908319.069740251 3458952.460382736, 5937186.159802378 3458952.460381267, 5951619.704834441 3433952.8270504577, 5937186.159804356 3408953.193720062))",5,0.2475916817944768,2165.0000000225723,1,0.2498338849507638,frequency,4,4,-0.0022422031562870093,0.0022422031562870093
7303,"POLYGON ((5937186.159802378 3458952.460381267, 5908319.069740251 3458952.460382736, 5893885.524708271 3483952.0937133553, 5908319.069738396 3508951.7270424534, 5937186.159800477 3508951.7270410457, 5951619.7048324775 3483952.093710477, 5937186.159802378 3458952.460381267))",2,0.3354074250588507,2164.9999999792417,11,0.2137560355865092,frequency,3,3,0.12165138947234147,0.12165138947234147
7379,"POLYGON ((5980486.794923706 2883960.8937514615, 5951619.704860953 2883960.8937536567, 5937186.15982822 2908960.5270874053, 5951619.7048582025 2933960.1604188997, 5980486.794920901 2933960.1604167568, 5994920.339953669 2908960.5270830696, 5980486.794923706 2883960.8937514615))",10,0.4543785608043501,2164.999999979262,11,0.2366810425569599,frequency,1,-1,0.21769751824739017,0.21769751824739017
7382,"POLYGON ((5980486.794915477 3033958.693746852, 5951619.704852887 3033958.693748876, 5937186.1598203285 3058958.3270827974, 5951619.704850327 3083957.960413623, 5980486.794912867 3083957.9604116506, 5994920.339945455 3058958.327078799, 5980486.794915477 3033958.693746852))",9,0.4352159785171303,2165.0000000225523,3,0.2307635557078668,frequency,6,6,0.20445242280926348,0.20445242280926348
7383,"POLYGON ((5980486.794912867 3083957.9604116506, 5951619.704850327 3083957.960413623, 5937186.15981783 3108957.5937462645, 5951619.704847837 3133957.227076878, 5980486.794910322 3133957.227074966, 5994920.339942849 3108957.593742388, 5980486.794912867 3083957.9604116506))",8,0.3256868051037569,2164.999999979262,3,0.273578874022139,frequency,5,5,0.05210793108161793,0.05210793108161793
7384,"POLYGON ((5980486.794910322 3133957.227074966, 5951619.704847837 3133957.227076878, 5937186.159815398 3158956.8604102475, 5951619.704845416 3183956.4937406457, 5980486.79490785 3183956.493738795, 5994920.339940317 3158956.860406482, 5980486.794910322 3133957.227074966))",2,0.3665643946682644,2165.0000000225523,11,0.2209615720661893,frequency,3,3,0.1456028226020751,0.1456028226020751
7385,"POLYGON ((5980486.79490785 3183956.493738795, 5951619.704845416 3183956.4937406457, 5937186.15981304 3208956.1270727487, 5951619.7048430685 3233955.76040394, 5980486.794905453 3233955.760402141, 5994920.339937855 3208956.127069105, 5980486.79490785 3183956.493738795))",4,0.5243701303189884,2165.0000000225527,1,0.2387945503011156,frequency,3,3,0.28557558001787275,0.28557558001787275
7386,"POLYGON ((5980486.794905453 3233955.760402141, 5951619.7048430685 3233955.76040394, 5937186.159810758 3258955.393735762, 5951619.7048408 3283955.0270657465, 5980486.794903129 3283955.0270640226, 5994920.33993547 3258955.3937322446, 5980486.794905453 3233955.760402141))",4,0.3428751335030448,2164.999999979262,1,0.2649741188070002,frequency,3,3,0.0779010146960446,0.0779010146960446
7387,"POLYGON ((5980486.794903129 3283955.0270640226, 5951619.7048408 3283955.0270657465, 5937186.159808547 3308954.6603973173, 5951619.704838602 3333954.293728108, 5980486.794900885 3333954.29372643, 5994920.339933161 3308954.660393918, 5980486.794903129 3283955.0270640226))",10,0.3581199364647119,2165.0000000225527,3,0.3286597017147679,frequency,5,-5,0.029460234749944025,0.029460234749944025
7388,"POLYGON ((5980486.794900885 3333954.29372643, 5951619.704838602 3333954.293728108, 5937186.159806412 3358953.927059421, 5951619.704836482 3383953.560389001, 5980486.794898717 3383953.560387391, 5994920.339930928 3358953.9270561375, 5980486.794900885 3333954.29372643))",3,0.2011778277138001,2164.999999979262,3,0.3264514507744297,frequency,0,0,-0.1252736230606296,0.1252736230606296
7389,"POLYGON ((5980486.794898717 3383953.560387391, 5951619.704836482 3383953.560389001, 5937186.159804356 3408953.193720062, 5951619.704834441 3433952.8270504577, 5980486.794896627 3433952.8270489066, 5994920.339928776 3408953.1937169004, 5980486.794898717 3383953.560387391))",3,0.3978157937035908,2165.0000000225527,3,0.2707453209769336,frequency,0,0,0.12707047272665722,0.12707047272665722
7390,"POLYGON ((5980486.794896627 3433952.8270489066, 5951619.704834441 3433952.8270504577, 5937186.159802378 3458952.460381267, 5951619.7048324775 3483952.093710477, 5980486.794894619 3483952.093708986, 5994920.339926704 3458952.460378225, 5980486.794896627 3433952.8270489066))",11,0.185572233000266,2164.999999979262,11,0.2140043971339544,frequency,0,0,-0.028432164133688376,0.028432164133688376
7470,"POLYGON ((6023787.430008061 3058958.3270767373, 5994920.339945455 3058958.327078799, 5980486.794912867 3083957.9604116506, 5994920.339942849 3108957.593742388, 6023787.430005404 3108957.5937403804, 6038220.9750380255 3083957.9604075835, 6023787.430008061 3058958.3270767373))",3,0.4285761433008264,2164.999999979262,3,0.2445734593719634,frequency,0,0,0.184002683928863,0.184002683928863
7471,"POLYGON ((6023787.430005404 3108957.5937403804, 5994920.339942849 3108957.593742388, 5980486.794910322 3133957.227074966, 5994920.339940317 3158956.860406482, 6023787.430002818 3158956.86040454, 6038220.975035376 3133957.2270710194, 6023787.430005404 3108957.5937403804))",1,0.2482398212083632,2165.0000000225527,3,0.2967632278638397,frequency,2,-2,-0.0485234066554765,0.0485234066554765
7474,"POLYGON ((6023787.42999787 3258955.3937304183, 5994920.33993547 3258955.3937322446, 5980486.794903129 3283955.0270640226, 5994920.339933161 3308954.660393918, 6023787.429995509 3308954.6603921563, 6038220.975027875 3283955.027060439, 6023787.42999787 3258955.3937304183))",6,0.3942453974193911,2164.999999979262,3,0.2554364320387683,frequency,3,3,0.13880896538062276,0.13880896538062276
7475,"POLYGON ((6023787.429995509 3308954.6603921563, 5994920.339933161 3308954.660393918, 5980486.794900885 3333954.29372643, 5994920.339930928 3358953.9270561375, 6023787.429993227 3358953.927054436, 6038220.975025531 3333954.2937229704, 6023787.429995509 3308954.6603921563))",4,0.203473841439139,2165.0000000225527,3,0.2858401717765704,frequency,1,1,-0.0823663303374314,0.0823663303374314
7476,"POLYGON ((6023787.429993227 3358953.927054436, 5994920.339930928 3358953.9270561375, 5980486.794898717 3383953.560387391, 5994920.339928776 3408953.1937169004, 6023787.429991026 3408953.1937152594, 6038220.975023265 3383953.5603840537, 6023787.429993227 3358953.927054436))",9,0.2731336031549913,2164.9999999792417,3,0.3594891187483779,frequency,6,6,-0.08635551559338661,0.08635551559338661
7553,"POLYGON ((6067088.065115175 2833961.627077611, 6038220.975052273 2833961.627080013, 6023787.430019357 2858961.2604151927, 6038220.975049301 2883960.893746921, 6067088.065112144 2883960.8937445823, 6081521.610145099 2858961.260410459, 6067088.065115175 2833961.627077611))",7,0.2609333981461604,2165.0000000225523,11,0.2966136065189225,frequency,4,-4,-0.03568020837276209,0.03568020837276209
7556,"POLYGON ((6067088.065106267 2983959.427076023, 6038220.9750435315 2983959.427078247, 6023787.430010788 3008959.0604115985, 6038220.975040744 3033958.693742662, 6067088.065103425 3033958.693740498, 6081521.610136202 3008959.0604072055, 6067088.065106267 2983959.427076023))",3,0.5924279421020102,2164.999999979262,11,0.2191461022606224,frequency,4,4,0.37328183984138785,0.37328183984138785
7558,"POLYGON ((6067088.065100651 3083957.9604054806, 6038220.9750380255 3083957.9604075835, 6023787.430005404 3108957.5937403804, 6038220.975035376 3133957.2270710194, 6067088.065097949 3133957.2270689784, 6081521.610130602 3108957.5937362364, 6067088.065100651 3083957.9604054806))",10,0.2035073469385361,2164.999999979262,3,0.2854976666126872,frequency,5,-5,-0.08199031967415113,0.08199031967415113
7559,"POLYGON ((6067088.065097949 3133957.2270689784, 6038220.975035376 3133957.2270710194, 6023787.430002818 3158956.86040454, 6038220.975032802 3183956.493734963, 6067088.065095321 3183956.4937329837, 6081521.610127909 3158956.86040052, 6067088.065097949 3133957.2270689784))",6,0.4918812978250255,2165.0000000225523,3,0.2854976666126872,frequency,3,3,0.20638363121233827,0.20638363121233827
7560,"POLYGON ((6067088.065095321 3183956.4937329837, 6038220.975032802 3183956.493734963, 6023787.430000306 3208956.127067218, 6038220.975030299 3233955.7603984345, 6067088.065092767 3233955.7603965234, 6081521.610125292 3208956.1270633205, 6067088.065095321 3183956.4937329837))",5,0.2765187188364564,2165.0000000225527,3,0.2670645007660219,frequency,2,2,0.009454218070434506,0.009454218070434506
7561,"POLYGON ((6067088.065092767 3233955.7603965234, 6038220.975030299 3233955.7603984345, 6023787.42999787 3258955.3937304183, 6038220.975027875 3283955.027060439, 6067088.065090292 3283955.027058581, 6081521.610122752 3258955.3937266483, 6067088.065092767 3233955.7603965234))",10,0.4965388149485671,2164.999999979262,3,0.2728741202261451,frequency,5,-5,0.223664694722422,0.223664694722422
7562,"POLYGON ((6067088.065090292 3283955.027058581, 6038220.975027875 3283955.027060439, 6023787.429995509 3308954.6603921563, 6038220.975025531 3333954.2937229704, 6067088.065087897 3333954.2937211795, 6081521.610120291 3308954.6603885107, 6067088.065090292 3283955.027058581))",5,0.2093932779198382,2165.0000000225527,3,0.2343199198513827,frequency,2,2,-0.024926641931544508,0.024926641931544508
7563,"POLYGON ((6067088.065087897 3333954.2937211795, 6038220.975025531 3333954.2937229704, 6023787.429993227 3358953.927054436, 6038220.975023265 3383953.5603840537, 6067088.0650855815 3383953.560382323, 6081521.6101179095 3358953.9270509114, 6067088.065087897 3333954.2937211795))",11,0.2002834979480315,2164.999999979262,3,0.2791372170361552,frequency,4,-4,-0.07885371908812369,0.07885371908812369
7641,"POLYGON ((6110388.700208019 2858961.260408015, 6081521.610145099 2858961.260410459, 6067088.065112144 2883960.8937445823, 6081521.610142071 2908960.527076204, 6110388.700204935 2908960.5270738224, 6124822.245237927 2883960.893739757, 6110388.700208019 2858961.260408015))",11,0.1662221736869545,2164.999999979262,4,0.2021688700284276,frequency,5,-5,-0.0359466963414731,0.0359466963414731
7644,"POLYGON ((6110388.700198956 3008959.0604049466, 6081521.610136202 3008959.0604072055, 6067088.065103425 3033958.693740498, 6081521.610133367 3058958.327072469, 6110388.700196067 3058958.3270702627, 6124822.245228877 3033958.6937360307, 6110388.700198956 3008959.0604049466))",3,0.7189762873309427,2165.0000000225527,11,0.2895247877513682,frequency,4,4,0.42945149957957446,0.42945149957957446
7646,"POLYGON ((6110388.700193247 3108957.593734096, 6081521.610130602 3108957.5937362364, 6067088.065097949 3133957.2270689784, 6081521.610127909 3158956.86040052, 6110388.700190501 3158956.860398443, 6124822.245223183 3133957.227064762, 6110388.700193247 3108957.593734096))",2,0.2101518473460903,2165.0000000225527,3,0.3098869177892613,frequency,1,-1,-0.09973507044317101,0.09973507044317101
7647,"POLYGON ((6110388.700190501 3158956.860398443, 6081521.610127909 3158956.86040052, 6067088.065095321 3183956.4937329837, 6081521.610125292 3208956.1270633205, 6110388.70018783 3208956.127061308, 6124822.245220452 3183956.4937288905, 6110388.700190501 3158956.860398443))",8,0.5282912598863608,2164.999999979262,3,0.2443018695838944,frequency,5,5,0.2839893903024664,0.2839893903024664
7648,"POLYGON ((6110388.70018783 3208956.127061308, 6081521.610125292 3208956.1270633205, 6067088.065092767 3233955.7603965234, 6081521.610122752 3258955.3937266483, 6110388.700185237 3258955.3937247004, 6124822.245217792 3233955.7603925564, 6110388.70018783 3208956.127061308))",3,0.3471136658419729,2165.0000000225527,3,0.2717798405309748,frequency,0,0,0.07533382531099808,0.07533382531099808
7649,"POLYGON ((6110388.700185237 3258955.3937247004, 6081521.610122752 3258955.3937266483, 6067088.065090292 3283955.027058581, 6081521.610120291 3308954.6603885107, 6110388.700182727 3308954.66038662, 6124822.245215213 3283955.027054746, 6110388.700185237 3258955.3937247004))",5,0.2088086593590347,2164.999999979262,11,0.1949942352036895,frequency,6,-6,0.0138144241553452,0.0138144241553452
7650,"POLYGON ((6110388.700182727 3308954.66038662, 6081521.610120291 3308954.6603885107, 6067088.065087897 3333954.2937211795, 6081521.6101179095 3358953.9270509114, 6110388.700180293 3358953.927049091, 6124822.245212713 3333954.293717475, 6110388.700182727 3308954.66038662))",3,0.1824443655507189,2165.0000000225527,3,0.1865344903768407,frequency,0,0,-0.004090124826121783,0.004090124826121783
7733,"POLYGON ((6153689.3352887165 3083957.960398896, 6124822.245225996 3083957.9604011364, 6110388.700193247 3108957.593734096, 6124822.245223183 3133957.227064762, 6153689.33528585 3133957.2270625825, 6168122.880318635 3108957.5937296757, 6153689.3352887165 3083957.960398896))",6,0.5611853794184665,2164.999999979262,3,0.2961659608005694,frequency,3,3,0.2650194186178971,0.2650194186178971
7734,"POLYGON ((6153689.33528585 3133957.2270625825, 6124822.245223183 3133957.227064762, 6110388.700190501 3158956.860398443, 6124822.245220452 3183956.4937288905, 6153689.335283063 3183956.4937267792, 6168122.880315781 3158956.86039415, 6153689.33528585 3133957.2270625825))",1,0.2848577656297301,2165.0000000225523,3,0.272565413962575,frequency,2,-2,0.012292351667155088,0.012292351667155088
7736,"POLYGON ((6153689.335280351 3233955.760390505, 6124822.245217792 3233955.7603925564, 6110388.700185237 3258955.3937247004, 6124822.245215213 3283955.027054746, 6153689.335277719 3283955.027052765, 6168122.880310304 3258955.3937206655, 6153689.335280351 3233955.760390505))",4,0.4262351087019305,2164.999999979262,11,0.2701375245579568,frequency,5,5,0.15609758414397368,0.15609758414397368
7737,"POLYGON ((6153689.335277719 3283955.027052765, 6124822.245215213 3283955.027054746, 6110388.700182727 3308954.66038662, 6124822.245212713 3333954.293717475, 6153689.335275171 3333954.293715551, 6168122.880307685 3308954.660382729, 6153689.335277719 3283955.027052765))",11,0.2197038664052434,2165.0000000225527,11,0.2055007784120394,frequency,0,0,0.014203087993203994,0.014203087993203994
7738,"POLYGON ((6153689.335275171 3333954.293715551, 6124822.245212713 3333954.293717475, 6110388.700180293 3358953.927049091, 6124822.245210297 3383953.560378746, 6153689.3352727005 3383953.5603768956, 6168122.880305152 3358953.92704532, 6153689.335275171 3333954.293715551))",12,0.4006535312346289,2164.999999979262,11,0.1947880168657917,frequency,1,1,0.20586551436883718,0.20586551436883718
7821,"POLYGON ((6196989.970381375 3108957.593727399, 6168122.880318635 3108957.5937296757, 6153689.33528585 3133957.2270625825, 6168122.880315781 3158956.86039415, 6196989.970378469 3158956.860391936, 6211423.515411282 3133957.227058088, 6196989.970381375 3108957.593727399))",2,0.2811509638762597,2165.0000000225527,3,0.2436689178577037,frequency,1,-1,0.03748204601855601,0.03748204601855601
7822,"POLYGON ((6196989.970378469 3158956.860391936, 6168122.880315781 3158956.86039415, 6153689.335283063 3183956.4937267792, 6168122.8803130025 3208956.1270571486, 6196989.970375636 3208956.127055003, 6211423.515408384 3183956.493722423, 6196989.970378469 3158956.860391936))",8,0.4526034473504136,2164.999999979262,3,0.2794917371252882,frequency,5,5,0.1731117102251254,0.1731117102251254
7823,"POLYGON ((6196989.970375636 3208956.127055003, 6168122.8803130025 3208956.1270571486, 6153689.335280351 3233955.760390505, 6168122.880310304 3258955.3937206655, 6196989.970372886 3258955.3937185854, 6211423.515405568 3233955.7603862733, 6196989.970375636 3208956.127055003))",3,0.2351600009649532,2165.0000000225527,3,0.2794917371252882,frequency,0,0,-0.04433173616033498,0.04433173616033498
7824,"POLYGON ((6196989.970372886 3258955.3937185854, 6168122.880310304 3258955.3937206655, 6153689.335277719 3283955.027052765, 6168122.880307685 3308954.660382729, 6196989.9703702135 3308954.6603807104, 6211423.515402827 3283955.027048668, 6196989.970372886 3258955.3937185854))",10,0.2899028517142065,2164.999999979262,11,0.228156598392533,frequency,1,-1,0.061746253321673494,0.061746253321673494
7825,"POLYGON ((6196989.9703702135 3308954.6603807104, 6168122.880307685 3308954.660382729, 6153689.335275171 3333954.293715551, 6168122.880305152 3358953.92704532, 6196989.970367627 3358953.9270433728, 6211423.515400173 3333954.29371159, 6196989.9703702135 3308954.6603807104))",11,0.4398357306323081,2165.0000000225527,11,0.2042838458359048,frequency,0,0,0.23555188479640327,0.23555188479640327
7907,"POLYGON ((6240290.605480178 3033958.6937265275, 6211423.515417302 3033958.6937289783, 6196989.970384358 3058958.3270633747, 6211423.515414255 3083957.9603942744, 6240290.605477077 3083957.9603918935, 6254724.150510055 3058958.3270585476, 6240290.605480178 3033958.6937265275))",2,0.6315632027872969,2165.0000000225523,3,0.2924673777395724,frequency,1,-1,0.33909582504772456,0.33909582504772456
7911,"POLYGON ((6240290.605468222 3233955.7603840968, 6211423.515405568 3233955.7603862733, 6196989.970372886 3258955.3937185854, 6211423.515402827 3283955.027048668, 6240290.605465432 3283955.027046551, 6254724.150498145 3258955.39371429, 6240290.605468222 3233955.7603840968))",5,0.4286416143878797,2164.999999979262,11,0.2557082343217274,frequency,6,-6,0.17293338006615228,0.17293338006615228
7912,"POLYGON ((6240290.605465432 3283955.027046551, 6211423.515402827 3283955.027048668, 6196989.9703702135 3308954.6603807104, 6211423.515400173 3333954.29371159, 6240290.6054627225 3333954.293709545, 6254724.150495369 3308954.660376546, 6240290.605465432 3283955.027046551))",11,0.5580950073170088,2165.0000000225527,11,0.2688318036170097,frequency,0,0,0.2892632036999991,0.2892632036999991
7913,"POLYGON ((6240290.6054627225 3333954.293709545, 6211423.515400173 3333954.29371159, 6196989.970367627 3358953.9270433728, 6211423.515397602 3383953.5603730646, 6240290.605460103 3383953.5603710804, 6254724.1504926765 3358953.9270393453, 6240290.6054627225 3333954.293709545))",11,0.419964517310275,2164.999999979262,11,0.2667947947737404,frequency,0,0,0.1531697225365346,0.1531697225365346
7998,"POLYGON ((6283591.24056374 3208956.1270482787, 6254724.150501004 3208956.127050567, 6240290.605468222 3233955.7603840968, 6254724.150498145 3258955.39371429, 6283591.240560826 3258955.3937120726, 6298024.78559364 3233955.7603795915, 6283591.24056374 3208956.1270482787))",6,0.5837729298135228,2165.0000000225527,11,0.2321786179451934,frequency,5,-5,0.3515943118683294,0.3515943118683294
7999,"POLYGON ((6283591.240560826 3258955.3937120726, 6254724.150498145 3258955.39371429, 6240290.605465432 3283955.027046551, 6254724.150495369 3308954.660376546, 6283591.240557997 3308954.660374397, 6298024.78559074 3283955.0270421845, 6283591.240560826 3258955.3937120726))",10,0.2923147543788184,2164.999999979262,11,0.2837570580985411,frequency,1,-1,0.00855769628027725,0.00855769628027725
8000,"POLYGON ((6283591.240557997 3308954.660374397, 6254724.150495369 3308954.660376546, 6240290.6054627225 3333954.293709545, 6254724.1504926765 3358953.9270393453, 6283591.24055525 3358953.927037267, 6298024.785587925 3333954.2937053144, 6283591.240557997 3308954.660374397))",2,0.2314321902003727,2165.0000000225527,11,0.3168346199779878,frequency,3,3,-0.08540242977761509,0.08540242977761509
8085,"POLYGON ((6326891.875659438 3183956.4937131396, 6298024.785596621 3183956.4937155345, 6283591.24056374 3208956.1270482787, 6298024.78559364 3233955.7603795915, 6326891.875656402 3233955.7603772664, 6341325.420689317 3208956.127043567, 6326891.875659438 3183956.4937131396))",11,0.4977405090725671,2165.0000000225527,11,0.2221096200442578,frequency,0,0,0.27563088902830934,0.27563088902830934
8086,"POLYGON ((6326891.875656402 3233955.7603772664, 6298024.78559364 3233955.7603795915, 6283591.240560826 3258955.3937120726, 6298024.78559074 3283955.0270421845, 6326891.875653446 3283955.027039935, 6341325.420686293 3258955.3937074975, 6326891.875656402 3233955.7603772664))",11,0.2949555568208721,2164.999999979262,11,0.2321895087409997,frequency,0,0,0.0627660480798724,0.0627660480798724
8087,"POLYGON ((6326891.875653446 3283955.027039935, 6298024.78559074 3283955.0270421845, 6283591.240557997 3308954.660374397, 6298024.785587925 3333954.2937053144, 6326891.875650579 3333954.293703131, 6341325.420683354 3308954.6603699666, 6326891.875653446 3283955.027039935))",10,0.1967494300294184,2165.0000000225527,11,0.2987634329456793,frequency,1,-1,-0.10201400291626092,0.10201400291626092
8088,"POLYGON ((6326891.875650579 3333954.293703131, 6298024.785587925 3333954.2937053144, 6283591.24055525 3358953.927037267, 6298024.785585198 3383953.5603669896, 6326891.875647794 3383953.5603648815, 6341325.420680502 3358953.92703297, 6326891.875650579 3333954.293703131))",3,0.4260244230346111,2164.999999979262,11,0.2410802103972745,frequency,4,4,0.18494421263733657,0.18494421263733657
8171,"POLYGON ((6370192.51075856 3108957.593712727, 6341325.420695606 3108957.593715291, 6326891.875662555 3133957.2270485396, 6341325.420692422 3158956.860380165, 6370192.510755321 3158956.8603776675, 6384626.055788407 3133957.2270434736, 6370192.51075856 3108957.593712727))",3,0.2666195422123888,2165.0000000225527,11,0.1782114642130942,frequency,4,4,0.08840807799929462,0.08840807799929462
8173,"POLYGON ((6370192.51075216 3208956.127041141, 6341325.420689317 3208956.127043567, 6326891.875656402 3233955.7603772664, 6341325.420686293 3258955.3937074975, 6370192.510749081 3258955.3937051436, 6384626.055782031 3233955.7603724855, 6370192.51075216 3208956.127041141))",11,0.1804298091933356,2165.0000000225527,11,0.2423965186628598,frequency,0,0,-0.061966709469524206,0.061966709469524206
8174,"POLYGON ((6370192.510749081 3258955.3937051436, 6341325.420686293 3258955.3937074975, 6326891.875653446 3283955.027039935, 6341325.420683354 3308954.6603699666, 6370192.510746088 3308954.6603676775, 6384626.055778967 3283955.0270352913, 6370192.510749081 3258955.3937051436))",1,0.4311237367932329,2164.999999979262,11,0.2314210357673497,frequency,2,2,0.1997027010258832,0.1997027010258832
8176,"POLYGON ((6370192.51074318 3358953.9270307594, 6341325.420680502 3358953.92703297, 6326891.875647794 3383953.5603648815, 6341325.420677738 3408953.1936945287, 6370192.510740359 3408953.1936923917, 6384626.055773099 3383953.5603605206, 6370192.51074318 3358953.9270307594))",7,0.3211625443420368,2164.9999999792417,11,0.2668235572530124,frequency,4,-4,0.054338987089024404,0.054338987089024404
8228,"POLYGON ((6413493.145966341 1583979.9602424768, 6384626.055901999 1583979.960245875, 6370192.510868335 1608979.593584563, 6384626.055898953 1633979.2269198762, 6413493.1459632795 1633979.226916432, 6427926.690997 1608979.5935777212, 6413493.145966341 1583979.9602424768))",1,0.4746000956167259,2164.999999979252,1,0.2825874013784751,frequency,0,0,0.1920126942382508,0.1920126942382508
8259,"POLYGON ((6413493.145851393 3133957.227040862, 6384626.055788407 3133957.2270434736, 6370192.510755321 3158956.8603776675, 6384626.055785179 3183956.4937082147, 6413493.145848107 3183956.493705677, 6427926.690881233 3158956.860372521, 6413493.145851393 3133957.227040862))",11,0.4849949780148641,2165.0000000225523,11,0.2539428977789641,frequency,0,0,0.23105208023589996,0.23105208023589996
8261,"POLYGON ((6413493.145844905 3233955.760370015, 6384626.055782031 3233955.7603724855, 6370192.510749081 3258955.3937051436, 6384626.055778967 3283955.0270352913, 6413493.145841785 3283955.027032893, 6427926.690874768 3258955.3937002826, 6413493.145844905 3233955.760370015))",6,0.4072321333365216,2164.999999979262,11,0.3106398494304718,frequency,5,-5,0.09659228390604979,0.09659228390604979
8262,"POLYGON ((6413493.145841785 3283955.027032893, 6384626.055778967 3283955.0270352913, 6370192.510746088 3308954.6603676775, 6384626.05577599 3333954.2936986303, 6413493.145838752 3333954.293696305, 6427926.690871667 3308954.660362959, 6413493.145841785 3283955.027032893))",4,0.4993087290827618,2165.0000000225527,11,0.2311778565899927,frequency,5,5,0.2681308724927691,0.2681308724927691
8316,"POLYGON ((6456793.781061366 1608979.593574245, 6427926.690997 1608979.5935777212, 6413493.1459632795 1633979.226916432, 6427926.690993868 1658978.8602526803, 6456793.781058219 1658978.8602491599, 6471227.326091995 1633979.2269094333, 6456793.781061366 1608979.593574245))",9,0.2400572833525139,2165.0000000225623,3,0.2919652350647844,frequency,6,6,-0.0519079517122705,0.0519079517122705
8347,"POLYGON ((6456793.780944247 3158956.860369874, 6427926.690881233 3158956.860372521, 6413493.145848107 3183956.493705677, 6427926.690877959 3208956.1270361375, 6456793.780940918 3208956.1270335587, 6471227.325974079 3183956.4937004526, 6456793.780944247 3158956.860369874))",3,0.2023659075941037,2164.999999979262,3,0.2175313339960712,frequency,0,0,-0.015165426401967497,0.015165426401967497
8348,"POLYGON ((6456793.780940918 3208956.1270335587, 6427926.690877959 3208956.1270361375, 6413493.145844905 3233955.760370015, 6427926.690874768 3258955.3937002826, 6456793.7809376735 3258955.393697772, 6471227.325970763 3233955.760364939, 6456793.780940918 3208956.1270335587))",3,0.4210437159549941,2165.0000000225527,11,0.2746208414340828,frequency,4,4,0.14642287452091135,0.14642287452091135
