hex_id,pred_peak_month,pred_peak_share,area_weight_km2,wind_peak_month,wind_peak_share,wind_profile_metric,circular_peak_month_difference,signed_peak_month_shift,peak_month_share_difference,abs_peak_month_share_difference
794,11,0.1974305587963225,2164.9999999792517,2,0.20486448481418548,frequency,3,-3,-0.007433926017862996,0.007433926017862996
795,7,0.1811129594026909,2165.000000022563,2,0.2132218055233814,frequency,5,5,-0.03210884612069051,0.03210884612069051
796,1,0.369153134819733,2164.9999999792517,2,0.3086672636505687,frequency,1,-1,0.06048587116916432,0.06048587116916432
797,12,0.4332332655876096,2165.000000022563,2,0.3086672636505687,frequency,2,-2,0.12456600193704093,0.12456600193704093
798,2,0.4578833333429112,2164.9999999792517,2,0.27623649140073053,frequency,0,0,0.18164684194218067,0.18164684194218067
799,2,0.268888532028283,2165.000000022563,2,0.22139415388375894,frequency,0,0,0.04749437814452406,0.04749437814452406
881,12,0.3468804308613709,2164.9999999792512,10,0.21167884805141501,frequency,2,2,0.13520158280995587,0.13520158280995587
882,12,0.4088506346926753,2165.0000000225623,2,0.2651269608542772,frequency,2,-2,0.14372367383839807,0.14372367383839807
883,4,0.2737225163638789,2164.9999999792512,2,0.2205320501917201,frequency,2,2,0.05319046617215881,0.05319046617215881
884,1,0.2782547505346384,2165.0000000225623,2,0.28571003964120134,frequency,1,-1,-0.007455289106562957,0.007455289106562957
885,6,0.2912347287798743,2164.9999999792512,2,0.27432759865077844,frequency,4,4,0.016907130129095838,0.016907130129095838
886,2,0.5826381904845304,2165.0000000225623,2,0.25463166037946516,frequency,0,0,0.3280065301050652,0.3280065301050652
887,12,0.3329803914383458,2164.9999999792512,2,0.25268173853583487,frequency,2,-2,0.08029865290251093,0.08029865290251093
888,2,0.1667523197233003,2165.0000000225523,2,0.2762487406736848,frequency,0,0,-0.10949642095038453,0.10949642095038453
968,11,0.3696540353284364,2165.000000022563,12,0.2121373220794336,frequency,1,-1,0.1575167132490028,0.1575167132490028
970,2,0.2930677244997424,2165.000000022563,10,0.28837107720474625,frequency,4,4,0.004696647294996137,0.004696647294996137
973,11,0.3714363246365907,2164.9999999792517,10,0.30114328232667986,frequency,1,1,0.07029304230991085,0.07029304230991085
974,8,0.2514082296433366,2165.000000022563,2,0.22097950450134785,frequency,6,6,0.030428725141988744,0.030428725141988744
975,2,0.6856319346324119,2165.0000000225527,2,0.20305754966729472,frequency,0,0,0.4825743849651172,0.4825743849651172
976,4,0.1903399582823106,2164.999999979262,12,0.24301408643376027,frequency,4,4,-0.05267412815144967,0.05267412815144967
977,11,0.2962741168770533,2165.0000000225527,1,0.27818087555006776,frequency,2,-2,0.018093241326985532,0.018093241326985532
978,2,0.2130938272664707,2164.999999979262,1,0.23576088642646106,frequency,1,1,-0.02266705915999037,0.02266705915999037
979,6,0.5374156344152399,2165.0000000225527,1,0.24830856385725686,frequency,5,5,0.289107070557983,0.289107070557983
981,1,0.4687871675799218,2165.0000000225527,1,0.24976466995551552,frequency,0,0,0.21902249762440626,0.21902249762440626
1055,12,0.5210405110208015,2165.0000000225646,12,0.2326614408921108,frequency,0,0,0.2883790701286907,0.2883790701286907
1057,2,0.3105995883824772,2165.000000022575,2,0.27500748682250026,frequency,0,0,0.03559210155997694,0.03559210155997694
1058,5,0.3847996975476009,2164.9999999792635,2,0.22180088564046377,frequency,3,3,0.16299881190713714,0.16299881190713714
1059,4,0.5569332078974083,2165.000000022575,2,0.22221862617001473,frequency,2,2,0.33471458172739355,0.33471458172739355
1060,2,0.2866595143360866,2164.9999999792635,10,0.28635700215168286,frequency,4,4,0.00030251218440374705,0.00030251218440374705
1061,5,0.3267748973618946,2165.000000022575,10,0.2514909878428392,frequency,5,-5,0.07528390951905539,0.07528390951905539
1062,2,0.5481293215202085,2164.9999999792635,2,0.2789540109222585,frequency,0,0,0.26917531059795,0.26917531059795
1063,2,0.288800348749177,2165.0000000225646,2,0.2529464367945857,frequency,0,0,0.035853911954591255,0.035853911954591255
1064,11,0.2508138499611987,2164.9999999792735,2,0.20305754966729472,frequency,3,-3,0.047756300293903986,0.047756300293903986
1065,12,0.1909273387185418,2165.0000000225646,1,0.2826169302983921,frequency,1,-1,-0.09168959157985027,0.09168959157985027
1066,1,0.3723657486324826,2164.9999999792735,1,0.24660147821010875,frequency,0,0,0.12576427042237387,0.12576427042237387
1067,1,0.3546844485074674,2165.0000000225646,2,0.24082535720730838,frequency,1,-1,0.113859091300159,0.113859091300159
1068,1,0.3430987809627758,2164.9999999792735,1,0.2603231833487664,frequency,0,0,0.08277559761400938,0.08277559761400938
1069,1,0.4352112602514086,2165.0000000225646,1,0.3135824460761515,frequency,0,0,0.12162881417525712,0.12162881417525712
1142,1,0.4889647677343951,2164.9999999792517,12,0.2110507537177113,frequency,1,1,0.2779140140166838,0.2779140140166838
1143,12,0.4795471475405219,2165.000000022563,2,0.2967453018314679,frequency,2,-2,0.182801845709054,0.182801845709054
1144,12,0.4099313009224388,2164.9999999792512,2,0.3634469834412632,frequency,2,-2,0.0464843174811756,0.0464843174811756
1145,11,0.3006705225208483,2165.000000022563,2,0.33881143184595763,frequency,3,-3,-0.03814090932510933,0.03814090932510933
1146,2,0.3168219031163851,2164.9999999792512,2,0.2767764890606536,frequency,0,0,0.040045414055731476,0.040045414055731476
1147,12,0.4289112543655533,2165.000000022563,2,0.3021768874076992,frequency,2,-2,0.12673436695785406,0.12673436695785406
1148,10,0.2616319511257066,2164.9999999792512,10,0.22648022295833545,frequency,0,0,0.03515172816737114,0.03515172816737114
1149,12,0.2926245203842975,2165.000000022563,10,0.22648022295833545,frequency,2,2,0.06614429742596203,0.06614429742596203
1150,10,0.2838471653696561,2165.0000000225523,10,0.25670418459721944,frequency,0,0,0.027142980772436653,0.027142980772436653
1151,12,0.3346475924925082,2164.9999999792612,2,0.24082535720730838,frequency,2,-2,0.09382223528519981,0.09382223528519981
1152,12,0.2705799283482293,2165.0000000225523,1,0.27503957366525983,frequency,1,-1,-0.004459645317030525,0.004459645317030525
1153,2,0.3476799544616636,2164.9999999792612,1,0.2475868590313732,frequency,1,1,0.10009309543029041,0.10009309543029041
1154,1,0.2702443792721322,2165.0000000225523,2,0.28230449195387436,frequency,1,-1,-0.012060112681742174,0.012060112681742174
1155,1,0.6699814535050956,2164.9999999792612,1,0.276422599929897,frequency,0,0,0.39355885357519865,0.39355885357519865
1156,1,0.3605877147769296,2165.0000000225523,1,0.34525966981352024,frequency,0,0,0.015328044963409337,0.015328044963409337
1157,1,0.4542597590129734,2164.9999999792612,1,0.39690520501891097,frequency,0,0,0.05735455399406242,0.05735455399406242
1225,3,0.1759336153514417,2165.000000022563,2,0.2907839023752987,frequency,1,1,-0.11485028702385702,0.11485028702385702
1226,3,0.3756204713490111,2164.9999999792512,2,0.2844854745243301,frequency,1,1,0.09113499682468101,0.09113499682468101
1228,1,0.1931431985430457,2164.9999999792512,3,0.21146591689115773,frequency,2,-2,-0.018322718348112027,0.018322718348112027
1230,12,0.2756114424787511,2165.0000000225523,2,0.23674902490026548,frequency,2,-2,0.0388624175784856,0.0388624175784856
1231,2,0.2989910278739434,2164.9999999792517,2,0.3653225356604969,frequency,0,0,-0.0663315077865535,0.0663315077865535
1232,10,0.2067380759205471,2165.000000022563,2,0.3507324691695593,frequency,4,-4,-0.1439943932490122,0.1439943932490122
1235,10,0.3164022374727652,2164.9999999792517,1,0.225833264541032,frequency,3,-3,0.09056897293173319,0.09056897293173319
1236,11,0.3591201813991543,2165.000000022563,10,0.2326614408921108,frequency,1,1,0.1264587405070435,0.1264587405070435
1237,3,0.3033855696650155,2164.9999999792517,10,0.30880186894840944,frequency,5,5,-0.005416299283393933,0.005416299283393933
1238,12,0.4366304112747924,2165.0000000225523,10,0.30880186894840944,frequency,2,2,0.12782854232638297,0.12782854232638297
1239,2,0.6203720044052058,2164.9999999792612,2,0.2304708817338427,frequency,0,0,0.3899011226713631,0.3899011226713631
1240,2,0.2631319274218137,2165.0000000225523,1,0.24660147821010878,frequency,1,1,0.016530449211704906,0.016530449211704906
1241,2,0.3664219883947468,2164.9999999792612,12,0.25843679256126345,frequency,2,2,0.10798519583348337,0.10798519583348337
1242,2,0.3842610559999674,2165.0000000225523,12,0.29781491570062635,frequency,2,2,0.08644614029934106,0.08644614029934106
1243,5,0.2049342025544999,2164.9999999792612,12,0.3234433015911844,frequency,5,5,-0.1185090990366845,0.1185090990366845
1244,1,0.3904311199668716,2165.0000000225523,1,0.37245254850779547,frequency,0,0,0.01797857145907611,0.01797857145907611
1245,1,0.5343642306747679,2165.0000000225523,1,0.25156931561476964,frequency,0,0,0.28279491505999826,0.28279491505999826
1312,2,0.573024674207897,2165.0000000225523,12,0.20293132323926233,frequency,2,2,0.3700933509686347,0.3700933509686347
1313,5,0.3049703208372255,2164.9999999792517,2,0.29353579971439386,frequency,3,3,0.011434521122831609,0.011434521122831609
1314,1,0.5227437749902756,2165.000000022563,1,0.36813436106313324,frequency,0,0,0.15460941392714234,0.15460941392714234
1315,10,0.2243908992745378,2164.9999999792517,2,0.2768010845764836,frequency,4,-4,-0.05241018530194583,0.05241018530194583
1316,6,0.2152149759319738,2165.000000022563,2,0.22159733312789034,frequency,4,4,-0.006382357195916538,0.006382357195916538
1317,3,0.2520209330061845,2164.9999999792517,2,0.2413066953113264,frequency,1,1,0.010714237694858103,0.010714237694858103
1319,2,0.4061418472572171,2164.9999999792512,2,0.3653225356604969,frequency,0,0,0.0408193115967202,0.0408193115967202
1321,2,0.4638296752353671,2164.9999999792512,1,0.2770816234380184,frequency,1,1,0.1867480517973487,0.1867480517973487
1323,2,0.2503800725793794,2164.9999999792512,2,0.26536977431828995,frequency,0,0,-0.014989701738910566,0.014989701738910566
1324,2,0.2747002491570314,2165.000000022563,2,0.3359696940656516,frequency,0,0,-0.061269444908620185,0.061269444908620185
1325,10,0.4612549604708071,2165.0000000225523,10,0.22398517006350946,frequency,0,0,0.23726979040729765,0.23726979040729765
1326,10,0.2752121753590313,2164.9999999792612,2,0.2642845258523284,frequency,4,-4,0.010927649506702886,0.010927649506702886
1327,2,0.2466302111582699,2165.0000000225523,2,0.22097950450134782,frequency,0,0,0.025650706656922095,0.025650706656922095
1328,10,0.3776858137371842,2164.9999999792612,10,0.21593393822227233,frequency,0,0,0.16175187551491185,0.16175187551491185
1329,1,0.414802490834363,2165.0000000225523,1,0.31121894577450704,frequency,0,0,0.10358354505985595,0.10358354505985595
1330,1,0.5328971154463379,2164.9999999792612,12,0.32360195524462976,frequency,1,1,0.20929516020170813,0.20929516020170813
1331,1,0.3181554254508385,2165.0000000225523,1,0.4281735901601299,frequency,0,0,-0.11001816470929138,0.11001816470929138
1332,1,0.6736008344060989,2164.9999999792612,1,0.3338001628894546,frequency,0,0,0.3398006715166443,0.3398006715166443
1400,2,0.3362853621312194,2165.000000022563,2,0.2309219519604227,frequency,0,0,0.1053634101707967,0.1053634101707967
1403,1,0.4552381507242785,2164.9999999792512,1,0.21611536613350854,frequency,0,0,0.23912278459076994,0.23912278459076994
1404,12,0.572776164714571,2165.000000022563,12,0.25236597165063324,frequency,0,0,0.3204101930639378,0.3204101930639378
1406,10,0.2661194682603013,2164.9999999792517,2,0.28920786574740337,frequency,4,-4,-0.023088397487102064,0.023088397487102064
1407,10,0.5425588922359605,2165.000000022563,2,0.3522935678585566,frequency,4,-4,0.19026532437740395,0.19026532437740395
1409,10,0.2455333357310166,2165.000000022563,2,0.3653225356604969,frequency,4,-4,-0.11978919992948028,0.11978919992948028
1410,12,0.4999479808889323,2164.9999999792517,2,0.24494528241542785,frequency,2,-2,0.25500269847350443,0.25500269847350443
1411,12,0.4785798034653929,2165.000000022563,2,0.3024923465007076,frequency,2,-2,0.1760874569646853,0.1760874569646853
1412,10,0.2778342052800848,2164.9999999792517,2,0.20239948223388265,frequency,4,-4,0.07543472304620213,0.07543472304620213
1415,2,0.1704537716276269,2165.0000000225523,2,0.26457410529887804,frequency,0,0,-0.09412033367125114,0.09412033367125114
1416,12,0.23986366486546,2164.9999999792612,2,0.2779756684769584,frequency,2,-2,-0.03811200361149841,0.03811200361149841
1417,1,0.2329580532129845,2165.0000000225523,2,0.3097076656466757,frequency,1,-1,-0.07674961243369119,0.07674961243369119
1418,1,0.1952515069089322,2164.9999999792612,1,0.23052023838003854,frequency,0,0,-0.035268731471106346,0.035268731471106346
1419,1,0.3622119322914693,2165.0000000225523,1,0.2838329523134881,frequency,0,0,0.07837897997798121,0.07837897997798121
1438,2,0.783169186286997,2164.9999999792612,2,0.26438995810875576,frequency,0,0,0.5187792281782413,0.5187792281782413
1491,12,0.3173435937076495,2164.9999999725514,2,0.19347966264909655,frequency,2,-2,0.12386393105855292,0.12386393105855292
1494,12,0.202627198183722,2164.9999999292404,2,0.33816007792695246,frequency,2,-2,-0.13553287974323047,0.13553287974323047
1495,11,0.749993994771418,2164.9999999725514,2,0.26611225744813743,frequency,3,-3,0.4838817373232806,0.4838817373232806
1496,12,0.3915883297482986,2164.9999999292404,2,0.2895237231603676,frequency,2,-2,0.10206460658793098,0.10206460658793098
1497,1,0.1896811747534408,2164.9999999725514,2,0.2660724777179144,frequency,1,-1,-0.07639130296447363,0.07639130296447363
1498,1,0.1957714914043828,2164.9999999292404,2,0.21280009837693062,frequency,1,-1,-0.017028606972547822,0.017028606972547822
1499,2,0.2152310221878915,2164.9999999725514,2,0.2883177794270782,frequency,0,0,-0.0730867572391867,0.0730867572391867
1503,9,0.258244116574513,2164.9999999292504,2,0.2880444956683936,frequency,5,-5,-0.029800379093880558,0.029800379093880558
1504,3,0.2615600960225801,2164.999999972541,2,0.22670347129150503,frequency,1,1,0.03485662473107509,0.03485662473107509
1505,5,0.1706157255302268,2164.9999999292504,10,0.30652630913430384,frequency,5,-5,-0.13591058360407704,0.13591058360407704
1506,1,0.3991648664950439,2164.999999972541,12,0.2790851624926696,frequency,1,1,0.12007970400237428,0.12007970400237428
1525,1,0.2884136168113122,2164.9999999725414,1,0.37140404946748334,frequency,0,0,-0.08299043265617112,0.08299043265617112
1526,2,0.4103587289567985,2164.9999999292304,1,0.2603231833487664,frequency,1,1,0.15003554560803206,0.15003554560803206
1578,11,0.4407512987599031,2164.9999999792512,2,0.28271766254854336,frequency,3,-3,0.15803363621135974,0.15803363621135974
1579,9,0.3368455183439521,2165.000000022563,2,0.3069465467612191,frequency,5,-5,0.029898971582733025,0.029898971582733025
1581,2,0.4298840124726807,2164.9999999792517,10,0.25878769580802763,frequency,4,4,0.17109631666465308,0.17109631666465308
1582,2,0.2755341538888839,2165.000000022563,2,0.3378643492891961,frequency,0,0,-0.062330195400312205,0.062330195400312205
1583,12,0.3273548328431742,2164.9999999792517,1,0.23993617774144724,frequency,1,-1,0.08741865510172694,0.08741865510172694
1584,12,0.2190418388710661,2165.000000022563,2,0.30268340893900825,frequency,2,-2,-0.08364157006794215,0.08364157006794215
1585,11,0.5704947983172513,2164.9999999792517,10,0.24362759261818318,frequency,1,1,0.3268672056990681,0.3268672056990681
1586,10,0.2207090372210293,2165.000000022563,11,0.2030365443270194,frequency,1,-1,0.017672492894009906,0.017672492894009906
1587,12,0.2510718048591728,2164.9999999792517,1,0.24888896418144754,frequency,1,-1,0.0021828406777252563,0.0021828406777252563
1589,8,0.2080225274438774,2164.9999999792612,1,0.2990129012562047,frequency,5,-5,-0.09099037381232733,0.09099037381232733
1592,10,0.2363466546375365,2165.0000000225523,2,0.21194868820341498,frequency,4,-4,0.024397966434121537,0.024397966434121537
1593,1,0.3098771694673349,2164.9999999792612,2,0.22707532282799545,frequency,1,-1,0.08280184663933945,0.08280184663933945
1594,1,0.5173356118313591,2165.0000000225523,1,0.33303388898450587,frequency,0,0,0.18430172284685326,0.18430172284685326
1613,1,0.6160554585305958,2164.9999999792612,1,0.2742864610667768,frequency,0,0,0.34176899746381906,0.34176899746381906
1614,3,0.3528632471301851,2165.0000000225523,1,0.30905846925776886,frequency,2,2,0.04380477787241621,0.04380477787241621
1615,12,0.6847759107397171,2164.9999999792612,1,0.2085480105989233,frequency,1,-1,0.4762279001407938,0.4762279001407938
1618,12,0.426940336742083,2165.0000000225523,1,0.34769322081332216,frequency,1,-1,0.07924711592876083,0.07924711592876083
1666,12,0.2257880071437205,2165.000000022563,2,0.28545755688028485,frequency,2,-2,-0.05966954973656435,0.05966954973656435
1667,8,0.4300278865044617,2164.9999999792517,2,0.21966501558132062,frequency,6,6,0.2103628709231411,0.2103628709231411
1668,9,0.3179077156290251,2165.000000022563,10,0.24341748458348614,frequency,1,-1,0.07449023104553895,0.07449023104553895
1669,10,0.22729556308745,2164.9999999792512,2,0.2655038751056371,frequency,4,-4,-0.03820831201818711,0.03820831201818711
1670,12,0.250569082098621,2165.000000022563,10,0.29023652588190546,frequency,2,2,-0.03966744378328446,0.03966744378328446
1671,12,0.3636758289479856,2164.9999999792512,2,0.2886450678217593,frequency,2,-2,0.07503076112622631,0.07503076112622631
1672,10,0.3020874488029298,2165.000000022563,2,0.25322404111544683,frequency,4,-4,0.048863407687482985,0.048863407687482985
1674,9,0.2184501208328803,2165.000000022563,2,0.35169880353480965,frequency,5,-5,-0.13324868270192936,0.13324868270192936
1675,3,0.5038501952113477,2165.0000000225523,2,0.23160704385735356,frequency,1,1,0.27224315135399413,0.27224315135399413
1676,12,0.2621585113590338,2164.9999999792612,1,0.24827209382234816,frequency,1,-1,0.013886417536685625,0.013886417536685625
1679,4,0.2014309684163062,2165.0000000225523,12,0.21512983514856873,frequency,4,4,-0.013698866732262532,0.013698866732262532
1680,2,0.4438184964281371,2164.9999999792612,2,0.3496649967842649,frequency,0,0,0.09415349964387221,0.09415349964387221
1681,1,0.360383862788113,2165.0000000225523,1,0.2983367449136533,frequency,0,0,0.06204711787445971,0.06204711787445971
1700,12,0.6029194922204376,2165.0000000225527,1,0.39651969645222285,frequency,1,-1,0.20639979576821477,0.20639979576821477
1701,1,0.4108714787574866,2164.9999999792412,12,0.2297770594981943,frequency,1,1,0.1810944192592923,0.1810944192592923
1702,1,0.5812165569082212,2165.0000000225723,1,0.20904367164320686,frequency,0,0,0.3721728852650143,0.3721728852650143
1703,2,0.2796442447906779,2164.9999999792412,1,0.20955304067840935,frequency,1,1,0.07009120411226855,0.07009120411226855
1754,2,0.2520309783143658,2165.000000022563,2,0.31010541544437153,frequency,0,0,-0.05807443713000576,0.05807443713000576
1755,12,0.3536876433109152,2165.0000000225523,10,0.23175855904089027,frequency,2,2,0.12192908427002491,0.12192908427002491
1756,12,0.4393435927938316,2164.9999999792517,1,0.2474582222505422,frequency,1,-1,0.1918853705432894,0.1918853705432894
1757,10,0.2719583465255935,2165.000000022563,2,0.23137479128982888,frequency,4,-4,0.040583555235764596,0.040583555235764596
1762,2,0.4595071528691489,2164.9999999792517,2,0.2507851764575931,frequency,0,0,0.20872197641155582,0.20872197641155582
1763,12,0.3062994941380294,2165.0000000225523,2,0.24180122314952768,frequency,2,-2,0.06449827098850175,0.06449827098850175
1766,10,0.357270989119505,2164.9999999792612,1,0.24945367648214817,frequency,3,-3,0.10781731263735683,0.10781731263735683
1767,3,0.2776081522813835,2165.0000000225523,2,0.23488565049793195,frequency,1,1,0.04272250178345158,0.04272250178345158
1768,1,0.4210136879736871,2164.9999999792612,2,0.25134217429579025,frequency,1,-1,0.16967151367789685,0.16967151367789685
1788,12,0.2854666693145721,2164.9999999792612,1,0.3320158996005012,frequency,1,-1,-0.04654923028592911,0.04654923028592911
1789,12,0.3352024834915776,2165.0000000225523,12,0.3088162698909198,frequency,0,0,0.026386213600657793,0.026386213600657793
1790,2,0.3332535649026882,2164.9999999792612,1,0.21009104342437676,frequency,1,1,0.12316252147831144,0.12316252147831144
1792,2,0.5506255507277242,2164.9999999792612,1,0.30228466888276956,frequency,1,1,0.24834088184495468,0.24834088184495468
1793,12,0.3008089671070849,2165.0000000225523,12,0.32420452557524987,frequency,0,0,-0.02339555846816499,0.02339555846816499
1794,3,0.3355579531718113,2164.9999999792612,1,0.27079502839874753,frequency,2,2,0.06476292477306378,0.06476292477306378
1841,2,0.2088777788865944,2165.000000022563,2,0.26523137262842766,frequency,0,0,-0.05635359374183327,0.05635359374183327
1842,2,0.6385228222020745,2164.9999999792517,1,0.31654610237524294,frequency,1,1,0.3219767198268315,0.3219767198268315
1843,1,0.2344943639235438,2165.000000022563,2,0.33272824262509065,frequency,1,-1,-0.09823387870154685,0.09823387870154685
1844,2,0.5123378396363432,2164.9999999792512,2,0.23616117431518394,frequency,0,0,0.27617666532115925,0.27617666532115925
1850,2,0.2603893167206563,2165.0000000225523,1,0.23626753579526874,frequency,1,1,0.024121780925387554,0.024121780925387554
1851,3,0.2644173434304707,2164.9999999792612,1,0.33001228309229674,frequency,2,2,-0.06559493966182606,0.06559493966182606
1852,12,0.4113473076676319,2165.0000000225523,1,0.2922187705116692,frequency,1,-1,0.11912853715596267,0.11912853715596267
1853,1,0.3845071440156947,2164.9999999792612,1,0.37245254850779547,frequency,0,0,0.012054595507899224,0.012054595507899224
1854,2,0.3824862387348665,2165.0000000225523,1,0.28267600665581116,frequency,1,1,0.09981023207905532,0.09981023207905532
1855,5,0.2336187240495187,2164.9999999792612,11,0.2697440123341928,frequency,6,-6,-0.03612528828467412,0.03612528828467412
1876,2,0.4735310228003372,2164.9999999792412,12,0.4028082127761219,frequency,2,2,0.07072281002421532,0.07072281002421532
1877,12,0.4192699416343484,2165.0000000225723,12,0.2957679888796413,frequency,0,0,0.1235019527547071,0.1235019527547071
1878,1,0.3267585905994348,2164.9999999792412,1,0.22611608746062528,frequency,0,0,0.10064250313880951,0.10064250313880951
1880,1,0.4629782566035839,2165.0000000225523,1,0.3035350523696279,frequency,0,0,0.15944320423395597,0.15944320423395597
1881,1,0.5383655616356854,2164.9999999792612,1,0.3142593603843466,frequency,0,0,0.2241062012513388,0.2241062012513388
1930,1,0.5763251289737085,2165.0000000225523,2,0.3398452374964973,frequency,1,-1,0.23647989147721116,0.23647989147721116
1931,2,0.3090332384405448,2164.9999999792517,1,0.3535919782857488,frequency,1,1,-0.044558739845203976,0.044558739845203976
1932,3,0.2753734983235253,2165.000000022563,1,0.2805673943751629,frequency,2,2,-0.005193896051637614,0.005193896051637614
1936,12,0.3647381899145924,2165.000000022563,2,0.38760758747803375,frequency,2,-2,-0.022869397563441363,0.022869397563441363
1937,2,0.2337619655631026,2164.9999999792517,2,0.36981787719896997,frequency,0,0,-0.13605591163586736,0.13605591163586736
1938,2,0.380793302364988,2165.0000000225523,2,0.3117628405351746,frequency,0,0,0.06903046182981337,0.06903046182981337
1939,9,0.2194324608050894,2164.9999999792612,1,0.24976466995551552,frequency,4,-4,-0.030332209150426115,0.030332209150426115
1940,12,0.4153995027371413,2165.0000000225523,10,0.25610651537721996,frequency,2,2,0.15929298735992137,0.15929298735992137
1941,11,0.3227219243914818,2164.9999999792612,2,0.31601862557508975,frequency,3,-3,0.006703298816392034,0.006703298816392034
1942,1,0.2300924958560779,2165.0000000225523,2,0.329168148709463,frequency,1,-1,-0.09907565285338507,0.09907565285338507
1943,1,0.3294867564361716,2164.9999999792612,1,0.4031443469227013,frequency,0,0,-0.0736575904865297,0.0736575904865297
1953,10,0.7756763127708548,2165.0000000225523,12,0.28097703741132535,frequency,2,-2,0.49469927535952946,0.49469927535952946
1954,1,0.5503153618846386,2164.9999999792612,12,0.2940767263814938,frequency,1,1,0.2562386355031448,0.2562386355031448
1964,3,0.1874268379915332,2165.0000000225523,12,0.32451988443591384,frequency,3,3,-0.13709304644438064,0.13709304644438064
1965,2,0.3870216711688381,2164.9999999792612,12,0.3264585817493161,frequency,2,2,0.06056308941952204,0.06056308941952204
1969,11,0.3069004561888332,2164.9999999792612,1,0.2832967911956064,frequency,2,-2,0.023603664993226803,0.023603664993226803
2017,1,0.3948658776199873,2164.9999999792517,11,0.3068498811860729,frequency,2,2,0.08801599643391439,0.08801599643391439
2018,11,0.386889666060234,2165.000000022563,1,0.34084830778814856,frequency,2,-2,0.04604135827208544,0.04604135827208544
2019,12,0.5547132543166525,2164.9999999792512,1,0.4269063749414809,frequency,1,-1,0.1278068793751716,0.1278068793751716
2022,12,0.2658762445851086,2165.000000022563,1,0.288831054545795,frequency,1,-1,-0.022954809960686384,0.022954809960686384
2023,10,0.2783727473279648,2164.9999999792512,2,0.3338963198460589,frequency,4,-4,-0.05552357251809409,0.05552357251809409
2024,2,0.4559266989537888,2165.000000022563,2,0.3876282598289175,frequency,0,0,0.06829843912487127,0.06829843912487127
2025,3,0.2818833203710332,2165.0000000225523,2,0.31778379952074887,frequency,1,1,-0.03590047914971567,0.03590047914971567
2026,12,0.3616948286389721,2164.9999999792612,2,0.25295876183905835,frequency,2,-2,0.10873606679991377,0.10873606679991377
2027,12,0.2716219369847236,2165.0000000225523,2,0.28835781567430535,frequency,2,-2,-0.016735878689581762,0.016735878689581762
2028,11,0.2601632645303903,2164.9999999792612,1,0.4652196944079031,frequency,2,-2,-0.20505642987751282,0.20505642987751282
2029,1,0.3367695438273717,2165.0000000225523,1,0.39286227165360177,frequency,0,0,-0.05609272782623009,0.05609272782623009
2030,1,0.6036098772242902,2164.9999999792612,1,0.25771979083987817,frequency,0,0,0.345890086384412,0.345890086384412
2040,3,0.4251621143411336,2165.0000000225523,12,0.24334557820141606,frequency,3,3,0.18181653613971754,0.18181653613971754
2041,12,0.6072470851850129,2164.9999999792612,12,0.32643980636591013,frequency,0,0,0.2808072788191028,0.2808072788191028
2042,3,0.2851907675266244,2165.0000000225523,12,0.32608129080640086,frequency,3,3,-0.040890523279776436,0.040890523279776436
2046,12,0.3923969820560858,2165.0000000225523,12,0.29427235328897067,frequency,0,0,0.09812462876711514,0.09812462876711514
2056,2,0.4321569810743974,2164.9999999792612,1,0.3317165973282043,frequency,1,1,0.10044038374619307,0.10044038374619307
2057,12,0.7085755862648315,2165.0000000225523,12,0.49138732415555875,frequency,0,0,0.21718826210927278,0.21718826210927278
2108,2,0.284901633936127,2164.9999999792517,1,0.41148389385598294,frequency,1,1,-0.12658225991985594,0.12658225991985594
2109,4,0.1734007769420293,2165.000000022563,1,0.3714380541216533,frequency,3,3,-0.19803727717962402,0.19803727717962402
2110,12,0.4402076815314554,2164.9999999792517,2,0.33272824262509065,frequency,2,-2,0.10747943890636474,0.10747943890636474
2111,2,0.330384885839185,2165.000000022563,2,0.3129704067622781,frequency,0,0,0.017414479076906908,0.017414479076906908
2112,2,0.2207544917055046,2164.9999999792517,2,0.33789183710827453,frequency,0,0,-0.11713734540276993,0.11713734540276993
2113,2,0.4001444241877099,2165.0000000225523,1,0.2825578786285071,frequency,1,1,0.11758654555920278,0.11758654555920278
2114,2,0.4120951059820714,2164.9999999792612,2,0.30697247507954,frequency,0,0,0.10512263090253138,0.10512263090253138
2115,1,0.4982627775927457,2165.0000000225523,2,0.3327282426250906,frequency,1,-1,0.16553453496765508,0.16553453496765508
2116,2,0.3127364798982993,2164.9999999792612,2,0.4362771020624009,frequency,0,0,-0.12354062216410161,0.12354062216410161
2117,1,0.3203984568393191,2165.0000000225523,2,0.4362771020624009,frequency,1,-1,-0.11587864522308178,0.11587864522308178
2127,10,0.3728485414269327,2164.9999999792612,12,0.26046102460918846,frequency,2,-2,0.11238751681774423,0.11238751681774423
2128,10,0.2915267464475521,2165.0000000225523,12,0.24386022959743037,frequency,2,-2,0.04766651685012174,0.04766651685012174
2129,10,0.2379782346430765,2164.9999999792612,12,0.3505239422872713,frequency,2,-2,-0.1125457076441948,0.1125457076441948
2133,12,0.327979516061364,2164.9999999792612,12,0.32342400455530124,frequency,0,0,0.004555511506062759,0.004555511506062759
2134,12,0.4837639608577843,2165.0000000225523,12,0.2899961930491683,frequency,0,0,0.193767767808616,0.193767767808616
2136,12,0.4261488595046931,2164.9999999792612,12,0.3377924091202035,frequency,0,0,0.08835645038448964,0.08835645038448964
2137,12,0.6473388747777331,2165.0000000225523,12,0.3220801598526035,frequency,0,0,0.3252587149251296,0.3252587149251296
2143,12,0.607601163239121,2165.0000000225523,1,0.303556123542196,frequency,1,-1,0.3040450396969249,0.3040450396969249
2144,2,0.4663488652021058,2164.9999999792612,12,0.37792752475302654,frequency,2,2,0.08842134044907923,0.08842134044907923
2145,12,0.588410736738634,2165.0000000225523,12,0.40104018570313354,frequency,0,0,0.18737055103550043,0.18737055103550043
2147,1,0.6113164882510181,2165.0000000225523,12,0.42350834431815354,frequency,1,1,0.1878081439328646,0.1878081439328646
2194,1,0.57098593880128,2164.9999999792512,1,0.47333439842384284,frequency,0,0,0.09765154037743717,0.09765154037743717
2195,2,0.4108918218652179,2165.000000022563,1,0.4503315543718517,frequency,1,1,-0.039439732506633796,0.039439732506633796
2196,1,0.2792138388778338,2164.9999999792512,1,0.3167332973688899,frequency,0,0,-0.03751945849105609,0.03751945849105609
2197,12,0.2860704684905857,2165.000000022563,1,0.32985057251432326,frequency,1,-1,-0.043780104023737554,0.043780104023737554
2198,2,0.3390580282304415,2164.9999999792512,2,0.36641300219593886,frequency,0,0,-0.027354973965497353,0.027354973965497353
2199,8,0.2013943483656743,2165.000000022563,2,0.29596588928319223,frequency,6,6,-0.09457154091751793,0.09457154091751793
2200,2,0.4129196089740958,2165.0000000225523,2,0.40209729110918213,frequency,0,0,0.010822317864913666,0.010822317864913666
2203,3,0.2424176348651762,2164.9999999792612,2,0.26563002112186096,frequency,1,1,-0.02321238625668476,0.02321238625668476
2204,2,0.3117761184791405,2165.0000000225523,1,0.49713407925750136,frequency,1,1,-0.18535796077836086,0.18535796077836086
2205,1,0.4151848976342669,2164.9999999792612,1,0.29416508618052584,frequency,0,0,0.12101981145374108,0.12101981145374108
2214,12,0.3568669533839184,2165.0000000225723,12,0.2430642159289595,frequency,0,0,0.11380273745495889,0.11380273745495889
2215,11,0.3032593087209693,2165.0000000225523,12,0.23105430365894558,frequency,1,-1,0.07220500506202371,0.07220500506202371
2216,11,0.2732257009661583,2164.9999999792612,10,0.2096973159327465,frequency,1,1,0.0635283850334118,0.0635283850334118
2217,10,0.2793628041680665,2165.0000000225523,11,0.2560832117970303,frequency,1,-1,0.023279592371036217,0.023279592371036217
2221,2,0.3790833938197178,2165.0000000225523,1,0.24776717536987844,frequency,1,1,0.13131621844983934,0.13131621844983934
2222,12,0.258575555546532,2164.9999999792612,12,0.40108106431209933,frequency,0,0,-0.14250550876556733,0.14250550876556733
2224,12,0.2567317457250281,2164.9999999792612,2,0.301219880370587,frequency,2,-2,-0.0444881346455589,0.0444881346455589
2225,1,0.3605701947488343,2165.0000000225527,2,0.3356516224738693,frequency,1,-1,0.024918572274964967,0.024918572274964967
2226,2,0.3909633358163074,2164.9999999792412,12,0.23026925104608473,frequency,2,2,0.16069408477022265,0.16069408477022265
2229,12,0.7617655822464869,2165.0000000225723,1,0.22030095440143727,frequency,1,-1,0.5414646278450497,0.5414646278450497
2231,3,0.5577267839457435,2164.9999999792612,12,0.3510583573650058,frequency,3,3,0.2066684265807377,0.2066684265807377
2232,2,0.3872180127162069,2165.0000000225523,1,0.3446620500299763,frequency,1,1,0.04255596268623063,0.04255596268623063
2233,12,0.2700919293513513,2164.9999999792612,1,0.39142597763984965,frequency,1,-1,-0.12133404828849836,0.12133404828849836
2234,11,0.2927503289667438,2165.0000000225523,1,0.38396852169578227,frequency,2,-2,-0.09121819272903847,0.09121819272903847
2235,2,0.3641733374258746,2164.9999999792612,1,0.4067475483798799,frequency,1,1,-0.04257421095400532,0.04257421095400532
2236,1,0.6474734886211166,2165.0000000225523,1,0.5019797281676259,frequency,0,0,0.14549376045349072,0.14549376045349072
2282,1,0.3838058614329977,2165.000000022563,1,0.26008235039568844,frequency,0,0,0.12372351103730928,0.12372351103730928
2283,12,0.2955329754599482,2164.9999999792517,1,0.24810764559964274,frequency,1,-1,0.04742532986030548,0.04742532986030548
2284,2,0.2476020987074707,2165.000000022563,1,0.19043648084617312,frequency,1,1,0.05716561786129759,0.05716561786129759
2285,7,0.2473401029089754,2164.9999999792517,1,0.34919035022469486,frequency,6,6,-0.10185024731571946,0.10185024731571946
2286,2,0.3794351042437968,2165.000000022563,2,0.35043406380446385,frequency,0,0,0.029001040439332937,0.029001040439332937
2287,2,0.2918847361094727,2164.9999999792517,2,0.43463345605577036,frequency,0,0,-0.14274871994629768,0.14274871994629768
2289,1,0.2313228004345928,2164.9999999792612,2,0.39270372408957993,frequency,1,-1,-0.16138092365498713,0.16138092365498713
2290,1,0.3129334653769123,2165.0000000225523,1,0.36912304101367127,frequency,0,0,-0.05618957563675897,0.05618957563675897
2291,12,0.2546688156025231,2164.9999999792612,2,0.22634928258921883,frequency,2,-2,0.028319533013304254,0.028319533013304254
2292,1,0.3653303483779965,2165.0000000225523,1,0.47097154639664873,frequency,0,0,-0.10564119801865224,0.10564119801865224
2293,1,0.6399809915063679,2164.9999999792612,1,0.405704402254851,frequency,0,0,0.2342765892515169,0.2342765892515169
2294,1,0.5976133641544972,2165.0000000225523,1,0.26325691964019066,frequency,0,0,0.3343564445143065,0.3343564445143065
2295,1,0.5725369168821376,2165.0000000225523,1,0.2918397436180403,frequency,0,0,0.28069717326409727,0.28069717326409727
2299,1,0.3284807497448306,2165.0000000225523,12,0.265256318924002,frequency,1,1,0.06322443082082863,0.06322443082082863
2300,3,0.4867548686294419,2164.9999999792612,1,0.21585699321153085,frequency,2,2,0.27089787541791105,0.27089787541791105
2301,3,0.3162548250238313,2165.0000000225523,2,0.25322404111544683,frequency,1,1,0.06303078390838446,0.06303078390838446
2302,12,0.2457993933849624,2164.9999999792612,12,0.24274247805610752,frequency,0,0,0.003056915328854881,0.003056915328854881
2303,12,0.5389203953706129,2165.0000000225523,12,0.21626459040913434,frequency,0,0,0.3226558049614785,0.3226558049614785
2304,11,0.3121051458701536,2164.9999999792612,12,0.3248041469348105,frequency,1,-1,-0.012699001064656934,0.012699001064656934
2309,11,0.6511100002840621,2165.0000000225523,12,0.28958498990193116,frequency,1,-1,0.3615250103821309,0.3615250103821309
2310,2,0.3100869167156153,2165.0000000225523,12,0.3700340711642512,frequency,2,2,-0.05994715444863591,0.05994715444863591
2311,2,0.4069961878256966,2164.9999999792612,12,0.35633433758065863,frequency,2,2,0.05066185024503794,0.05066185024503794
2312,2,0.3067922334000948,2165.0000000225523,2,0.2300215702632956,frequency,0,0,0.07677066313679923,0.07677066313679923
2313,2,0.5237891084405804,2164.9999999792612,2,0.31741948472460674,frequency,0,0,0.20636962371597362,0.20636962371597362
2314,1,0.3307036307814307,2165.0000000225523,2,0.31094123086564673,frequency,1,-1,0.01976239991578399,0.01976239991578399
2318,1,0.4110927207233968,2165.0000000225523,1,0.2696216426863267,frequency,0,0,0.1414710780370701,0.1414710780370701
2319,12,0.6530813503213083,2164.9999999792612,12,0.3896183476027312,frequency,0,0,0.26346300271857714,0.26346300271857714
2320,2,0.3628163966825151,2165.0000000225523,12,0.40664773534451987,frequency,2,2,-0.04383133866200478,0.04383133866200478
2321,12,0.3052511470985046,2164.9999999792612,1,0.36769924863804054,frequency,1,-1,-0.06244810153953595,0.06244810153953595
2322,11,0.3763418691990069,2165.0000000225523,1,0.3614394021796388,frequency,2,-2,0.014902467019368093,0.014902467019368093
2323,2,0.2463773799834086,2164.9999999792612,1,0.4518378784062735,frequency,1,1,-0.20546049842286487,0.20546049842286487
2369,11,0.3156278088780049,2164.9999999792512,1,0.30819211826870113,frequency,2,-2,0.007435690609303769,0.007435690609303769
2371,11,0.2994675835357676,2164.9999999792512,1,0.26738522126645253,frequency,2,-2,0.032082362269315046,0.032082362269315046
2372,3,0.3147728557686265,2165.000000022563,1,0.19866144231437388,frequency,2,2,0.11611141345425263,0.11611141345425263
2373,1,0.2989396653229111,2164.9999999792512,1,0.27128487162682013,frequency,0,0,0.027654793696090973,0.027654793696090973
2374,2,0.6604725203951807,2165.000000022563,1,0.3713020728516804,frequency,1,1,0.2891704475435003,0.2891704475435003
2376,1,0.5324752995712885,2164.9999999792612,2,0.3296384198727752,frequency,1,-1,0.20283687969851327,0.20283687969851327
2377,1,0.4526046682021655,2165.0000000225523,1,0.2975981334236945,frequency,0,0,0.15500653477847098,0.15500653477847098
2378,2,0.5206504418543203,2164.9999999792612,2,0.41882807830520735,frequency,0,0,0.10182236354911295,0.10182236354911295
2379,1,0.3507150375860347,2165.0000000225523,1,0.33001228309229674,frequency,0,0,0.02070275449373793,0.02070275449373793
2380,1,0.4238022146536175,2164.9999999792612,1,0.42632877139286574,frequency,0,0,-0.0025265567392482313,0.0025265567392482313
2381,1,0.5658871699487759,2165.0000000225523,1,0.3159083035682288,frequency,0,0,0.24997886638054706,0.24997886638054706
2382,1,0.5753273279704649,2164.9999999792612,1,0.27788811338717717,frequency,0,0,0.29743921458328776,0.29743921458328776
2383,1,0.5048756829004732,2165.0000000225527,1,0.2934737736136615,frequency,0,0,0.21140190928681174,0.21140190928681174
2384,1,0.4117685479869897,2164.9999999792612,12,0.31203900688714725,frequency,1,1,0.09972954109984244,0.09972954109984244
2385,10,0.3037221688296344,2165.0000000225527,1,0.30317100013757053,frequency,3,-3,0.0005511686920638414,0.0005511686920638414
2387,2,0.4786533398172666,2165.0000000225527,1,0.2365771151637179,frequency,1,1,0.2420762246535487,0.2420762246535487
2388,1,0.2608862618868794,2164.9999999792412,1,0.23439802459798012,frequency,0,0,0.02648823728889929,0.02648823728889929
2389,1,0.27274470341375,2165.0000000225723,1,0.24827209382234816,frequency,0,0,0.02447260959140185,0.02447260959140185
2390,3,0.2139135297024709,2165.0000000225523,11,0.16995138862719975,frequency,4,4,0.04396214107527116,0.04396214107527116
2391,10,0.4557838715430491,2164.9999999792612,12,0.2577545330998528,frequency,2,-2,0.1980293384431963,0.1980293384431963
2393,8,0.3157656696959182,2164.9999999792612,12,0.27350776922561604,frequency,4,-4,0.042257900470302145,0.042257900470302145
2396,12,0.5128523119962254,2165.0000000225523,2,0.3113421574980289,frequency,2,-2,0.20151015449819648,0.20151015449819648
2397,2,0.4873705726796284,2164.9999999792612,1,0.3484624782189382,frequency,1,1,0.1389080944606902,0.1389080944606902
2398,12,0.4645996608209126,2165.0000000225527,1,0.3653371611793783,frequency,1,-1,0.09926249964153427,0.09926249964153427
2399,12,0.2729091569753786,2164.9999999792612,2,0.28833112360749175,frequency,2,-2,-0.015421966632113149,0.015421966632113149
2400,12,0.2841896156769261,2165.0000000225527,2,0.3005658998560833,frequency,2,-2,-0.016376284179157208,0.016376284179157208
2401,12,0.2817941038629137,2164.9999999792412,12,0.3085069453321766,frequency,0,0,-0.026712841469262893,0.026712841469262893
2402,3,0.4760187843990923,2165.0000000225723,2,0.2648778338879362,frequency,1,1,0.2111409505111561,0.2111409505111561
2404,12,0.4943609094481964,2165.0000000225723,1,0.31559628543777274,frequency,1,-1,0.17876462401042365,0.17876462401042365
2406,9,0.3157263667700262,2164.9999999792612,1,0.30257503012973774,frequency,4,-4,0.013151336640288447,0.013151336640288447
2407,12,0.5717005151093206,2165.0000000225523,1,0.397363680929511,frequency,1,-1,0.1743368341798096,0.1743368341798096
2408,1,0.26414766517787,2164.9999999792612,1,0.34894351506499516,frequency,0,0,-0.08479584988712519,0.08479584988712519
2409,1,0.3656156886460367,2165.0000000225523,12,0.3917936078225383,frequency,1,1,-0.026177919176501585,0.026177919176501585
2410,11,0.541702074528195,2164.9999999792612,1,0.4703510884668828,frequency,2,-2,0.07135098606131218,0.07135098606131218
2411,12,0.3645117088467993,2165.0000000225523,1,0.47168941925748537,frequency,1,-1,-0.10717771041068608,0.10717771041068608
2412,1,0.6133443620847737,2164.9999999792612,1,0.34580003443398594,frequency,0,0,0.2675443276507878,0.2675443276507878
2413,1,0.3928297877936166,2165.0000000225527,1,0.34580003443398594,frequency,0,0,0.047029753359630666,0.047029753359630666
2451,2,0.3031694440963356,2164.9999999792512,2,0.26438995810875576,frequency,0,0,0.038779485987579854,0.038779485987579854
2460,9,0.3300828649865195,2164.9999999792517,1,0.3011425462459194,frequency,4,-4,0.0289403187406001,0.0289403187406001
2461,2,0.3191721980636616,2165.000000022563,1,0.4960477496370382,frequency,1,1,-0.1768755515733766,0.1768755515733766
2462,1,0.3962312907164497,2164.9999999792517,1,0.434076589198911,frequency,0,0,-0.03784529848246132,0.03784529848246132
2464,1,0.2434139695895264,2164.9999999792612,1,0.362475442043222,frequency,0,0,-0.11906147245369561,0.11906147245369561
2465,1,0.2875735344282383,2165.0000000225523,2,0.32869921743796837,frequency,1,-1,-0.041125683009730074,0.041125683009730074
2466,2,0.2913273336718353,2164.9999999792612,12,0.3548490575208209,frequency,2,2,-0.06352172384898563,0.06352172384898563
2467,1,0.3278469943516012,2165.0000000225523,12,0.4022821006527591,frequency,1,1,-0.0744351063011579,0.0744351063011579
2468,1,0.5350966784754084,2164.9999999792612,1,0.33300752849043425,frequency,0,0,0.20208914998497418,0.20208914998497418
2469,1,0.5853054860994292,2165.0000000225523,1,0.43912280604648335,frequency,0,0,0.14618268005294588,0.14618268005294588
2470,1,0.4064620184006619,2165.0000000225523,12,0.29169204852258795,frequency,1,1,0.11476996987807392,0.11476996987807392
2471,5,0.2551292787428049,2164.9999999792612,12,0.23206320620095675,frequency,5,5,0.023066072541848143,0.023066072541848143
2472,12,0.2784692149202307,2165.0000000225523,1,0.31451048396596565,frequency,1,-1,-0.03604126904573496,0.03604126904573496
2473,3,0.1882225905685594,2164.9999999792612,1,0.3158642820741495,frequency,2,2,-0.12764169150559013,0.12764169150559013
2474,10,0.3345744189802382,2165.0000000225523,12,0.26557643641924417,frequency,2,-2,0.06899798256099404,0.06899798256099404
2477,3,0.2914952632372299,2164.9999999792612,12,0.22222871578204328,frequency,3,3,0.06926654745518662,0.06926654745518662
2479,12,0.6510426018410742,2164.9999999792612,12,0.3456049043711485,frequency,0,0,0.3054376974699257,0.3054376974699257
2480,12,0.4469772350530257,2165.0000000225523,12,0.3456049043711485,frequency,0,0,0.10137233068187723,0.10137233068187723
2481,2,0.3256671692786318,2164.9999999792612,12,0.293407854897286,frequency,2,2,0.03225931438134583,0.03225931438134583
2483,3,0.3562772909194595,2164.9999999792612,12,0.27809664478613605,frequency,3,3,0.07818064613332343,0.07818064613332343
2484,12,0.4001699498679547,2165.0000000225523,12,0.3553288796490974,frequency,0,0,0.044841070218857304,0.044841070218857304
2486,12,0.6385373934485816,2164.9999999792612,1,0.31482481954170716,frequency,1,-1,0.32371257390687447,0.32371257390687447
2487,12,0.4653568269785315,2165.0000000225523,2,0.2889328928413262,frequency,2,-2,0.17642393413720525,0.17642393413720525
2488,2,0.4438554785004757,2164.9999999792612,2,0.27571079834910306,frequency,0,0,0.16814468015137263,0.16814468015137263
2489,2,0.3038060583360641,2165.0000000225523,2,0.2759856204814135,frequency,0,0,0.027820437854650604,0.027820437854650604
2490,12,0.4742015510534391,2164.9999999792612,12,0.28959976505081025,frequency,0,0,0.18460178600262883,0.18460178600262883
2491,1,0.4293098996354982,2165.0000000225523,1,0.2888839413206851,frequency,0,0,0.14042595831481308,0.14042595831481308
2492,12,0.7200864312571422,2164.9999999792612,1,0.2886192509500329,frequency,1,-1,0.43146718030710934,0.43146718030710934
2493,9,0.4140374756126554,2165.0000000225523,1,0.316640856987771,frequency,4,-4,0.09739661862488441,0.09739661862488441
2494,1,0.2580682001322867,2164.9999999792612,1,0.33200831717168333,frequency,0,0,-0.07394011703939662,0.07394011703939662
2495,12,0.5171815156047488,2165.0000000225523,1,0.3659508151350211,frequency,1,-1,0.1512307004697277,0.1512307004697277
2496,1,0.3050925095324193,2164.9999999792612,1,0.3791182698711842,frequency,0,0,-0.0740257603387649,0.0740257603387649
2497,1,0.4318171668842606,2165.0000000225523,1,0.37993710816067416,frequency,0,0,0.05188005872358642,0.05188005872358642
2498,12,0.2210848589961749,2164.9999999792612,1,0.3488292846291897,frequency,1,-1,-0.12774442563301483,0.12774442563301483
2499,12,0.2839736134954007,2165.0000000225523,1,0.3507746725373519,frequency,1,-1,-0.06680105904195122,0.06680105904195122
2500,12,0.3617783070631107,2165.0000000225523,11,0.29868604630627127,frequency,1,1,0.06309226075683944,0.06309226075683944
2501,1,0.7326225882109368,2164.9999999792612,1,0.41932372256504447,frequency,0,0,0.3132988656458924,0.3132988656458924
2537,2,0.3427463415629009,2165.0000000225523,2,0.3242658054109999,frequency,0,0,0.018480536151900984,0.018480536151900984
2538,12,0.2850577573619073,2164.9999999792517,1,0.2998012823523505,frequency,1,-1,-0.01474352499044318,0.01474352499044318
2539,6,0.2807085398779136,2165.000000022563,1,0.2947216462062319,frequency,5,5,-0.014013106328318314,0.014013106328318314
2548,4,0.6446269883570566,2164.9999999792512,1,0.49851642116295986,frequency,3,3,0.1461105671940967,0.1461105671940967
2549,1,0.3672249106873911,2165.000000022563,1,0.35043230364350647,frequency,0,0,0.016792607043884633,0.016792607043884633
2551,2,0.2122507661744038,2164.9999999792612,2,0.23070132226487236,frequency,0,0,-0.018450556090468556,0.018450556090468556
2552,2,0.3577060717918606,2165.0000000225523,1,0.24828576882994138,frequency,1,1,0.10942030296191921,0.10942030296191921
2553,2,0.4221758106684356,2164.9999999792612,12,0.3241364037122001,frequency,2,2,0.09803940695623553,0.09803940695623553
2554,1,0.2515316061748628,2165.0000000225523,12,0.3237798122687198,frequency,1,1,-0.07224820609385701,0.07224820609385701
2555,12,0.3972237037523897,2164.9999999792612,1,0.26226082150264357,frequency,1,-1,0.13496288224974612,0.13496288224974612
2556,1,0.5695684419642821,2165.0000000225523,1,0.356220146609948,frequency,0,0,0.21334829535433414,0.21334829535433414
2557,1,0.5186225999911674,2164.9999999792612,1,0.29299753074747514,frequency,0,0,0.2256250692436923,0.2256250692436923
2558,10,0.1690380526832791,2165.0000000225527,12,0.24219558358045576,frequency,2,-2,-0.07315753089717666,0.07315753089717666
2559,3,0.2145690506043062,2164.9999999792612,12,0.2522334456762605,frequency,3,3,-0.03766439507195429,0.03766439507195429
2560,10,0.1900518359097008,2165.0000000225527,1,0.30251701213892107,frequency,3,-3,-0.11246517622922028,0.11246517622922028
2561,2,0.3072996447773093,2164.9999999792612,1,0.23759965498858948,frequency,1,1,0.06969998978871983,0.06969998978871983
2562,4,0.2947181862134439,2165.0000000225527,1,0.21633282123521988,frequency,3,3,0.07838536497822404,0.07838536497822404
2563,2,0.243265329714724,2164.9999999792412,2,0.23577238023765548,frequency,0,0,0.007492949477068522,0.007492949477068522
2564,8,0.2051071015034683,2165.0000000225723,2,0.23577238023765548,frequency,6,6,-0.030665278734187174,0.030665278734187174
2565,2,0.2605931459242982,2165.0000000225523,2,0.19348867651495397,frequency,0,0,0.06710446940934425,0.06710446940934425
2566,10,0.4153082861828913,2164.9999999792612,2,0.16785571584791384,frequency,4,-4,0.24745257033497745,0.24745257033497745
2567,12,0.4556182329979566,2165.0000000225523,12,0.3259562839616583,frequency,0,0,0.1296619490362983,0.1296619490362983
2571,2,0.4477413905599822,2165.0000000225523,12,0.2784035545155519,frequency,2,2,0.1693378360444303,0.1693378360444303
2572,1,0.3092329503631657,2164.9999999792612,12,0.3557392836786971,frequency,1,1,-0.04650633331553139,0.04650633331553139
2576,1,0.3408240417119942,2164.9999999792412,12,0.26410486296317315,frequency,1,1,0.07671917874882106,0.07671917874882106
2577,2,0.2457645711077715,2165.0000000225723,12,0.27567498412638247,frequency,2,2,-0.02991041301861097,0.02991041301861097
2578,12,0.3936904722085012,2164.9999999792412,2,0.2757107983491031,frequency,2,-2,0.11797967385939806,0.11797967385939806
2579,12,0.4302935529721219,2165.0000000225723,12,0.28272358168047995,frequency,0,0,0.14756997129164195,0.14756997129164195
2580,12,0.2816205485709813,2165.0000000225523,1,0.27428646106677673,frequency,1,-1,0.007334087504204556,0.007334087504204556
2581,12,0.38132174005515,2164.9999999792612,1,0.2754591854449498,frequency,1,-1,0.10586255461020022,0.10586255461020022
2582,1,0.455112948966541,2165.0000000225523,1,0.31097740234796073,frequency,0,0,0.14413554661858025,0.14413554661858025
2583,1,0.399748835458692,2164.9999999792612,1,0.31185950578906524,frequency,0,0,0.08788932966962676,0.08788932966962676
2584,11,0.3512527356984974,2165.0000000225523,11,0.2688610070066808,frequency,0,0,0.0823917286918166,0.0823917286918166
2585,12,0.5582473609635793,2164.9999999792612,1,0.26262806159403496,frequency,1,-1,0.29561929936954434,0.29561929936954434
2586,1,0.4270082868291875,2165.0000000225523,1,0.3513222280446672,frequency,0,0,0.07568605878452034,0.07568605878452034
2587,3,0.6579105533434187,2164.9999999792612,11,0.27053642394037397,frequency,4,4,0.3873741294030448,0.3873741294030448
2588,1,0.4867844774885584,2165.0000000225527,11,0.2897048261833495,frequency,2,2,0.19707965130520894,0.19707965130520894
2625,4,0.3042391394216467,2165.000000022563,2,0.3163797299958752,frequency,2,2,-0.012140590574228505,0.012140590574228505
2626,11,0.272283845623135,2164.9999999792512,1,0.31411964539540627,frequency,2,-2,-0.041835799772271254,0.041835799772271254
2632,3,0.5233116684243792,2165.000000022563,11,0.4043790293757604,frequency,4,4,0.11893263904861873,0.11893263904861873
2637,2,0.4358828235270078,2164.9999999792517,1,0.25047594692126274,frequency,1,1,0.18540687660574506,0.18540687660574506
2638,12,0.5371988988331594,2165.0000000225523,1,0.3089737328513445,frequency,1,-1,0.22822516598181491,0.22822516598181491
2639,12,0.215948452826095,2164.9999999792612,2,0.2877584370329854,frequency,2,-2,-0.07180998420689041,0.07180998420689041
2640,12,0.2660159697468312,2165.0000000225523,2,0.2645050200499092,frequency,2,-2,0.0015109496969220038,0.0015109496969220038
2641,12,0.270947405875766,2164.9999999792612,12,0.3243358505844125,frequency,0,0,-0.05338844470864651,0.05338844470864651
2642,12,0.6448032763355555,2165.0000000225523,1,0.19934193417080315,frequency,1,-1,0.4454613421647523,0.4454613421647523
2643,5,0.348397220100704,2164.9999999792612,12,0.23313027249422225,frequency,5,5,0.11526694760648176,0.11526694760648176
2644,3,0.2085584037101041,2165.0000000225523,1,0.331726075282118,frequency,2,2,-0.12316767157201391,0.12316767157201391
2645,4,0.3510272242655015,2165.0000000225523,2,0.27963015512674994,frequency,2,2,0.07139706913875155,0.07139706913875155
2646,1,0.2174317745875189,2164.9999999792612,12,0.3080617404887348,frequency,1,1,-0.09062996590121591,0.09062996590121591
2647,1,0.3859127630694774,2165.0000000225523,1,0.26063876620142534,frequency,0,0,0.12527399686805207,0.12527399686805207
2648,1,0.1560346542690872,2164.9999999792612,1,0.26063876620142534,frequency,0,0,-0.10460411193233815,0.10460411193233815
2649,1,0.2186907609676738,2165.0000000225523,1,0.21629130009242173,frequency,0,0,0.0023994608752520574,0.0023994608752520574
2650,5,0.2848489840432741,2164.9999999792612,1,0.21586662552589173,frequency,4,4,0.06898235851738235,0.06898235851738235
2651,1,0.2614474480591205,2165.0000000225523,1,0.22058348202711037,frequency,0,0,0.040863966032010146,0.040863966032010146
2652,7,0.2069639658857592,2164.9999999792612,1,0.22729004713972945,frequency,6,6,-0.020326081253970257,0.020326081253970257
2653,3,0.1930950254544489,2165.0000000225523,1,0.24977541673837936,frequency,2,2,-0.05668039128393046,0.05668039128393046
2654,8,0.2334470786326099,2164.9999999792612,12,0.23156332408536787,frequency,4,-4,0.0018837545472420447,0.0018837545472420447
2655,2,0.3342204603421143,2165.0000000225523,12,0.27316104359829424,frequency,2,2,0.06105941674382004,0.06105941674382004
2659,12,0.2363390338028316,2165.0000000225523,12,0.2963503872719811,frequency,0,0,-0.06001135346914949,0.06001135346914949
2660,12,0.5649652968179306,2165.0000000225523,2,0.37255393878575016,frequency,2,-2,0.19241135803218046,0.19241135803218046
2662,12,0.4879043803359408,2165.0000000225523,2,0.35303557100829097,frequency,2,-2,0.13486880932764983,0.13486880932764983
2664,12,0.6828317112701984,2165.0000000225523,2,0.3305409084167968,frequency,2,-2,0.3522908028534016,0.3522908028534016
2666,12,0.2914270622307158,2165.0000000225523,2,0.24033480891491396,frequency,2,-2,0.05109225331580183,0.05109225331580183
2667,12,0.5949977816254273,2164.9999999792612,1,0.30471036479977875,frequency,1,-1,0.2902874168256485,0.2902874168256485
2668,1,0.2750827637608638,2165.0000000225523,1,0.3081921182687011,frequency,0,0,-0.03310935450783725,0.03310935450783725
2672,1,0.3396246547542804,2165.0000000225523,1,0.3887772675086108,frequency,0,0,-0.049152612754330416,0.049152612754330416
2673,11,0.5121952120988917,2164.9999999792612,1,0.3882757632220151,frequency,2,-2,0.12391944887687661,0.12391944887687661
2713,1,0.3459231626530238,2164.9999999792635,2,0.3163636633876749,frequency,1,-1,0.0295594992653489,0.0295594992653489
2714,12,0.3102421694348322,2165.0000000225746,12,0.24422917253247148,frequency,0,0,0.0660129969023607,0.0660129969023607
2724,4,0.4010187588386606,2165.0000000225746,1,0.2951262047220192,frequency,3,3,0.10589255411664139,0.10589255411664139
2725,3,0.4376906926227449,2165.000000022565,1,0.2163231472720679,frequency,2,2,0.22136754535067701,0.22136754535067701
2726,1,0.2331925372666108,2164.999999979274,1,0.26440593234460924,frequency,0,0,-0.031213395077998446,0.031213395077998446
2727,1,0.6777786007170972,2165.000000022565,2,0.44729072320931357,frequency,1,-1,0.2304878775077836,0.2304878775077836
2728,1,0.3514328250475138,2164.999999979274,12,0.36632151593475615,frequency,1,1,-0.014888690887242373,0.014888690887242373
2729,12,0.3482711827573275,2165.000000022565,1,0.2934737736136615,frequency,1,-1,0.05479740914366599,0.05479740914366599
2730,1,0.3291892080783767,2164.999999979274,12,0.26175452330658605,frequency,1,1,0.06743468477179065,0.06743468477179065
2731,1,0.3133286792200474,2165.000000022565,1,0.23786252035031016,frequency,0,0,0.07546615886973726,0.07546615886973726
2732,9,0.2500727706774209,2164.999999979274,12,0.24276830730038712,frequency,3,-3,0.007304463377033776,0.007304463377033776
2733,1,0.3459381248377687,2165.0000000225646,12,0.24455368212151238,frequency,1,1,0.10138444271625632,0.10138444271625632
2734,12,0.2777452343744447,2164.999999979274,12,0.30688262579575315,frequency,0,0,-0.029137391421308445,0.029137391421308445
2735,1,0.2525460055471777,2165.0000000225646,12,0.2557493490214386,frequency,1,1,-0.003203343474260878,0.003203343474260878
2736,10,0.2716782363545574,2164.999999979274,12,0.2617808972703155,frequency,2,-2,0.009897339084241896,0.009897339084241896
2737,9,0.2016219361490517,2165.0000000225646,12,0.2239940092700386,frequency,3,-3,-0.022372073120986907,0.022372073120986907
2738,2,0.3808577545109085,2164.999999979254,2,0.2119595051290765,frequency,0,0,0.16889824938183198,0.16889824938183198
2739,1,0.257834064029704,2165.000000022584,1,0.2600223396012695,frequency,0,0,-0.0021882755715655344,0.0021882755715655344
2740,9,0.2147940311111291,2165.000000022565,12,0.2545271992886416,frequency,3,-3,-0.03973316817751249,0.03973316817751249
2741,10,0.2076306967970328,2164.999999979274,1,0.22607072635568348,frequency,3,-3,-0.018440029558650678,0.018440029558650678
2742,12,0.4372035156478103,2165.000000022565,12,0.36304242015799915,frequency,0,0,0.07416109548981115,0.07416109548981115
2743,10,0.369305365683483,2164.999999979274,1,0.26356529914586707,frequency,3,-3,0.10574006653761592,0.10574006653761592
2746,12,0.4488139966983401,2165.000000022565,1,0.22537033344071342,frequency,1,-1,0.22344366325762668,0.22344366325762668
2747,11,0.22463149454261,2164.999999979274,2,0.2789690008230798,frequency,3,-3,-0.054337506280469794,0.054337506280469794
2748,12,0.4083313131995436,2165.0000000225646,2,0.29500364856520955,frequency,2,-2,0.11332766463433402,0.11332766463433402
2753,2,0.4069199361523584,2164.999999979254,11,0.2664387594548344,frequency,3,3,0.14048117669752397,0.14048117669752397
2754,1,0.2436591750995248,2165.000000022584,1,0.365421780215919,frequency,0,0,-0.12176260511639417,0.12176260511639417
2800,11,0.3159836115078303,2165.000000022563,2,0.40414761593729587,frequency,3,-3,-0.08816400442946559,0.08816400442946559
2801,1,0.2495803976616709,2164.9999999792517,2,0.2750282997927528,frequency,1,-1,-0.02544790213108189,0.02544790213108189
2808,1,0.4131492790887072,2164.9999999792512,1,0.29153710074649075,frequency,0,0,0.12161217834221644,0.12161217834221644
2812,11,0.2883121853849525,2164.9999999792512,10,0.24397815355728084,frequency,1,1,0.04433403182767168,0.04433403182767168
2813,10,0.4961658017675786,2165.0000000225523,2,0.24516216965928578,frequency,4,-4,0.2510036321082928,0.2510036321082928
2814,1,0.4045260428042644,2164.999999979262,2,0.19328606746623625,frequency,1,-1,0.21123997533802816,0.21123997533802816
2815,12,0.4281534444505593,2165.0000000225523,1,0.2579774881433111,frequency,1,-1,0.1701759563072482,0.1701759563072482
2816,11,0.3902997631321524,2164.999999979262,12,0.288946848113308,frequency,1,-1,0.10135291501884441,0.10135291501884441
2817,12,0.2869302035467747,2165.0000000225523,12,0.28855024074371655,frequency,0,0,-0.0016200371969418703,0.0016200371969418703
2818,1,0.1670325745287505,2164.999999979262,12,0.2714289313316855,frequency,1,1,-0.10439635680293499,0.10439635680293499
2819,2,0.3945761041741739,2165.0000000225523,10,0.1944613656817253,frequency,4,4,0.20011473849244857,0.20011473849244857
2820,12,0.2679296913160325,2165.0000000225527,10,0.23286055983554588,frequency,2,2,0.035069131480486626,0.035069131480486626
2821,3,0.3620905205789453,2164.999999979262,12,0.2641576255371895,frequency,3,3,0.09793289504175579,0.09793289504175579
2822,12,0.2455332737447961,2165.0000000225527,12,0.2957244978983565,frequency,0,0,-0.050191224153560365,0.050191224153560365
2823,1,0.3101140872142187,2164.999999979262,12,0.35367509189866925,frequency,1,1,-0.043561004684450566,0.043561004684450566
2824,2,0.2343451800071493,2165.0000000225527,12,0.28320369340792195,frequency,2,2,-0.04885851340077266,0.04885851340077266
2825,12,0.239232506465102,2164.999999979262,1,0.21586662552589173,frequency,1,-1,0.02336588093921027,0.02336588093921027
2826,2,0.2523327462944056,2165.0000000225527,12,0.25278717532740863,frequency,2,2,-0.0004544290330030232,0.0004544290330030232
2827,2,0.2915737914635486,2164.999999979262,1,0.24744029432716574,frequency,1,1,0.04413349713638287,0.04413349713638287
2828,10,0.199974752608374,2165.0000000225523,12,0.291642698969483,frequency,2,-2,-0.09166794636110903,0.09166794636110903
2829,5,0.2558702454651442,2164.999999979262,1,0.2704029202901885,frequency,4,4,-0.014532674825044278,0.014532674825044278
2830,3,0.2837271071183214,2165.0000000225523,12,0.3427604384145142,frequency,3,3,-0.059033331296192815,0.059033331296192815
2834,1,0.3682263655430799,2165.0000000225523,1,0.22779622122721394,frequency,0,0,0.14043014431586598,0.14043014431586598
2836,2,0.5241316371324983,2164.999999979262,2,0.22482175864800635,frequency,0,0,0.299309878484492,0.299309878484492
2837,2,0.4618821201104927,2165.0000000225527,2,0.2659957932424759,frequency,0,0,0.19588632686801677,0.19588632686801677
2889,1,0.4447821246850919,2165.0000000225623,1,0.29421308615008634,frequency,0,0,0.15056903853500553,0.15056903853500553
2896,6,0.2388506505025328,2164.9999999792517,1,0.24837010542463353,frequency,5,5,-0.00951945492210074,0.00951945492210074
2900,2,0.314297370864484,2165.0000000225527,2,0.2642845258523285,frequency,0,0,0.05001284501215553,0.05001284501215553
2901,3,0.3770371801441107,2164.999999979262,2,0.21204391505691114,frequency,1,1,0.16499326508719955,0.16499326508719955
2902,1,0.2738446849527821,2165.0000000225527,11,0.2527027489750877,frequency,2,2,0.02114193597769437,0.02114193597769437
2903,1,0.6001764592453284,2164.999999979262,2,0.2443256604120114,frequency,1,-1,0.35585079883331694,0.35585079883331694
2904,12,0.296086107524091,2165.0000000225527,1,0.2501973021833723,frequency,1,-1,0.04588880534071865,0.04588880534071865
2905,1,0.4028569019852996,2164.999999979262,12,0.2901662474694804,frequency,1,1,0.11269065451581922,0.11269065451581922
2906,2,0.2799055137026793,2165.0000000225527,12,0.392021636354601,frequency,2,2,-0.11211612265192172,0.11211612265192172
2907,11,0.3400145560806914,2164.999999979262,1,0.22175000401796974,frequency,2,-2,0.11826455206272168,0.11826455206272168
2908,12,0.2364957789990873,2165.0000000225527,1,0.22175000401796974,frequency,1,-1,0.014745774981117565,0.014745774981117565
2909,1,0.2544884396628456,2164.999999979262,12,0.2765682462773705,frequency,1,1,-0.022079806614524855,0.022079806614524855
2910,12,0.2890620618974315,2165.0000000225527,12,0.27781760445050635,frequency,0,0,0.011244457446925149,0.011244457446925149
2911,8,0.2717654215439305,2164.999999979262,12,0.30877500248780976,frequency,4,-4,-0.03700958094387924,0.03700958094387924
2912,2,0.3889476397045909,2165.0000000225527,12,0.2866584567515158,frequency,2,2,0.1022891829530751,0.1022891829530751
2913,10,0.249177926842329,2164.9999999792417,12,0.25514234911730327,frequency,2,-2,-0.005964422274974263,0.005964422274974263
2914,1,0.2120099592008856,2165.0000000225723,12,0.2681912063764039,frequency,1,1,-0.05618124717551831,0.05618124717551831
2915,8,0.3164710702503393,2165.0000000225527,12,0.2845083564151918,frequency,4,-4,0.03196271383514754,0.03196271383514754
2916,9,0.2578519840263163,2164.999999979262,12,0.27752555337318835,frequency,3,-3,-0.019673569346872033,0.019673569346872033
2917,12,0.1863530217721558,2165.0000000225527,12,0.4117322349843952,frequency,0,0,-0.22537921321223942,0.22537921321223942
2918,12,0.334025046525794,2164.999999979262,12,0.39132452647438654,frequency,0,0,-0.057299479948592524,0.057299479948592524
2919,2,0.4052101795247065,2165.0000000225527,1,0.28481881775149837,frequency,1,1,0.12039136177320814,0.12039136177320814
2920,2,0.3974640268793035,2164.999999979262,1,0.2600223396012696,frequency,1,1,0.1374416872780339,0.1374416872780339
2925,1,0.2571991854753636,2165.0000000225527,2,0.2880444956683936,frequency,1,-1,-0.030845310193029996,0.030845310193029996
2976,1,0.3136419684873182,2164.9999999792517,1,0.2969283531925989,frequency,0,0,0.016713615294719264,0.016713615294719264
2983,5,0.6400229031983987,2164.9999999792512,11,0.2701580664296655,frequency,6,-6,0.3698648367687332,0.3698648367687332
2988,12,0.3091995587207827,2165.0000000225523,11,0.2692526150389094,frequency,1,1,0.03994694368187329,0.03994694368187329
2989,3,0.34850262164877,2164.999999979262,2,0.24849687700659623,frequency,1,1,0.10000574464217377,0.10000574464217377
2991,1,0.2923666013001132,2164.999999979262,12,0.29895117359493295,frequency,1,1,-0.006584572294819735,0.006584572294819735
2992,3,0.2986066258348137,2165.0000000225523,10,0.25801052637180766,frequency,5,5,0.04059609946300602,0.04059609946300602
2993,12,0.3885164307802892,2164.999999979262,12,0.31004884898781404,frequency,0,0,0.07846758179247515,0.07846758179247515
2994,12,0.4124589549120354,2165.0000000225523,3,0.2182326620350508,frequency,3,-3,0.1942262928769846,0.1942262928769846
2995,4,0.2479262906391216,2165.0000000225527,4,0.25298053798097037,frequency,0,0,-0.0050542473418487555,0.0050542473418487555
2996,2,0.2187657659475874,2164.999999979262,4,0.2385631550991111,frequency,2,-2,-0.01979738915152371,0.01979738915152371
2997,1,0.3231002189151559,2165.0000000225527,1,0.29833674491365336,frequency,0,0,0.024763474001502528,0.024763474001502528
2998,1,0.2835804821070966,2164.999999979262,12,0.2906495827585583,frequency,1,1,-0.007069100651461713,0.007069100651461713
2999,4,0.3469016436970322,2165.0000000225527,12,0.3216208148141128,frequency,4,4,0.02528082888291938,0.02528082888291938
3000,2,0.2188992790809845,2164.999999979262,12,0.2781102708490683,frequency,2,2,-0.05921099176808381,0.05921099176808381
3001,1,0.3230526517707072,2165.0000000225527,1,0.29059864749928027,frequency,0,0,0.03245400427142692,0.03245400427142692
3002,2,0.200918771378244,2164.999999979262,2,0.23071157476231066,frequency,0,0,-0.029792803384066674,0.029792803384066674
3003,5,0.309871153129456,2165.0000000225523,2,0.2880578145634867,frequency,3,3,0.021813338565969287,0.021813338565969287
3004,10,0.2010839241319822,2164.999999979262,12,0.24183587259129014,frequency,2,-2,-0.040751948459307935,0.040751948459307935
3005,2,0.273169329936259,2165.0000000225523,12,0.3241205385255907,frequency,2,2,-0.05095120858933172,0.05095120858933172
3006,12,0.3699246595077391,2164.999999979262,12,0.3404211745844134,frequency,0,0,0.029503484923325718,0.029503484923325718
3007,10,0.5302021718755539,2165.0000000225523,1,0.2721853566210842,frequency,3,-3,0.2580168152544697,0.2580168152544697
3008,2,0.4347594134081038,2164.999999979262,1,0.276083419056594,frequency,1,1,0.1586759943515098,0.1586759943515098
3012,11,0.2927812486797288,2165.0000000225527,2,0.29040774420651216,frequency,3,-3,0.002373504473216659,0.002373504473216659
3063,2,0.321198939784768,2164.9999999792512,2,0.41837452357625704,frequency,0,0,-0.09717558379148905,0.09717558379148905
3064,1,0.1949337970518794,2165.0000000225623,1,0.39663599746024975,frequency,0,0,-0.20170220040837034,0.20170220040837034
3071,2,0.2452723069093122,2164.9999999792517,11,0.22487378896268034,frequency,3,3,0.02039851794663186,0.02039851794663186
3079,3,0.1824508749994359,2165.0000000225527,10,0.2681760007854585,frequency,5,5,-0.0857251257860226,0.0857251257860226
3080,11,0.262451125986443,2164.999999979262,11,0.20352046787144368,frequency,0,0,0.05893065811499931,0.05893065811499931
3081,1,0.3096214144692913,2165.0000000225527,11,0.22519083175390456,frequency,2,2,0.08443058271538675,0.08443058271538675
3082,12,0.3451982164036937,2164.999999979262,10,0.2041611534005036,frequency,2,2,0.1410370630031901,0.1410370630031901
3083,4,0.2367338139314666,2165.0000000225527,2,0.22743178916212994,frequency,2,2,0.00930202476933667,0.00930202476933667
3084,8,0.2302992167843608,2164.999999979262,1,0.27566190476521396,frequency,5,-5,-0.04536268798085316,0.04536268798085316
3085,12,0.2259727577966496,2165.0000000225527,1,0.2929975307474752,frequency,1,-1,-0.0670247729508256,0.0670247729508256
3086,1,0.219061677780269,2164.999999979262,12,0.3522101673829193,frequency,1,1,-0.13314848960265033,0.13314848960265033
3087,2,0.2163533051318103,2165.0000000225527,12,0.25423040015102016,frequency,2,2,-0.037877095019209855,0.037877095019209855
3088,10,0.2405793298799475,2164.9999999792417,12,0.254833063515758,frequency,2,-2,-0.014253733635810506,0.014253733635810506
3089,2,0.2266418423009832,2165.0000000225723,12,0.26851854415955206,frequency,2,2,-0.04187670185856887,0.04187670185856887
3090,10,0.2929119538557627,2165.0000000225527,12,0.3084452598901989,frequency,2,-2,-0.0155333060344362,0.0155333060344362
3091,7,0.2182079662198842,2164.999999979262,2,0.26458758955547174,frequency,5,5,-0.04637962333558754,0.04637962333558754
3092,10,0.236667307751177,2165.0000000225527,12,0.27781760445050635,frequency,2,-2,-0.04115029669932935,0.04115029669932935
3093,1,0.3035505654762283,2164.999999979262,12,0.29130592341822187,frequency,1,1,0.012244642058006405,0.012244642058006405
3151,3,0.266487858499198,2164.9999999792517,11,0.23489979817367676,frequency,4,4,0.03158806032552122,0.03158806032552122
3167,8,0.2314910309851468,2165.0000000225523,3,0.2584367925612635,frequency,5,5,-0.026945761576116695,0.026945761576116695
3168,12,0.4278286194109583,2164.999999979262,3,0.24173695851514945,frequency,3,-3,0.18609166089580884,0.18609166089580884
3169,10,0.350715423776999,2165.0000000225523,2,0.2810341555194296,frequency,4,-4,0.06968126825756937,0.06968126825756937
3170,12,0.223012695439305,2165.0000000225527,10,0.2302580414590331,frequency,2,2,-0.007245346019728122,0.007245346019728122
3171,12,0.276675311504415,2164.999999979262,12,0.2650060610132511,frequency,0,0,0.011669250491163907,0.011669250491163907
3172,4,0.2079572621208928,2165.0000000225527,12,0.3621489748525071,frequency,4,4,-0.15419171273161428,0.15419171273161428
3173,1,0.3807744232515826,2164.999999979262,12,0.2638813057994901,frequency,1,1,0.11689311745209252,0.11689311745209252
3174,5,0.1943294778728363,2165.0000000225527,12,0.2899326049594129,frequency,5,5,-0.09560312708657662,0.09560312708657662
3175,1,0.2678069880467507,2164.999999979262,2,0.26518226063360933,frequency,1,-1,0.002624727413141348,0.002624727413141348
3176,12,0.2754790035607469,2165.0000000225527,2,0.2786470725693329,frequency,2,-2,-0.0031680690085860164,0.0031680690085860164
3177,10,0.2183369591913998,2164.999999979262,2,0.3331107552179787,frequency,4,-4,-0.11477379602657892,0.11477379602657892
3178,6,0.1883195972895785,2165.0000000225523,12,0.2554385909452532,frequency,6,-6,-0.06711899365567467,0.06711899365567467
3179,11,0.1774106863769594,2164.999999979262,2,0.3163797299958753,frequency,3,-3,-0.13896904361891593,0.13896904361891593
3180,12,0.2758493125273706,2165.0000000225523,12,0.2646996599065027,frequency,0,0,0.011149652620867923,0.011149652620867923
3182,1,0.2254031777572839,2165.0000000225523,2,0.2880578145634867,frequency,1,-1,-0.06265463680620281,0.06265463680620281
3184,1,0.2717748389987374,2165.0000000225523,1,0.2584829217513696,frequency,0,0,0.01329191724736778,0.01329191724736778
3238,12,0.3508556961763222,2164.9999999792512,2,0.35043406380446374,frequency,2,-2,0.00042163237185843805,0.00042163237185843805
3239,12,0.5229206107081501,2165.0000000225623,1,0.3979491003696836,frequency,1,-1,0.12497151033846648,0.12497151033846648
3254,2,0.2645498769585124,2165.0000000225527,3,0.2973887624296154,frequency,1,-1,-0.03283888547110303,0.03283888547110303
3255,5,0.2134216144255913,2164.999999979262,2,0.19248877770530498,frequency,3,3,0.020932836720286313,0.020932836720286313
3256,4,0.2405595671104839,2165.0000000225527,3,0.24424894676851575,frequency,1,1,-0.003689379658031844,0.003689379658031844
3257,11,0.2399095305912445,2164.999999979262,10,0.34106106267060776,frequency,1,1,-0.10115153207936325,0.10115153207936325
3258,12,0.3868708630002955,2165.0000000225527,10,0.2779071815617023,frequency,2,2,0.1089636814385932,0.1089636814385932
3259,11,0.2564005499407213,2164.999999979262,12,0.24252830726671987,frequency,1,-1,0.013872242674001445,0.013872242674001445
3260,10,0.2788330980362193,2165.0000000225527,12,0.3077743046623874,frequency,2,-2,-0.028941206626168114,0.028941206626168114
3261,9,0.1859396447950084,2164.999999979262,1,0.315153673912842,frequency,4,-4,-0.12921402911783358,0.12921402911783358
3262,5,0.2176741948310344,2165.0000000225527,12,0.2545833336068248,frequency,5,5,-0.036909138775790384,0.036909138775790384
3263,1,0.2349073741947321,2164.9999999792417,12,0.3223095953768205,frequency,1,1,-0.08740222118208843,0.08740222118208843
3264,2,0.2744437271550679,2165.0000000225723,12,0.3061708189407639,frequency,2,2,-0.03172709178569605,0.03172709178569605
3266,10,0.2392872835913674,2164.999999979262,2,0.3174356587548027,frequency,4,-4,-0.07814837516343529,0.07814837516343529
3267,12,0.2466152549484421,2165.0000000225527,12,0.22340771745234794,frequency,0,0,0.023207537496094166,0.023207537496094166
3268,11,0.3941885412721359,2164.999999979262,1,0.29619669038264573,frequency,2,-2,0.09799185088949014,0.09799185088949014
3269,1,0.2029698535801456,2165.0000000225527,2,0.3163636633876749,frequency,1,-1,-0.1133938098075293,0.1133938098075293
3270,10,0.4677481738132027,2164.999999979262,1,0.2609410388699693,frequency,3,-3,0.20680713494323344,0.20680713494323344
3271,1,0.4772744602575923,2165.0000000225527,2,0.2648845913329164,frequency,1,-1,0.21238986892467587,0.21238986892467587
3326,1,0.3329234511883445,2164.9999999542574,1,0.35762200636381003,frequency,0,0,-0.024698555175465542,0.024698555175465542
3341,12,0.2830370212434327,2164.999999954268,2,0.21336420774065498,frequency,2,-2,0.06967281350277774,0.06967281350277774
3342,4,0.2893083655686627,2164.9999999975585,2,0.2648508075554339,frequency,2,2,0.024457558013228797,0.024457558013228797
3343,3,0.5176139620880412,2164.999999954268,11,0.2035509842810899,frequency,4,4,0.31406297780695136,0.31406297780695136
3344,10,0.2481061128103868,2164.9999999975585,11,0.23512102158027506,frequency,1,-1,0.01298509123011174,0.01298509123011174
3345,3,0.2102385723325609,2164.999999997559,10,0.3303553240403923,frequency,5,5,-0.1201167517078314,0.1201167517078314
3346,10,0.2097258784058786,2164.999999954268,1,0.27866116193643425,frequency,3,-3,-0.06893528353055564,0.06893528353055564
3347,9,0.1308456007505959,2164.999999997559,1,0.35011702194952243,frequency,4,-4,-0.21927142119892654,0.21927142119892654
3348,12,0.1546823781515289,2164.999999954268,1,0.29827094212788036,frequency,1,-1,-0.14358856397635145,0.14358856397635145
3349,2,0.2648554277014207,2164.999999997559,2,0.26518226063360933,frequency,0,0,-0.0003268329321886587,0.0003268329321886587
3350,12,0.1819637128614591,2164.999999954268,1,0.2771302945786569,frequency,1,-1,-0.0951665817171978,0.0951665817171978
3351,2,0.2689078496566077,2164.999999997559,12,0.33747896987012443,frequency,2,2,-0.06857112021351675,0.06857112021351675
3352,2,0.2165903823999405,2164.999999954268,12,0.3394649122148954,frequency,2,2,-0.12287452981495489,0.12287452981495489
3353,2,0.3354037336863121,2164.9999999975585,2,0.2847473952622368,frequency,0,0,0.0506563384240753,0.0506563384240753
3354,2,0.2326613147714986,2164.999999954268,2,0.25510086881311483,frequency,0,0,-0.02243955404161624,0.02243955404161624
3355,1,0.2453214276656393,2164.9999999975585,2,0.2962252381437586,frequency,1,-1,-0.050903810478119316,0.050903810478119316
3356,2,0.355085426847505,2164.999999954268,2,0.27518710234187005,frequency,0,0,0.07989832450563494,0.07989832450563494
3357,1,0.3715969240849533,2164.9999999975585,2,0.33565162247386926,frequency,1,-1,0.03594530161108406,0.03594530161108406
3358,1,0.3831587932076777,2164.999999954268,1,0.2838329523134881,frequency,0,0,0.09932584089418961,0.09932584089418961
3359,2,0.6001798505560576,2164.9999999975585,1,0.283164330610016,frequency,1,1,0.3170155199460416,0.3170155199460416
3360,2,0.5171376706858468,2164.999999997559,1,0.30492893495397094,frequency,1,1,0.21220873573187587,0.21220873573187587
3361,6,0.24626446109213,2164.999999954268,1,0.23887246535794743,frequency,5,5,0.00739199573418256,0.00739199573418256
3414,2,0.3731260402613346,2164.999999997557,1,0.44075979466210363,frequency,1,1,-0.06763375440076902,0.06763375440076902
3428,3,0.3414923476309159,2164.999999954256,4,0.2903438668524085,frequency,1,-1,0.05114848077850742,0.05114848077850742
3429,11,0.3132422111522918,2164.9999999975466,2,0.2641265350377157,frequency,3,-3,0.04911567611457607,0.04911567611457607
3430,3,0.2636324502525611,2164.999999954256,11,0.21798028564600622,frequency,4,4,0.045652164606554885,0.045652164606554885
3431,11,0.3181377638908622,2164.9999999975466,10,0.3038600235184806,frequency,1,1,0.014277740372381553,0.014277740372381553
3432,9,0.3126233891086691,2164.999999954256,12,0.3530509423399888,frequency,3,-3,-0.04042755323131969,0.04042755323131969
3433,12,0.3638230175430061,2164.9999999975466,12,0.39193250534091323,frequency,0,0,-0.028109487797907118,0.028109487797907118
3434,4,0.2477961969950855,2164.999999954256,2,0.3089152192086197,frequency,2,2,-0.061119022213534185,0.061119022213534185
3435,1,0.2324216047831636,2164.9999999975466,2,0.30972614301097173,frequency,1,-1,-0.07730453822780814,0.07730453822780814
3436,1,0.2074966843970632,2164.999999954256,2,0.3513035656445414,frequency,1,-1,-0.1438068812474782,0.1438068812474782
3437,12,0.2329293576452538,2164.9999999975466,2,0.27678878627217784,frequency,2,-2,-0.043859428626924046,0.043859428626924046
3438,12,0.2785691791586677,2164.999999954236,1,0.3286631011612059,frequency,1,-1,-0.050093922002538205,0.050093922002538205
3439,4,0.2429205821071574,2164.999999997567,2,0.2877584370329854,frequency,2,2,-0.044837854925828036,0.044837854925828036
3440,2,0.4354453365860853,2164.9999999975466,2,0.33497096165184453,frequency,0,0,0.10047437493424077,0.10047437493424077
3441,10,0.2553121139070475,2164.999999954256,2,0.2886450678217593,frequency,4,-4,-0.033332953914711805,0.033332953914711805
3442,12,0.3543995963042419,2164.9999999975466,2,0.2954365419677726,frequency,2,-2,0.05896305433646931,0.05896305433646931
3443,1,0.2846766306884724,2164.999999954256,2,0.38120247351781184,frequency,1,-1,-0.09652584282933946,0.09652584282933946
3444,1,0.4246200475513434,2164.9999999975466,2,0.3160025956207251,frequency,1,-1,0.10861745193061834,0.10861745193061834
3445,1,0.3558815484002672,2164.999999954256,2,0.3327104727205939,frequency,1,-1,0.023171075679673303,0.023171075679673303
3446,2,0.2178885226481467,2164.9999999975466,2,0.2657796108267263,frequency,0,0,-0.047891088178579594,0.047891088178579594
3447,2,0.4144715941336241,2164.999999954256,2,0.28834446902317695,frequency,0,0,0.12612712511044716,0.12612712511044716
3448,2,0.5430783323462205,2164.9999999975466,2,0.2276270755196625,frequency,0,0,0.315451256826558,0.315451256826558
3449,4,0.2811759195525901,2164.999999954256,12,0.21168832161168244,frequency,4,4,0.06948759794090764,0.06948759794090764
3501,2,0.3275061448267625,2164.9999999792512,2,0.3149720875687021,frequency,0,0,0.012534057258060394,0.012534057258060394
3502,1,0.3498927036512395,2165.000000022563,11,0.29751019370046533,frequency,2,2,0.05238250995077415,0.05238250995077415
3516,11,0.2659600049113536,2164.9999999792612,11,0.3422348975887996,frequency,0,0,-0.07627489267744603,0.07627489267744603
3517,3,0.3525298674507949,2165.0000000225523,2,0.2648733291161556,frequency,1,1,0.08765653833463932,0.08765653833463932
3518,2,0.2140460211258594,2164.9999999792612,2,0.2460044265771848,frequency,0,0,-0.03195840545132539,0.03195840545132539
3519,9,0.4095021957418804,2165.0000000225523,12,0.445898608823012,frequency,3,-3,-0.03639641308113162,0.03639641308113162
3520,12,0.3547946982761986,2165.0000000225523,12,0.38399536097419545,frequency,0,0,-0.02920066269799687,0.02920066269799687
3521,12,0.2684117474076484,2164.9999999792612,12,0.3054458684625526,frequency,0,0,-0.03703412105490422,0.03703412105490422
3522,5,0.2859490641664571,2165.0000000225523,1,0.26901822842784756,frequency,4,4,0.01693083573860954,0.01693083573860954
3523,12,0.2192956889252252,2164.9999999792612,2,0.2754487014268506,frequency,2,-2,-0.05615301250162538,0.05615301250162538
3524,11,0.2224800956336621,2165.0000000225523,2,0.2793067000146313,frequency,3,-3,-0.0568266043809692,0.0568266043809692
3525,2,0.278844835745196,2164.9999999792612,1,0.3840228196041145,frequency,1,1,-0.10517798385891852,0.10517798385891852
3526,2,0.3094338792405657,2165.0000000225523,12,0.2899326049594128,frequency,2,2,0.01950127428115289,0.01950127428115289
3527,12,0.2107893765159442,2164.9999999792612,2,0.3349709616518444,frequency,2,-2,-0.12418158513590022,0.12418158513590022
3528,2,0.2079442122337037,2165.0000000225523,2,0.25526960973278034,frequency,0,0,-0.04732539749907663,0.04732539749907663
3529,2,0.1927632277005998,2164.9999999792612,2,0.2644556955285077,frequency,0,0,-0.07169246782790786,0.07169246782790786
3530,2,0.497834923951414,2165.0000000225523,2,0.2640329821931245,frequency,0,0,0.2338019417582895,0.2338019417582895
3531,2,0.3590654787145282,2164.9999999792612,2,0.3203540783894035,frequency,0,0,0.03871140032512471,0.03871140032512471
3532,2,0.4221893750756897,2165.0000000225523,2,0.3021915453331685,frequency,0,0,0.11999782974252121,0.11999782974252121
3533,1,0.3226865402700485,2164.9999999792612,2,0.2964850419271777,frequency,1,-1,0.026201498342870833,0.026201498342870833
3534,1,0.3456260700281149,2165.0000000225523,2,0.2964850419271777,frequency,1,-1,0.049141028100937234,0.049141028100937234
3535,2,0.320137324477642,2165.0000000225523,2,0.26463142288343816,frequency,0,0,0.05550590159420382,0.05550590159420382
3536,2,0.5977227710954373,2164.9999999792612,2,0.2648733291161556,frequency,0,0,0.3328494419792817,0.3328494419792817
3554,11,0.346236361124571,2165.0000000225523,1,0.4622183294848316,frequency,2,-2,-0.11598196836026059,0.11598196836026059
3588,11,0.2993902941063034,2164.9999999792517,1,0.25802671170836655,frequency,2,-2,0.04136358239793686,0.04136358239793686
3589,1,0.3425540172771932,2165.000000022563,1,0.25752305892014626,frequency,0,0,0.08503095835704694,0.08503095835704694
3603,5,0.3092251784011732,2164.9999999792612,12,0.3264210331420107,frequency,5,5,-0.017195854740837513,0.017195854740837513
3604,12,0.2221968134770638,2165.0000000225523,11,0.3011261628855884,frequency,1,1,-0.07892934940852461,0.07892934940852461
3605,1,0.2136719819187326,2164.9999999792612,10,0.323693102451838,frequency,3,3,-0.11002112053310542,0.11002112053310542
3606,1,0.2426745471917172,2165.0000000225523,1,0.29476539242140654,frequency,0,0,-0.05209084522968935,0.05209084522968935
3607,12,0.6485545981509699,2164.9999999792612,1,0.2619413008480116,frequency,1,-1,0.38661329730295835,0.38661329730295835
3608,12,0.3157858499597536,2165.0000000225527,11,0.21911877436002636,frequency,1,1,0.09666707559972726,0.09666707559972726
3609,12,0.2173598493425776,2164.9999999792612,12,0.29484887070456417,frequency,0,0,-0.07748902136198657,0.07748902136198657
3610,11,0.2048286324910373,2165.0000000225527,12,0.27746041028708834,frequency,1,-1,-0.07263177779605104,0.07263177779605104
3611,12,0.1632027489483679,2164.9999999792612,2,0.37403920162795357,frequency,2,-2,-0.21083645267958567,0.21083645267958567
3612,1,0.3724300151916578,2165.0000000225527,2,0.37403920162795357,frequency,1,-1,-0.001609186436295762,0.001609186436295762
3613,2,0.5253307860609672,2164.9999999792412,1,0.29553319649688764,frequency,1,1,0.22979758956407953,0.22979758956407953
3614,2,0.5464672102086867,2165.0000000225723,12,0.290251367592364,frequency,2,2,0.25621584261632274,0.25621584261632274
3615,2,0.3849594599112942,2165.0000000225523,2,0.2537294010011295,frequency,0,0,0.1312300589101647,0.1312300589101647
3616,2,0.2598179266598947,2164.9999999792612,2,0.25546251626163496,frequency,0,0,0.0043554103982597625,0.0043554103982597625
3617,2,0.2175335162977842,2165.0000000225523,2,0.27411549940598656,frequency,0,0,-0.056581983108202366,0.056581983108202366
3618,2,0.3510049247060213,2164.9999999792612,2,0.28804449566839363,frequency,0,0,0.06296042903762766,0.06296042903762766
3619,12,0.5612191903145497,2165.0000000225523,2,0.3160025956207251,frequency,2,-2,0.24521659469382462,0.24521659469382462
3620,2,0.3874030443457157,2164.9999999792612,2,0.2959538375973304,frequency,0,0,0.0914492067483853,0.0914492067483853
3621,1,0.3748576408132006,2165.0000000225523,2,0.2789690008230798,frequency,1,-1,0.09588863999012082,0.09588863999012082
3622,1,0.4242689283170336,2164.9999999792612,2,0.26438995810875576,frequency,1,-1,0.15987897020827785,0.15987897020827785
3623,2,0.4187303108326834,2165.0000000225527,2,0.2302511127181152,frequency,0,0,0.18847919811456823,0.18847919811456823
3624,1,0.2543281063589371,2164.9999999792612,2,0.24473839284431015,frequency,1,-1,0.009589713514626952,0.009589713514626952
3625,1,0.4782365836087699,2165.0000000225527,12,0.26410486296317315,frequency,1,1,0.21413172064559677,0.21413172064559677
3637,12,0.4520477792005771,2164.9999999792612,12,0.4210829791879526,frequency,0,0,0.03096480001262447,0.03096480001262447
3638,11,0.2598356786427144,2165.0000000225527,12,0.43830538904815686,frequency,1,-1,-0.17846971040544246,0.17846971040544246
3639,9,0.3525654925314213,2164.9999999792412,1,0.32964453154756546,frequency,4,-4,0.02292096098385582,0.02292096098385582
3640,1,0.5747537769956214,2165.0000000225723,1,0.44420741437522054,frequency,0,0,0.1305463626204008,0.1305463626204008
3641,1,0.4061238352439867,2164.9999999792412,1,0.461927929111911,frequency,0,0,-0.05580409386792429,0.05580409386792429
3642,1,0.415457188402454,2165.0000000225723,1,0.4340487692787465,frequency,0,0,-0.018591580876292535,0.018591580876292535
3643,1,0.325548772774062,2164.9999999792412,1,0.2930737296444253,frequency,0,0,0.03247504312963673,0.03247504312963673
3644,1,0.6334289578270635,2165.0000000225527,1,0.3527418806230951,frequency,0,0,0.28068707720396846,0.28068707720396846
3645,1,0.3639580759114952,2165.0000000225523,1,0.4009866085079821,frequency,0,0,-0.03702853259648692,0.03702853259648692
3676,2,0.3599548661249236,2164.9999999792512,2,0.25282325237485787,frequency,0,0,0.10713161375006575,0.10713161375006575
3677,7,0.2665010633117133,2165.000000022563,11,0.31262491710702955,frequency,4,-4,-0.04612385379531625,0.04612385379531625
3692,10,0.2330668672064774,2165.0000000225523,11,0.34078315478389365,frequency,1,-1,-0.10771628757741625,0.10771628757741625
3693,4,0.4520944575176917,2164.9999999792612,10,0.23155198815554207,frequency,6,-6,0.2205424693621496,0.2205424693621496
3694,10,0.3198449271257079,2165.0000000225523,3,0.24443201036420106,frequency,5,-5,0.07541291676150683,0.07541291676150683
3695,12,0.3007366676484972,2165.0000000225523,2,0.15989002631030386,frequency,2,-2,0.14084664133819336,0.14084664133819336
3696,12,0.1925852862258135,2164.9999999792612,1,0.43787358755224615,frequency,1,-1,-0.24528830132643265,0.24528830132643265
3697,1,0.2383165176776213,2165.0000000225523,1,0.3431038017120808,frequency,0,0,-0.10478728403445953,0.10478728403445953
3698,10,0.3262918144362993,2164.9999999792612,12,0.32222225299146245,frequency,2,-2,0.004069561444836833,0.004069561444836833
3699,12,0.3003230404255427,2165.0000000225523,2,0.301219880370587,frequency,2,-2,-0.0008968399450443032,0.0008968399450443032
3700,4,0.22695018847373,2164.9999999792612,2,0.2641377338364036,frequency,2,2,-0.0371875453626736,0.0371875453626736
3701,1,0.2608748668337054,2165.0000000225523,1,0.2969283531925989,frequency,0,0,-0.036053486358893494,0.036053486358893494
3702,2,0.7490515074389741,2164.9999999792612,2,0.33194815828034685,frequency,0,0,0.41710334915862723,0.41710334915862723
3703,2,0.3570851424068577,2165.0000000225523,2,0.25349709776490437,frequency,0,0,0.10358804464195331,0.10358804464195331
3704,2,0.257900550166999,2164.9999999792612,2,0.31218818193193487,frequency,0,0,-0.054287631764935895,0.054287631764935895
3705,12,0.2290634420539699,2165.0000000225523,2,0.31218818193193487,frequency,2,-2,-0.08312473987796498,0.08312473987796498
3706,1,0.4758520163254244,2164.9999999792612,2,0.2754487014268506,frequency,1,-1,0.20040331489857383,0.20040331489857383
3707,1,0.4136560733438938,2165.0000000225523,2,0.3513332838149001,frequency,1,-1,0.06232278952899373,0.06232278952899373
3708,1,0.3699820643196716,2164.9999999792612,2,0.254174544730819,frequency,1,-1,0.1158075195888526,0.1158075195888526
3709,1,0.423129522733244,2165.0000000225523,2,0.2643787379129171,frequency,1,-1,0.1587507848203269,0.1587507848203269
3710,2,0.4714931935161276,2165.0000000225523,2,0.25395177779666855,frequency,0,0,0.21754141571945906,0.21754141571945906
3711,1,0.3845119555324477,2164.9999999792612,2,0.2311532958485259,frequency,1,-1,0.15335865968392182,0.15335865968392182
3712,1,0.3163968472990313,2165.0000000225523,2,0.23070132226487247,frequency,1,-1,0.08569552503415881,0.08569552503415881
3724,11,0.2499445195790937,2165.0000000225523,1,0.2701737816610344,frequency,2,-2,-0.020229262081940702,0.020229262081940702
3725,1,0.5458586972531896,2165.0000000225523,1,0.3850772969805813,frequency,0,0,0.1607814002726083,0.1607814002726083
3726,1,0.4953457094130578,2164.9999999792612,1,0.3322973691816023,frequency,0,0,0.16304834023145548,0.16304834023145548
3727,1,0.4818928327457645,2165.0000000225523,1,0.43663145646029317,frequency,0,0,0.04526137628547133,0.04526137628547133
3728,2,0.3431310457351566,2164.9999999792612,1,0.44544198895027626,frequency,1,1,-0.10231094321511963,0.10231094321511963
3729,12,0.2594550802451132,2165.0000000225523,1,0.3512309796924875,frequency,1,-1,-0.0917758994473743,0.0917758994473743
3730,12,0.5082070583653985,2164.9999999792817,1,0.35123097969248745,frequency,1,-1,0.15697607867291102,0.15697607867291102
3731,1,0.4325268732535,2165.0000000225527,1,0.41327458706401315,frequency,0,0,0.019252286189486822,0.019252286189486822
3732,1,0.3135151742977718,2164.9999999792412,1,0.43055813091043943,frequency,0,0,-0.11704295661266761,0.11704295661266761
3733,10,0.2685122195519558,2165.0000000225527,1,0.4173316654445068,frequency,3,-3,-0.14881944589255097,0.14881944589255097
3762,4,0.4260436249389651,2165.0000000225414,2,0.2343158185882569,frequency,2,2,0.19172780635070819,0.19172780635070819
3763,8,0.4731024918746421,2164.99999997924,2,0.22217583048459072,frequency,6,6,0.2509266613900514,0.2509266613900514
3764,3,0.3076957479866343,2165.000000022551,11,0.3340784734613789,frequency,4,4,-0.026382725474744628,0.026382725474744628
3779,3,0.5087174980303423,2165.0000000225414,11,0.31069581241902977,frequency,4,4,0.1980216856113125,0.1980216856113125
3780,10,0.3356097618582542,2164.9999999792503,11,0.3200672464517798,frequency,1,-1,0.015542515406474389,0.015542515406474389
3781,4,0.2795997084946795,2165.0000000225414,10,0.19424674359627672,frequency,6,-6,0.0853529648984028,0.0853529648984028
3782,3,0.2259752808380975,2164.9999999792503,10,0.2445608138995993,frequency,5,5,-0.01858553306150179,0.01858553306150179
3783,1,0.1616532214097915,2165.000000022541,3,0.29488012052887236,frequency,2,-2,-0.13322689911908087,0.13322689911908087
3784,12,0.6032999417394229,2164.9999999792503,11,0.22700564647883287,frequency,1,1,0.37629429526059005,0.37629429526059005
3785,1,0.2488060317724356,2165.000000022541,9,0.20331584144219506,frequency,4,4,0.04549019033024054,0.04549019033024054
3786,1,0.3042795741924403,2164.9999999792503,1,0.2757293525338879,frequency,0,0,0.028550221658552366,0.028550221658552366
3787,2,0.3169675152943943,2165.000000022541,1,0.2373217506797929,frequency,1,1,0.07964576461460143,0.07964576461460143
3788,2,0.424333077398244,2164.9999999792303,1,0.25771979083987817,frequency,1,1,0.16661328655836583,0.16661328655836583
3789,2,0.2482355615458843,2165.000000022561,1,0.25873061599421676,frequency,1,1,-0.010495054448332458,0.010495054448332458
3790,12,0.1819356476416877,2165.0000000225414,2,0.2410657859865859,frequency,2,-2,-0.05913013834489819,0.05913013834489819
3791,2,0.4021467116482363,2164.9999999792503,2,0.2351849242982987,frequency,0,0,0.16696178734993758,0.16696178734993758
3792,2,0.2525373322315639,2165.0000000225414,2,0.2832713616826503,frequency,0,0,-0.030734029451086442,0.030734029451086442
3793,2,0.2551612539689318,2164.9999999792503,2,0.2636570414607975,frequency,0,0,-0.008495787491865692,0.008495787491865692
3794,2,0.3855411191396674,2165.0000000225414,2,0.2962252381437586,frequency,0,0,0.08931588099590876,0.08931588099590876
3795,1,0.5393266203757812,2164.9999999792503,2,0.3132123348050034,frequency,1,-1,0.22611428557077778,0.22611428557077778
3796,1,0.4548353646038412,2165.0000000225414,2,0.35041435241871927,frequency,1,-1,0.10442101218512195,0.10442101218512195
3797,1,0.2808316104649445,2164.9999999792503,2,0.3005804019036053,frequency,1,-1,-0.019748791438660818,0.019748791438660818
3798,2,0.3167053649534957,2165.000000022541,2,0.27517494703512513,frequency,0,0,0.04153041791837059,0.04153041791837059
3799,2,0.2917212526472325,2164.9999999792503,12,0.22398517006350943,frequency,2,2,0.06773608258372305,0.06773608258372305
3800,1,0.3723721949687096,2165.000000022541,2,0.23070132226487242,frequency,1,-1,0.1416708727038372,0.1416708727038372
3801,1,0.4077735838635395,2164.9999999792303,1,0.1909287945217743,frequency,0,0,0.2168447893417652,0.2168447893417652
3811,1,0.3109781873833819,2165.0000000225414,1,0.30162106147020346,frequency,0,0,0.009357125913178443,0.009357125913178443
3812,1,0.2842130125843898,2164.9999999792503,1,0.34775200584611854,frequency,0,0,-0.06353899326172874,0.06353899326172874
3813,1,0.4592080119937915,2165.000000022541,1,0.3128388742769039,frequency,0,0,0.14636913771688764,0.14636913771688764
3814,1,0.5842497932869566,2164.9999999792303,1,0.3795179426094819,frequency,0,0,0.20473185067747468,0.20473185067747468
3815,12,0.3393350979096141,2165.000000022561,1,0.47458024790647374,frequency,1,-1,-0.13524514999685966,0.13524514999685966
3816,1,0.602198156984895,2164.9999999792303,1,0.37150608211360664,frequency,0,0,0.23069207487128834,0.23069207487128834
3817,12,0.3375438526677153,2165.000000022561,1,0.37150608211360664,frequency,1,-1,-0.033962229445891334,0.033962229445891334
3818,11,0.2967233084864619,2164.99999997923,1,0.3815639239209583,frequency,2,-2,-0.08484061543449639,0.08484061543449639
3819,12,0.382456937092439,2165.000000022541,1,0.49626619659985555,frequency,1,-1,-0.11380925950741655,0.11380925950741655
3820,11,0.2441393305908006,2165.000000022541,1,0.4269232218034795,frequency,2,-2,-0.18278389121267893,0.18278389121267893
3821,12,0.219996555356493,2164.9999999792703,1,0.30914325215505994,frequency,1,-1,-0.08914669679856693,0.08914669679856693
3822,1,0.5894745006941139,2165.000000022541,1,0.28395214910276584,frequency,0,0,0.30552235159134805,0.30552235159134805
3850,2,0.3249784885505397,2165.000000022563,2,0.3319481582803468,frequency,0,0,-0.006969669729807115,0.006969669729807115
3851,8,0.2373084026153596,2164.9999999792517,1,0.24721006452047137,frequency,5,-5,-0.00990166190511177,0.00990166190511177
3852,4,0.2860114433884794,2165.000000022563,1,0.2915195320107444,frequency,3,3,-0.005508088622264984,0.005508088622264984
3856,12,0.3157091796814315,2164.9999999792512,1,0.2616833095954175,frequency,1,-1,0.05402587008601395,0.05402587008601395
3857,1,0.3183842925218476,2165.0000000225623,1,0.3320158996005012,frequency,0,0,-0.01363160707865363,0.01363160707865363
3858,1,0.251483727993854,2164.9999999792512,2,0.2304708817338427,frequency,1,-1,0.021012846260011292,0.021012846260011292
3859,5,0.2070565677570433,2165.0000000225623,12,0.347153788251047,frequency,5,5,-0.14009722049400367,0.14009722049400367
3860,8,0.2730863313723212,2164.9999999792512,11,0.26964679856706536,frequency,3,-3,0.0034395328052558294,0.0034395328052558294
3862,2,0.3604912980958477,2164.9999999792512,12,0.2999940056887947,frequency,2,2,0.06049729240705298,0.06049729240705298
3868,2,0.2498551456974243,2164.999999979262,11,0.29944493134677186,frequency,3,3,-0.049589785649347545,0.049589785649347545
3869,8,0.225265188938437,2165.0000000225523,10,0.35946960418914714,frequency,2,-2,-0.13420441525071014,0.13420441525071014
3870,4,0.3629057631519313,2165.0000000225527,11,0.21500364166059724,frequency,5,5,0.14790212149133405,0.14790212149133405
3871,3,0.2683693000919512,2164.999999979262,11,0.34006984599530543,frequency,4,4,-0.07170054590335423,0.07170054590335423
3872,10,0.2875930038682718,2165.0000000225527,9,0.23349437164856382,frequency,1,1,0.05409863221970798,0.05409863221970798
3873,12,0.2714692648753928,2164.999999979262,10,0.24248505607537257,frequency,2,2,0.028984208800020228,0.028984208800020228
3874,12,0.3421937751136291,2165.0000000225527,1,0.24882256083217896,frequency,1,-1,0.09337121428145012,0.09337121428145012
3875,2,0.3623430311884067,2164.999999979262,12,0.2077525566671532,frequency,2,2,0.15459047452125352,0.15459047452125352
3876,12,0.3893378447386753,2165.0000000225527,2,0.30186208559259137,frequency,2,-2,0.08747575914608391,0.08747575914608391
3877,2,0.2172556706933016,2164.999999979262,2,0.27863211724410125,frequency,0,0,-0.06137644655079966,0.06137644655079966
3878,1,0.198122592653385,2165.0000000225523,1,0.23732175067979283,frequency,0,0,-0.03919915802640783,0.03919915802640783
3879,12,0.2829480242345696,2164.999999979262,2,0.2268975083647469,frequency,2,-2,0.05605051586982271,0.05605051586982271
3880,1,0.4810338991730764,2165.0000000225523,2,0.2268975083647469,frequency,1,-1,0.2541363908083295,0.2541363908083295
3881,4,0.2021244083492072,2164.999999979262,2,0.25350741332020577,frequency,2,2,-0.05138300497099857,0.05138300497099857
3882,1,0.4147054337548161,2165.0000000225523,2,0.2641377338364036,frequency,1,-1,0.1505676999184125,0.1505676999184125
3883,1,0.7381086898199379,2164.999999979262,2,0.3375691374422616,frequency,1,-1,0.40053955237767636,0.40053955237767636
3884,1,0.3839408794326415,2165.0000000225523,2,0.2543977028311729,frequency,1,-1,0.12954317660146858,0.12954317660146858
3885,1,0.2398690488651961,2165.0000000225527,2,0.28804449566839363,frequency,1,-1,-0.04817544680319752,0.04817544680319752
3886,3,0.2561583084730745,2164.999999979262,2,0.2759733945310981,frequency,1,1,-0.019815086058023568,0.019815086058023568
3887,2,0.2762427575787244,2165.0000000225527,2,0.2767887862721778,frequency,0,0,-0.000546028693453382,0.000546028693453382
3888,2,0.3633043584700007,2164.999999979262,2,0.20262165867032214,frequency,0,0,0.16068269979967856,0.16068269979967856
3893,6,0.2613493691125097,2165.0000000225523,1,0.3308600771288939,frequency,5,5,-0.0695107080163842,0.0695107080163842
3894,12,0.4039090515621195,2164.999999979262,1,0.3028659497293079,frequency,1,-1,0.10104310183281157,0.10104310183281157
3898,1,0.3484707717946616,2164.999999979262,12,0.3415499712861117,frequency,1,1,0.006920800508549929,0.006920800508549929
3899,12,0.2929088748846927,2165.0000000225523,12,0.3243358505844125,frequency,0,0,-0.031426975699719806,0.031426975699719806
3900,1,0.2875254026957208,2165.0000000225527,12,0.3074159155727754,frequency,1,1,-0.019890512877054622,0.019890512877054622
3901,1,0.2229507962521191,2164.999999979262,1,0.2722949693417179,frequency,0,0,-0.049344173089598764,0.049344173089598764
3902,1,0.2869680762825089,2165.0000000225527,1,0.2984025767398824,frequency,0,0,-0.011434500457373487,0.011434500457373487
3904,1,0.4186241075651267,2165.0000000225527,1,0.3292332208707344,frequency,0,0,0.08939088669439227,0.08939088669439227
3905,2,0.2397299254776908,2164.999999979282,1,0.35965564451053106,frequency,1,1,-0.11992571903284027,0.11992571903284027
3906,12,0.2100680415494445,2165.0000000225527,1,0.382208674669939,frequency,1,-1,-0.17214063312049452,0.17214063312049452
3907,12,0.53176840944063,2164.9999999792412,1,0.3091432521550599,frequency,1,-1,0.22262515728557009,0.22262515728557009
3908,4,0.2133930140817999,2165.0000000225527,1,0.28267600665581116,frequency,3,3,-0.06928299257401127,0.06928299257401127
3909,6,0.1820725812533273,2164.9999999792417,11,0.25341428772105073,frequency,5,-5,-0.07134170646772345,0.07134170646772345
3939,4,0.2220352002597295,2165.0000000225623,1,0.2719531884698841,frequency,3,3,-0.049917988210154585,0.049917988210154585
3940,3,0.3791469121610284,2164.9999999792512,1,0.2976636396494647,frequency,2,2,0.08148327251156373,0.08148327251156373
3943,10,0.2146671653581819,2165.000000022563,1,0.3330543944764509,frequency,3,-3,-0.11838722911826902,0.11838722911826902
3944,1,0.3964880005082997,2164.9999999792517,1,0.29433610300261037,frequency,0,0,0.10215189750568932,0.10215189750568932
3945,1,0.259369874999268,2165.000000022563,1,0.33576262363352416,frequency,0,0,-0.07639274863425616,0.07639274863425616
3946,11,0.2820304390062975,2164.9999999792517,12,0.5318234750833233,frequency,1,-1,-0.2497930360770258,0.2497930360770258
3947,12,0.4581188116117291,2165.000000022563,12,0.5276257538257747,frequency,0,0,-0.06950694221404558,0.06950694221404558
3948,12,0.5290891999995909,2164.9999999792517,12,0.48944567305720565,frequency,0,0,0.039643526942385265,0.039643526942385265
3949,12,0.1807758111141658,2165.000000022563,12,0.39014102452338,frequency,0,0,-0.2093652134092142,0.2093652134092142
3950,3,0.2743804365503352,2165.0000000225527,11,0.3574526544756436,frequency,4,4,-0.08307221792530839,0.08307221792530839
3951,3,0.5637011845976098,2164.999999979262,11,0.4126073916031669,frequency,4,4,0.15109379299444287,0.15109379299444287
3952,1,0.3161632832009968,2165.0000000225527,1,0.2644059323446092,frequency,0,0,0.05175735085638761,0.05175735085638761
3955,12,0.3178010128582684,2164.999999979262,2,0.27698938500158116,frequency,2,-2,0.04081162785668724,0.04081162785668724
3956,2,0.2221601379017347,2165.0000000225527,10,0.3039200642014746,frequency,4,4,-0.08175992629973991,0.08175992629973991
3957,5,0.6942656350382456,2164.999999979262,4,0.26749104079650254,frequency,1,1,0.426774594241743,0.426774594241743
3958,3,0.489337204647203,2165.0000000225527,4,0.26749104079650254,frequency,1,-1,0.22184616385070044,0.22184616385070044
3959,10,0.3496585968918115,2164.999999979262,11,0.4462043654626232,frequency,1,-1,-0.09654576857081171,0.09654576857081171
3960,10,0.3124111282242311,2165.0000000225527,9,0.31143093075380446,frequency,1,1,0.000980197470426658,0.000980197470426658
3961,2,0.2861899537252908,2164.999999979262,1,0.2983367449136533,frequency,1,1,-0.012146791188362482,0.012146791188362482
3962,1,0.3482150792343594,2165.0000000225527,1,0.26875663307601955,frequency,0,0,0.07945844615833986,0.07945844615833986
3963,11,0.1990390165197103,2164.9999999792417,12,0.24255714996703764,frequency,1,-1,-0.043518133447327356,0.043518133447327356
3964,12,0.2996268973965167,2165.0000000225723,1,0.27708162343801845,frequency,1,-1,0.022545273958498258,0.022545273958498258
3965,12,0.3077789310574294,2165.0000000225527,2,0.25372940100112945,frequency,2,-2,0.05404953005629992,0.05404953005629992
3966,2,0.2544420762420409,2164.999999979262,2,0.25395177779666855,frequency,0,0,0.0004902984453723502,0.0004902984453723502
3967,7,0.2012720149411104,2165.0000000225527,1,0.2197368475718434,frequency,6,6,-0.01846483263073298,0.01846483263073298
3968,2,0.2701989166646228,2164.999999979262,1,0.26611563040286446,frequency,1,1,0.0040832862617583565,0.0040832862617583565
3969,11,0.2102747181964357,2165.0000000225527,2,0.24724156685059684,frequency,3,-3,-0.03696684865416114,0.03696684865416114
3970,1,0.3299261985240659,2164.999999979262,2,0.2638173437394177,frequency,1,-1,0.06610885478464823,0.06610885478464823
3971,1,0.6395827914425771,2165.0000000225527,2,0.21967276137743127,frequency,1,-1,0.4199100300651458,0.4199100300651458
3972,1,0.7467752664748631,2164.999999979262,2,0.3206579519384316,frequency,1,-1,0.42611731453643154,0.42611731453643154
3973,1,0.3188981954018914,2165.0000000225527,2,0.3206579519384316,frequency,1,-1,-0.0017597565365402024,0.0017597565365402024
3974,2,0.2955222483603494,2164.999999979262,2,0.24494528241542785,frequency,0,0,0.05057696594492156,0.05057696594492156
3975,3,0.3263631566615625,2165.0000000225527,2,0.2886316945670525,frequency,1,1,0.037731462094510004,0.037731462094510004
3976,1,0.2700276876388797,2164.9999999792417,2,0.19368267798036787,frequency,1,-1,0.07634500965851182,0.07634500965851182
3980,12,0.6111679621964521,2165.0000000225527,1,0.3176135106059904,frequency,1,-1,0.2935544515904617,0.2935544515904617
3981,12,0.5755162500133096,2164.999999979262,1,0.3028659497293079,frequency,1,-1,0.2726503002840017,0.2726503002840017
3982,12,0.2797874250903266,2165.0000000225527,1,0.3315728102474146,frequency,1,-1,-0.05178538515708797,0.05178538515708797
3983,12,0.4849169517836917,2164.999999979262,1,0.33193846396610716,frequency,1,-1,0.15297848781758455,0.15297848781758455
3986,12,0.289353413495758,2165.0000000225527,12,0.41231080374482515,frequency,0,0,-0.12295739024906716,0.12295739024906716
3987,12,0.30937534106986,2164.999999979262,12,0.3084935955856766,frequency,0,0,0.0008817454841833494,0.0008817454841833494
3988,1,0.1847559610981549,2165.0000000225527,12,0.2791372170361552,frequency,1,1,-0.09438125593800029,0.09438125593800029
3989,10,0.3836152605248364,2164.9999999792417,12,0.22163605880275614,frequency,2,-2,0.16197920172208027,0.16197920172208027
3990,3,0.2264674560961218,2165.0000000225723,11,0.2530017072472928,frequency,4,4,-0.02653425115117103,0.02653425115117103
3991,1,0.3494767480990452,2164.9999999792417,11,0.31135030648905354,frequency,2,2,0.03812644160999168,0.03812644160999168
3992,1,0.3350417672241357,2165.0000000225723,1,0.2326128594581163,frequency,0,0,0.1024289077660194,0.1024289077660194
3993,1,0.295134156213122,2164.9999999792417,11,0.21624242165940355,frequency,2,2,0.07889173455371845,0.07889173455371845
3994,12,0.5295983082150374,2165.0000000225523,12,0.3282822440717178,frequency,0,0,0.2013160641433196,0.2013160641433196
3995,12,0.6440386662245797,2165.0000000225527,12,0.30175673362690025,frequency,0,0,0.3422819325976795,0.3422819325976795
3996,5,0.3156927715763511,2164.999999979282,1,0.2644059323446092,frequency,4,4,0.05128683923174193,0.05128683923174193
3997,12,0.4586195237064161,2165.0000000225527,11,0.25341428772105073,frequency,1,1,0.2052052359853654,0.2052052359853654
3998,1,0.6411902134997239,2164.9999999792417,11,0.2821946246060642,frequency,2,2,0.35899558889365973,0.35899558889365973
4025,2,0.3041885451238889,2165.000000022563,1,0.2587981925392006,frequency,1,1,0.045390352584688265,0.045390352584688265
4027,2,0.2568124181865862,2165.000000022563,1,0.24835416647101366,frequency,1,1,0.008458251715572518,0.008458251715572518
4032,12,0.2522305598727141,2165.0000000225623,12,0.38965337967997704,frequency,0,0,-0.13742281980726295,0.13742281980726295
4033,3,0.2214896731007298,2164.9999999792512,11,0.3905389321805427,frequency,4,4,-0.16904925907981289,0.16904925907981289
4034,12,0.248888642264334,2165.0000000225623,11,0.42359129023673725,frequency,1,1,-0.17470264797240326,0.17470264797240326
4035,12,0.3905564360244934,2164.9999999792512,11,0.34000575192452137,frequency,1,1,0.05055068409997204,0.05055068409997204
4036,12,0.5061971432255222,2165.0000000225623,12,0.3434050691189838,frequency,0,0,0.16279207410653845,0.16279207410653845
4037,2,0.5792502954867009,2164.9999999792512,11,0.406548784101295,frequency,3,3,0.1727015113854059,0.1727015113854059
4038,12,0.3343032101475433,2165.0000000225523,11,0.3172042884706908,frequency,1,1,0.017098921676852452,0.017098921676852452
4039,1,0.3925528393882241,2164.999999979262,2,0.2880444956683936,frequency,1,-1,0.10450834371983053,0.10450834371983053
4040,3,0.2347893536054815,2165.0000000225523,1,0.3320158996005012,frequency,2,2,-0.0972265459950197,0.0972265459950197
4043,10,0.5113497105170735,2164.999999979262,10,0.305837453378437,frequency,0,0,0.20551225713863647,0.20551225713863647
4044,10,0.5447964537426376,2165.0000000225523,10,0.41856600189933524,frequency,0,0,0.1262304518433024,0.1262304518433024
4046,10,0.2530239658105627,2164.999999979262,10,0.3553169634626593,frequency,0,0,-0.1022929976520966,0.1022929976520966
4047,9,0.4009534757608202,2165.0000000225527,11,0.25499034127495174,frequency,2,-2,0.14596313448586845,0.14596313448586845
4048,1,0.2182582797902672,2164.999999979262,10,0.21659625678154693,frequency,3,3,0.001662023008720287,0.001662023008720287
4049,1,0.2407053754124074,2165.0000000225527,1,0.25979930379615573,frequency,0,0,-0.01909392838374832,0.01909392838374832
4050,1,0.2647089194303248,2164.999999979262,1,0.2791900374485516,frequency,0,0,-0.014481118018226768,0.014481118018226768
4051,2,0.334320205225106,2165.0000000225527,1,0.3009737361671963,frequency,1,1,0.03334646905790972,0.03334646905790972
4052,1,0.2524357794335957,2164.999999979262,2,0.2521417537741303,frequency,1,-1,0.00029402565946540227,0.00029402565946540227
4053,11,0.2086221399744907,2165.0000000225523,2,0.24494528241542785,frequency,3,-3,-0.03632314244093715,0.03632314244093715
4054,9,0.1908396970805036,2164.999999979262,1,0.2377912256881064,frequency,4,-4,-0.046951528607602794,0.046951528607602794
4055,1,0.2522015563065456,2165.0000000225523,1,0.27277087555892504,frequency,0,0,-0.020569319252379425,0.020569319252379425
4056,1,0.3551988835671418,2164.999999979262,1,0.2929935541233437,frequency,0,0,0.062205329443798085,0.062205329443798085
4057,1,0.4559490392139281,2165.0000000225523,2,0.22707532282799545,frequency,1,-1,0.22887371638593265,0.22887371638593265
4058,1,0.378521071917882,2164.999999979262,2,0.23537597076922015,frequency,1,-1,0.14314510114866183,0.14314510114866183
4059,1,0.6211172662159744,2165.0000000225523,2,0.22634928258921885,frequency,1,-1,0.3947679836267556,0.3947679836267556
4060,1,0.3285173830350049,2165.0000000225527,2,0.21204391505691114,frequency,1,-1,0.11647346797809374,0.11647346797809374
4061,2,0.2053520941035796,2164.999999979262,2,0.26512696085427717,frequency,0,0,-0.05977486675069757,0.05977486675069757
4062,12,0.3987221747193843,2165.0000000225527,2,0.3353032120425152,frequency,2,-2,0.06341896267686914,0.06341896267686914
4063,3,0.3130001515592461,2164.999999979262,2,0.2129048229919204,frequency,1,1,0.1000953285673257,0.1000953285673257
4064,2,0.3690205232357266,2165.0000000225527,1,0.2357608864264611,frequency,1,1,0.1332596368092655,0.1332596368092655
4065,10,0.6522445405729045,2164.999999979262,1,0.2357608864264611,frequency,3,-3,0.4164836541464434,0.4164836541464434
4066,10,0.3067006799784412,2165.0000000225527,1,0.24793460378546223,frequency,3,-3,0.05876607619297897,0.05876607619297897
4067,11,0.6480858871448484,2164.999999979262,1,0.29766363964946463,frequency,2,-2,0.35042224749538375,0.35042224749538375
4068,1,0.4067436310099904,2165.0000000225523,1,0.25878012740848017,frequency,0,0,0.14796350360151023,0.14796350360151023
4069,12,0.4401294157049287,2164.999999979262,1,0.29766363964946463,frequency,1,-1,0.14246577605546407,0.14246577605546407
4070,12,0.3719350754507241,2165.0000000225523,1,0.28389253819646143,frequency,1,-1,0.08804253725426264,0.08804253725426264
4071,12,0.3784592428383501,2164.999999979262,1,0.39690520501891097,frequency,1,-1,-0.018445962180560882,0.018445962180560882
4072,11,0.6185492253218495,2165.0000000225523,1,0.33147214935152775,frequency,2,-2,0.2870770759703218,0.2870770759703218
4074,3,0.2488810736056452,2165.0000000225523,11,0.2257685705286914,frequency,4,4,0.02311250307695381,0.02311250307695381
4075,9,0.3039568649162467,2165.0000000225527,12,0.3921023018419917,frequency,3,-3,-0.088145436925745,0.088145436925745
4076,2,0.2349209275177197,2164.999999979262,1,0.1837859701355617,frequency,1,1,0.05113495738215801,0.05113495738215801
4077,8,0.1796231874789201,2165.0000000225527,9,0.21425333649162143,frequency,1,-1,-0.03463014901270134,0.03463014901270134
4078,11,0.1568991316928531,2164.999999979262,9,0.23868660622075863,frequency,2,2,-0.08178747452790552,0.08178747452790552
4079,4,0.2116086915172981,2165.0000000225527,9,0.20267891694858126,frequency,5,-5,0.008929774568716853,0.008929774568716853
4080,6,0.1927959010495542,2164.999999979282,11,0.23272592446775675,frequency,5,-5,-0.03993002341820254,0.03993002341820254
4081,10,0.2237530153052525,2165.0000000225527,11,0.2334155984185935,frequency,1,-1,-0.009662583113341006,0.009662583113341006
4082,12,0.3479985562820118,2164.9999999792412,12,0.27006514540041165,frequency,0,0,0.07793341088160016,0.07793341088160016
4083,12,0.5738822992571664,2165.0000000225527,12,0.26864947982323684,frequency,0,0,0.30523281943392955,0.30523281943392955
4084,12,0.3887785574746597,2164.9999999792417,12,0.28533720197983675,frequency,0,0,0.10344135549482297,0.10344135549482297
4085,1,0.2949018179216348,2165.000000022593,1,0.3512309796924875,frequency,0,0,-0.05632916177085273,0.05632916177085273
4127,1,0.5466742552116215,2165.0000000225527,11,0.2664387594548344,frequency,2,2,0.2802354957567871,0.2802354957567871
4129,12,0.3906131520745398,2165.0000000225527,1,0.26044351066099836,frequency,1,-1,0.13016964141354143,0.13016964141354143
4130,2,0.5091662666785269,2164.999999979262,10,0.32603665733829756,frequency,4,4,0.18312960934022937,0.18312960934022937
4131,2,0.2584851072599869,2165.0000000225527,10,0.20929843527124187,frequency,4,4,0.049186671988745045,0.049186671988745045
4133,10,0.8801399948491266,2165.0000000225527,4,0.2249158435729425,frequency,6,6,0.6552241512761842,0.6552241512761842
4134,2,0.2115963337718544,2164.999999979262,11,0.39575124207640916,frequency,3,3,-0.18415490830455475,0.18415490830455475
4135,10,0.3760608551119446,2165.0000000225527,11,0.4078689875373365,frequency,1,-1,-0.03180813242539193,0.03180813242539193
4136,1,0.201537752867448,2164.999999979262,1,0.34505555205191385,frequency,0,0,-0.14351779918446586,0.14351779918446586
4137,3,0.3226272168470888,2165.0000000225527,1,0.3063020976105077,frequency,2,2,0.016325119236581087,0.016325119236581087
4138,3,0.2953859955733591,2164.9999999792417,1,0.30340470842891926,frequency,2,2,-0.008018712855560162,0.008018712855560162
4139,1,0.4554556714704268,2165.0000000225723,2,0.2413179121153836,frequency,1,-1,0.21413775935504323,0.21413775935504323
4140,1,0.3599656787768154,2165.0000000225527,2,0.2751749470351252,frequency,1,-1,0.08479073174169022,0.08479073174169022
4141,11,0.2312780043572714,2164.999999979262,2,0.24082535720730838,frequency,3,-3,-0.009547352850036994,0.009547352850036994
4142,2,0.3042394643623426,2165.0000000225527,1,0.28217832346915545,frequency,1,1,0.02206114089318717,0.02206114089318717
4143,2,0.2324309674487622,2164.999999979262,1,0.301031163659761,frequency,1,1,-0.0686001962109988,0.0686001962109988
4144,1,0.2405113566552031,2165.0000000225527,2,0.24494528241542785,frequency,1,-1,-0.0044339257602247495,0.0044339257602247495
4145,1,0.2936320600845236,2164.999999979262,2,0.2636347262526701,frequency,1,-1,0.02999733383185349,0.02999733383185349
4146,1,0.4133608333323623,2165.0000000225527,2,0.21185786959667877,frequency,1,-1,0.20150296373568352,0.20150296373568352
4147,1,0.37963546043772,2164.999999979262,1,0.2357608864264611,frequency,0,0,0.14387457401125892,0.14387457401125892
4148,1,0.3781884488263911,2165.0000000225527,2,0.23070132226487242,frequency,1,-1,0.14748712656151866,0.14748712656151866
4149,1,0.2669686494198122,2164.999999979262,2,0.28891949290341923,frequency,1,-1,-0.02195084348360704,0.02195084348360704
4150,2,0.410924079637485,2165.0000000225527,2,0.3021768874076992,frequency,0,0,0.1087471922297858,0.1087471922297858
4151,12,0.494646059551797,2164.9999999792417,1,0.2707281866483758,frequency,1,-1,0.22391787290342124,0.22391787290342124
4152,10,0.3359670136711539,2165.0000000225723,1,0.2668474335854556,frequency,3,-3,0.0691195800856983,0.0691195800856983
4153,10,0.4594144376476427,2164.9999999792417,1,0.23982644760866675,frequency,3,-3,0.21958799003897597,0.21958799003897597
4155,10,0.6126059573269271,2165.0000000225527,1,0.24715584634872295,frequency,3,-3,0.3654501109782042,0.3654501109782042
4156,2,0.32017374615572,2164.999999979262,11,0.2667474554172275,frequency,3,3,0.05342629073849248,0.05342629073849248
4157,12,0.3246903332885047,2165.0000000225527,1,0.29144413904679195,frequency,1,-1,0.03324619424171277,0.03324619424171277
4158,12,0.4680018240307706,2164.999999979262,1,0.2360196967190778,frequency,1,-1,0.23198212731169282,0.23198212731169282
4159,12,0.5997112943150259,2165.0000000225527,1,0.26100147451768924,frequency,1,-1,0.33870981979733666,0.33870981979733666
4160,1,0.449719993216776,2164.999999979262,1,0.35029840970806625,frequency,0,0,0.09942158350870978,0.09942158350870978
4163,1,0.235251817034222,2165.0000000225527,12,0.3246144409917466,frequency,1,1,-0.08936262395752459,0.08936262395752459
4164,10,0.2937440398447039,2164.9999999792417,9,0.14511406415907846,frequency,1,1,0.14862997568562542,0.14862997568562542
4165,9,0.3217937928531519,2165.0000000225723,11,0.21097156068018189,frequency,2,-2,0.11082223217297002,0.11082223217297002
4166,2,0.3472707082056696,2164.9999999792417,2,0.18739627613914658,frequency,0,0,0.159874432066523,0.159874432066523
4167,3,0.236366898916828,2165.0000000225723,9,0.2399897831400526,frequency,6,-6,-0.0036228842232245984,0.0036228842232245984
4168,2,0.2998485691507783,2164.9999999792417,9,0.31752674902753036,frequency,5,5,-0.017678179876752076,0.017678179876752076
4169,3,0.2300939000961263,2165.0000000225523,11,0.21622667843362178,frequency,4,4,0.013867221662504509,0.013867221662504509
4170,12,0.2643690614049039,2165.0000000225527,12,0.25282425033855155,frequency,0,0,0.011544811066352356,0.011544811066352356
4171,12,0.624837704026769,2164.999999979282,12,0.2777230306008376,frequency,0,0,0.3471146734259314,0.3471146734259314
4172,12,0.2903571823256928,2165.0000000225527,11,0.23424402583474804,frequency,1,1,0.056113156490944754,0.056113156490944754
4173,1,0.4714288049864125,2164.9999999792417,11,0.253049932786534,frequency,2,2,0.2183788721998785,0.2183788721998785
4174,1,0.6686518049137435,2165.0000000225527,12,0.21022529869000794,frequency,1,1,0.4584265062237356,0.4584265062237356
4175,1,0.6270169627593499,2164.999999979282,12,0.2548782779780594,frequency,1,1,0.37213868478129053,0.37213868478129053
4214,6,0.2849497208185151,2164.999999979262,11,0.41950626623920223,frequency,5,-5,-0.13455654542068712,0.13455654542068712
4215,10,0.262282236544068,2165.0000000225523,11,0.3533482774380291,frequency,1,-1,-0.09106604089396109,0.09106604089396109
4216,7,0.2024668718041281,2164.999999979262,11,0.2176209139113325,frequency,4,-4,-0.015154042107204418,0.015154042107204418
4217,2,0.6683904907206303,2165.0000000225523,2,0.19787835849745075,frequency,0,0,0.47051213222317956,0.47051213222317956
4218,2,0.5187186381597215,2164.999999979262,10,0.2710122537562371,frequency,4,4,0.24770638440348441,0.24770638440348441
4220,4,0.2932273014232038,2165.0000000225527,2,0.19816160155413565,frequency,2,2,0.09506569986906815,0.09506569986906815
4221,10,0.6561631473157679,2164.999999979262,11,0.41605897134020986,frequency,1,-1,0.240104175975558,0.240104175975558
4222,10,0.3991252118791035,2165.0000000225527,10,0.30413116862240797,frequency,0,0,0.09499404325669553,0.09499404325669553
4223,10,0.4646181185960281,2164.999999979262,1,0.27655827436839714,frequency,3,-3,0.18805984422763095,0.18805984422763095
4224,1,0.1963311871390929,2165.0000000225527,1,0.3557001241935267,frequency,0,0,-0.1593689370544338,0.1593689370544338
4225,1,0.2153368714234736,2164.999999979262,1,0.3198150844737518,frequency,0,0,-0.10447821305027818,0.10447821305027818
4226,2,0.4499702080648058,2165.0000000225527,1,0.3163864113561725,frequency,1,1,0.1335837967086333,0.1335837967086333
4227,2,0.3758209997901367,2164.999999979262,1,0.2825578786285071,frequency,1,1,0.0932631211616296,0.0932631211616296
4228,2,0.2576705552733689,2165.0000000225523,2,0.23518492429829868,frequency,0,0,0.022485630975070225,0.022485630975070225
4229,2,0.355341804596721,2164.999999979262,2,0.22671172142737314,frequency,0,0,0.12863008316934785,0.12863008316934785
4230,9,0.2117988494250485,2165.0000000225523,2,0.22671172142737314,frequency,5,-5,-0.014912872002324634,0.014912872002324634
4231,1,0.2637936218905594,2164.999999979262,1,0.22848516557626491,frequency,0,0,0.03530845631429447,0.03530845631429447
4232,4,0.2174140325991314,2165.0000000225523,1,0.22895905663154434,frequency,3,3,-0.011545024032412948,0.011545024032412948
4233,1,0.2970682485674035,2164.999999979262,2,0.254174544730819,frequency,1,-1,0.042893703836584474,0.042893703836584474
4234,1,0.5694611845100326,2165.0000000225523,2,0.28350893083101353,frequency,1,-1,0.28595225367901905,0.28595225367901905
4235,1,0.5896792587587295,2165.0000000225527,2,0.3170721412983299,frequency,1,-1,0.2726071174603996,0.2726071174603996
4236,4,0.1814479703465933,2164.999999979262,1,0.2695678962706405,frequency,3,3,-0.08811992592404719,0.08811992592404719
4237,1,0.2516649568029419,2165.0000000225527,2,0.31670945546730517,frequency,1,-1,-0.06504449866436329,0.06504449866436329
4238,2,0.1971277719821658,2164.999999979262,1,0.25822421419574065,frequency,1,1,-0.06109644221357485,0.06109644221357485
4239,12,0.205037549513203,2165.0000000225527,11,0.20969266773088666,frequency,1,1,-0.0046551182176836625,0.0046551182176836625
4240,3,0.3186648472182404,2164.999999979262,11,0.20969266773088666,frequency,4,4,0.10897217948735374,0.10897217948735374
4242,12,0.3945775382362348,2164.999999979262,1,0.24929272530927882,frequency,1,-1,0.145284812926956,0.145284812926956
4244,12,0.3514123186621102,2164.999999979262,1,0.22058348202711037,frequency,1,-1,0.13082883663499983,0.13082883663499983
4245,11,0.459377067162532,2165.0000000225523,12,0.24352281182014246,frequency,1,-1,0.21585425534238956,0.21585425534238956
4247,1,0.2456235437362381,2165.0000000225523,1,0.3128388742769039,frequency,0,0,-0.06721533054066578,0.06721533054066578
4250,12,0.3501411730919372,2165.0000000225527,1,0.3317284861372861,frequency,1,-1,0.018412686954651092,0.018412686954651092
4251,1,0.2756614855416073,2164.999999979262,11,0.23071453296932842,frequency,2,2,0.044946952572278875,0.044946952572278875
4252,9,0.24848340311013,2165.0000000225527,9,0.15249471052366287,frequency,0,0,0.09598869258646714,0.09598869258646714
4253,9,0.1933327671404958,2164.999999979262,11,0.2131887914377835,frequency,2,-2,-0.019856024297287694,0.019856024297287694
4254,2,0.2361361674042439,2165.0000000225527,9,0.22026551246597523,frequency,5,5,0.01587065493826867,0.01587065493826867
4255,9,0.3451825191525807,2164.999999979282,9,0.26411638299152956,frequency,0,0,0.08106613616105113,0.08106613616105113
4256,9,0.1914487050211616,2165.0000000225527,9,0.15621557287221707,frequency,0,0,0.035233132148944524,0.035233132148944524
4257,4,0.1834249121429764,2164.9999999792412,11,0.23901074635654346,frequency,5,5,-0.055585834213567054,0.055585834213567054
4258,12,0.3923620545218622,2165.0000000225527,12,0.24147151568730604,frequency,0,0,0.15089053883455614,0.15089053883455614
4259,12,0.352324244013963,2164.9999999792417,12,0.3245302414535023,frequency,0,0,0.027794002560460718,0.027794002560460718
4260,12,0.4418553938345346,2165.000000022593,11,0.22541140079663133,frequency,1,1,0.21644399303790327,0.21644399303790327
4261,12,0.2329466443308157,2164.9999999792412,11,0.27774799906025976,frequency,1,1,-0.044801354729444076,0.044801354729444076
4262,1,0.3533757017796533,2165.0000000225527,11,0.2306930282282105,frequency,2,2,0.12268267355144277,0.12268267355144277
4263,11,0.6101854827596802,2164.9999999792417,12,0.21113163311020422,frequency,1,-1,0.399053849649476,0.399053849649476
4264,11,0.6467362342975411,2165.000000022593,12,0.24235822185656336,frequency,1,-1,0.40437801244097776,0.40437801244097776
4301,11,0.4460621811674499,2164.999999979262,11,0.47219009253350347,frequency,0,0,-0.02612791136605358,0.02612791136605358
4302,2,0.1938150046090962,2165.0000000225527,11,0.2901612185484433,frequency,3,3,-0.09634621393934709,0.09634621393934709
4303,4,0.2249703213895295,2164.999999979262,1,0.2501973021833723,frequency,3,3,-0.025226980793842835,0.025226980793842835
4304,2,0.4602553004775884,2165.0000000225527,11,0.2970140538357181,frequency,3,3,0.16324124664187029,0.16324124664187029
4305,2,0.3129947492700486,2164.999999979262,11,0.2825409332830296,frequency,3,3,0.030453815987019017,0.030453815987019017
4306,2,0.5613322449123337,2165.0000000225527,2,0.1866607228334545,frequency,0,0,0.3746715220788792,0.3746715220788792
4308,10,0.6592176136525003,2165.0000000225527,2,0.19816160155413565,frequency,4,-4,0.46105601209836466,0.46105601209836466
4309,10,0.6414122490286746,2164.999999979262,11,0.4171358521313377,frequency,1,-1,0.22427639689733686,0.22427639689733686
4310,10,0.5814433499621959,2165.0000000225527,11,0.34094431242897,frequency,1,-1,0.24049903753322593,0.24049903753322593
4311,10,0.4422663856759421,2164.999999979262,11,0.22608814318358728,frequency,1,-1,0.21617824249235484,0.21617824249235484
4312,2,0.2785938866665274,2165.0000000225527,1,0.26299633160974906,frequency,1,1,0.015597555056778345,0.015597555056778345
4313,2,0.4778889268282262,2164.9999999792417,1,0.3304096855204468,frequency,1,1,0.1474792413077794,0.1474792413077794
4314,11,0.4471723202482055,2165.0000000225723,1,0.3163864113561725,frequency,2,-2,0.130785908892033,0.130785908892033
4315,2,0.3152871504892939,2165.0000000225527,2,0.2837690556601209,frequency,0,0,0.031518094829173005,0.031518094829173005
4316,1,0.327457385855244,2164.999999979262,1,0.24733214242291035,frequency,0,0,0.08012524343233363,0.08012524343233363
4317,1,0.3590085409283107,2165.0000000225527,1,0.20633687098269252,frequency,0,0,0.15267166994561818,0.15267166994561818
4318,1,0.2515511635457043,2164.999999979262,2,0.22139415388375894,frequency,1,-1,0.030157009661945344,0.030157009661945344
4319,9,0.2440032937278514,2165.0000000225527,3,0.18652029476996823,frequency,6,6,0.05748299895788317,0.05748299895788317
4320,1,0.387150061680788,2164.999999979262,3,0.20250306866339934,frequency,2,-2,0.18464699301738868,0.18464699301738868
4321,2,0.2263296124024295,2165.0000000225527,2,0.254174544730819,frequency,0,0,-0.027844932328389527,0.027844932328389527
4322,2,0.2101586451464426,2164.999999979262,2,0.2539517777966686,frequency,0,0,-0.043793132650226,0.043793132650226
4323,1,0.2518779095974702,2165.0000000225527,2,0.26487332911615563,frequency,1,-1,-0.012995419518685436,0.012995419518685436
4324,2,0.2501410899434982,2164.999999979262,2,0.29390971027420526,frequency,0,0,-0.04376862033070705,0.04376862033070705
4325,10,0.3290715431050801,2165.0000000225527,1,0.2695678962706405,frequency,3,-3,0.059503646834439594,0.059503646834439594
4326,10,0.3326738867409813,2164.9999999792417,1,0.3315031401602046,frequency,3,-3,0.0011707465807767048,0.0011707465807767048
4328,12,0.4314043954701531,2164.9999999792417,1,0.21607392841385095,frequency,1,-1,0.21533046705630213,0.21533046705630213
4330,1,0.4016017958658052,2165.0000000225527,1,0.2776790254570982,frequency,0,0,0.12392277040870697,0.12392277040870697
4331,3,0.4445525687982047,2164.999999979262,1,0.22542591816983762,frequency,2,2,0.2191266506283671,0.2191266506283671
4335,1,0.3361075445828458,2164.999999979262,1,0.41922622680543115,frequency,0,0,-0.08311868222258534,0.08311868222258534
4336,1,0.4052545319257878,2165.0000000225527,1,0.4259698963733662,frequency,0,0,-0.020715364447578377,0.020715364447578377
4337,1,0.4409210898612234,2164.999999979262,1,0.4717647463029354,frequency,0,0,-0.030843656441711997,0.030843656441711997
4338,6,0.1774071071861768,2165.0000000225527,1,0.2765740860173819,frequency,5,5,-0.09916697883120512,0.09916697883120512
4339,6,0.2473152949191839,2164.9999999792417,12,0.2054813933806341,frequency,6,-6,0.041833901538549795,0.041833901538549795
4340,10,0.2496869604761619,2165.0000000225723,11,0.19349083760820251,frequency,1,-1,0.056196122867959386,0.056196122867959386
4341,9,0.1962499962716338,2164.9999999792417,11,0.18436968415506313,frequency,2,-2,0.011880312116570674,0.011880312116570674
4342,6,0.3024416345371941,2165.0000000225723,11,0.18436968415506313,frequency,5,-5,0.11807195038213095,0.11807195038213095
4343,11,0.1519941753963334,2164.9999999792417,2,0.16686210782472358,frequency,3,-3,-0.014867932428390185,0.014867932428390185
4344,10,0.3042389329916,2165.0000000225523,2,0.18618097210346884,frequency,4,-4,0.11805796088813114,0.11805796088813114
4345,12,0.2290042423382755,2165.0000000225527,12,0.25775538956378424,frequency,0,0,-0.028751147225508755,0.028751147225508755
4346,12,0.3950384076552149,2164.999999979282,11,0.2696467985670654,frequency,1,1,0.1253916090881495,0.1253916090881495
4347,12,0.4887507681451475,2165.0000000225527,12,0.29201469384169926,frequency,0,0,0.19673607430344825,0.19673607430344825
4348,12,0.3482795696763699,2164.9999999792417,1,0.23846738826584746,frequency,1,-1,0.10981218141052246,0.10981218141052246
4349,1,0.2666225858440434,2165.0000000225527,12,0.2628633890151022,frequency,1,1,0.0037591968289412137,0.0037591968289412137
4350,11,0.2313466429902598,2164.999999979282,11,0.2638021126699538,frequency,0,0,-0.03245546967969398,0.03245546967969398
4351,11,0.4764631972845408,2165.0000000225527,11,0.21199973885225565,frequency,0,0,0.26446345843228514,0.26446345843228514
4352,11,0.3538817057142267,2164.9999999792417,12,0.2234366748917458,frequency,1,-1,0.13044503082248093,0.13044503082248093
4353,12,0.5415004188415697,2165.0000000225523,11,0.2118047076061841,frequency,1,1,0.32969571123538566,0.32969571123538566
4354,12,0.3511926991566249,2164.999999979282,12,0.25385653782905954,frequency,0,0,0.09733616132756534,0.09733616132756534
4389,1,0.2514561498796522,2164.999999979262,11,0.36634152615226323,frequency,2,2,-0.11488537627261103,0.11488537627261103
4390,10,0.2276725059627626,2165.0000000225523,11,0.39120252127567295,frequency,1,-1,-0.16353001531291037,0.16353001531291037
4391,2,0.3665259403982606,2164.999999979262,11,0.37838303941606527,frequency,3,3,-0.011857099017804684,0.011857099017804684
4392,2,0.6740126810967438,2165.0000000225523,11,0.2832523143786663,frequency,3,3,0.3907603667180775,0.3907603667180775
4393,3,0.2455885737022202,2164.999999979262,2,0.225260740497722,frequency,1,1,0.020327833204498214,0.020327833204498214
4395,9,0.5226652211779635,2165.0000000225527,11,0.23730510499757007,frequency,2,-2,0.2853601161803935,0.2853601161803935
4396,10,0.739389236803957,2164.999999979262,11,0.23302185931427236,frequency,1,-1,0.5063673774896846,0.5063673774896846
4397,10,0.5153886969455757,2165.0000000225527,11,0.4205862717727742,frequency,1,-1,0.09480242517280146,0.09480242517280146
4398,10,0.5505988667721976,2164.999999979262,11,0.2841398312381609,frequency,1,-1,0.2664590355340367,0.2664590355340367
4399,10,0.2828809979488932,2165.0000000225527,1,0.4353963526260042,frequency,3,-3,-0.15251535467711097,0.15251535467711097
4400,2,0.4353760850841182,2164.999999979262,1,0.3301671592192474,frequency,1,1,0.1052089258648708,0.1052089258648708
4401,2,0.3475885949416636,2165.0000000225527,1,0.3430450518232173,frequency,1,1,0.0045435431184462916,0.0045435431184462916
4402,2,0.3139580207653392,2164.999999979262,1,0.3141821995950416,frequency,1,1,-0.0002241788297024372,0.0002241788297024372
4403,2,0.3621805826593008,2165.0000000225523,1,0.2375402524959916,frequency,1,1,0.12464033016330922,0.12464033016330922
4404,2,0.3717713479748951,2164.999999979262,1,0.23525640531415262,frequency,1,1,0.13651494266074246,0.13651494266074246
4405,3,0.2187809164305905,2165.0000000225523,1,0.23525640531415262,frequency,2,2,-0.016475488883562123,0.016475488883562123
4406,1,0.1949930021438511,2164.999999979262,1,0.1912609408201258,frequency,0,0,0.0037320613237253053,0.0037320613237253053
4407,10,0.2328583646795438,2165.0000000225523,3,0.1944487893700393,frequency,5,-5,0.03840957530950451,0.03840957530950451
4408,4,0.2978017896358083,2164.999999979262,10,0.21084848221275115,frequency,6,-6,0.08695330742305712,0.08695330742305712
4410,2,0.1941075052415889,2165.0000000225527,2,0.25418491549560684,frequency,0,0,-0.06007741025401794,0.06007741025401794
4411,3,0.210096876469618,2164.999999979262,2,0.2524175936900938,frequency,1,1,-0.04232071722047581,0.04232071722047581
4412,2,0.2563260754529357,2165.0000000225527,1,0.29619669038264573,frequency,1,1,-0.03987061492971006,0.03987061492971006
4413,10,0.3109903096313843,2164.999999979262,1,0.2701198149150673,frequency,3,-3,0.040870494716316985,0.040870494716316985
4414,2,0.2533870605720613,2165.0000000225527,1,0.29686317015764596,frequency,1,1,-0.04347610958558468,0.04347610958558468
4415,2,0.6343222294280413,2164.999999979262,1,0.36017651305007115,frequency,1,1,0.27414571637797014,0.27414571637797014
4416,12,0.3304519248826089,2165.0000000225527,12,0.24205760824624317,frequency,0,0,0.08839431663636571,0.08839431663636571
4417,10,0.3461433199322031,2164.999999979262,1,0.2582242141957407,frequency,3,-3,0.08791910573646239,0.08791910573646239
4418,12,0.2417039793121129,2165.0000000225523,1,0.3460358644307321,frequency,1,-1,-0.10433188511861918,0.10433188511861918
4419,2,0.4163305096754732,2164.999999979262,1,0.290305431141556,frequency,1,1,0.1260250785339172,0.1260250785339172
4421,11,0.3263192519914152,2164.999999979262,1,0.3786213857728845,frequency,2,-2,-0.05230213378146931,0.05230213378146931
4422,12,0.3759057816433457,2165.0000000225523,1,0.33309541303663276,frequency,1,-1,0.042810368606712945,0.042810368606712945
4423,12,0.3714627252313159,2164.999999979262,1,0.3194837358676721,frequency,1,-1,0.05197898936364381,0.05197898936364381
4424,1,0.2170488116711689,2165.0000000225523,1,0.386137581221036,frequency,0,0,-0.16908876954986707,0.16908876954986707
4425,1,0.1813706268999213,2165.0000000225527,1,0.23769988842321993,frequency,0,0,-0.05632926152329862,0.05632926152329862
4426,9,0.2478355934985956,2164.999999979262,11,0.2036063760548067,frequency,2,-2,0.04422921744378891,0.04422921744378891
4427,7,0.2118599472683254,2165.0000000225527,11,0.21320026919225907,frequency,4,-4,-0.0013403219239336572,0.0013403219239336572
4428,9,0.170665577616943,2164.999999979262,11,0.20264476632072942,frequency,2,-2,-0.03197918870378641,0.03197918870378641
4429,11,0.2067190266874028,2165.0000000225527,11,0.1930757444136644,frequency,0,0,0.0136432822737384,0.0136432822737384
4430,3,0.1727253767798446,2164.999999979282,2,0.16687104700442884,frequency,1,1,0.005854329775415751,0.005854329775415751
4431,2,0.2578399489752128,2165.0000000225527,2,0.1976084595174213,frequency,0,0,0.0602314894577915,0.0602314894577915
4432,4,0.1861186237377278,2164.9999999792412,11,0.25234043578304255,frequency,5,5,-0.06622181204531474,0.06622181204531474
4433,12,0.6632866228692664,2165.0000000225527,4,0.2393357680642415,frequency,4,-4,0.4239508548050249,0.4239508548050249
4434,2,0.3213808006356683,2164.9999999792417,4,0.22517802669654985,frequency,2,-2,0.09620277393911847,0.09620277393911847
4435,12,0.3615918702026691,2165.000000022593,4,0.21803297621189863,frequency,4,-4,0.14355889399077046,0.14355889399077046
4436,1,0.3326699159228511,2164.9999999792412,11,0.25464507157122096,frequency,2,2,0.07802484435163015,0.07802484435163015
4437,1,0.3711905421852287,2165.0000000225527,11,0.2748550174366019,frequency,2,2,0.09633552474862678,0.09633552474862678
4438,11,0.5323900353632874,2164.9999999792417,12,0.21232068711629573,frequency,1,-1,0.32006934824699174,0.32006934824699174
4439,11,0.5619209911562539,2165.000000022593,11,0.19778429796076058,frequency,0,0,0.36413669319549336,0.36413669319549336
4440,10,0.351837053758275,2165.0000000225527,12,0.27871089206204636,frequency,2,-2,0.07312616169622865,0.07312616169622865
4441,12,0.3072129742929952,2164.9999999792412,1,0.23967191819101855,frequency,1,-1,0.06754105610197667,0.06754105610197667
4442,12,0.473363205533453,2165.0000000225527,12,0.25435708207889557,frequency,0,0,0.21900612345455744,0.21900612345455744
4443,2,0.510173147773226,2164.999999979282,1,0.2163231472720679,frequency,1,1,0.29385000050115806,0.29385000050115806
4446,1,0.6826415384858978,2165.0000000225527,1,0.2489886356860173,frequency,0,0,0.4336529027998805,0.4336529027998805
4475,11,0.6024095552943723,2165.0000000225527,11,0.25412984476103717,frequency,0,0,0.3482797105333352,0.3482797105333352
4476,12,0.2301588299974802,2164.999999979262,11,0.46860974682874496,frequency,1,1,-0.23845091683126476,0.23845091683126476
4477,5,0.1853790965475776,2165.0000000225527,11,0.4188122817995087,frequency,6,-6,-0.2334331852519311,0.2334331852519311
4478,2,0.4398254942652849,2164.999999979262,10,0.22984755991416125,frequency,4,4,0.20997793435112364,0.20997793435112364
4479,2,0.5061557881839777,2165.0000000225527,11,0.2654131198694316,frequency,3,3,0.24074266831454605,0.24074266831454605
4480,2,0.2300703109526781,2164.999999979262,11,0.1692880278976994,frequency,3,3,0.06078228305497871,0.06078228305497871
4484,10,0.5262283769065529,2164.999999979262,11,0.3372556579019524,frequency,1,-1,0.1889727190046005,0.1889727190046005
4485,10,0.5827114958815371,2165.0000000225527,11,0.4620338824847156,frequency,1,-1,0.12067761339682154,0.12067761339682154
4486,10,0.584556029920141,2164.999999979262,11,0.28157328640213997,frequency,1,-1,0.30298274351800103,0.30298274351800103
4487,10,0.2310260374025776,2165.0000000225527,11,0.28157328640213997,frequency,1,-1,-0.050547248999562366,0.050547248999562366
4488,2,0.284706665857411,2164.9999999792417,1,0.30492893495397094,frequency,1,1,-0.02022226909655994,0.02022226909655994
4489,1,0.4108954083844693,2165.0000000225723,1,0.3959247226505772,frequency,0,0,0.014970685733892097,0.014970685733892097
4490,1,0.3484264429827534,2165.0000000225527,1,0.24803491174363318,frequency,0,0,0.1003915312391202,0.1003915312391202
4491,1,0.344399904025215,2164.999999979262,1,0.2278976263237294,frequency,0,0,0.11650227770148558,0.11650227770148558
4492,2,0.3327996008976387,2165.0000000225527,1,0.2128582460938426,frequency,1,1,0.11994135480379611,0.11994135480379611
4493,1,0.3000379396855516,2164.999999979262,1,0.1912609408201258,frequency,0,0,0.1087769988654258,0.1087769988654258
4494,10,0.5660262550604022,2165.0000000225527,2,0.18477284268916755,frequency,4,-4,0.3812534123712346,0.3812534123712346
4495,10,0.1492033296846352,2164.999999979262,1,0.23576088642646106,frequency,3,-3,-0.08655755674182586,0.08655755674182586
4496,2,0.3111689121116771,2165.0000000225527,1,0.22888155243825853,frequency,1,1,0.08228735967341855,0.08228735967341855
4497,3,0.1926879079034723,2164.999999979262,2,0.25268173853583487,frequency,1,1,-0.05999383063236258,0.05999383063236258
4498,2,0.233130910995341,2165.0000000225527,1,0.21628162984231217,frequency,1,1,0.016849281153028833,0.016849281153028833
4499,10,0.2285306794140975,2164.999999979262,2,0.33272824262509065,frequency,4,-4,-0.10419756321099316,0.10419756321099316
4500,2,0.2597954044055499,2165.0000000225527,2,0.27864707256933285,frequency,0,0,-0.018851668163782975,0.018851668163782975
4501,9,0.2293855831716146,2164.9999999792417,1,0.3148248195417071,frequency,4,-4,-0.08543923637009251,0.08543923637009251
4502,1,0.2872276860664039,2165.0000000225723,1,0.3148248195417071,frequency,0,0,-0.02759713347530318,0.02759713347530318
4503,12,0.351298289559685,2164.9999999792417,2,0.2762609910330368,frequency,2,-2,0.0750372985266482,0.0750372985266482
4506,1,0.4838455084122148,2164.999999979262,1,0.33086007712889387,frequency,0,0,0.15298543128332093,0.15298543128332093
4507,1,0.3817758960881299,2165.0000000225527,1,0.302271177270701,frequency,0,0,0.07950471881742888,0.07950471881742888
4508,3,0.2560662400314581,2164.999999979262,1,0.34621445898672215,frequency,2,2,-0.09014821895526404,0.09014821895526404
4509,12,0.4795909971156638,2165.0000000225527,1,0.3493304884254731,frequency,1,-1,0.13026050869019068,0.13026050869019068
4510,12,0.2984611955001019,2164.999999979262,1,0.3584500823564436,frequency,1,-1,-0.05998888685634168,0.05998888685634168
4511,1,0.2468951538978799,2165.0000000225527,1,0.4268887637345884,frequency,0,0,-0.1799936098367085,0.1799936098367085
4512,1,0.2492559081109151,2164.999999979262,1,0.384033946596845,frequency,0,0,-0.13477803848592987,0.13477803848592987
4513,9,0.1437767070320671,2165.0000000225527,1,0.3466143552125408,frequency,4,-4,-0.2028376481804737,0.2028376481804737
4514,5,0.1943506609688953,2164.9999999792417,11,0.21376757450298975,frequency,6,-6,-0.019416913534094443,0.019416913534094443
4515,4,0.1618531855813826,2165.0000000225723,11,0.20338155022688767,frequency,5,5,-0.04152836464550508,0.04152836464550508
4516,5,0.2077450626138806,2164.9999999792417,11,0.21245107776133404,frequency,6,-6,-0.004706015147453446,0.004706015147453446
4517,7,0.1353953254746939,2165.0000000225723,11,0.17874784033210075,frequency,4,-4,-0.04335251485740685,0.04335251485740685
4518,3,0.2012472844594746,2164.9999999792417,2,0.16725633988751354,frequency,1,1,0.03399094457196106,0.03399094457196106
4519,10,0.1453563845584471,2165.0000000225523,2,0.17687238763181293,frequency,4,-4,-0.03151600307336583,0.03151600307336583
4520,4,0.33001655414048,2165.0000000225527,4,0.24099318403115869,frequency,0,0,0.08902337010932129,0.08902337010932129
4521,12,0.2988797792194121,2164.999999979282,4,0.2549034692054441,frequency,4,-4,0.04397631001396801,0.04397631001396801
4522,12,0.5028930630361187,2165.0000000225527,4,0.23562078540261797,frequency,4,-4,0.2672722776335007,0.2672722776335007
4523,12,0.4604680416463853,2164.9999999792417,4,0.23512102158027506,frequency,4,-4,0.2253470200661102,0.2253470200661102
4524,12,0.3434386660520872,2165.0000000225527,11,0.3382206070186758,frequency,1,1,0.005218059033411437,0.005218059033411437
4525,12,0.376999492527925,2164.999999979282,11,0.27261592989300404,frequency,1,1,0.10438356263492093,0.10438356263492093
4526,9,0.3564141344158528,2165.0000000225527,11,0.25247885610096976,frequency,2,-2,0.10393527831488303,0.10393527831488303
4527,11,0.3592197832298838,2164.9999999792417,11,0.2865285463799996,frequency,0,0,0.07269123684988421,0.07269123684988421
4528,3,0.5050372486691365,2165.0000000225523,12,0.26074895744703197,frequency,3,3,0.2442882912221045,0.2442882912221045
4529,12,0.5942316719927928,2164.999999979282,12,0.24363163706242533,frequency,0,0,0.3506000349303675,0.3506000349303675
4530,12,0.2743251204730134,2165.0000000225527,12,0.27301161774029503,frequency,0,0,0.0013135027327183524,0.0013135027327183524
4531,2,0.4667730222393395,2164.9999999792417,3,0.2892095410217144,frequency,1,-1,0.17756348121762505,0.17756348121762505
4534,1,0.2813964835147488,2165.0000000225527,3,0.2291752989254269,frequency,2,-2,0.05222118458932187,0.05222118458932187
4535,7,0.341778480827955,2164.9999999792412,1,0.356220146609948,frequency,6,6,-0.014441665781993018,0.014441665781993018
4562,5,0.2107018683191884,2164.9999999792512,11,0.31674758986220425,frequency,6,-6,-0.10604572154301584,0.10604572154301584
4563,10,0.2841521645443829,2165.0000000225523,11,0.35547835733208777,frequency,1,-1,-0.07132619278770486,0.07132619278770486
4564,11,0.2744778182626033,2164.999999979262,10,0.302773465363152,frequency,1,1,-0.02829564710054866,0.02829564710054866
4565,11,0.2582759505445484,2165.0000000225523,10,0.38059221113614417,frequency,1,1,-0.12231626059159578,0.12231626059159578
4566,12,0.2561344200662688,2164.999999979262,2,0.3239685962787751,frequency,2,-2,-0.06783417621250631,0.06783417621250631
4567,3,0.3154335568934601,2165.0000000225523,10,0.21485499669707392,frequency,5,5,0.10057856019638617,0.10057856019638617
4572,10,0.7482007638860536,2165.0000000225527,10,0.37902175415280537,frequency,0,0,0.36917900973324824,0.36917900973324824
4573,10,0.6429427262242997,2164.999999979262,10,0.3785559069972372,frequency,0,0,0.26438681922706253,0.26438681922706253
4574,1,0.4514925465699911,2165.0000000225527,1,0.33152669012377667,frequency,0,0,0.11996585644621444,0.11996585644621444
4575,2,0.2837183871943544,2164.999999979262,1,0.2776301614003865,frequency,1,1,0.006088225793967894,0.006088225793967894
4576,2,0.3335036023362577,2165.0000000225527,1,0.3724947126686234,frequency,1,1,-0.038991110332365686,0.038991110332365686
4577,2,0.252947673256027,2164.999999979262,1,0.34540201391991665,frequency,1,1,-0.09245434066388963,0.09245434066388963
4578,1,0.2496758823902004,2165.0000000225523,1,0.2375402524959916,frequency,0,0,0.0121356298942088,0.0121356298942088
4579,2,0.3917398485271347,2164.999999979262,1,0.25903995063107005,frequency,1,1,0.13269989789606468,0.13269989789606468
4580,2,0.2413790962813112,2165.0000000225523,1,0.20653508401983114,frequency,1,1,0.03484401226148007,0.03484401226148007
4581,2,0.2548246384946864,2164.999999979262,12,0.22080443954349852,frequency,2,2,0.03402019895118788,0.03402019895118788
4582,10,0.2806937379960046,2165.0000000225523,1,0.26156183422647133,frequency,3,-3,0.019131903769533276,0.019131903769533276
4583,2,0.1738210950405333,2164.999999979262,1,0.22888155243825853,frequency,1,1,-0.05506045739772522,0.05506045739772522
4584,1,0.1678106469361885,2165.0000000225523,1,0.22888155243825853,frequency,0,0,-0.06107090550207003,0.06107090550207003
4585,3,0.1723696482224566,2165.0000000225527,1,0.22931819736559392,frequency,2,2,-0.05694854914313732,0.05694854914313732
4586,2,0.2338669859056129,2164.999999979262,1,0.2888839413206851,frequency,1,1,-0.05501695541507223,0.05501695541507223
4587,7,0.2619460831463612,2165.0000000225527,1,0.32866310116120584,frequency,6,6,-0.06671701801484464,0.06671701801484464
4588,12,0.2521182158466366,2164.999999979262,12,0.29130592341822187,frequency,0,0,-0.039187707571585295,0.039187707571585295
4589,12,0.2883352000554522,2165.0000000225527,1,0.3484624782189382,frequency,1,-1,-0.06012727816348601,0.06012727816348601
4590,3,0.4545141685586312,2164.999999979262,1,0.33157281024741464,frequency,2,2,0.12294135831121655,0.12294135831121655
4591,2,0.5862312483338907,2165.0000000225527,1,0.28420526592635537,frequency,1,1,0.30202598240753536,0.30202598240753536
4593,12,0.3206335116399535,2165.0000000225523,1,0.24686933729422367,frequency,1,-1,0.07376417434572985,0.07376417434572985
4594,1,0.2630185744372842,2164.999999979262,1,0.25802671170836655,frequency,0,0,0.004991862728917662,0.004991862728917662
4595,1,0.3116461744761861,2165.0000000225523,1,0.32980473436033875,frequency,0,0,-0.01815855988415266,0.01815855988415266
4596,12,0.2587643367535751,2164.999999979262,1,0.37985706582142265,frequency,1,-1,-0.12109272906784757,0.12109272906784757
4597,12,0.3281859318868326,2165.0000000225523,1,0.3489435150649951,frequency,1,-1,-0.02075758317816251,0.02075758317816251
4598,12,0.2028081559383212,2164.999999979262,1,0.4079680077523721,frequency,1,-1,-0.2051598518140509,0.2051598518140509
4599,1,0.3167517999863662,2165.0000000225523,1,0.3308600771288939,frequency,0,0,-0.014108277142527714,0.014108277142527714
4600,9,0.207902077431092,2165.0000000225527,1,0.3331569598246344,frequency,4,-4,-0.1252548823935424,0.1252548823935424
4601,9,0.3001022665549268,2164.999999979262,11,0.24218059190153826,frequency,2,-2,0.057921674653388516,0.057921674653388516
4602,7,0.2312387975007275,2165.0000000225527,1,0.2483942898900847,frequency,6,6,-0.01715549238935718,0.01715549238935718
4603,2,0.1659488489006032,2164.999999979262,1,0.19871543191206772,frequency,1,1,-0.03276658301146451,0.03276658301146451
4604,7,0.149398008439005,2165.0000000225527,11,0.20219983859879845,frequency,4,-4,-0.05280183015979345,0.05280183015979345
4605,3,0.2335939078576187,2164.999999979282,11,0.20264476632072942,frequency,4,4,0.03094914153688927,0.03094914153688927
4606,12,0.2223902021830152,2165.0000000225527,11,0.19006071579078807,frequency,1,1,0.03232948639222713,0.03232948639222713
4607,4,0.248975850513375,2164.9999999792412,4,0.16028853779654267,frequency,0,0,0.08868731271683233,0.08868731271683233
4608,12,0.2834508190175369,2165.0000000225527,4,0.1691191278080622,frequency,4,-4,0.11433169120947467,0.11433169120947467
4609,3,0.2377385738151666,2164.9999999792417,4,0.1695342368105232,frequency,1,-1,0.0682043370046434,0.0682043370046434
4610,12,0.2330770425284876,2165.000000022593,4,0.23644614282302362,frequency,4,-4,-0.0033691002945360204,0.0033691002945360204
4611,12,0.2829508202527616,2164.9999999792412,11,0.20415913246200626,frequency,1,1,0.07879168779075532,0.07879168779075532
4612,1,0.2083903424724214,2165.0000000225527,11,0.25570383125269047,frequency,2,2,-0.04731348878026906,0.04731348878026906
4613,11,0.231811008818311,2164.9999999792417,11,0.33866345163053224,frequency,0,0,-0.10685244281222125,0.10685244281222125
4614,11,0.4886645723240683,2165.000000022593,11,0.2765674026580178,frequency,0,0,0.21209716966605047,0.21209716966605047
4615,11,0.356594031221513,2165.0000000225527,1,0.21340438294701675,frequency,2,-2,0.14318964827449626,0.14318964827449626
4616,11,0.5099256163934281,2164.9999999792412,12,0.2784361566427718,frequency,1,-1,0.23148945975065632,0.23148945975065632
4617,12,0.3479135988036523,2165.0000000225527,3,0.2331324911955208,frequency,3,-3,0.11478110760813151,0.11478110760813151
4618,12,0.2977064995762166,2164.999999979282,3,0.2244128372289476,frequency,3,-3,0.073293662347269,0.073293662347269
4619,12,0.2486810780417032,2165.0000000225527,12,0.2335958387265636,frequency,0,0,0.01508523931513961,0.01508523931513961
4620,3,0.2715814527022234,2164.9999999792412,1,0.2085480105989233,frequency,2,2,0.06303344210330009,0.06303344210330009
4621,2,0.3028821502233884,2165.0000000225527,9,0.22542423241077306,frequency,5,5,0.07745791781261532,0.07745791781261532
4622,1,0.2923964220971262,2164.9999999792417,9,0.28255706135087205,frequency,4,4,0.009839360746254133,0.009839360746254133
4623,1,0.4177951467496229,2165.000000022593,12,0.3250951749526011,frequency,1,1,0.09269997179702183,0.09269997179702183
4649,10,0.4416388301291579,2165.000000022563,1,0.2701737816610344,frequency,3,-3,0.1714650484681235,0.1714650484681235
4650,10,0.3149137824959953,2165.0000000225527,10,0.35671888705840965,frequency,0,0,-0.041805104562414375,0.041805104562414375
4651,10,0.3921481053871712,2164.999999979262,1,0.24972929074174335,frequency,3,-3,0.14241881464542785,0.14241881464542785
4652,10,0.313208571338215,2165.0000000225527,2,0.3212816332867568,frequency,4,-4,-0.008073061948541793,0.008073061948541793
4653,10,0.3067979008713427,2164.999999979262,12,0.22036210380869756,frequency,2,-2,0.08643579706264512,0.08643579706264512
4659,2,0.526075692791658,2164.999999979262,2,0.2515918786117944,frequency,0,0,0.2744838141798636,0.2744838141798636
4660,10,0.508984312106235,2165.0000000225527,10,0.3581959983930773,frequency,0,0,0.15078831371315765,0.15078831371315765
4661,10,0.6622148767036232,2164.999999979262,10,0.2717642253009929,frequency,0,0,0.3904506514026303,0.3904506514026303
4662,1,0.3550258062414539,2165.0000000225527,11,0.1794444252053325,frequency,2,2,0.17558138103612142,0.17558138103612142
4663,1,0.4400287609127991,2164.9999999792417,1,0.3713700510389041,frequency,0,0,0.068658709873895,0.068658709873895
4664,1,0.3837226046244147,2165.0000000225723,1,0.4135026990908518,frequency,0,0,-0.02978009446643709,0.02978009446643709
4665,3,0.2545766420624009,2165.0000000225527,1,0.2380105932489414,frequency,2,2,0.016566048813459494,0.016566048813459494
4666,1,0.2508300309890517,2164.999999979262,1,0.2704570002289745,frequency,0,0,-0.019626969239922798,0.019626969239922798
4667,2,0.1966322784987319,2165.0000000225527,1,0.2665765189742172,frequency,1,1,-0.06994424047548528,0.06994424047548528
4668,1,0.238731736010519,2164.999999979262,2,0.24180122314952768,frequency,1,-1,-0.0030694871390086753,0.0030694871390086753
4669,3,0.1423122571082177,2165.0000000225527,2,0.24155932588095105,frequency,1,1,-0.09924706877273334,0.09924706877273334
4670,10,0.2832835059329979,2164.999999979262,1,0.2582242141957407,frequency,3,-3,0.025059291737257183,0.025059291737257183
4671,1,0.3389615884592579,2165.0000000225527,2,0.221394153883759,frequency,1,-1,0.1175674345754989,0.1175674345754989
4672,2,0.1870196211509474,2164.999999979262,2,0.19032409640762707,frequency,0,0,-0.0033044752566796787,0.0033044752566796787
4673,3,0.2833731405055523,2165.0000000225527,3,0.24379494795936604,frequency,0,0,0.03957819254618625,0.03957819254618625
4674,1,0.1729547650807388,2164.999999979262,1,0.24826297798746402,frequency,0,0,-0.07530821290672524,0.07530821290672524
4675,1,0.2743947243362406,2165.0000000225527,1,0.2582242141957407,frequency,0,0,0.016170510140499916,0.016170510140499916
4676,3,0.331324789902079,2164.9999999792417,1,0.31350974691864597,frequency,2,2,0.017815042983433005,0.017815042983433005
4677,2,0.4117283235264372,2165.0000000225723,1,0.3135824460761515,frequency,1,1,0.09814587745028569,0.09814587745028569
4680,10,0.3897208487353239,2165.0000000225527,2,0.2639955796088996,frequency,4,-4,0.12572526912642434,0.12572526912642434
4681,12,0.193224505424612,2164.999999979262,1,0.23501068189977856,frequency,1,-1,-0.04178617647516655,0.04178617647516655
4682,1,0.4170326424534319,2165.0000000225527,1,0.36225634539351464,frequency,0,0,0.05477629705991727,0.05477629705991727
4683,12,0.374847285923686,2164.999999979262,1,0.3155391131018235,frequency,1,-1,0.059308172821862515,0.059308172821862515
4684,1,0.1573578791815862,2165.0000000225527,1,0.31729358448135586,frequency,0,0,-0.15993570529976966,0.15993570529976966
4685,1,0.2463251377861625,2164.999999979262,1,0.2997585608868637,frequency,0,0,-0.053433423100701205,0.053433423100701205
4686,1,0.3066281318111175,2165.0000000225527,1,0.4424352481500717,frequency,0,0,-0.1358071163389542,0.1358071163389542
4687,12,0.2535470028748296,2164.999999979262,1,0.30198139862664797,frequency,1,-1,-0.04843439575181835,0.04843439575181835
4688,12,0.200911304424425,2165.0000000225527,1,0.3035934615432975,frequency,1,-1,-0.10268215711887252,0.10268215711887252
4689,12,0.2128424704707313,2164.9999999792417,12,0.20391361036339165,frequency,0,0,0.008928860107339648,0.008928860107339648
4690,12,0.1804261132420201,2165.0000000225723,12,0.18445599427884904,frequency,0,0,-0.004029881036828942,0.004029881036828942
4691,5,0.2190844104499124,2164.9999999792417,1,0.18889488101658233,frequency,4,4,0.03018952943333006,0.03018952943333006
4692,5,0.2188969799391724,2165.0000000225723,11,0.1853690226168247,frequency,6,-6,0.0335279573223477,0.0335279573223477
4693,3,0.1387903755763496,2164.9999999792417,11,0.1932877852262703,frequency,4,4,-0.0544974096499207,0.0544974096499207
4694,3,0.1932292489202139,2165.0000000225523,11,0.16980362490369497,frequency,4,4,0.02342562401651893,0.02342562401651893
4695,5,0.1419997318438222,2165.0000000225527,4,0.14560651444765305,frequency,1,1,-0.0036067826038308493,0.0036067826038308493
4696,3,0.1625228639031022,2164.999999979282,3,0.23059812913251468,frequency,0,0,-0.06807526522941248,0.06807526522941248
4697,3,0.1491643979107311,2165.0000000225527,3,0.2159868467763604,frequency,0,0,-0.0668224488656293,0.0668224488656293
4698,4,0.1484691710215935,2164.9999999792417,3,0.2431550727965325,frequency,1,1,-0.09468590177493902,0.09468590177493902
4699,11,0.1545072312482164,2165.0000000225527,11,0.18536034583244615,frequency,0,0,-0.030853114584229763,0.030853114584229763
4700,3,0.2193597464758379,2164.999999979282,11,0.17767175154844497,frequency,4,4,0.04168799492739292,0.04168799492739292
4701,12,0.1602030702311492,2165.0000000225527,11,0.37902993611242974,frequency,1,1,-0.21882686588128053,0.21882686588128053
4702,11,0.2693742336712605,2164.9999999792417,2,0.23488565049793195,frequency,3,-3,0.03448858317332856,0.03448858317332856
4703,1,0.2599905388450011,2165.0000000225523,12,0.2681760007854585,frequency,1,1,-0.008185461940457384,0.008185461940457384
4704,3,0.5354840975161799,2164.999999979282,3,0.23267097816572493,frequency,0,0,0.30281311935045496,0.30281311935045496
4705,11,0.2937405210519513,2165.0000000225527,3,0.23267097816572493,frequency,4,-4,0.061069542886226375,0.061069542886226375
4706,1,0.399455917583568,2164.9999999792417,2,0.2544080918148066,frequency,1,-1,0.1450478257687614,0.1450478257687614
4707,2,0.4294334975518778,2165.0000000225523,3,0.24340066322830278,frequency,1,-1,0.18603283432357504,0.18603283432357504
4708,1,0.3810528283290962,2164.999999979282,3,0.2617602014622791,frequency,2,-2,0.11929262686681713,0.11929262686681713
4709,9,0.2579354873606326,2165.0000000225527,3,0.22103660274047543,frequency,6,6,0.03689888462015717,0.03689888462015717
4710,1,0.3066002565756366,2164.9999999792412,2,0.1881490135472888,frequency,1,-1,0.11845124302834781,0.11845124302834781
4711,5,0.4237020826906914,2165.0000000225523,12,0.2873094498927015,frequency,5,5,0.13639263279798985,0.13639263279798985
4728,12,0.2709253870757651,2164.9999999792517,3,0.27033073801141794,frequency,3,-3,0.0005946490643471414,0.0005946490643471414
4729,3,0.4416679429580344,2165.000000022563,2,0.2637491316399053,frequency,1,1,0.1779188113181291,0.1779188113181291
4736,2,0.3112275193743085,2165.0000000225623,1,0.23576088642646106,frequency,1,1,0.07546663294784742,0.07546663294784742
4737,11,0.2729602722697619,2164.9999999792512,10,0.3574433574940443,frequency,1,1,-0.08448308522428244,0.08448308522428244
4738,10,0.2246117952467554,2165.0000000225523,2,0.2504600150911426,frequency,4,-4,-0.025848219844387177,0.025848219844387177
4739,10,0.287056571307266,2164.999999979262,2,0.25321169020736356,frequency,4,-4,0.03384488109990241,0.03384488109990241
4740,12,0.6389239518252234,2165.0000000225523,12,0.21172899823677443,frequency,0,0,0.427194953588449,0.427194953588449
4744,2,0.2449437112872109,2165.0000000225523,11,0.33826973240105673,frequency,3,3,-0.09332602111384583,0.09332602111384583
4745,10,0.3868716023202073,2165.0000000225527,1,0.27428646106677673,frequency,3,-3,0.11258514125343055,0.11258514125343055
4746,11,0.2107373171882054,2164.999999979262,11,0.39120252127567295,frequency,0,0,-0.18046520408746755,0.18046520408746755
4747,10,0.3660968201388378,2165.0000000225527,10,0.38096240356740957,frequency,0,0,-0.01486558342857175,0.01486558342857175
4748,10,0.6009712675560102,2164.999999979262,10,0.34896693694374564,frequency,0,0,0.2520043306122645,0.2520043306122645
4749,1,0.1785393261340506,2165.0000000225527,10,0.22960757268104404,frequency,3,3,-0.051068246546993434,0.051068246546993434
4750,1,0.3688281333398528,2164.999999979262,1,0.2693526674690491,frequency,0,0,0.09947546587080369,0.09947546587080369
4751,10,0.2761594810910705,2165.0000000225527,1,0.3776499401405685,frequency,3,-3,-0.101490459049498,0.101490459049498
4752,11,0.209153301029942,2164.999999979262,1,0.3158642820741496,frequency,2,-2,-0.10671098104420762,0.10671098104420762
4753,9,0.3187356755489822,2165.0000000225523,1,0.24799844451974548,frequency,4,-4,0.07073723102923671,0.07073723102923671
4754,2,0.3468158371384738,2164.999999979262,2,0.29597794195061966,frequency,0,0,0.05083789518785414,0.05083789518785414
4755,1,0.292501636756083,2165.0000000225523,2,0.2651822606336093,frequency,1,-1,0.027319376122473704,0.027319376122473704
4756,7,0.2501896420511964,2164.999999979262,2,0.28922129244845035,frequency,5,5,-0.039031650397253925,0.039031650397253925
4757,12,0.2136326397122913,2165.0000000225523,2,0.241559325880951,frequency,2,-2,-0.027926686168659703,0.027926686168659703
4758,1,0.2685968461650473,2164.999999979262,2,0.23070132226487247,frequency,1,-1,0.03789552390017484,0.03789552390017484
4759,10,0.1835426636744672,2165.0000000225523,2,0.2128088214930411,frequency,4,-4,-0.02926615781857389,0.02926615781857389
4760,2,0.3679923410595945,2165.0000000225527,1,0.19905219691301618,frequency,1,1,0.16894014414657832,0.16894014414657832
4761,1,0.3527170095589883,2164.999999979262,1,0.2377494193741728,frequency,0,0,0.11496759018481553,0.11496759018481553
4762,1,0.2538164213367183,2165.0000000225527,1,0.27072818664837583,frequency,0,0,-0.016911765311657556,0.016911765311657556
4763,2,0.2160204871997466,2164.999999979262,1,0.25822421419574065,frequency,1,1,-0.04220372699599406,0.04220372699599406
4764,2,0.3439867071914813,2165.0000000225527,1,0.3315728102474146,frequency,1,1,0.012413896944066694,0.012413896944066694
4767,12,0.4399683936688329,2164.999999979262,1,0.2736038735976659,frequency,1,-1,0.16636452007116698,0.16636452007116698
4769,11,0.5578615018952736,2164.999999979262,1,0.2699037042371156,frequency,2,-2,0.287957797658158,0.287957797658158
4770,8,0.1811628663643812,2165.0000000225523,1,0.34546819300887954,frequency,5,-5,-0.16430532664449835,0.16430532664449835
4771,1,0.271683011699718,2164.999999979262,1,0.4103280807023999,frequency,0,0,-0.13864506900268192,0.13864506900268192
4772,1,0.236909762151927,2165.0000000225523,1,0.31177322668293095,frequency,0,0,-0.07486346453100395,0.07486346453100395
4773,1,0.2186045064821464,2164.999999979262,1,0.2775453287303758,frequency,0,0,-0.058940822248229385,0.058940822248229385
4774,2,0.2510063907730961,2165.0000000225523,1,0.4088107749721454,frequency,1,1,-0.1578043841990493,0.1578043841990493
4775,1,0.2998092138633358,2165.0000000225527,1,0.2725826549450952,frequency,0,0,0.027226558918240606,0.027226558918240606
4776,3,0.3624254828954482,2164.999999979262,9,0.21344734019057232,frequency,6,-6,0.14897814270487586,0.14897814270487586
4777,2,0.3334579305266146,2165.0000000225527,2,0.1866607228334545,frequency,0,0,0.1467972076931601,0.1467972076931601
4778,2,0.1774195949570236,2164.999999979262,2,0.17620701668454583,frequency,0,0,0.0012125782724777823,0.0012125782724777823
4779,3,0.2692147729720447,2165.0000000225527,11,0.20310207267691685,frequency,4,4,0.06611270029512786,0.06611270029512786
4780,12,0.1541798104283888,2164.999999979282,11,0.185173991243127,frequency,1,1,-0.030994180814738204,0.030994180814738204
4781,10,0.1734610424921134,2165.0000000225527,11,0.21503866749136125,frequency,1,-1,-0.04157762499924786,0.04157762499924786
4782,3,0.2072850205141969,2164.9999999792412,3,0.2326749096109627,frequency,0,0,-0.025389889096765816,0.025389889096765816
4783,12,0.1820807050854392,2165.0000000225527,3,0.24341185780871594,frequency,3,-3,-0.061331152723276744,0.061331152723276744
4784,12,0.2531018921285954,2164.9999999792417,3,0.2577545330998528,frequency,3,-3,-0.0046526409712573935,0.0046526409712573935
4785,4,0.1883203548621305,2165.000000022593,4,0.17872632723782184,frequency,0,0,0.009594027624308665,0.009594027624308665
4786,3,0.2246553589165485,2164.9999999792412,12,0.19476248790925713,frequency,3,3,0.029892871007291377,0.029892871007291377
4787,11,0.1644763673552886,2165.0000000225527,12,0.19476248790925713,frequency,1,-1,-0.030286120553968537,0.030286120553968537
4788,3,0.2863009101616401,2164.9999999792417,11,0.28112883721123516,frequency,4,4,0.005172072950404949,0.005172072950404949
4789,12,0.1703510738933803,2165.000000022593,3,0.32308967447517156,frequency,3,-3,-0.15273860058179126,0.15273860058179126
4790,3,0.1585398123800866,2165.0000000225527,3,0.2276517724949633,frequency,0,0,-0.06911196011487669,0.06911196011487669
4791,3,0.2313768189201777,2164.9999999792412,11,0.21315100756386754,frequency,4,4,0.018225811356310156,0.018225811356310156
4792,12,0.2005179675947018,2165.0000000225527,12,0.22036210380869756,frequency,0,0,-0.01984413621399575,0.01984413621399575
4793,2,0.2399371632311521,2164.999999979282,3,0.2429694314937521,frequency,1,-1,-0.003032268262600002,0.003032268262600002
4795,12,0.2051759838924543,2164.9999999792412,2,0.2554535374001244,frequency,2,-2,-0.050277553507670075,0.050277553507670075
4796,2,0.3015507610505755,2165.0000000225527,2,0.24410068508173244,frequency,0,0,0.05745007596884305,0.05745007596884305
4797,2,0.2653581444879357,2164.9999999792417,2,0.24410068508173244,frequency,0,0,0.021257459406203272,0.021257459406203272
4798,1,0.3850967854177207,2165.000000022593,2,0.3353032120425152,frequency,1,-1,0.04979357337520551,0.04979357337520551
4799,1,0.4266173877712389,2164.9999999792412,2,0.3163636633876749,frequency,1,-1,0.11025372438356401,0.11025372438356401
4800,10,0.6106029726133253,2165.0000000225527,1,0.3304702437236271,frequency,3,-3,0.2801327288896982,0.2801327288896982
4816,11,0.4010319145284163,2165.0000000225623,3,0.20463591139707168,frequency,4,-4,0.19639600313134462,0.19639600313134462
4824,11,0.2545283382545251,2165.000000022563,1,0.23345771071077553,frequency,2,-2,0.021070627543749554,0.021070627543749554
4825,10,0.4344826377576524,2165.0000000225527,12,0.2660582921421022,frequency,2,-2,0.1684243456155502,0.1684243456155502
4826,1,0.3225537502053829,2164.999999979262,2,0.2124365453735667,frequency,1,-1,0.1101172048318162,0.1101172048318162
4831,11,0.3670434218061802,2165.0000000225527,11,0.2901612185484433,frequency,0,0,0.07688220325773693,0.07688220325773693
4832,2,0.3147976640504953,2164.999999979262,10,0.24352281182014246,frequency,4,4,0.07127485223035285,0.07127485223035285
4833,2,0.4718824780107168,2165.0000000225527,11,0.2696467985670654,frequency,3,3,0.2022356794436514,0.2022356794436514
4834,11,0.2493270681030982,2164.999999979262,2,0.43865479197128804,frequency,3,-3,-0.18932772386818983,0.18932772386818983
4835,10,0.5232573567489355,2165.0000000225527,2,0.26486769836689805,frequency,4,-4,0.2583896583820374,0.2583896583820374
4836,3,0.2731527675605766,2164.999999979262,10,0.2049328444167345,frequency,5,5,0.06821992314384209,0.06821992314384209
4837,10,0.4430085040220949,2165.0000000225527,10,0.20439825671780226,frequency,0,0,0.23861024730429264,0.23861024730429264
4838,1,0.4548131074000268,2164.9999999792417,1,0.29827094212788036,frequency,0,0,0.15654216527214643,0.15654216527214643
4839,2,0.254693810607803,2165.0000000225723,1,0.4170444957853983,frequency,1,1,-0.16235068517759532,0.16235068517759532
4840,2,0.319881478957399,2165.0000000225527,1,0.29692835319259886,frequency,1,1,0.02295312576480013,0.02295312576480013
4841,2,0.1976288010630126,2164.999999979262,2,0.2886450678217592,frequency,0,0,-0.0910162667587466,0.0910162667587466
4842,2,0.2243579501996859,2165.0000000225527,2,0.25268173853583487,frequency,0,0,-0.02832378833614896,0.02832378833614896
4843,1,0.251365118075282,2164.999999979262,2,0.2648733291161555,frequency,1,-1,-0.013508211040873519,0.013508211040873519
4844,2,0.238658405641664,2165.0000000225527,2,0.24431607854615578,frequency,0,0,-0.0056576729044917895,0.0056576729044917895
4845,9,0.2554429738330014,2164.999999979262,2,0.2648845913329164,frequency,5,-5,-0.009441617499915012,0.009441617499915012
4846,8,0.2385177419499973,2165.0000000225527,1,0.22888155243825858,frequency,5,-5,0.009636189511738724,0.009636189511738724
4847,1,0.3359879543929418,2164.999999979262,1,0.27818087555006776,frequency,0,0,0.05780707884287406,0.05780707884287406
4848,1,0.2295013016361805,2165.0000000225527,1,0.2382205896336184,frequency,0,0,-0.008719287997437902,0.008719287997437902
4849,2,0.2912954593357403,2164.999999979262,1,0.28201281827973423,frequency,1,1,0.009282641056006069,0.009282641056006069
4850,1,0.2055744625999187,2165.0000000225527,1,0.28201281827973423,frequency,0,0,-0.07643835567981552,0.07643835567981552
4851,1,0.4396277651395335,2164.9999999792417,1,0.33008132787383154,frequency,0,0,0.10954643726570196,0.10954643726570196
4852,2,0.2477350677426705,2165.0000000225723,1,0.316181330928432,frequency,1,1,-0.06844626318576147,0.06844626318576147
4857,1,0.3466023272797937,2165.0000000225527,1,0.2832829663626398,frequency,0,0,0.0633193609171539,0.0633193609171539
4858,12,0.2738691491363165,2164.999999979262,1,0.3315728102474146,frequency,1,-1,-0.05770366111109809,0.05770366111109809
4859,1,0.4246643498439611,2165.0000000225527,1,0.2845047390560618,frequency,0,0,0.14015961078789935,0.14015961078789935
4860,1,0.3892552553648947,2164.999999979262,3,0.2906495827585583,frequency,2,-2,0.0986056726063364,0.0986056726063364
4861,3,0.2873711070463841,2165.0000000225527,3,0.2425675158030679,frequency,0,0,0.044803591243316176,0.044803591243316176
4862,3,0.1660345749900198,2164.999999979262,1,0.41605810706278756,frequency,2,2,-0.25002353207276773,0.25002353207276773
4863,11,0.1538925602441699,2165.0000000225527,1,0.40923711796024387,frequency,2,-2,-0.255344557716074,0.255344557716074
4864,3,0.2099427925399535,2164.9999999792417,3,0.24396426520436554,frequency,0,0,-0.03402147266441205,0.03402147266441205
4865,9,0.173022829063844,2165.0000000225723,3,0.2031854795670535,frequency,6,6,-0.030162650503209487,0.030162650503209487
4866,3,0.2389794027023017,2164.9999999792417,12,0.19380899051154937,frequency,3,3,0.045170412190752324,0.045170412190752324
4867,11,0.1579581827793244,2165.0000000225723,2,0.18460447666940044,frequency,3,-3,-0.026646293890076028,0.026646293890076028
4868,11,0.1432633066782798,2164.9999999792417,12,0.26998355847045047,frequency,1,-1,-0.12672025179217067,0.12672025179217067
4869,12,0.1760265264003329,2165.0000000225523,12,0.2873843842086037,frequency,0,0,-0.11135785780827079,0.11135785780827079
4870,12,0.2415330341594683,2165.0000000225527,1,0.3144026409267021,frequency,1,-1,-0.07286960676723381,0.07286960676723381
4871,12,0.2947900429253479,2164.999999979282,12,0.23423378810013123,frequency,0,0,0.06055625482521665,0.06055625482521665
4872,11,0.1677791174506774,2165.0000000225527,3,0.1776668231737343,frequency,4,-4,-0.009887705723056917,0.009887705723056917
4873,2,0.1514993544860702,2164.9999999792417,12,0.18552391156690362,frequency,2,2,-0.034024557080833434,0.034024557080833434
4874,11,0.175462573752124,2165.0000000225527,9,0.15231874232277012,frequency,2,2,0.02314383142935389,0.02314383142935389
4875,11,0.2696715765392768,2164.999999979282,3,0.256211744282368,frequency,4,-4,0.013459832256908832,0.013459832256908832
4876,3,0.167023162128995,2165.0000000225527,3,0.22045027875996293,frequency,0,0,-0.053427116630967914,0.053427116630967914
4877,10,0.1867521134104831,2164.9999999792417,3,0.2561660555209181,frequency,5,-5,-0.069413942110435,0.069413942110435
4878,2,0.2721633561402661,2165.0000000225523,1,0.19848611647971418,frequency,1,1,0.07367723966055192,0.07367723966055192
4879,3,0.2931482406013727,2164.999999979282,3,0.1848524727282909,frequency,0,0,0.10829576787308179,0.10829576787308179
4880,1,0.2429069727965034,2165.0000000225527,2,0.20262165867032214,frequency,1,-1,0.04028531412618125,0.04028531412618125
4881,1,0.2345873051965503,2164.9999999792417,12,0.26496532745219825,frequency,1,1,-0.030378022255647952,0.030378022255647952
4882,12,0.3641406044333796,2165.0000000225523,12,0.2975220920854227,frequency,0,0,0.0666185123479569,0.0666185123479569
4884,11,0.1988010639853818,2165.0000000225527,2,0.33349414831493535,frequency,3,-3,-0.13469308432955354,0.13469308432955354
4885,11,0.1937793459366661,2164.9999999792412,2,0.33464964113798173,frequency,3,-3,-0.14087029520131564,0.14087029520131564
4886,2,0.3147201611381326,2165.0000000225523,2,0.3366544239344474,frequency,0,0,-0.021934262796314774,0.021934262796314774
4887,1,0.2822644405903821,2165.0000000225527,12,0.23026925104608473,frequency,1,1,0.051995189544297354,0.051995189544297354
4888,11,0.2363606339763876,2164.999999979282,2,0.22097950450134785,frequency,3,-3,0.015381129475039751,0.015381129475039751
4903,8,0.4401905409408048,2164.9999999792517,3,0.3478122068758956,frequency,5,5,0.0923783340649092,0.0923783340649092
4904,3,0.2116034201041574,2165.000000022563,11,0.33551416160722775,frequency,4,4,-0.12391074150307035,0.12391074150307035
4910,12,0.3489640011380594,2164.9999999792512,11,0.23856315509911108,frequency,1,1,0.11040084603894834,0.11040084603894834
4911,3,0.3178169243421279,2165.0000000225623,12,0.44871157098796133,frequency,3,3,-0.13089464664583345,0.13089464664583345
4912,10,0.3049265840782916,2164.9999999792512,12,0.32656532190503457,frequency,2,-2,-0.02163873782674297,0.02163873782674297
4913,9,0.331958294353472,2165.0000000225523,1,0.2486446928923848,frequency,4,-4,0.08331360146108721,0.08331360146108721
4919,2,0.1913048674806688,2165.0000000225523,2,0.2653584708071398,frequency,0,0,-0.07405360332647101,0.07405360332647101
4920,10,0.2707372507178484,2165.0000000225527,2,0.16805041907334753,frequency,4,-4,0.10268683164450085,0.10268683164450085
4921,1,0.2092262870244476,2164.999999979262,2,0.1876502866328374,frequency,1,-1,0.0215760003916102,0.0215760003916102
4922,3,0.3127289740713302,2165.0000000225527,2,0.28230449195387436,frequency,1,1,0.030424482117455853,0.030424482117455853
4923,1,0.2832246817163787,2164.999999979262,2,0.21147383402508177,frequency,1,-1,0.07175084769129694,0.07175084769129694
4924,3,0.3929888889311387,2165.0000000225527,1,0.21344591322440043,frequency,2,2,0.17954297570673827,0.17954297570673827
4925,12,0.2726178093149858,2164.999999979262,1,0.22147715646055302,frequency,1,-1,0.05114065285443278,0.05114065285443278
4926,12,0.2719647142297386,2165.0000000225527,1,0.38498333121897355,frequency,1,-1,-0.11301861698923493,0.11301861698923493
4927,10,0.2021455682011838,2164.999999979262,1,0.314329561017614,frequency,3,-3,-0.11218399281643021,0.11218399281643021
4928,12,0.1959681063754816,2165.0000000225523,1,0.3321341403000029,frequency,1,-1,-0.13616603392452128,0.13616603392452128
4929,4,0.1582415482574286,2164.999999979262,2,0.2857212714639728,frequency,2,2,-0.12747972320654422,0.12747972320654422
4930,3,0.2983641665705299,2165.0000000225523,2,0.23160704385735356,frequency,1,1,0.06675712271317633,0.06675712271317633
4931,2,0.2255349697605989,2164.999999979262,2,0.25440809181480656,frequency,0,0,-0.028873122054207667,0.028873122054207667
4932,2,0.2132207893862766,2165.0000000225523,2,0.25395177779666855,frequency,0,0,-0.040730988410391966,0.040730988410391966
4933,1,0.3187991299177627,2164.999999979262,2,0.26536977431828995,frequency,1,-1,0.05342935559947276,0.05342935559947276
4934,1,0.2004618559985485,2165.0000000225523,2,0.221394153883759,frequency,1,-1,-0.020932297885210505,0.020932297885210505
4935,9,0.1456779079954121,2165.0000000225527,1,0.23822058963361845,frequency,4,-4,-0.09254268163820634,0.09254268163820634
4936,1,0.2850158562908672,2164.999999979262,1,0.2670842134422937,frequency,0,0,0.01793164284857346,0.01793164284857346
4937,3,0.2027902533009124,2165.0000000225527,2,0.26389716875181457,frequency,1,1,-0.06110691545090216,0.06110691545090216
4938,2,0.2973527450500068,2164.999999979262,1,0.3455804384838257,frequency,1,1,-0.048227693433818886,0.048227693433818886
4939,1,0.3703367639770867,2165.0000000225527,1,0.316181330928432,frequency,0,0,0.05415543304865472,0.05415543304865472
4940,1,0.2929708363553555,2164.999999979262,1,0.2585548268269983,frequency,0,0,0.03441600952835716,0.03441600952835716
4945,5,0.2267441480579119,2165.0000000225523,11,0.25352920270406165,frequency,6,-6,-0.026785054646149747,0.026785054646149747
4946,1,0.3586468716145912,2164.999999979262,12,0.30622520808921105,frequency,1,1,0.052421663525380136,0.052421663525380136
4947,3,0.358495315862535,2165.0000000225523,12,0.3065808246681132,frequency,3,3,0.05191449119442182,0.05191449119442182
4948,11,0.230623267395956,2164.999999979262,11,0.2538086936512185,frequency,0,0,-0.023185426255262487,0.023185426255262487
4949,2,0.1798543342280698,2165.0000000225523,11,0.25408880150087043,frequency,3,3,-0.07423446727280064,0.07423446727280064
4950,5,0.1775909443145295,2165.0000000225527,1,0.3746711857149379,frequency,4,4,-0.19708024140040842,0.19708024140040842
4951,2,0.2128027245652804,2164.999999979262,1,0.3159083035682288,frequency,1,1,-0.1031055790029484,0.1031055790029484
4952,8,0.2079700431721229,2165.0000000225527,12,0.221591486901387,frequency,4,-4,-0.013621443729264104,0.013621443729264104
4953,6,0.2172651431604414,2164.999999979262,1,0.22119233640417124,frequency,5,5,-0.003927193243729837,0.003927193243729837
4954,9,0.1961523890011923,2165.0000000225527,12,0.23249745239474895,frequency,3,-3,-0.03634506339355664,0.03634506339355664
4955,1,0.1591360207733376,2164.999999979282,12,0.24368147126159476,frequency,1,1,-0.08454545048825715,0.08454545048825715
4956,12,0.2509828257755458,2165.0000000225527,12,0.3261170703611915,frequency,0,0,-0.07513424458564566,0.07513424458564566
4957,5,0.2381129016108448,2164.9999999792412,12,0.30775761687406145,frequency,5,5,-0.06964471526321664,0.06964471526321664
4958,3,0.3248353322092225,2165.0000000225527,12,0.288154720645343,frequency,3,3,0.03668061156387953,0.03668061156387953
4959,12,0.3139020593872807,2164.9999999792417,12,0.36680681706235835,frequency,0,0,-0.05290475767507763,0.05290475767507763
4960,9,0.1426553720889544,2165.000000022593,12,0.30114698443447585,frequency,3,-3,-0.15849161234552145,0.15849161234552145
4961,7,0.2169646500215905,2164.9999999792412,12,0.20547023579333254,frequency,5,-5,0.011494414228257949,0.011494414228257949
4962,9,0.2362275899202488,2165.0000000225527,9,0.26718062239459395,frequency,0,0,-0.030953032474345138,0.030953032474345138
4963,11,0.2216542002863812,2164.9999999792417,11,0.22519083175390456,frequency,0,0,-0.0035366314675233657,0.0035366314675233657
4964,2,0.1855688261865423,2165.000000022593,3,0.23111405603201968,frequency,1,-1,-0.045545229845477375,0.045545229845477375
4965,4,0.231407245574583,2165.0000000225527,3,0.1689203865884112,frequency,1,1,0.06248685898617182,0.06248685898617182
4966,2,0.2288903450752997,2164.9999999792412,2,0.19309285931765466,frequency,0,0,0.03579748575764505,0.03579748575764505
4967,4,0.1779793547301071,2165.0000000225527,3,0.21022529869000794,frequency,1,1,-0.03224594395990085,0.03224594395990085
4968,10,0.1412848466003559,2164.999999979282,12,0.22227354442806083,frequency,2,-2,-0.08098869782770493,0.08098869782770493
4969,12,0.2770731462655536,2165.0000000225527,12,0.25407479788412934,frequency,0,0,0.022998348381424283,0.022998348381424283
4970,2,0.2646711949653599,2164.9999999792412,2,0.22348495039901933,frequency,0,0,0.04118624456634057,0.04118624456634057
4971,10,0.2117956652354929,2165.0000000225527,10,0.17722924515585128,frequency,0,0,0.03456642007964161,0.03456642007964161
4972,2,0.2643856914283857,2164.9999999792417,12,0.19375581352364224,frequency,2,2,0.07062987790474345,0.07062987790474345
4973,2,0.4092537282256865,2165.000000022593,2,0.33598522517403046,frequency,0,0,0.07326850305165605,0.07326850305165605
4974,2,0.196134381784611,2164.9999999792412,2,0.3514001680851756,frequency,0,0,-0.1552657863005646,0.1552657863005646
4975,11,0.2423892763406555,2165.0000000225527,2,0.2484968770065962,frequency,3,-3,-0.00610760066594071,0.00610760066594071
4990,2,0.5476992520368515,2164.9999999792512,11,0.3368611495521589,frequency,3,3,0.21083810248469265,0.21083810248469265
4991,1,0.4470654979335153,2165.0000000225623,1,0.3003863651975991,frequency,0,0,0.1466791327359162,0.1466791327359162
4992,12,0.3034717139198417,2164.9999999792512,11,0.27587909984163633,frequency,1,1,0.027592614078205346,0.027592614078205346
4996,4,0.5999700582923814,2164.9999999792517,1,0.28232141617988005,frequency,3,3,0.3176486421125013,0.3176486421125013
4997,1,0.4299048757852511,2165.000000022563,12,0.30354398124234994,frequency,1,1,0.12636089454290117,0.12636089454290117
4998,11,0.2178628214499075,2164.9999999792517,12,0.2609602497510563,frequency,1,-1,-0.043097428301148794,0.043097428301148794
4999,1,0.3059649340573847,2165.000000022563,2,0.24181248597663674,frequency,1,-1,0.06415244808074794,0.06415244808074794
5000,12,0.3679795899583075,2165.0000000225527,1,0.2205960556307467,frequency,1,-1,0.1473835343275608,0.1473835343275608
5005,2,0.3874435968159934,2164.999999979262,10,0.2282559920434667,frequency,4,4,0.1591876047725267,0.1591876047725267
5006,2,0.387429615013561,2165.0000000225527,11,0.35747828904119505,frequency,3,3,0.02995132597236594,0.02995132597236594
5007,10,0.3034116666624128,2164.999999979262,2,0.1984330146793196,frequency,4,-4,0.10497865198309322,0.10497865198309322
5008,3,0.280180657402086,2165.0000000225527,10,0.2558542845664838,frequency,5,5,0.024326372835602184,0.024326372835602184
5009,7,0.1685436735256517,2164.999999979262,10,0.23130853383333094,frequency,3,-3,-0.06276486030767925,0.06276486030767925
5010,11,0.228613858277039,2165.0000000225527,1,0.15720132046335109,frequency,2,-2,0.07141253781368792,0.07141253781368792
5011,2,0.3809645835775305,2164.999999979262,3,0.28155809367908036,frequency,1,-1,0.09940648989845013,0.09940648989845013
5012,9,0.3037847265540704,2165.0000000225527,3,0.2613658091997922,frequency,6,6,0.04241891735427822,0.04241891735427822
5013,10,0.2754435632551362,2164.9999999792417,3,0.24480392837531637,frequency,5,-5,0.030639634879819827,0.030639634879819827
5014,2,0.3185689407656892,2165.0000000225723,3,0.24480392837531637,frequency,1,-1,0.07376501239037284,0.07376501239037284
5015,2,0.2873059663855108,2165.0000000225527,1,0.283164330610016,frequency,1,1,0.004141635775494812,0.004141635775494812
5016,3,0.1933642007430555,2164.999999979262,1,0.21586662552589173,frequency,2,2,-0.022502424782836233,0.022502424782836233
5017,10,0.3690582900449373,2165.0000000225527,2,0.2447383928443101,frequency,4,-4,0.1243198972006272,0.1243198972006272
5018,2,0.2790371050504778,2164.999999979262,2,0.2638859903421571,frequency,0,0,0.015151114708320701,0.015151114708320701
5019,1,0.2413480842936062,2165.0000000225527,2,0.22980265690090845,frequency,1,-1,0.01154542739269776,0.01154542739269776
5020,1,0.3340195530825259,2164.999999979262,2,0.30146950449535326,frequency,1,-1,0.03255004858717264,0.03255004858717264
5021,2,0.3604016165759462,2165.0000000225527,1,0.24784210082379732,frequency,1,1,0.1125595157521489,0.1125595157521489
5022,1,0.4056101256232148,2164.999999979262,1,0.25802671170836655,frequency,0,0,0.14758341391484825,0.14758341391484825
5023,1,0.2200444842512727,2165.0000000225527,1,0.26962164268632666,frequency,0,0,-0.04957715843505395,0.04957715843505395
5024,3,0.1483199513876265,2164.999999979262,1,0.2466438232305621,frequency,2,2,-0.09832387184293562,0.09832387184293562
5025,1,0.2970314355765108,2165.0000000225527,2,0.3072514814039596,frequency,1,-1,-0.010220045827448787,0.010220045827448787
5026,2,0.2335730438492997,2164.9999999792417,1,0.30038636519759904,frequency,1,1,-0.06681332134829934,0.06681332134829934
5027,1,0.4123864875742487,2165.0000000225723,1,0.3019236080454246,frequency,0,0,0.11046287952882405,0.11046287952882405
5028,1,0.3172815412061869,2164.9999999792417,1,0.2786845429176053,frequency,0,0,0.0385969982885816,0.0385969982885816
5034,12,0.5949815186845099,2165.0000000225527,12,0.2913551590543314,frequency,0,0,0.3036263596301785,0.3036263596301785
5038,12,0.2804537775719662,2165.0000000225527,12,0.3013050128683482,frequency,0,0,-0.020851235296381998,0.020851235296381998
5039,12,0.2175362887935348,2164.9999999792417,12,0.4369241211015195,frequency,0,0,-0.21938783230798473,0.21938783230798473
5040,1,0.2571521865903993,2165.0000000225723,12,0.3902362951397164,frequency,1,1,-0.13308410854931713,0.13308410854931713
5041,3,0.1981603915413145,2164.9999999792417,12,0.2442351044670856,frequency,3,3,-0.04607471292577109,0.04607471292577109
5042,1,0.2415948142237967,2165.0000000225723,1,0.21721964332553734,frequency,0,0,0.024375170898259357,0.024375170898259357
5046,1,0.3023478692036219,2164.999999979282,12,0.39260462691628323,frequency,1,1,-0.09025675771266134,0.09025675771266134
5047,11,0.212040089417974,2165.0000000225527,12,0.45408753120783457,frequency,1,-1,-0.24204744178986057,0.24204744178986057
5048,9,0.199099411323573,2164.9999999792417,12,0.49126725359954654,frequency,3,-3,-0.29216784227597353,0.29216784227597353
5049,3,0.1981560496819107,2165.0000000225527,9,0.2774560942307155,frequency,6,-6,-0.0793000445488048,0.0793000445488048
5050,8,0.1549641887560949,2164.999999979282,11,0.19349083760820251,frequency,3,-3,-0.0385266488521076,0.0385266488521076
5051,12,0.2022482284227478,2165.0000000225527,3,0.2300653253603928,frequency,3,-3,-0.027817096937644975,0.027817096937644975
5052,2,0.1632419184706154,2164.9999999792417,3,0.2779343978989748,frequency,1,-1,-0.11469247942835939,0.11469247942835939
5053,8,0.1865084044404809,2165.0000000225523,2,0.2110011028363961,frequency,6,6,-0.024492698395915197,0.024492698395915197
5054,1,0.1572743714799261,2164.999999979282,12,0.21742387242477987,frequency,1,1,-0.06014950094485377,0.06014950094485377
5055,1,0.1573627310422807,2165.0000000225527,12,0.20518286977492492,frequency,1,1,-0.04782013873264421,0.04782013873264421
5056,11,0.2203683449064119,2164.9999999792417,3,0.2713620857086087,frequency,4,-4,-0.05099374080219679,0.05099374080219679
5057,2,0.3403988998528003,2165.0000000225523,3,0.17726488499902882,frequency,1,-1,0.1631340148537715,0.1631340148537715
5058,10,0.2125021856591427,2164.999999979282,1,0.1422892787878643,frequency,3,-3,0.0702129068712784,0.0702129068712784
5059,2,0.1672437675260467,2165.0000000225527,3,0.16299746222625427,frequency,1,-1,0.004246305299792419,0.004246305299792419
5060,8,0.3382367648192588,2164.9999999792412,12,0.22735769078304782,frequency,4,-4,0.11087907403621097,0.11087907403621097
5061,2,0.4096564593305456,2165.0000000225523,12,0.22735769078304782,frequency,2,2,0.1822987685474978,0.1822987685474978
5062,2,0.342637089705436,2165.0000000225527,2,0.29390971027420526,frequency,0,0,0.04872737943123073,0.04872737943123073
5063,3,0.4467305232839773,2164.999999979282,3,0.32132309183519897,frequency,0,0,0.1254074314487783,0.1254074314487783
5064,6,0.3452108565437765,2165.0000000225527,3,0.21593393822227233,frequency,3,3,0.12927691832150415,0.12927691832150415
5079,1,0.337633364490163,2165.000000022563,2,0.33497096165184453,frequency,1,-1,0.0026624028383184783,0.0026624028383184783
5080,11,0.2758434495027308,2165.0000000225527,1,0.2845047390560618,frequency,2,-2,-0.008661289553330953,0.008661289553330953
5083,1,0.3655017720371208,2164.9999999792512,1,0.3086345309657672,frequency,0,0,0.0568672410713536,0.0568672410713536
5084,11,0.2303223393226822,2165.0000000225623,1,0.36353388755812316,frequency,2,-2,-0.13321154823544096,0.13321154823544096
5085,1,0.2701321523151225,2164.9999999792512,1,0.2926924830770729,frequency,0,0,-0.02256033076195041,0.02256033076195041
5086,6,0.2204880979128949,2165.0000000225623,11,0.21420358707891665,frequency,5,-5,0.006284510833978241,0.006284510833978241
5087,12,0.240441567837484,2164.9999999792512,12,0.2436940259590119,frequency,0,0,-0.0032524581215279125,0.0032524581215279125
5088,10,0.3527682979487291,2165.0000000225523,12,0.22059333726904695,frequency,2,-2,0.13217496067968215,0.13217496067968215
5093,10,0.5405040613090349,2164.999999979262,2,0.2942512146416419,frequency,4,-4,0.24625284666739305,0.24625284666739305
5094,11,0.17378754918379,2165.0000000225523,10,0.3220561908589383,frequency,1,1,-0.14826864167514828,0.14826864167514828
5095,10,0.2368494807055515,2165.0000000225527,10,0.2425283072667198,frequency,0,0,-0.005678826561168304,0.005678826561168304
5096,3,0.2543256590674942,2164.999999979262,10,0.34772801440185336,frequency,5,5,-0.09340235533435914,0.09340235533435914
5097,10,0.197099577952684,2165.0000000225527,10,0.3248145739178012,frequency,0,0,-0.1277149959651172,0.1277149959651172
5098,9,0.3150170121570452,2164.999999979262,10,0.25677794196312714,frequency,1,-1,0.05823907019391805,0.05823907019391805
5099,5,0.1923744257238004,2165.0000000225527,3,0.21655544187254072,frequency,2,2,-0.024181016148740325,0.024181016148740325
5100,7,0.1783556521237891,2164.999999979262,1,0.24985001440806476,frequency,6,6,-0.07149436228427566,0.07149436228427566
5101,1,0.438369429527508,2165.0000000225527,10,0.24430186958389444,frequency,3,3,0.19406755994361358,0.19406755994361358
5102,1,0.2200837623973014,2164.999999979262,1,0.37425553410882273,frequency,0,0,-0.15417177171152133,0.15417177171152133
5103,11,0.2693032234853426,2165.0000000225523,1,0.3131461381537528,frequency,2,-2,-0.04384291466841023,0.04384291466841023
5104,10,0.2088842597151008,2164.999999979262,2,0.25555084203111994,frequency,4,-4,-0.04666658231601914,0.04666658231601914
5105,1,0.1620664451875675,2165.0000000225523,2,0.2318294101501745,frequency,1,-1,-0.069762964962607,0.069762964962607
5106,1,0.264108487780785,2164.999999979262,2,0.26516871569765166,frequency,1,-1,-0.0010602279168666628,0.0010602279168666628
5107,2,0.1948214815080708,2165.0000000225523,1,0.25776891610447866,frequency,1,1,-0.06294743459640786,0.06294743459640786
5108,3,0.2537071867487715,2164.999999979262,2,0.24410068508173247,frequency,1,1,0.009606501667039052,0.009606501667039052
5109,2,0.2247471788562328,2165.0000000225523,1,0.22809014930007507,frequency,1,1,-0.003342970443842269,0.003342970443842269
5110,7,0.2102052785193814,2165.0000000225527,1,0.2575230589201462,frequency,6,6,-0.047317780400764814,0.047317780400764814
5111,1,0.3205778420714358,2164.999999979262,1,0.24761480684630158,frequency,0,0,0.07296303522513423,0.07296303522513423
5112,3,0.1672626892752657,2165.0000000225527,1,0.29197348924144767,frequency,2,2,-0.12471079996618198,0.12471079996618198
5113,2,0.3514028823160787,2164.999999979262,1,0.28830235186441694,frequency,1,1,0.06310053045166175,0.06310053045166175
5114,1,0.3019890973952659,2165.0000000225527,1,0.28916146325817377,frequency,0,0,0.012827634137092148,0.012827634137092148
5115,1,0.2232594501158297,2164.999999979262,1,0.25935002582548944,frequency,0,0,-0.036090575709659733,0.036090575709659733
5116,1,0.2398934704834377,2165.0000000225527,1,0.2670842134422937,frequency,0,0,-0.027190742958856012,0.027190742958856012
5122,10,0.6526090885491282,2165.0000000225523,11,0.2251358739926882,frequency,1,-1,0.42747321455644005,0.42747321455644005
5123,1,0.5877540240956604,2164.999999979262,1,0.22030095440143727,frequency,0,0,0.3674530696942231,0.3674530696942231
5126,1,0.2659432351510275,2164.999999979262,12,0.3589670023831796,frequency,1,1,-0.09302376723215205,0.09302376723215205
5127,12,0.2384669602062296,2165.0000000225527,12,0.34238398806520004,frequency,0,0,-0.10391702785897045,0.10391702785897045
5128,2,0.1545886459884938,2164.999999979262,12,0.2910339687200638,frequency,2,2,-0.13644532273157,0.13644532273157
5129,10,0.2497804325806753,2165.0000000225527,12,0.2435175878871148,frequency,2,-2,0.006262844693560504,0.006262844693560504
5136,9,0.2499828798538493,2164.9999999792412,11,0.37394604348029226,frequency,2,-2,-0.12396316362644297,0.12396316362644297
5137,10,0.1868659845171176,2165.0000000225527,11,0.35791572946602895,frequency,1,-1,-0.17104974494891134,0.17104974494891134
5138,11,0.1549210372924669,2164.9999999792417,11,0.2204764442184819,frequency,0,0,-0.065555406926015,0.065555406926015
5139,12,0.161590245573725,2165.000000022593,3,0.20343125685123703,frequency,3,-3,-0.041841011277512025,0.041841011277512025
5140,12,0.1653756868771048,2165.0000000225527,3,0.20468342765318703,frequency,3,-3,-0.039307740776082234,0.039307740776082234
5141,11,0.1931024206973009,2164.9999999792412,12,0.26705193556308854,frequency,1,-1,-0.07394951486578763,0.07394951486578763
5142,9,0.250055058535938,2165.0000000225527,12,0.22158110624878596,frequency,3,-3,0.02847395228715205,0.02847395228715205
5143,1,0.2249620653477598,2164.999999979282,3,0.21824524877966436,frequency,2,-2,0.006716816568095446,0.006716816568095446
5144,5,0.1801883830790525,2165.0000000225527,3,0.23290978093774015,frequency,2,2,-0.05272139785868765,0.05272139785868765
5145,4,0.2480558562007822,2164.9999999792412,12,0.22109128551705584,frequency,4,4,0.026964570683726347,0.026964570683726347
5146,5,0.2447677754659131,2165.0000000225527,12,0.18590405709506336,frequency,5,5,0.05886371837084975,0.05886371837084975
5147,3,0.2438942869517297,2164.9999999792417,2,0.17754280260718638,frequency,1,1,0.06635148434454333,0.06635148434454333
5148,4,0.231033922942915,2165.000000022593,12,0.2661118381895119,frequency,4,4,-0.0350779152465969,0.0350779152465969
5149,4,0.609598873861887,2164.9999999792412,12,0.3112457476291331,frequency,4,4,0.29835312623275395,0.29835312623275395
5150,2,0.3656327064248305,2165.0000000225527,12,0.2760207588447778,frequency,2,2,0.0896119475800527,0.0896119475800527
5151,3,0.3890570476002915,2164.9999999792417,2,0.27863211724410125,frequency,1,1,0.11042493035619022,0.11042493035619022
5167,12,0.1931649043968002,2164.9999999792512,2,0.2642845258523284,frequency,2,-2,-0.07111962145552822,0.07111962145552822
5168,3,0.3062327772807777,2165.000000022563,2,0.3156583445176886,frequency,1,1,-0.009425567236910903,0.009425567236910903
5169,2,0.2656901227603241,2164.9999999792517,1,0.24805303304122056,frequency,1,1,0.01763708971910355,0.01763708971910355
5170,9,0.3398644149675894,2165.000000022563,11,0.26805880255180886,frequency,2,-2,0.07180561241578054,0.07180561241578054
5171,2,0.2526263381522787,2164.9999999792517,1,0.331016268134234,frequency,1,1,-0.07838992998195532,0.07838992998195532
5172,5,0.2048441651983927,2165.000000022563,11,0.33956842155898354,frequency,6,-6,-0.13472425636059082,0.13472425636059082
5173,3,0.4769609271456746,2164.9999999792517,11,0.2248482523574029,frequency,4,4,0.2521126747882717,0.2521126747882717
5174,2,0.4377175302356366,2165.000000022563,2,0.27490173624415043,frequency,0,0,0.16281579399148616,0.16281579399148616
5175,7,0.2593132279122243,2165.0000000225527,2,0.29317939521160985,frequency,5,5,-0.033866167299385574,0.033866167299385574
5178,12,0.2686597596182913,2164.999999979262,11,0.3553739474987618,frequency,1,1,-0.08671418788047047,0.08671418788047047
5179,2,0.3808126860635941,2165.0000000225527,2,0.31052276072751456,frequency,0,0,0.07028992533607953,0.07028992533607953
5180,2,0.3937115165267733,2164.999999979262,10,0.31025712941562317,frequency,4,4,0.08345438711115011,0.08345438711115011
5181,10,0.2489658868142907,2165.0000000225527,10,0.28807938411946243,frequency,0,0,-0.039113497305171746,0.039113497305171746
5182,9,0.2860071692307194,2164.999999979262,3,0.19610492619710476,frequency,6,6,0.08990224303361463,0.08990224303361463
5183,3,0.167316198810416,2165.0000000225527,10,0.18568967260980382,frequency,5,5,-0.018373473799387807,0.018373473799387807
5184,10,0.227650784154915,2164.999999979262,10,0.2699482319664475,frequency,0,0,-0.042297447811532524,0.042297447811532524
5185,10,0.4405176783510435,2165.0000000225527,10,0.3636508535519152,frequency,0,0,0.07686682479912832,0.07686682479912832
5186,2,0.213542939352839,2164.999999979262,3,0.18347802160113977,frequency,1,-1,0.030064917751699227,0.030064917751699227
5187,10,0.2046445594507833,2165.0000000225527,1,0.1860089798247019,frequency,3,-3,0.018635579626081394,0.018635579626081394
5188,5,0.2727474429226985,2164.9999999792417,1,0.37479921892223866,frequency,4,4,-0.10205177599954018,0.10205177599954018
5189,11,0.2277020035702061,2165.0000000225723,1,0.35264989342936676,frequency,2,-2,-0.12494788985916067,0.12494788985916067
5190,2,0.3040590255916517,2165.0000000225527,1,0.25848292175136967,frequency,1,1,0.045576103840282045,0.045576103840282045
5191,2,0.1804695691619404,2164.999999979262,2,0.29246917634579106,frequency,0,0,-0.11199960718385066,0.11199960718385066
5192,3,0.5542630783235248,2165.0000000225527,2,0.2518787360977079,frequency,1,1,0.30238434222581695,0.30238434222581695
5193,3,0.2880777195194179,2164.999999979262,2,0.2539621303904934,frequency,1,1,0.034115589128924484,0.034115589128924484
5194,2,0.4791752441960481,2165.0000000225527,1,0.25827353196827424,frequency,1,1,0.22090171222777388,0.22090171222777388
5195,2,0.175773760349509,2164.999999979262,2,0.28351999025724123,frequency,0,0,-0.10774622990773222,0.10774622990773222
5196,4,0.2400235353112633,2165.0000000225527,1,0.25776891610447866,frequency,3,3,-0.01774538079321536,0.01774538079321536
5197,2,0.199429787850646,2164.999999979262,1,0.28201281827973423,frequency,1,1,-0.08258303042908824,0.08258303042908824
5198,7,0.2115123129448794,2165.0000000225527,1,0.28201281827973423,frequency,6,6,-0.07050050533485483,0.07050050533485483
5199,3,0.1808140703756384,2164.999999979262,1,0.2758458487893171,frequency,2,2,-0.09503177841367871,0.09503177841367871
5200,7,0.1929160722666219,2165.0000000225527,1,0.27664352441095347,frequency,6,6,-0.08372745214433155,0.08372745214433155
5201,2,0.1475360096346892,2164.9999999792417,1,0.3298042936706966,frequency,1,1,-0.18226828403600737,0.18226828403600737
5202,3,0.2533788068762164,2165.0000000225723,1,0.3298042936706966,frequency,2,2,-0.07642548679448019,0.07642548679448019
5203,7,0.2436256057268257,2164.9999999792417,1,0.33078802162516,frequency,6,6,-0.08716241589833432,0.08716241589833432
5204,12,0.3765407792439252,2165.0000000225723,1,0.3173604697502989,frequency,1,-1,0.05918030949362629,0.05918030949362629
5209,9,0.4200489408673202,2165.0000000225527,12,0.3238319473666633,frequency,3,-3,0.09621699350065688,0.09621699350065688
5210,2,0.2586949992962766,2164.999999979262,12,0.27816877838871623,frequency,2,2,-0.019473779092439636,0.019473779092439636
5211,1,0.4264205451735858,2165.0000000225527,12,0.2913551590543314,frequency,1,1,0.1350653861192544,0.1350653861192544
5214,12,0.3801763893155437,2164.9999999792417,12,0.3438731761161257,frequency,0,0,0.03630321319941798,0.03630321319941798
5215,12,0.2954213362282805,2165.0000000225723,12,0.2778759889024414,frequency,0,0,0.017545347325839067,0.017545347325839067
5216,11,0.3198089872310272,2164.9999999792417,12,0.3081335303557525,frequency,1,-1,0.011675456875274659,0.011675456875274659
5224,5,0.2790477992123481,2165.0000000225527,11,0.3790057518488085,frequency,6,-6,-0.0999579526364604,0.0999579526364604
5225,11,0.3130484621055392,2164.999999979282,11,0.3945438993095864,frequency,0,0,-0.08149543720404717,0.08149543720404717
5226,12,0.1871415308800578,2165.0000000225527,11,0.2833381266037678,frequency,1,1,-0.09619659572370998,0.09619659572370998
5227,10,0.226445932258431,2164.9999999792417,12,0.2877602833532909,frequency,2,-2,-0.061314351094859915,0.061314351094859915
5228,10,0.1463802981411565,2165.0000000225523,11,0.29165270765839846,frequency,1,-1,-0.14527240951724196,0.14527240951724196
5229,2,0.1941989930906297,2164.999999979282,12,0.2787108920620463,frequency,2,2,-0.08451189897141659,0.08451189897141659
5230,2,0.2031435138555128,2165.0000000225527,12,0.2796170819031278,frequency,2,2,-0.07647356804761499,0.07647356804761499
5231,12,0.2129908130679765,2164.9999999792417,12,0.21886748799814912,frequency,0,0,-0.005876674930172632,0.005876674930172632
5232,11,0.1591685453345405,2165.0000000225523,3,0.20573275984959646,frequency,4,-4,-0.04656421451505596,0.04656421451505596
5233,8,0.2767917140673541,2164.999999979282,1,0.16652719723822543,frequency,5,-5,0.11026451682912866,0.11026451682912866
5234,1,0.2502645577937221,2165.0000000225527,12,0.21648986791025823,frequency,1,1,0.033774689883463854,0.033774689883463854
5235,12,0.2602956960486742,2164.9999999792412,2,0.24131791211538364,frequency,2,-2,0.018977783933290554,0.018977783933290554
5236,6,0.2998529834469131,2165.0000000225523,12,0.1946964957667718,frequency,6,-6,0.10515648768014127,0.10515648768014127
5237,5,0.6789388951852257,2165.0000000225527,1,0.2610010165666366,frequency,4,4,0.41793787861858905,0.41793787861858905
5238,3,0.1476110018311928,2164.999999979282,12,0.32302913031045866,frequency,3,3,-0.17541812847926586,0.17541812847926586
5239,2,0.3222816949248124,2165.0000000225527,2,0.3522391221244562,frequency,0,0,-0.029957427199643782,0.029957427199643782
5255,11,0.4035421942856822,2164.9999999725646,2,0.28687723649008356,frequency,3,-3,0.11666495779559866,0.11666495779559866
5256,11,0.3531710758031967,2164.999999929264,2,0.3677687964855921,frequency,3,-3,-0.014597720682395399,0.014597720682395399
5257,2,0.3321435176837971,2164.9999999725746,2,0.30170493052264163,frequency,0,0,0.03043858716115544,0.03043858716115544
5258,2,0.252018022909696,2164.999999929264,1,0.3294437638851401,frequency,1,1,-0.07742574097544408,0.07742574097544408
5259,3,0.3389554812605472,2164.9999999725746,2,0.24784438842344886,frequency,1,1,0.09111109283709834,0.09111109283709834
5265,3,0.5588571430422012,2164.9999999725646,11,0.33508830224816266,frequency,4,4,0.22376884079403858,0.22376884079403858
5266,10,0.3518380542026379,2164.999999929274,2,0.265766004800894,frequency,4,-4,0.0860720494017439,0.0860720494017439
5267,2,0.3454803864693958,2164.9999999725646,2,0.35119068243353607,frequency,0,0,-0.0057102959641402995,0.0057102959641402995
5268,10,0.4289766201598669,2164.999999929274,10,0.3713428999016855,frequency,0,0,0.057633720258181365,0.057633720258181365
5269,10,0.3115175705395265,2164.9999999725646,1,0.21114896335134273,frequency,3,-3,0.10036860718818377,0.10036860718818377
5270,11,0.1928350425997705,2164.9999999725646,10,0.23205182127714055,frequency,1,1,-0.03921677867737006,0.03921677867737006
5271,1,0.3667304142022706,2164.999999929274,10,0.2845083564151918,frequency,3,3,0.0822220577870788,0.0822220577870788
5272,9,0.2366723541008682,2164.9999999725646,10,0.22979938619047052,frequency,1,-1,0.0068729679103976815,0.0068729679103976815
5273,5,0.2522516848009403,2164.999999929274,2,0.3012344455962949,frequency,3,3,-0.04898276079535463,0.04898276079535463
5274,1,0.2407904555642047,2164.9999999725646,1,0.2212049795168957,frequency,0,0,0.01958547604730901,0.01958547604730901
5275,10,0.3515393706854536,2164.999999929274,1,0.2620163917533945,frequency,3,-3,0.08952297893205913,0.08952297893205913
5276,11,0.26571992467381,2164.9999999725646,1,0.28581155567083844,frequency,2,-2,-0.02009163099702843,0.02009163099702843
5277,6,0.2561195885188593,2164.999999929274,1,0.2593002961190752,frequency,5,5,-0.003180707600215882,0.003180707600215882
5278,7,0.1748476461424385,2164.9999999725646,2,0.2216162524832265,frequency,5,5,-0.046768606340788,0.046768606340788
5279,12,0.1516967645956491,2164.999999929274,1,0.27430201400293885,frequency,1,-1,-0.12260524940728976,0.12260524940728976
5280,1,0.2160739732423133,2164.9999999725646,2,0.28232368241072725,frequency,1,-1,-0.06624970916841394,0.06624970916841394
5281,4,0.2397779809188057,2164.999999929274,2,0.2300317624312795,frequency,2,2,0.009746218487526187,0.009746218487526187
5282,3,0.337378763703797,2164.9999999725646,2,0.30059490535061756,frequency,1,1,0.03678385835317943,0.03678385835317943
5283,1,0.3931723685670898,2164.999999929274,2,0.2636570414607975,frequency,1,-1,0.12951532710629232,0.12951532710629232
5284,10,0.1830888619598228,2164.9999999725646,2,0.2636570414607975,frequency,4,-4,-0.0805681795009747,0.0805681795009747
5285,2,0.5068003690657971,2164.9999999725646,1,0.26847079764607945,frequency,1,1,0.2383295714197176,0.2383295714197176
5286,2,0.1927383946484176,2164.999999929274,1,0.2813527344428801,frequency,1,1,-0.08861433979446251,0.08861433979446251
5287,3,0.2440392753204588,2164.9999999725646,1,0.31424477871389067,frequency,2,2,-0.07020550339343187,0.07020550339343187
5288,2,0.2766420025753177,2164.999999929274,1,0.30222676217992706,frequency,1,1,-0.025584759604609375,0.025584759604609375
5289,7,0.2431392913343875,2164.9999999725646,1,0.27769041103151154,frequency,6,6,-0.034551119697124044,0.034551119697124044
5290,1,0.1596535800390443,2164.999999929274,1,0.3170809448680428,frequency,0,0,-0.15742736482899847,0.15742736482899847
5291,1,0.1986853762306499,2164.9999999725646,1,0.42032567491317724,frequency,0,0,-0.22164029868252733,0.22164029868252733
5299,12,0.4597049053775892,2164.9999999725646,11,0.2661164697181879,frequency,1,1,0.19358843565940126,0.19358843565940126
5303,11,0.3819602164552991,2164.999999929274,1,0.2616833095954175,frequency,2,-2,0.12027690685988157,0.12027690685988157
5304,11,0.1716905668332543,2164.9999999725646,12,0.20517174458270765,frequency,1,-1,-0.03348117774945336,0.03348117774945336
5308,12,0.270928820787042,2164.9999999725646,9,0.2521632258338398,frequency,3,3,0.01876559495320218,0.01876559495320218
5309,3,0.677949767171965,2164.9999999292536,2,0.16726532135805663,frequency,1,1,0.5106844458139084,0.5106844458139084
5310,10,0.2607501457893338,2164.999999972605,12,0.20343125685123703,frequency,2,-2,0.05731888893809678,0.05731888893809678
5311,8,0.2643245528770621,2164.9999999292536,9,0.2678311614528999,frequency,1,-1,-0.003506608575837844,0.003506608575837844
5312,11,0.3936376105444935,2164.9999999725646,11,0.25392047203309037,frequency,0,0,0.1397171385114031,0.1397171385114031
5313,4,0.4310273020117302,2164.9999999292536,11,0.4085001031565917,frequency,5,5,0.022527198855138486,0.022527198855138486
5314,8,0.2269465735162067,2164.999999972605,11,0.29994923253935585,frequency,3,-3,-0.07300265902314915,0.07300265902314915
5315,11,0.4096512439641172,2164.999999972564,11,0.34094822638043853,frequency,0,0,0.06870301758367864,0.06870301758367864
5316,12,0.3226669774336103,2164.9999999292536,11,0.3734615928702787,frequency,1,1,-0.05079461543666841,0.05079461543666841
5317,1,0.2280641606390211,2164.9999999725646,12,0.20931387186950218,frequency,1,1,0.018750288769518925,0.018750288769518925
5318,2,0.2034724907928009,2164.999999929294,1,0.23712508807940935,frequency,1,1,-0.033652597286608465,0.033652597286608465
5319,3,0.1781848309455671,2164.999999972564,1,0.22328640664666516,frequency,2,2,-0.045101575701098046,0.045101575701098046
5320,4,0.2178442530801375,2164.9999999292536,3,0.23185564167764466,frequency,1,1,-0.014011388597507168,0.014011388597507168
5321,12,0.1516459683232703,2164.9999999725646,12,0.259010716095914,frequency,0,0,-0.10736474777264368,0.10736474777264368
5322,3,0.276886085614295,2164.9999999292536,3,0.20543350595800072,frequency,0,0,0.07145257965629428,0.07145257965629428
5323,1,0.2643896770810452,2164.999999972605,1,0.2836082070677732,frequency,0,0,-0.01921852998672796,0.01921852998672796
5325,1,0.3146458559989106,2164.9999999725646,1,0.2905981608976469,frequency,0,0,0.0240476951012637,0.0240476951012637
5326,3,0.2920090799925492,2164.9999999292536,2,0.31741948472460674,frequency,1,1,-0.025410404732057523,0.025410404732057523
5327,12,0.3240248497033561,2164.999999972605,2,0.2895237231603676,frequency,2,-2,0.03450112654298848,0.03450112654298848
5344,2,0.4161839488060628,2164.9999999792517,1,0.3996987208230262,frequency,1,1,0.016485227983036588,0.016485227983036588
5345,12,0.2454394156769354,2165.000000022563,1,0.30801574729780096,frequency,1,-1,-0.06257633162086557,0.06257633162086557
5348,11,0.2658442405870529,2164.9999999792517,11,0.28219462460606426,frequency,0,0,-0.016350384019011344,0.016350384019011344
5352,11,0.3981649595771524,2165.0000000225523,11,0.3594490042610219,frequency,0,0,0.038715955316130535,0.038715955316130535
5353,2,0.4043316051140816,2164.9999999792617,11,0.2667474554172275,frequency,3,3,0.13758414969685412,0.13758414969685412
5354,10,0.3214997181429768,2165.0000000225523,10,0.3251960719238979,frequency,0,0,-0.003696353780921091,0.003696353780921091
5355,1,0.2471264317137731,2164.9999999792617,10,0.29448551463721423,frequency,3,3,-0.047359082923441126,0.047359082923441126
5356,7,0.2353373655168615,2165.0000000225523,11,0.20423861803063703,frequency,4,-4,0.03109874748622446,0.03109874748622446
5357,11,0.3076668346399525,2164.9999999792617,11,0.16104469430008644,frequency,0,0,0.14662214033986604,0.14662214033986604
5358,10,0.2894768143360758,2165.0000000225527,3,0.20518286977492492,frequency,5,-5,0.08429394456115089,0.08429394456115089
5359,6,0.2577188404315811,2164.9999999792617,10,0.2558225586345225,frequency,4,-4,0.0018962817970585855,0.0018962817970585855
5360,8,0.3440330811782258,2165.0000000225527,10,0.25650640472406677,frequency,2,-2,0.08752667645415901,0.08752667645415901
5361,12,0.1645136287483373,2164.9999999792617,10,0.2873269026906617,frequency,2,2,-0.12281327394232439,0.12281327394232439
5362,7,0.2873699508361687,2165.0000000225527,10,0.3052876328047642,frequency,3,-3,-0.0179176819685955,0.0179176819685955
5363,1,0.1693508511234056,2164.9999999792417,1,0.29347377361366156,frequency,0,0,-0.12412292249025597,0.12412292249025597
5364,12,0.4846803091821479,2165.000000022573,1,0.2479984445197455,frequency,1,-1,0.23668186466240237,0.23668186466240237
5365,6,0.225174997149868,2165.0000000225523,2,0.23578576561831455,frequency,4,4,-0.010610768468446552,0.010610768468446552
5366,11,0.2438155763868391,2164.9999999792617,2,0.27896900082307985,frequency,3,-3,-0.035153424436240754,0.035153424436240754
5367,7,0.1558131871015156,2165.0000000225523,2,0.23548496169635466,frequency,5,5,-0.07967177459483907,0.07967177459483907
5368,9,0.2858500624436378,2164.9999999792617,1,0.2763894999412727,frequency,4,-4,0.0094605625023651,0.0094605625023651
5369,1,0.2900943983966634,2165.0000000225523,1,0.28662716249715486,frequency,0,0,0.003467235899508536,0.003467235899508536
5370,2,0.220302858201291,2164.9999999792617,1,0.29980128235235054,frequency,1,1,-0.07949842415105954,0.07949842415105954
5371,1,0.2726335741888878,2165.0000000225523,2,0.30059490535061756,frequency,1,-1,-0.027961331161729774,0.027961331161729774
5372,2,0.1935509740156206,2164.9999999792617,1,0.3122699845311523,frequency,1,1,-0.11871901051553169,0.11871901051553169
5373,12,0.2395459941399717,2165.0000000225527,1,0.29985826325238585,frequency,1,-1,-0.060312269112414135,0.060312269112414135
5374,1,0.2813133059580876,2164.9999999792617,1,0.34525966981352024,frequency,0,0,-0.06394636385543262,0.06394636385543262
5375,6,0.1690287004883576,2165.0000000225527,1,0.34525966981352024,frequency,5,5,-0.17623096932516263,0.17623096932516263
5376,3,0.1972111790768282,2164.9999999792417,1,0.26760441894599485,frequency,2,2,-0.07039323986916665,0.07039323986916665
5377,1,0.2426712811300643,2165.000000022573,1,0.3022846688827695,frequency,0,0,-0.059613387752705194,0.059613387752705194
5378,2,0.3073074479453332,2164.9999999792417,1,0.2776790254570982,frequency,1,1,0.029628422488234996,0.029628422488234996
5391,10,0.5633196773938951,2164.9999999792417,9,0.23261122673434048,frequency,1,1,0.3307084506595546,0.3307084506595546
5392,12,0.2943887337805078,2165.000000022573,12,0.3218621633957097,frequency,0,0,-0.02747342961520194,0.02747342961520194
5393,12,0.3825747955174328,2164.9999999792417,12,0.30308689777830566,frequency,0,0,0.07948789773912712,0.07948789773912712
5394,9,0.3139359661796242,2165.0000000225527,3,0.2041501387261407,frequency,6,6,0.1097858274534835,0.1097858274534835
5395,1,0.1670663047804695,2165.0000000225523,3,0.19379906450704243,frequency,2,-2,-0.026732759726572936,0.026732759726572936
5396,2,0.2677665006838764,2164.9999999792817,3,0.17633316265729523,frequency,1,-1,0.09143333802658118,0.09143333802658118
5397,12,0.2085928474817745,2165.0000000225523,9,0.21078739139308186,frequency,3,3,-0.002194543911307356,0.002194543911307356
5398,2,0.253877674993903,2164.9999999792417,9,0.21019217126079054,frequency,5,5,0.043685503733112474,0.043685503733112474
5399,12,0.2435144174658083,2165.0000000225523,9,0.17605181362319644,frequency,3,3,0.06746260384261185,0.06746260384261185
5400,11,0.3117897966127289,2164.9999999792817,9,0.30470456643970845,frequency,2,2,0.007085230173020429,0.007085230173020429
5404,11,0.1653099027276597,2164.9999999792817,11,0.3075330054361895,frequency,0,0,-0.1422231027085298,0.1422231027085298
5405,1,0.1939381432889786,2165.0000000225527,1,0.2141546019777392,frequency,0,0,-0.020216458688760597,0.020216458688760597
5406,10,0.2812588095465246,2164.9999999792417,1,0.2319216939672393,frequency,3,-3,0.0493371155792853,0.0493371155792853
5407,9,0.1984375329873152,2165.0000000225527,1,0.23192169396723933,frequency,4,-4,-0.03348416097992413,0.03348416097992413
5408,9,0.3349693177957131,2164.9999999792817,12,0.3258136731530911,frequency,3,-3,0.009155644642621974,0.009155644642621974
5409,4,0.1944414934790275,2165.0000000225527,12,0.28665289546326306,frequency,4,4,-0.09221140198423555,0.09221140198423555
5410,11,0.1893741769911122,2164.9999999792417,12,0.3432014071786082,frequency,1,-1,-0.153827230187496,0.153827230187496
5411,2,0.2886945592755769,2165.0000000225527,12,0.3269624300054162,frequency,2,2,-0.03826787072983928,0.03826787072983928
5412,2,0.2879891067602329,2165.0000000225523,1,0.2610296415962834,frequency,1,1,0.026959465163949536,0.026959465163949536
5413,2,0.1974025072654607,2164.9999999792817,1,0.2775453287303758,frequency,1,1,-0.08014282146491508,0.08014282146491508
5414,3,0.5183774462771659,2165.0000000225523,12,0.3251347358199937,frequency,3,3,0.19324271045717217,0.19324271045717217
5415,3,0.3020720877705739,2164.9999999792417,2,0.2653810787924756,frequency,1,1,0.03669100897809835,0.03669100897809835
5440,12,0.2670163181459006,2165.0000000225523,11,0.26573370719798567,frequency,1,1,0.0012826109479149306,0.0012826109479149306
5441,12,0.3388597295065006,2164.9999999792617,10,0.26666193041026104,frequency,2,2,0.07219779909623958,0.07219779909623958
5442,11,0.2935236906335358,2165.0000000225523,10,0.25567230491358056,frequency,1,1,0.03785138571995522,0.03785138571995522
5443,1,0.3091215654878742,2164.9999999792617,11,0.29381213829945096,frequency,2,2,0.015309427188423208,0.015309427188423208
5444,3,0.4298875691879196,2165.0000000225523,1,0.19960712607629905,frequency,2,2,0.23028044311162055,0.23028044311162055
5445,9,0.4126206161247686,2165.0000000225523,10,0.21710212380687172,frequency,1,-1,0.19551849231789686,0.19551849231789686
5446,7,0.1760558640771382,2164.9999999792617,10,0.3603694722185722,frequency,3,-3,-0.184313608141434,0.184313608141434
5447,5,0.2354160047874049,2165.0000000225523,10,0.20568475520711463,frequency,5,-5,0.029731249580290275,0.029731249580290275
5448,10,0.3209532990939622,2164.9999999792617,10,0.20568475520711463,frequency,0,0,0.11526854388684757,0.11526854388684757
5449,11,0.5232947612025517,2165.0000000225523,1,0.2368493174404809,frequency,2,-2,0.2864454437620708,0.2864454437620708
5450,8,0.3323127199534388,2164.9999999792617,1,0.2379127374404206,frequency,5,-5,0.0943999825130182,0.0943999825130182
5451,1,0.2305592386103478,2165.0000000225523,3,0.32475338162666956,frequency,2,-2,-0.09419414301632176,0.09419414301632176
5452,3,0.2387875103836983,2164.9999999792617,3,0.30689921882572635,frequency,0,0,-0.06811170844202805,0.06811170844202805
5453,5,0.3550466818197731,2165.0000000225523,2,0.2786470725693329,frequency,3,3,0.0763996092504402,0.0763996092504402
5454,7,0.1878668306963156,2164.9999999792617,1,0.2355255751651217,frequency,6,6,-0.04765874446880611,0.04765874446880611
5455,2,0.2567455745222587,2165.0000000225523,2,0.28747294600681367,frequency,0,0,-0.030727371484554955,0.030727371484554955
5456,5,0.2494338391341478,2164.9999999792617,2,0.21147814129740375,frequency,3,3,0.037955697836744046,0.037955697836744046
5457,9,0.2490161806707697,2165.0000000225523,1,0.2761359415532271,frequency,4,-4,-0.027119760882457433,0.027119760882457433
5458,9,0.1802578140779243,2164.9999999792617,1,0.27638949994127265,frequency,4,-4,-0.09613168586334836,0.09613168586334836
5459,7,0.2308553085795429,2165.0000000225523,1,0.31354219773407477,frequency,6,6,-0.08268688915453187,0.08268688915453187
5460,12,0.2926246005507959,2165.0000000225523,1,0.2690717558598188,frequency,1,-1,0.023552844690977126,0.023552844690977126
5461,1,0.2634317313462986,2164.9999999792617,1,0.34448694957424913,frequency,0,0,-0.08105521822795053,0.08105521822795053
5462,1,0.1813923965479372,2165.0000000225523,1,0.3112905862734199,frequency,0,0,-0.12989818972548267,0.12989818972548267
5463,11,0.2228559379970201,2164.9999999792617,1,0.32860320339972915,frequency,2,-2,-0.10574726540270904,0.10574726540270904
5464,2,0.2189042487767,2165.0000000225523,1,0.3421621124280828,frequency,1,1,-0.1232578636513828,0.1232578636513828
5465,1,0.326867784874167,2164.9999999792617,1,0.28264201795036,frequency,0,0,0.04422576692380703,0.04422576692380703
5466,1,0.2741626967982877,2165.0000000225523,1,0.3447251372670642,frequency,0,0,-0.07056244046877652,0.07056244046877652
5467,1,0.4551016896365537,2164.9999999792617,1,0.3179901308224666,frequency,0,0,0.1371115588140871,0.1371115588140871
5471,2,0.292787240576695,2164.9999999792617,1,0.2986821241876613,frequency,1,1,-0.0058948836109663505,0.0058948836109663505
5479,9,0.2373849654188115,2165.0000000225523,9,0.3096027184628938,frequency,0,0,-0.07221775304408229,0.07221775304408229
5480,12,0.3020524064796059,2164.9999999792817,12,0.2973887624296154,frequency,0,0,0.0046636440499904785,0.0046636440499904785
5481,9,0.2095830077100701,2165.0000000225523,3,0.22801931515134144,frequency,6,6,-0.018436307441271338,0.018436307441271338
5482,1,0.1897573810175936,2164.9999999792417,12,0.15534563863895337,frequency,1,1,0.034411742378640225,0.034411742378640225
5483,8,0.1634331783677612,2165.0000000225527,2,0.1450002668159322,frequency,6,6,0.018432911551828995,0.018432911551828995
5484,2,0.2335971886519093,2164.9999999792417,3,0.17632494597246998,frequency,1,-1,0.05727224267943931,0.05727224267943931
5485,6,0.2150555797593948,2165.000000022593,3,0.24258170073626356,frequency,3,3,-0.027526120976868768,0.027526120976868768
5486,4,0.1994804651739212,2164.9999999792417,5,0.22429188393308477,frequency,1,-1,-0.024811418759163567,0.024811418759163567
5487,3,0.1589670438017784,2165.0000000225527,9,0.2380224608408632,frequency,6,-6,-0.07905541703908481,0.07905541703908481
5488,11,0.1910668696203448,2164.9999999792417,11,0.25302757246257107,frequency,0,0,-0.06196070284222627,0.06196070284222627
5492,1,0.2172926305587102,2165.0000000225523,9,0.1797571352230689,frequency,4,4,0.037535495335641295,0.037535495335641295
5493,12,0.2006533166178902,2164.9999999792817,1,0.15047826425071933,frequency,1,-1,0.050175052367170875,0.050175052367170875
5494,9,0.2570406181226767,2165.0000000225523,5,0.2227209944751381,frequency,4,4,0.0343196236475386,0.0343196236475386
5495,5,0.2671590103028836,2164.9999999792417,12,0.2811083871926306,frequency,5,5,-0.013949376889747012,0.013949376889747012
5496,12,0.2543541888216489,2165.0000000225523,1,0.2479647522384079,frequency,1,-1,0.006389436583241009,0.006389436583241009
5497,2,0.19435755047869,2164.9999999792417,1,0.22210370718761027,frequency,1,1,-0.027746156708920278,0.027746156708920278
5498,11,0.1915348671625728,2165.000000022593,1,0.1654875348090154,frequency,2,-2,0.026047332353557412,0.026047332353557412
5499,3,0.2724397242186615,2164.9999999792417,1,0.24888896418144754,frequency,2,2,0.023550760037213986,0.023550760037213986
5500,5,0.2907700790622791,2165.0000000225527,12,0.2926923137390539,frequency,5,5,-0.0019222346767748255,0.0019222346767748255
5501,3,0.2825423744737391,2164.9999999792417,12,0.2909848415698347,frequency,3,3,-0.008442467096095585,0.008442467096095585
5503,12,0.372860313290794,2164.9999999792417,3,0.3061543045795667,frequency,3,-3,0.06670600871122728,0.06670600871122728
5527,12,0.3168457699655182,2165.0000000225523,1,0.22175000401796974,frequency,1,-1,0.09509576594754848,0.09509576594754848
5528,11,0.3602566027174028,2164.9999999792617,10,0.31246040327235125,frequency,1,1,0.047796199445051535,0.047796199445051535
5529,10,0.2695865313575402,2165.0000000225523,3,0.1958330072479318,frequency,5,-5,0.07375352410960839,0.07375352410960839
5530,11,0.2611692525544801,2164.9999999792617,10,0.27952841381534554,frequency,1,1,-0.018359161260865453,0.018359161260865453
5531,10,0.2488232936746371,2165.0000000225523,1,0.36778496554903006,frequency,3,-3,-0.11896167187439297,0.11896167187439297
5532,4,0.392846568538804,2164.9999999792617,3,0.2154176403531792,frequency,1,1,0.1774289281856248,0.1774289281856248
5533,10,0.4412034673511334,2165.0000000225527,1,0.17584423778665517,frequency,3,-3,0.2653592295644782,0.2653592295644782
5534,6,0.3026744402993999,2164.9999999792617,10,0.24279059577154005,frequency,4,-4,0.05988384452785983,0.05988384452785983
5535,2,0.3333390679610067,2165.0000000225527,10,0.27249155307499184,frequency,4,4,0.060847514886014864,0.060847514886014864
5536,6,0.3452605229744113,2164.9999999792617,2,0.13875119577977332,frequency,4,4,0.20650932719463796,0.20650932719463796
5537,6,0.556477589875224,2165.0000000225527,10,0.20518286977492495,frequency,4,-4,0.35129472010029905,0.35129472010029905
5538,4,0.2188942170919484,2164.9999999792417,3,0.288871096877502,frequency,1,1,-0.06997687978555361,0.06997687978555361
5539,7,0.1874264706919144,2165.000000022573,3,0.288871096877502,frequency,4,4,-0.10144462618558761,0.10144462618558761
5540,3,0.2724158708475341,2165.0000000225523,3,0.37934558827125175,frequency,0,0,-0.10692971742371765,0.10692971742371765
5541,5,0.2551447737409544,2164.9999999792617,1,0.23792443878502736,frequency,4,4,0.017220334955927036,0.017220334955927036
5542,2,0.1994847140173264,2165.0000000225523,2,0.19309285931765469,frequency,0,0,0.006391854699671712,0.006391854699671712
5543,2,0.3321977785522811,2164.9999999792617,1,0.23775915703162925,frequency,1,1,0.09443862152065186,0.09443862152065186
5544,3,0.2462840079602971,2165.0000000225523,2,0.23557623577914386,frequency,1,1,0.010707772181153236,0.010707772181153236
5545,2,0.2360860011331382,2164.9999999792617,2,0.27438110635463714,frequency,0,0,-0.038295105221498926,0.038295105221498926
5546,1,0.2421986019487826,2165.0000000225523,1,0.29487266847964116,frequency,0,0,-0.05267406653085857,0.05267406653085857
5547,4,0.2194554056396807,2164.9999999792617,1,0.2685241074299511,frequency,3,3,-0.0490687017902704,0.0490687017902704
5548,11,0.3433053074439554,2165.0000000225527,1,0.2676599867409876,frequency,2,-2,0.07564532070296776,0.07564532070296776
5549,1,0.1791400569517571,2164.9999999792617,1,0.3129047979918921,frequency,0,0,-0.13376474104013497,0.13376474104013497
5550,1,0.2547911923142091,2165.0000000225527,1,0.32644444222378066,frequency,0,0,-0.07165324990957156,0.07165324990957156
5551,7,0.3054922497849026,2164.9999999792417,1,0.34297164274922026,frequency,6,6,-0.03747939296431768,0.03747939296431768
5552,2,0.3025594670370299,2165.000000022573,1,0.3155415708171278,frequency,1,1,-0.012982103780097898,0.012982103780097898
5553,1,0.1980190050360507,2164.9999999792417,1,0.2869125176302833,frequency,0,0,-0.08889351259423262,0.08889351259423262
5554,2,0.1524513047925733,2165.000000022573,1,0.3440662024400359,frequency,1,1,-0.1916148976474626,0.1916148976474626
5555,1,0.3159426770780039,2165.0000000225523,1,0.3167889456290782,frequency,0,0,-0.0008462685510743362,0.0008462685510743362
5556,9,0.2558652597186048,2164.9999999792617,1,0.316640856987771,frequency,4,-4,-0.060775597269166204,0.060775597269166204
5557,1,0.2785914888276665,2165.0000000225523,1,0.285193723952654,frequency,0,0,-0.006602235124987532,0.006602235124987532
5558,12,0.2816576347785032,2164.9999999792617,12,0.31118296219928515,frequency,0,0,-0.029525327420781955,0.029525327420781955
5559,1,0.3094396027337206,2165.0000000225523,1,0.21009104342437673,frequency,0,0,0.09934855930934389,0.09934855930934389
5560,12,0.3827806541454848,2164.9999999792617,12,0.23260290846590387,frequency,0,0,0.15017774567958092,0.15017774567958092
5561,1,0.2725320256125448,2165.0000000225523,1,0.21009104342437676,frequency,0,0,0.06244098218816804,0.06244098218816804
5562,11,0.265931441626163,2164.9999999792617,11,0.2796629437987033,frequency,0,0,-0.013731502172540322,0.013731502172540322
5563,1,0.3597825841808159,2165.0000000225527,12,0.24332751283472226,frequency,1,1,0.11645507134609362,0.11645507134609362
5564,1,0.5270700404799004,2164.9999999792417,12,0.26897793792827485,frequency,1,1,0.2580921025516255,0.2580921025516255
5566,9,0.2222263389300236,2164.9999999792417,11,0.3870033980786172,frequency,2,-2,-0.1647770591485936,0.1647770591485936
5567,12,0.3559677650115148,2165.000000022573,11,0.3351255131325608,frequency,1,1,0.020842251878954,0.020842251878954
5568,5,0.2592951283791152,2164.9999999792417,12,0.29636393332078936,frequency,5,5,-0.03706880494167414,0.03706880494167414
5569,7,0.2265994981383546,2165.0000000225527,3,0.22801931515134144,frequency,4,4,-0.0014198170129868515,0.0014198170129868515
5570,1,0.1670297074839579,2165.0000000225523,9,0.20285757301829355,frequency,4,4,-0.035827865534335646,0.035827865534335646
5571,5,0.1729921045073731,2164.9999999792817,3,0.27768682611580187,frequency,2,2,-0.10469472160842877,0.10469472160842877
5572,12,0.2511425958273804,2165.0000000225523,9,0.18457162637546276,frequency,3,3,0.06657096945191765,0.06657096945191765
5573,12,0.1776750470959461,2164.9999999792417,11,0.2410919523161815,frequency,1,1,-0.06341690522023541,0.06341690522023541
5574,5,0.1804175915778737,2165.0000000225523,5,0.23329003345632263,frequency,0,0,-0.05287244187844892,0.05287244187844892
5575,12,0.2213084214756665,2164.9999999792817,11,0.2021895146878802,frequency,1,1,0.0191189067877863,0.0191189067877863
5576,12,0.2890608924798823,2165.0000000225523,5,0.2469513561702509,frequency,5,-5,0.04210953630963141,0.04210953630963141
5577,5,0.2115875200230547,2164.9999999792417,5,0.23359278272352668,frequency,0,0,-0.022005262700471984,0.022005262700471984
5578,9,0.3028841771088867,2165.0000000225527,5,0.23359278272352668,frequency,4,4,0.06929139438536003,0.06929139438536003
5579,8,0.1858177246016501,2164.9999999792817,5,0.20940660210831946,frequency,3,3,-0.023588877506669353,0.023588877506669353
5580,9,0.322354218476467,2165.0000000225527,9,0.22584959635435686,frequency,0,0,0.09650462212211014,0.09650462212211014
5581,9,0.1829896110612638,2164.9999999792417,9,0.1459818137134431,frequency,0,0,0.0370077973478207,0.0370077973478207
5582,9,0.2186289125335163,2165.0000000225527,9,0.17808157575212485,frequency,0,0,0.04054733678139144,0.04054733678139144
5583,3,0.2146993208724273,2164.9999999792817,1,0.18976827627448054,frequency,2,2,0.02493104459794676,0.02493104459794676
5584,9,0.1727231415678198,2165.0000000225527,4,0.16937753720303814,frequency,5,5,0.0033456043647816514,0.0033456043647816514
5585,10,0.1810660615024577,2164.9999999792417,1,0.20018217877743408,frequency,3,-3,-0.01911611727497639,0.01911611727497639
5586,1,0.1617007826086176,2165.0000000225527,1,0.18733559285746895,frequency,0,0,-0.025634810248851364,0.025634810248851364
5587,10,0.235084042323778,2165.0000000225523,12,0.22036210380869758,frequency,2,-2,0.014721938515080413,0.014721938515080413
5588,9,0.3204850097676421,2164.9999999792817,2,0.23116358855813543,frequency,5,-5,0.08932142120950667,0.08932142120950667
5589,7,0.3300802980219371,2165.0000000225523,2,0.2026414312949392,frequency,5,5,0.12743886672699792,0.12743886672699792
5590,12,0.183201079830911,2164.9999999792417,5,0.20930936615551843,frequency,5,-5,-0.026108286324607433,0.026108286324607433
5614,3,0.4303581789205611,2164.9999999792617,1,0.3032292692728547,frequency,2,2,0.1271289096477064,0.1271289096477064
5615,2,0.2972499113315939,2165.0000000225523,11,0.24375479672687572,frequency,3,3,0.053495114604718175,0.053495114604718175
5616,10,0.3713656644897191,2164.9999999792617,11,0.3405021786962337,frequency,1,-1,0.030863485793485357,0.030863485793485357
5617,1,0.1901281689366819,2165.0000000225523,1,0.26362695664136565,frequency,0,0,-0.07349878770468374,0.07349878770468374
5618,1,0.2882769143971443,2164.9999999792617,3,0.2439102614492116,frequency,2,-2,0.04436665294793271,0.04436665294793271
5619,4,0.2390996862016537,2165.0000000225523,1,0.21010244927522798,frequency,3,3,0.028997236926425723,0.028997236926425723
5620,4,0.2365427490207012,2165.0000000225523,1,0.19928193028125793,frequency,3,3,0.03726081873944326,0.03726081873944326
5621,4,0.4389134645302565,2164.9999999792617,2,0.17688243156210828,frequency,2,2,0.2620310329681482,0.2620310329681482
5623,1,0.6455368184142414,2164.9999999792617,10,0.20519399617370812,frequency,3,3,0.4403428222405332,0.4403428222405332
5624,4,0.3935669155404693,2165.0000000225523,1,0.29231222711446,frequency,3,3,0.10125468842600932,0.10125468842600932
5625,3,0.2759529223045516,2164.9999999792617,1,0.24941858134634476,frequency,2,2,0.026534340958206837,0.026534340958206837
5626,6,0.3309791461314734,2165.0000000225523,1,0.2918397436180404,frequency,5,5,0.03913940251343301,0.03913940251343301
5627,11,0.2175767963002225,2164.9999999792617,2,0.21243654537356668,frequency,3,-3,0.0051402509266558205,0.0051402509266558205
5628,6,0.3627593281461494,2165.0000000225523,3,0.29607875745984835,frequency,3,3,0.06668057068630107,0.06668057068630107
5629,11,0.4077277066433464,2164.9999999792617,1,0.30053906483804693,frequency,2,-2,0.10718864180529947,0.10718864180529947
5630,11,0.3378701202245684,2165.0000000225523,1,0.30053906483804693,frequency,2,-2,0.03733105538652148,0.03733105538652148
5631,2,0.4244787364193169,2164.9999999792617,1,0.2291326404623376,frequency,1,1,0.19534609595697927,0.19534609595697927
5633,2,0.1656886455466191,2164.9999999792617,2,0.286606675482629,frequency,0,0,-0.12091802993600992,0.12091802993600992
5634,1,0.1905897881377351,2165.0000000225523,1,0.3025238923711242,frequency,0,0,-0.11193410423338909,0.11193410423338909
5635,9,0.3097712860002979,2165.0000000225523,1,0.2869525453155034,frequency,4,-4,0.022818740684794503,0.022818740684794503
5636,11,0.265961214852535,2164.9999999792617,1,0.2758940867170221,frequency,2,-2,-0.009932871864487103,0.009932871864487103
5637,9,0.3222194628619644,2165.0000000225523,2,0.3319481582803469,frequency,5,-5,-0.009728695418382505,0.009728695418382505
5638,3,0.1928841309290558,2164.9999999792617,1,0.2765837281541213,frequency,2,2,-0.08369959722506551,0.08369959722506551
5639,11,0.2560778150907792,2165.0000000225523,1,0.3155415708171278,frequency,2,-2,-0.0594637557263486,0.0594637557263486
5640,2,0.3192934812996997,2164.9999999792617,1,0.3297902411852246,frequency,1,1,-0.010496759885524898,0.010496759885524898
5641,1,0.3598781389790626,2165.0000000225523,1,0.2925174112568598,frequency,0,0,0.0673607277222028,0.0673607277222028
5642,1,0.2441031988285215,2164.9999999792617,1,0.2732455464351246,frequency,0,0,-0.029142347606603114,0.029142347606603114
5643,1,0.2896569849618156,2165.0000000225523,1,0.29456114482868084,frequency,0,0,-0.004904159866865265,0.004904159866865265
5644,12,0.1619862783979161,2164.9999999792617,1,0.30198139862664797,frequency,1,-1,-0.13999512022873187,0.13999512022873187
5645,3,0.2309846676227111,2165.0000000225523,1,0.2492325265489895,frequency,2,2,-0.018247858926278393,0.018247858926278393
5646,1,0.2086601079389077,2164.9999999792617,12,0.18723340986284548,frequency,1,1,0.021426698076062234,0.021426698076062234
5647,12,0.2150873260419617,2165.0000000225523,12,0.18756008441316024,frequency,0,0,0.027527241628801463,0.027527241628801463
5648,10,0.2232798072854229,2164.9999999792617,11,0.21445299033535026,frequency,1,-1,0.008826816950072647,0.008826816950072647
5649,11,0.2457926809788123,2165.0000000225523,11,0.23925923360711002,frequency,0,0,0.006533447371702278,0.006533447371702278
5650,7,0.2098722399400833,2165.0000000225523,12,0.22705074337663783,frequency,5,-5,-0.017178503436554526,0.017178503436554526
5651,12,0.1942890601996071,2164.9999999792617,9,0.20229422953924361,frequency,3,3,-0.00800516933963652,0.00800516933963652
5652,11,0.2933670667522173,2165.0000000225523,11,0.26679479477374035,frequency,0,0,0.026572271978476947,0.026572271978476947
5654,8,0.1655279945945006,2165.0000000225523,11,0.3351255131325608,frequency,3,-3,-0.16959751853806018,0.16959751853806018
5655,12,0.3042756312479848,2164.9999999792817,9,0.17659189391434488,frequency,3,3,0.1276837373336399,0.1276837373336399
5656,7,0.1655157635031063,2165.0000000225523,3,0.2828151725316094,frequency,4,4,-0.11729940902850314,0.11729940902850314
5657,1,0.1638921303252471,2164.9999999792417,9,0.23674178216868944,frequency,4,4,-0.07284965184344233,0.07284965184344233
5658,6,0.1930411371220813,2165.0000000225527,9,0.1833980486565099,frequency,3,-3,0.009643088465571381,0.009643088465571381
5659,8,0.1846309910743527,2164.9999999792417,9,0.20266407476784837,frequency,1,-1,-0.018033083693495655,0.018033083693495655
5660,4,0.1538502262043467,2165.000000022593,11,0.25348392072616677,frequency,5,5,-0.09963369452182005,0.09963369452182005
5661,10,0.1583138366476772,2164.9999999792417,11,0.1916109433971171,frequency,1,-1,-0.03329710674943989,0.03329710674943989
5662,10,0.1820528063368394,2165.0000000225527,11,0.21246247621639872,frequency,1,-1,-0.030409669879559315,0.030409669879559315
5663,3,0.1775336123799464,2164.9999999792417,9,0.1525025407697264,frequency,6,-6,0.025031071610219974,0.025031071610219974
5664,5,0.19411548937183,2165.000000022593,9,0.1525025407697264,frequency,4,-4,0.0416129486021036,0.0416129486021036
5665,10,0.202958440555512,2165.0000000225523,5,0.19826748679372597,frequency,5,5,0.004690953761786021,0.004690953761786021
5666,10,0.2501445168203396,2164.9999999792417,5,0.2758800795352515,frequency,5,5,-0.025735562714911897,0.025735562714911897
5667,1,0.1704789832822934,2165.0000000225523,5,0.23453418719721525,frequency,4,-4,-0.06405520391492184,0.06405520391492184
5668,11,0.1796719764110258,2164.9999999792817,5,0.24950368940588186,frequency,6,6,-0.06983171299485605,0.06983171299485605
5669,12,0.269495985984614,2165.0000000225523,1,0.20017068818372255,frequency,1,-1,0.06932529780089144,0.06932529780089144
5670,2,0.3494897850417396,2164.9999999792417,5,0.21016283745658862,frequency,3,-3,0.139326947585151,0.139326947585151
5671,2,0.1377482468447329,2165.0000000225523,1,0.1751492048540331,frequency,1,1,-0.037400958009300184,0.037400958009300184
5672,9,0.1383131421849665,2164.9999999792417,12,0.2286393040489807,frequency,3,-3,-0.09032616186401421,0.09032616186401421
5673,10,0.1401706534000848,2165.000000022593,12,0.21628931330540915,frequency,2,-2,-0.07611865990532435,0.07611865990532435
5674,2,0.2151231842484184,2164.9999999792417,1,0.16557652814185297,frequency,1,1,0.04954665610656542,0.04954665610656542
5675,7,0.1636136696506299,2165.0000000225527,2,0.16805948603090234,frequency,5,5,-0.004445816380272444,0.004445816380272444
5676,2,0.232340048391845,2164.9999999792417,1,0.26226082150264357,frequency,1,1,-0.029920773110798576,0.029920773110798576
5677,10,0.3871843979233975,2165.000000022593,12,0.2442301062438114,frequency,2,-2,0.1429542916795861,0.1429542916795861
5700,2,0.3639797866491512,2165.0000000225523,1,0.3588458673785805,frequency,1,1,0.005133919270570719,0.005133919270570719
5701,3,0.2841324117219259,2164.9999999792617,11,0.33921411010355995,frequency,4,4,-0.05508169838163407,0.05508169838163407
5702,1,0.2747572498552922,2165.0000000225523,10,0.24472283652860283,frequency,3,3,0.03003441332668938,0.03003441332668938
5703,10,0.3342498073546819,2164.9999999792617,10,0.208636808641112,frequency,0,0,0.1256129987135699,0.1256129987135699
5704,3,0.2007542691724237,2165.0000000225523,1,0.23509992895291115,frequency,2,2,-0.03434565978048745,0.03434565978048745
5705,12,0.1943428889214981,2164.9999999792617,1,0.3476932208133221,frequency,1,-1,-0.153350331891824,0.153350331891824
5706,9,0.2448385957803191,2165.0000000225523,1,0.25043625500020206,frequency,4,-4,-0.00559765921988295,0.00559765921988295
5707,2,0.2833304943608328,2164.9999999792617,1,0.2494876046312523,frequency,1,1,0.033842889729580494,0.033842889729580494
5708,9,0.3606226876710066,2165.0000000225527,4,0.19006071579078807,frequency,5,5,0.17056197188021852,0.17056197188021852
5711,11,0.2871528315096695,2164.9999999792617,10,0.3092499509978174,frequency,1,1,-0.022097119488147854,0.022097119488147854
5713,5,0.522167157049713,2164.9999999792417,1,0.26325691964019066,frequency,4,4,0.2589102374095223,0.2589102374095223
5714,6,0.4402305719063092,2165.000000022573,3,0.2208147475512313,frequency,3,3,0.21941582435507792,0.21941582435507792
5715,3,0.4341007746233179,2165.0000000225523,3,0.2286531198761998,frequency,0,0,0.20544765474711812,0.20544765474711812
5716,5,0.2441827658256583,2164.9999999792617,3,0.21601150620769935,frequency,2,2,0.028171259617958938,0.028171259617958938
5717,11,0.1790824909076985,2165.0000000225523,1,0.261015557297085,frequency,2,-2,-0.08193306638938647,0.08193306638938647
5718,2,0.2672972926223913,2164.9999999792617,2,0.2351849242982987,frequency,0,0,0.032112368324092616,0.032112368324092616
5719,3,0.2652194995853825,2165.0000000225523,2,0.24389521920682017,frequency,1,1,0.02132428037856232,0.02132428037856232
5720,3,0.2443688065108969,2164.9999999792617,2,0.25350741332020577,frequency,1,1,-0.009138606809308863,0.009138606809308863
5721,4,0.1655873023907787,2165.0000000225523,2,0.26389716875181457,frequency,2,2,-0.09830986636103586,0.09830986636103586
5722,2,0.354789804399382,2164.9999999792617,1,0.25484711788649594,frequency,1,1,0.09994268651288607,0.09994268651288607
5723,11,0.3694554197958966,2165.0000000225527,1,0.3118990546624372,frequency,2,-2,0.05755636513345935,0.05755636513345935
5724,3,0.2403546445199944,2164.9999999792617,1,0.3279031662853347,frequency,2,2,-0.08754852176534034,0.08754852176534034
5725,1,0.3300773869930004,2165.0000000225527,1,0.3155415708171278,frequency,0,0,0.014535816175872573,0.014535816175872573
5726,2,0.2239559651482058,2164.9999999792417,1,0.3286032033997292,frequency,1,1,-0.10464723825152342,0.10464723825152342
5727,1,0.2222516511806843,2165.000000022573,1,0.3594405531039608,frequency,0,0,-0.13718890192327649,0.13718890192327649
5728,4,0.2489827079674277,2164.9999999792417,1,0.30015728199418434,frequency,3,3,-0.05117457402675665,0.05117457402675665
5729,1,0.2393664019990997,2165.000000022573,1,0.22731310098220123,frequency,0,0,0.012053301016898471,0.012053301016898471
5730,11,0.2040050634589448,2165.0000000225523,1,0.2671399723116679,frequency,2,-2,-0.0631349088527231,0.0631349088527231
5731,1,0.2128126074123763,2164.9999999792617,1,0.30167873627874964,frequency,0,0,-0.08886612886637335,0.08886612886637335
5732,2,0.241461997128116,2165.0000000225523,1,0.23611860127072792,frequency,1,1,0.005343395857388078,0.005343395857388078
5733,12,0.2509892932343027,2164.9999999792617,1,0.18864817596700476,frequency,1,-1,0.062341117267297935,0.062341117267297935
5734,12,0.1851912501019574,2165.0000000225523,3,0.22893671274598928,frequency,3,-3,-0.043745462644031896,0.043745462644031896
5735,7,0.1654815614891965,2164.9999999792617,1,0.1870518806571199,frequency,6,6,-0.021570319167923402,0.021570319167923402
5736,12,0.3612187085080237,2165.0000000225523,9,0.19004855391732256,frequency,3,3,0.17117015459070112,0.17117015459070112
5738,12,0.3450546267220659,2165.0000000225527,12,0.21486719682679495,frequency,0,0,0.13018742989527093,0.13018742989527093
5739,2,0.267290807080304,2164.9999999792417,2,0.21219233637744017,frequency,0,0,0.05509847070286383,0.05509847070286383
5740,12,0.2193928366168002,2165.000000022573,11,0.2415473311370518,frequency,1,1,-0.02215449452025159,0.02215449452025159
5742,12,0.3366996764121923,2165.000000022573,12,0.2558404456924466,frequency,0,0,0.08085923071974566,0.08085923071974566
5743,4,0.2008620436473593,2164.9999999792417,11,0.2793755588027391,frequency,5,5,-0.07851351515537983,0.07851351515537983
5744,3,0.2116951133077743,2165.0000000225527,11,0.24081631926583952,frequency,4,4,-0.02912120595806522,0.02912120595806522
5745,9,0.2668649677107484,2165.0000000225523,9,0.306570996978852,frequency,0,0,-0.03970602926810357,0.03970602926810357
5746,12,0.1497424215448542,2164.9999999792817,9,0.3374368708736586,frequency,3,3,-0.18769444932880439,0.18769444932880439
5747,4,0.1731711485618211,2165.0000000225523,9,0.19327835130090285,frequency,5,-5,-0.02010720273908176,0.02010720273908176
5748,1,0.1849115689475753,2164.9999999792417,11,0.22520363826769635,frequency,2,2,-0.040292069320121054,0.040292069320121054
5749,11,0.2827656198929039,2165.0000000225523,11,0.2642554039220997,frequency,0,0,0.01851021597080421,0.01851021597080421
5750,3,0.2226780087525979,2164.9999999792817,5,0.2458344333676668,frequency,2,-2,-0.023156424615068893,0.023156424615068893
5751,2,0.1524677680809949,2165.0000000225523,9,0.17695488500548215,frequency,5,5,-0.02448711692448724,0.02448711692448724
5752,9,0.1987098877731741,2164.9999999792417,9,0.24244748315142303,frequency,0,0,-0.04373759537824892,0.04373759537824892
5753,2,0.2216459910634112,2165.0000000225527,9,0.20338155022688764,frequency,5,5,0.018264440836523566,0.018264440836523566
5754,2,0.2081921951829038,2164.9999999792817,5,0.24783435849215743,frequency,3,-3,-0.03964216330925363,0.03964216330925363
5755,5,0.167795004495539,2165.0000000225527,5,0.24844905283398208,frequency,0,0,-0.08065404833844309,0.08065404833844309
5756,5,0.2158218646754906,2164.9999999792417,5,0.2620773266031528,frequency,0,0,-0.046255461927662195,0.046255461927662195
5757,6,0.2003809004150139,2165.0000000225527,5,0.2107154524665142,frequency,1,1,-0.010334552051500301,0.010334552051500301
5758,4,0.2092190873506,2164.9999999792817,5,0.16678357622725257,frequency,1,-1,0.042435511123347425,0.042435511123347425
5759,3,0.2100685567258096,2165.0000000225527,10,0.16220771336305895,frequency,5,5,0.04786084336275065,0.04786084336275065
5760,6,0.2268108354697573,2164.9999999792417,5,0.19800584021763545,frequency,1,1,0.02880499525212185,0.02880499525212185
5761,2,0.2435159597740709,2165.0000000225527,5,0.19939629432285438,frequency,3,-3,0.04411966545121651,0.04411966545121651
5762,9,0.2514708259010313,2165.0000000225523,12,0.19403259473446585,frequency,3,-3,0.05743823116656546,0.05743823116656546
5763,12,0.1725649700625946,2164.9999999792817,1,0.261636707694398,frequency,1,-1,-0.0890717376318034,0.0890717376318034
5764,2,0.2438812367613376,2165.0000000225523,1,0.2757293525338879,frequency,1,1,-0.03184811577255031,0.03184811577255031
5784,12,0.3045692383280869,2165.000000022563,1,0.23476477655400166,frequency,1,-1,0.06980446177408525,0.06980446177408525
5785,3,0.5564129567283405,2164.9999999792517,3,0.4111077310851332,frequency,0,0,0.14530522564320725,0.14530522564320725
5786,10,0.7197548905346481,2165.000000022563,1,0.24976466995551552,frequency,3,-3,0.46999022057913264,0.46999022057913264
5787,12,0.4174011808783919,2164.9999999792517,1,0.20929804624818052,frequency,1,-1,0.20810313463021138,0.20810313463021138
5788,12,0.1934808484746236,2165.0000000225523,1,0.30641833141343106,frequency,1,-1,-0.11293748293880745,0.11293748293880745
5789,11,0.2773166715773406,2164.9999999792617,11,0.39565425057127784,frequency,0,0,-0.11833757899393726,0.11833757899393726
5790,10,0.1846786842381024,2165.0000000225523,1,0.261393439382158,frequency,3,-3,-0.07671475514405557,0.07671475514405557
5791,12,0.2927081245228974,2164.9999999792617,3,0.3251398689917529,frequency,3,-3,-0.032431744468855495,0.032431744468855495
5792,10,0.294103668905347,2165.0000000225523,3,0.32562110719235965,frequency,5,-5,-0.031517438287012645,0.031517438287012645
5793,12,0.2077313466890367,2164.9999999792617,1,0.24868159727968944,frequency,1,-1,-0.04095025059065274,0.04095025059065274
5794,9,0.3877553518947912,2165.0000000225523,1,0.29984050835756365,frequency,4,-4,0.08791484353722756,0.08791484353722756
5795,1,0.3088731389877872,2165.0000000225523,1,0.25848704844184456,frequency,0,0,0.05038609054594262,0.05038609054594262
5796,7,0.593194300466021,2164.9999999792617,10,0.2796170819031278,frequency,3,-3,0.31357721856289317,0.31357721856289317
5802,2,0.3365876797771159,2164.9999999792617,1,0.23378913890540362,frequency,1,1,0.10279854087171228,0.10279854087171228
5803,9,0.3573340251472278,2165.0000000225523,2,0.1879163227199089,frequency,5,-5,0.16941770242731888,0.16941770242731888
5804,5,0.5331356440836053,2164.9999999792617,3,0.30673454168152786,frequency,2,2,0.2264011024020774,0.2264011024020774
5805,10,0.3142649000404112,2165.0000000225523,1,0.20886082197731318,frequency,3,-3,0.10540407806309801,0.10540407806309801
5806,2,0.2783545584013009,2164.9999999792617,2,0.25161626657493347,frequency,0,0,0.026738291826367444,0.026738291826367444
5807,3,0.2718500750199854,2165.0000000225523,2,0.27543652299941335,frequency,1,1,-0.0035864479794279203,0.0035864479794279203
5808,9,0.2898343735321163,2164.9999999792617,2,0.27438110635463725,frequency,5,-5,0.015453267177479024,0.015453267177479024
5809,11,0.2890803501811175,2165.0000000225523,2,0.2746532827583611,frequency,3,-3,0.014427067422756401,0.014427067422756401
5810,4,0.2547931959381266,2165.0000000225523,2,0.2754608809312739,frequency,2,2,-0.020667684993147306,0.020667684993147306
5811,1,0.3418012401600847,2164.9999999792617,2,0.3156903362320847,frequency,1,-1,0.026110903927999973,0.026110903927999973
5812,1,0.3518212721375078,2165.0000000225523,1,0.26875045520063556,frequency,0,0,0.08307081693687224,0.08307081693687224
5813,3,0.2573893003791259,2164.9999999792617,1,0.34441174737743,frequency,2,2,-0.08702244699830414,0.08702244699830414
5814,1,0.2236649907616172,2165.0000000225523,1,0.3036072374362821,frequency,0,0,-0.0799422466746649,0.0799422466746649
5815,5,0.1841858114591602,2164.9999999792617,1,0.3150316059077113,frequency,4,4,-0.1308457944485511,0.1308457944485511
5816,2,0.1829275167693622,2165.0000000225523,2,0.23480376024313246,frequency,0,0,-0.05187624347377026,0.05187624347377026
5817,1,0.2805529467105236,2164.9999999792617,1,0.23690528566394797,frequency,0,0,0.043647661046575637,0.043647661046575637
5818,4,0.2008191127457495,2165.0000000225523,1,0.3165104261730006,frequency,3,3,-0.11569131342725111,0.11569131342725111
5819,1,0.2513703150343578,2164.9999999792617,1,0.27051110180380517,frequency,0,0,-0.01914078676944736,0.01914078676944736
5820,3,0.1618285750751855,2165.0000000225523,1,0.2360691386355332,frequency,2,2,-0.0742405635603477,0.0742405635603477
5821,7,0.2641537693138193,2164.9999999792617,3,0.1940226458133759,frequency,4,4,0.0701311235004434,0.0701311235004434
5822,10,0.1779239356742702,2165.0000000225523,3,0.23135710093196601,frequency,5,-5,-0.053433165257695814,0.053433165257695814
5823,2,0.3395428626601383,2164.9999999792617,1,0.165884771052461,frequency,1,1,0.17365809160767728,0.17365809160767728
5825,12,0.3132310323047606,2165.0000000225523,12,0.220848695355094,frequency,0,0,0.09238233694966663,0.09238233694966663
5826,6,0.2268773371612013,2164.9999999792617,11,0.22576857052869145,frequency,5,-5,0.0011087666325098333,0.0011087666325098333
5827,4,0.1812397278740607,2165.0000000225523,11,0.22091923956756654,frequency,5,5,-0.03967951169350584,0.03967951169350584
5828,11,0.2891841418473054,2164.9999999792617,11,0.32017101028585854,frequency,0,0,-0.03098686843855314,0.03098686843855314
5829,11,0.4456977088083375,2165.0000000225523,11,0.2912151182187019,frequency,0,0,0.1544825905896356,0.1544825905896356
5830,11,0.1707689895957969,2164.9999999792817,11,0.47281929717781984,frequency,0,0,-0.30205030758202295,0.30205030758202295
5831,11,0.2206434202172074,2165.0000000225523,11,0.2516349062064829,frequency,0,0,-0.03099148598927548,0.03099148598927548
5832,7,0.2671527564765605,2164.9999999792417,11,0.25272398978892974,frequency,4,-4,0.014428766687630767,0.014428766687630767
5833,3,0.2576641993989083,2165.0000000225527,11,0.26553535564990416,frequency,4,4,-0.007871156250995881,0.007871156250995881
5834,10,0.2139460350154369,2164.9999999792417,9,0.29716713839539993,frequency,1,1,-0.08322110337996302,0.08322110337996302
5835,5,0.1950281997779365,2165.000000022593,11,0.20359590801818772,frequency,6,-6,-0.008567708240251215,0.008567708240251215
5836,11,0.4307021592420379,2164.9999999792417,11,0.29594492026839925,frequency,0,0,0.13475723897363867,0.13475723897363867
5837,5,0.2746783897917309,2165.0000000225527,11,0.288015667371115,frequency,6,-6,-0.013337277579384077,0.013337277579384077
5838,4,0.2466912008831698,2164.9999999792417,5,0.18052159785563052,frequency,1,-1,0.06616960302753927,0.06616960302753927
5839,9,0.1565897220907666,2165.000000022593,9,0.23071453296932845,frequency,0,0,-0.07412481087856185,0.07412481087856185
5840,5,0.2820499825317196,2165.0000000225523,9,0.22583671627071752,frequency,4,-4,0.056213266261002065,0.056213266261002065
5841,5,0.2476984608935949,2164.9999999792417,5,0.23421481869644478,frequency,0,0,0.01348364219715012,0.01348364219715012
5842,6,0.2496162008846476,2165.0000000225523,5,0.24773878055749426,frequency,1,1,0.001877420327153323,0.001877420327153323
5843,9,0.2769748627438164,2164.9999999792817,9,0.2305296445561154,frequency,0,0,0.046445218187700976,0.046445218187700976
5844,1,0.206660854412554,2165.0000000225523,5,0.26145408479371046,frequency,4,-4,-0.054793230381156466,0.054793230381156466
5845,4,0.1892663292926368,2164.9999999792417,9,0.22732491389207807,frequency,5,-5,-0.03805858459944128,0.03805858459944128
5846,11,0.2512611357917195,2165.0000000225523,2,0.18496622584932335,frequency,3,-3,0.06629490994239615,0.06629490994239615
5847,9,0.2111196899324444,2164.9999999792417,2,0.16826375155305692,frequency,5,-5,0.042855938379387476,0.042855938379387476
5848,5,0.2685953839737061,2165.000000022593,5,0.18680508789858108,frequency,0,0,0.081790296075125,0.081790296075125
5849,6,0.1949137462670272,2164.9999999792417,1,0.18632891215950673,frequency,5,5,0.008584834107520478,0.008584834107520478
5850,12,0.2184203067748211,2165.0000000225527,9,0.16028853779654267,frequency,3,3,0.05813176897827843,0.05813176897827843
5851,2,0.2003713080589589,2164.9999999792417,2,0.2129157377340254,frequency,0,0,-0.012544429675066499,0.012544429675066499
5852,1,0.3807582431928531,2165.000000022593,1,0.17340746711110508,frequency,0,0,0.20735077608174804,0.20735077608174804
5870,11,0.3952311821477669,2165.000000022563,1,0.2749724628950942,frequency,2,-2,0.12025871925267273,0.12025871925267273
5871,2,0.2250059203253889,2164.9999999792517,3,0.31016570609302624,frequency,1,-1,-0.08515978576763733,0.08515978576763733
5872,3,0.2798460709203241,2165.000000022563,1,0.26162255781022564,frequency,2,2,0.018223513110098455,0.018223513110098455
5873,6,0.1647939705408696,2164.9999999792517,3,0.3519214314943641,frequency,3,3,-0.1871274609534945,0.1871274609534945
5874,3,0.2928673109158545,2165.000000022563,1,0.3092042186001918,frequency,2,2,-0.01633690768433732,0.01633690768433732
5875,1,0.2071143725960967,2165.0000000225523,3,0.23052377651627434,frequency,2,-2,-0.02340940392017765,0.02340940392017765
5876,11,0.3204278586204444,2164.9999999792617,11,0.22724282623117856,frequency,0,0,0.09318503238926582,0.09318503238926582
5877,4,0.2874038864239436,2165.0000000225523,1,0.37652018809794074,frequency,3,3,-0.08911630167399714,0.08911630167399714
5878,9,0.2639631364069507,2164.9999999792617,3,0.3730553004034876,frequency,6,6,-0.10909216399653693,0.10909216399653693
5879,12,0.3149442052686787,2165.0000000225523,1,0.33465251144403185,frequency,1,-1,-0.01970830617535313,0.01970830617535313
5880,6,0.18319876960248,2164.9999999792617,1,0.3331429699211812,frequency,5,5,-0.1499442003187012,0.1499442003187012
5881,3,0.3887882306525247,2165.0000000225523,1,0.312312518010081,frequency,2,2,0.07647571264244374,0.07647571264244374
5882,5,0.3810298333246698,2164.9999999792617,1,0.31336383080551905,frequency,4,4,0.06766600251915073,0.06766600251915073
5883,12,0.5182222681373387,2165.0000000225527,11,0.33437703159035037,frequency,1,1,0.18384523654698837,0.18384523654698837
5887,9,0.7123093858856331,2165.0000000225527,10,0.3563913151095432,frequency,1,-1,0.3559180707760899,0.3559180707760899
5889,4,0.422263117482804,2165.000000022573,1,0.2489886356860173,frequency,3,3,0.17327448179678667,0.17327448179678667
5890,2,0.4533869276946306,2165.0000000225523,3,0.18237802397945468,frequency,1,-1,0.27100890371517594,0.27100890371517594
5891,1,0.418674766710329,2164.9999999792617,3,0.18186379205652944,frequency,2,-2,0.23681097465379955,0.23681097465379955
5892,9,0.3236577467079159,2165.0000000225523,2,0.2237679163485408,frequency,5,-5,0.09988983035937513,0.09988983035937513
5893,11,0.1599834748348303,2164.9999999792617,2,0.26340621297106986,frequency,3,-3,-0.10342273813623956,0.10342273813623956
5894,11,0.2536115227509841,2165.0000000225523,1,0.24771271257831667,frequency,2,-2,0.0058988101726674125,0.0058988101726674125
5895,4,0.217584169491353,2164.9999999792617,2,0.2874729460068137,frequency,2,2,-0.06988877651546072,0.06988877651546072
5896,4,0.3041322119499631,2165.0000000225523,2,0.28280841981186916,frequency,2,2,0.021323792138093933,0.021323792138093933
5897,1,0.1988044125477247,2164.9999999792617,1,0.2861064901704908,frequency,0,0,-0.08730207762276607,0.08730207762276607
5898,12,0.3386045712003597,2165.0000000225527,1,0.29917495171730174,frequency,1,-1,0.039429619483057954,0.039429619483057954
5899,3,0.2222290005440212,2164.9999999792617,1,0.2582357013122004,frequency,2,2,-0.03600670076817922,0.03600670076817922
5900,10,0.210804151725833,2165.0000000225527,1,0.34565615196932736,frequency,3,-3,-0.13485200024349436,0.13485200024349436
5901,2,0.2220406689367921,2164.9999999792417,1,0.29493698023096304,frequency,1,1,-0.07289631129417093,0.07289631129417093
5902,11,0.2767374997833,2165.000000022573,1,0.2679255902963443,frequency,2,-2,0.008811909486955705,0.008811909486955705
5903,1,0.1624971478680085,2164.9999999792417,1,0.2649755348107079,frequency,0,0,-0.1024783869426994,0.1024783869426994
5904,9,0.3622184033048813,2165.000000022573,2,0.2034594316613846,frequency,5,-5,0.1587589716434967,0.1587589716434967
5905,2,0.1988391934831804,2165.0000000225523,1,0.3066915171778273,frequency,1,1,-0.10785232369464687,0.10785232369464687
5906,6,0.1514956747932123,2164.9999999792617,1,0.27024034989712914,frequency,5,5,-0.11874467510391684,0.11874467510391684
5907,12,0.1924434814030535,2165.0000000225523,1,0.24895675711975218,frequency,1,-1,-0.056513275716698674,0.056513275716698674
5908,11,0.192891985215748,2164.9999999792617,1,0.17997172310419746,frequency,2,-2,0.012920262111550535,0.012920262111550535
5909,6,0.1913864303096918,2165.0000000225523,3,0.18508568074557283,frequency,3,3,0.006300749564118968,0.006300749564118968
5910,1,0.2349232160188242,2164.9999999792617,3,0.26501843442611284,frequency,2,-2,-0.030095218407288626,0.030095218407288626
5911,12,0.2980716640891032,2165.0000000225523,12,0.17690025472797472,frequency,0,0,0.12117140936112847,0.12117140936112847
5912,8,0.216072890683303,2164.9999999792617,12,0.2548104901999966,frequency,4,-4,-0.03873759951669359,0.03873759951669359
5913,10,0.2190159313584165,2165.0000000225527,12,0.25375910026938925,frequency,2,-2,-0.03474316891097276,0.03474316891097276
5914,4,0.1923632180375024,2164.9999999792417,2,0.19348867651495397,frequency,2,2,-0.0011254584774515741,0.0011254584774515741
5915,11,0.216051609732509,2165.000000022573,6,0.19816747230875909,frequency,5,5,0.01788413742374992,0.01788413742374992
5916,12,0.3120264233193339,2164.9999999792417,11,0.4043583836622876,frequency,1,1,-0.09233196034295371,0.09233196034295371
5918,6,0.2334049935880369,2164.9999999792417,11,0.3580083305954237,frequency,5,-5,-0.1246033370073868,0.1246033370073868
5919,11,0.2905284120493041,2165.0000000225527,11,0.3356769429883987,frequency,0,0,-0.0451485309390946,0.0451485309390946
5920,10,0.2597457455107156,2165.0000000225523,11,0.2534839207261668,frequency,1,-1,0.006261824784548786,0.006261824784548786
5921,4,0.2627967005758976,2164.9999999792817,9,0.2665619419947029,frequency,5,-5,-0.0037652414188052985,0.0037652414188052985
5922,11,0.2627999279226923,2165.0000000225523,9,0.18459995668108925,frequency,2,2,0.07819997124160305,0.07819997124160305
5923,9,0.3224925382223957,2164.9999999792417,9,0.2533616136244755,frequency,0,0,0.0691309245979202,0.0691309245979202
5924,10,0.278575229480534,2165.0000000225523,11,0.2304835669021283,frequency,1,-1,0.04809166257840569,0.04809166257840569
5925,5,0.2361971119047472,2164.9999999792817,3,0.17669545647901752,frequency,2,2,0.05950165542572969,0.05950165542572969
5926,5,0.2080242405345755,2165.0000000225523,5,0.18907213804518214,frequency,0,0,0.018952102489393358,0.018952102489393358
5927,12,0.1569228524259397,2164.9999999792417,9,0.19329722007262337,frequency,3,3,-0.03637436764668367,0.03637436764668367
5928,10,0.2085016519566832,2165.0000000225527,5,0.22594491882387316,frequency,5,5,-0.01744326686718997,0.01744326686718997
5929,10,0.2476928718413122,2164.9999999792817,9,0.19092566097642238,frequency,1,1,0.05676721086488981,0.05676721086488981
5930,11,0.1864221601727046,2165.0000000225527,9,0.16979249675285965,frequency,2,2,0.016629663419844953,0.016629663419844953
5931,9,0.263564098826718,2164.9999999792417,9,0.2258367162707175,frequency,0,0,0.0377273825560005,0.0377273825560005
5932,12,0.1850476422171788,2165.0000000225527,9,0.23171127827103086,frequency,3,3,-0.04666363605385207,0.04666363605385207
5933,2,0.1420462991952844,2164.9999999792817,9,0.1617030543910274,frequency,5,5,-0.019656755195743003,0.019656755195743003
5934,8,0.1901061048252796,2165.0000000225527,9,0.18172918068898,frequency,1,-1,0.00837692413629959,0.00837692413629959
5935,1,0.2336665097911902,2164.9999999792417,2,0.16349024992078964,frequency,1,-1,0.07017625987040055,0.07017625987040055
5936,9,0.1709258874229627,2165.0000000225527,5,0.22176271096423525,frequency,4,4,-0.05083682354127256,0.05083682354127256
5937,1,0.1874268606602695,2165.0000000225523,5,0.22065004641202057,frequency,4,-4,-0.033223185751751066,0.033223185751751066
5938,9,0.2370955328322021,2164.9999999792817,2,0.22323869156011442,frequency,5,-5,0.013856841272087694,0.013856841272087694
5939,12,0.3061822432351581,2165.0000000225523,1,0.2256068222069799,frequency,1,-1,0.08057542102817819,0.08057542102817819
5958,3,0.3318228789167545,2164.9999999792517,3,0.2554385909452531,frequency,0,0,0.07638428797150137,0.07638428797150137
5959,1,0.2059653406750654,2165.000000022563,11,0.26974311603472967,frequency,2,2,-0.06377777535966428,0.06377777535966428
5960,6,0.2355383261860345,2164.9999999792517,3,0.34870219628321303,frequency,3,3,-0.11316387009717851,0.11316387009717851
5961,1,0.2577337268952129,2165.000000022563,3,0.3518090692470473,frequency,2,-2,-0.0940753423518344,0.0940753423518344
5962,10,0.3165738878399493,2164.9999999792517,3,0.49345388937967605,frequency,5,-5,-0.17688000153972677,0.17688000153972677
5963,3,0.3082840081812822,2165.0000000225523,3,0.5233536408471134,frequency,0,0,-0.21506963266583123,0.21506963266583123
5964,4,0.3946606084367797,2164.9999999792617,1,0.30748957157460755,frequency,3,3,0.08717103686217215,0.08717103686217215
5965,6,0.2503735753675447,2165.0000000225523,1,0.2994261329361198,frequency,5,5,-0.04905255756857513,0.04905255756857513
5966,11,0.1789711584445058,2164.9999999792617,3,0.2720644660771679,frequency,4,-4,-0.09309330763266208,0.09309330763266208
5967,3,0.3094483795053027,2165.0000000225523,3,0.2720644660771679,frequency,0,0,0.037383913428134796,0.037383913428134796
5968,3,0.3489184740034843,2164.9999999792617,1,0.3593715177178516,frequency,2,2,-0.010453043714367283,0.010453043714367283
5969,3,0.529864035111634,2165.0000000225523,1,0.17537673890120672,frequency,2,2,0.3544872962104273,0.3544872962104273
5970,1,0.1965174437385524,2165.0000000225523,3,0.2326029084659039,frequency,2,-2,-0.036085464727351496,0.036085464727351496
5971,10,0.288667016452085,2164.9999999792617,3,0.26789010469097774,frequency,5,-5,0.020776911761107242,0.020776911761107242
5972,12,0.4539382672652567,2165.0000000225523,1,0.27608341905659406,frequency,1,-1,0.17785484820866265,0.17785484820866265
5973,8,0.3196130682444964,2164.9999999792617,10,0.2557493490214386,frequency,2,-2,0.06386371922305784,0.06386371922305784
5974,1,0.3250643310002217,2165.0000000225523,1,0.3990352937626059,frequency,0,0,-0.07397096276238418,0.07397096276238418
5975,12,0.2312981167830757,2164.9999999792617,1,0.3501170219495224,frequency,1,-1,-0.11881890516644666,0.11881890516644666
5976,3,0.3700600214194106,2165.0000000225523,1,0.28168238965797615,frequency,2,2,0.08837763176143443,0.08837763176143443
5977,4,0.2988685892370331,2164.9999999792617,2,0.2237558606479827,frequency,2,2,0.07511272858905038,0.07511272858905038
5978,12,0.3081678305001067,2165.0000000225523,2,0.2779756684769585,frequency,2,-2,0.030192162023148228,0.030192162023148228
5979,10,0.4529668207815051,2164.9999999792617,2,0.16379329417094796,frequency,4,-4,0.2891735266105571,0.2891735266105571
5980,2,0.2494851516851653,2165.0000000225523,2,0.16379329417094796,frequency,0,0,0.08569185751421735,0.08569185751421735
5981,12,0.1616310704363597,2164.9999999792617,1,0.23345771071077553,frequency,1,-1,-0.07182664027441585,0.07182664027441585
5982,2,0.3130127396511455,2165.0000000225523,2,0.28834446902317695,frequency,0,0,0.024668270627968558,0.024668270627968558
5983,2,0.2918811406035262,2164.9999999792617,2,0.3491476352362713,frequency,0,0,-0.05726649463274508,0.05726649463274508
5984,6,0.2746340273862275,2165.0000000225523,1,0.2550534659522258,frequency,5,5,0.01958056143400172,0.01958056143400172
5985,1,0.2041097795927672,2165.0000000225523,2,0.29519056032119395,frequency,1,-1,-0.09108078072842676,0.09108078072842676
5986,2,0.2442910128835808,2164.9999999792617,1,0.2651644287322701,frequency,1,1,-0.020873415848689292,0.020873415848689292
5987,10,0.2619588980936556,2165.0000000225523,1,0.30010018740556776,frequency,3,-3,-0.038141289311912185,0.038141289311912185
5988,7,0.2292896568265854,2164.9999999792617,1,0.3097575482294084,frequency,6,6,-0.08046789140282298,0.08046789140282298
5989,3,0.2005177827471767,2165.0000000225523,1,0.2688038761156397,frequency,2,2,-0.06828609336846303,0.06828609336846303
5990,10,0.1679222445444324,2164.9999999792617,1,0.2817185655144659,frequency,3,-3,-0.1137963209700335,0.1137963209700335
5991,8,0.1959934637172028,2165.0000000225523,1,0.24692491565305083,frequency,5,-5,-0.05093145193584803,0.05093145193584803
5992,8,0.2411133098414764,2164.9999999792617,1,0.24669930008318153,frequency,5,-5,-0.005585990241705141,0.005585990241705141
5993,8,0.1973357207071007,2165.0000000225523,1,0.289226822325064,frequency,5,-5,-0.09189110161796332,0.09189110161796332
5994,6,0.2188583553919607,2164.9999999792617,1,0.25991080223387547,frequency,5,5,-0.04105244684191478,0.04105244684191478
5995,12,0.2306358600907487,2165.0000000225523,1,0.2696879390835335,frequency,1,-1,-0.03905207899278479,0.03905207899278479
5996,12,0.2546064847052853,2164.9999999792617,1,0.20781449017213097,frequency,1,-1,0.04679199453315433,0.04679199453315433
5997,4,0.1731557555555248,2165.0000000225523,1,0.19825732969230567,frequency,3,3,-0.02510157413678088,0.02510157413678088
5998,4,0.1779241671276633,2164.9999999792617,3,0.22185956825874045,frequency,1,1,-0.04393540113107716,0.04393540113107716
5999,12,0.1852602326049877,2165.0000000225523,11,0.18413998540353774,frequency,1,1,0.0011202472014499587,0.0011202472014499587
6000,2,0.1558830894724409,2165.0000000225523,12,0.26523152881160056,frequency,2,2,-0.10934843933915966,0.10934843933915966
6001,12,0.2719644984500341,2164.9999999792617,2,0.18495798853299575,frequency,2,-2,0.08700650991703837,0.08700650991703837
6002,11,0.1734587752727867,2165.0000000225523,11,0.19487290772078875,frequency,0,0,-0.021414132448002055,0.021414132448002055
6003,7,0.1662127939565613,2164.9999999792617,11,0.271880167187213,frequency,4,-4,-0.10566737323065167,0.10566737323065167
6004,12,0.2526077515085566,2165.0000000225523,11,0.3240393322369697,frequency,1,1,-0.0714315807284131,0.0714315807284131
6006,9,0.2112239832804022,2165.0000000225523,11,0.2889936425907852,frequency,2,-2,-0.07776965931038299,0.07776965931038299
6007,7,0.2298221188553788,2164.9999999792417,9,0.21324955359576234,frequency,2,-2,0.01657256525961645,0.01657256525961645
6008,7,0.2454992135724706,2165.0000000225527,11,0.37140666696731617,frequency,4,-4,-0.12590745339484558,0.12590745339484558
6009,7,0.1323189682263051,2164.9999999792417,11,0.30368420035376203,frequency,4,-4,-0.17136523212745694,0.17136523212745694
6010,11,0.325164033277724,2165.000000022593,11,0.2414069762393444,frequency,0,0,0.08375705703837957,0.08375705703837957
6011,7,0.1358866457370031,2164.9999999792417,11,0.16946551977880556,frequency,4,-4,-0.03357887404180246,0.03357887404180246
6012,10,0.1574745154996036,2165.0000000225527,9,0.1769888351832351,frequency,1,1,-0.019514319683631515,0.019514319683631515
6013,7,0.1968429993388887,2164.9999999792417,9,0.24295918178003664,frequency,2,-2,-0.04611618244114793,0.04611618244114793
6014,7,0.1948796837077806,2165.000000022593,9,0.17922244217621996,frequency,2,-2,0.015657241531560645,0.015657241531560645
6015,4,0.172528263918951,2165.0000000225523,9,0.17945526771286274,frequency,5,-5,-0.006927003793911729,0.006927003793911729
6016,8,0.2589341867574755,2164.9999999792417,3,0.2593097730889059,frequency,5,5,-0.00037558633143042197,0.00037558633143042197
6017,3,0.2285114324920244,2165.0000000225523,3,0.20939561082267832,frequency,0,0,0.019115821669346084,0.019115821669346084
6018,9,0.2387314840284075,2164.9999999792817,3,0.1949552207672096,frequency,6,6,0.04377626326119788,0.04377626326119788
6019,8,0.2909245345179141,2165.0000000225523,5,0.16637249179514244,frequency,3,3,0.12455204272277168,0.12455204272277168
6020,9,0.2571868336811507,2164.9999999792417,9,0.1616740708089147,frequency,0,0,0.095512762872236,0.095512762872236
6021,9,0.2780771067559168,2165.0000000225523,3,0.20726864404458686,frequency,6,6,0.07080846271132993,0.07080846271132993
6022,5,0.283523081222901,2164.9999999792417,5,0.20024146257330114,frequency,0,0,0.08328161864959985,0.08328161864959985
6023,4,0.1957517824496182,2165.000000022593,1,0.19938602123919158,frequency,3,3,-0.0036342387895733907,0.0036342387895733907
6024,8,0.156091291915348,2164.9999999792417,1,0.23071420054846786,frequency,5,-5,-0.07462290863311985,0.07462290863311985
6025,6,0.2403422680746597,2165.0000000225527,5,0.23668806759191857,frequency,1,1,0.003654200482741121,0.003654200482741121
6026,4,0.2094158518312862,2164.9999999792417,1,0.2966173249542777,frequency,3,3,-0.08720147312299148,0.08720147312299148
6042,1,0.3182847674295749,2164.9999999792517,11,0.28955301427493746,frequency,2,2,0.02873175315463744,0.02873175315463744
6043,11,0.3186269768494062,2165.000000022563,1,0.23682612690548985,frequency,2,-2,0.08180084994391637,0.08180084994391637
6044,3,0.2670012307813157,2164.9999999792517,2,0.2935523977583271,frequency,1,1,-0.026551166977011376,0.026551166977011376
6045,3,0.4831455508081598,2165.000000022563,2,0.2789540109222585,frequency,1,1,0.20419153988590127,0.20419153988590127
6046,2,0.4262281864303565,2164.9999999792517,1,0.2354545562467354,frequency,1,1,0.1907736301836211,0.1907736301836211
6047,10,0.4066509415060512,2165.000000022563,1,0.33235757712226977,frequency,3,-3,0.07429336438378142,0.07429336438378142
6048,5,0.2433726090154746,2164.9999999792517,2,0.2823044919538744,frequency,3,3,-0.0389318829383998,0.0389318829383998
6049,3,0.4062829237805365,2165.000000022563,2,0.2652652535699348,frequency,1,1,0.1410176702106017,0.1410176702106017
6050,2,0.3908791116348157,2165.0000000225523,1,0.27463682927133226,frequency,1,1,0.11624228236348344,0.11624228236348344
6051,3,0.3254001809140343,2164.9999999792617,3,0.2843783681305848,frequency,0,0,0.04102181278344946,0.04102181278344946
6052,11,0.3195290548384785,2165.0000000225523,3,0.3077026820652875,frequency,4,-4,0.011826372773190985,0.011826372773190985
6053,3,0.2401941835580928,2164.9999999792617,1,0.30085837642280583,frequency,2,2,-0.06066419286471303,0.06066419286471303
6054,3,0.313775578745181,2165.0000000225523,1,0.4009866085079821,frequency,2,2,-0.0872110297628011,0.0872110297628011
6055,11,0.2444609918067303,2164.9999999792617,1,0.4115464599678609,frequency,2,-2,-0.16708546816113057,0.16708546816113057
6056,10,0.3011085866059015,2165.0000000225523,3,0.2589282808516675,frequency,5,-5,0.04218030575423398,0.04218030575423398
6057,12,0.2641714772941222,2164.9999999792617,3,0.19389768371938013,frequency,3,-3,0.07027379357474209,0.07027379357474209
6058,2,0.2344423889817498,2165.0000000225527,3,0.19389768371938013,frequency,1,-1,0.04054470526236967,0.04054470526236967
6059,1,0.225303597991739,2164.9999999792617,10,0.2436275926181832,frequency,3,3,-0.018323994626444212,0.018323994626444212
6060,1,0.4003334737995341,2165.0000000225527,11,0.21875564202544334,frequency,2,2,0.18157783177409076,0.18157783177409076
6061,1,0.3371683467472733,2164.9999999792617,1,0.18732350246663665,frequency,0,0,0.14984484428063666,0.14984484428063666
6062,1,0.3334390389396618,2165.0000000225527,1,0.18732350246663665,frequency,0,0,0.14611553647302516,0.14611553647302516
6063,2,0.2754288468827248,2164.9999999792417,1,0.24689187296746387,frequency,1,1,0.028536973915260916,0.028536973915260916
6064,1,0.5149159105910726,2165.000000022573,1,0.27428646106677673,frequency,0,0,0.24062944952429582,0.24062944952429582
6065,11,0.3511497275599193,2165.0000000225523,2,0.22374380624637835,frequency,3,-3,0.12740592131354095,0.12740592131354095
6066,4,0.2335191065598562,2164.9999999792617,10,0.25580872319222064,frequency,6,-6,-0.02228961663236445,0.02228961663236445
6067,10,0.2737169603008642,2165.0000000225523,2,0.41757878852778213,frequency,4,-4,-0.14386182822691795,0.14386182822691795
6068,4,0.2244615779793629,2164.9999999792617,1,0.24827209382234816,frequency,3,3,-0.02381051584298527,0.02381051584298527
6069,9,0.2085984318570418,2165.0000000225523,2,0.2736613675905191,frequency,5,-5,-0.06506293573347732,0.06506293573347732
6070,12,0.1936391199766711,2164.9999999792617,2,0.22981282967775996,frequency,2,-2,-0.03617370970108885,0.03617370970108885
6071,2,0.2886542562060875,2165.0000000225523,1,0.2871740853757859,frequency,1,1,0.0014801708303015526,0.0014801708303015526
6072,4,0.3093952507829503,2164.9999999792617,2,0.26390834810856384,frequency,2,2,0.04548690267438649,0.04548690267438649
6073,7,0.2925414780375244,2165.0000000225527,1,0.3035680292184468,frequency,6,6,-0.011026551180922384,0.011026551180922384
6074,1,0.1980471325684168,2164.9999999792617,2,0.2754608809312739,frequency,1,-1,-0.07741374836285711,0.07741374836285711
6075,6,0.1711375176389971,2165.0000000225527,2,0.27546088093127397,frequency,4,4,-0.10432336329227687,0.10432336329227687
6076,6,0.2143442025541944,2164.9999999792417,1,0.2817185655144659,frequency,5,5,-0.0673743629602715,0.0673743629602715
6077,3,0.15395701211236,2165.000000022573,1,0.2373731127737961,frequency,2,2,-0.08341610066143612,0.08341610066143612
6078,5,0.1616599303659846,2164.9999999792417,1,0.25752305892014626,frequency,4,4,-0.09586312855416165,0.09586312855416165
6079,8,0.2608176271080655,2165.000000022573,1,0.25752305892014626,frequency,5,-5,0.0032945681879192334,0.0032945681879192334
6080,2,0.2033263659351069,2165.0000000225523,1,0.25683888539198635,frequency,1,1,-0.05351251945687946,0.05351251945687946
6081,8,0.2155579957056039,2164.9999999792617,1,0.22570772109029338,frequency,5,-5,-0.010149725384689473,0.010149725384689473
6082,6,0.163552302719649,2165.0000000225523,1,0.22569719052728968,frequency,5,5,-0.062144887807640686,0.062144887807640686
6083,4,0.2041332412763974,2164.9999999792617,1,0.19826748679372597,frequency,3,3,0.005865754482671431,0.005865754482671431
6084,11,0.1793666200984447,2165.0000000225523,1,0.22124661949471774,frequency,2,-2,-0.04187999939627304,0.04187999939627304
6085,4,0.2104429785060897,2164.9999999792617,11,0.1934908376082025,frequency,5,5,0.016952140897887213,0.016952140897887213
6086,6,0.17539848866777,2165.0000000225523,3,0.1770782387367208,frequency,3,3,-0.0016797500689507971,0.0016797500689507971
6087,4,0.1797461182260557,2164.9999999792617,11,0.23040532946429484,frequency,5,5,-0.05065921123823913,0.05065921123823913
6088,1,0.1676806793796348,2165.0000000225527,12,0.2873094498927015,frequency,1,1,-0.11962877051306672,0.11962877051306672
6089,1,0.2201504956148965,2164.9999999792417,2,0.22375586064798272,frequency,1,-1,-0.0036053650330862275,0.0036053650330862275
6090,11,0.3170803454450964,2165.000000022573,2,0.201966408910813,frequency,3,-3,0.1151139365342834,0.1151139365342834
6091,2,0.2680012901427408,2164.9999999792417,11,0.338605692739271,frequency,3,3,-0.07060440259653017,0.07060440259653017
6094,12,0.2647866816858714,2165.0000000225527,11,0.4154727898442909,frequency,1,1,-0.15068610815841954,0.15068610815841954
6095,12,0.1843440589050199,2165.0000000225523,9,0.3367623523086764,frequency,3,3,-0.1524182934036565,0.1524182934036565
6096,7,0.322326791140071,2164.9999999792817,9,0.2240822131637949,frequency,2,-2,0.09824457797627612,0.09824457797627612
6097,7,0.2433694287168441,2165.0000000225523,6,0.2096618612825222,frequency,1,1,0.033707567434321906,0.033707567434321906
6098,1,0.1944868136104666,2164.9999999792417,6,0.2096618612825222,frequency,5,-5,-0.015175047672055603,0.015175047672055603
6099,1,0.1701231817584612,2165.0000000225523,9,0.23123501373224936,frequency,4,4,-0.06111183197378817,0.06111183197378817
6100,1,0.3239521474823942,2164.9999999792817,6,0.2088608219773132,frequency,5,-5,0.115091325505081,0.115091325505081
6101,4,0.2242809139284829,2165.0000000225523,6,0.2354832103008878,frequency,2,-2,-0.011202296372404913,0.011202296372404913
6102,4,0.1700085238514578,2164.9999999792417,9,0.21347035265470554,frequency,5,-5,-0.043461828803247754,0.043461828803247754
6103,8,0.1814845415888754,2165.0000000225527,3,0.27104331340073196,frequency,5,5,-0.08955877181185656,0.08955877181185656
6104,11,0.2711205622268101,2164.9999999792817,3,0.2301761215863554,frequency,4,-4,0.04094444064045469,0.04094444064045469
6105,4,0.199434398646064,2165.0000000225527,2,0.1686646424972563,frequency,2,2,0.030769756148807698,0.030769756148807698
6106,10,0.2387446012108167,2164.9999999792417,10,0.28972559506691115,frequency,0,0,-0.05098099385609445,0.05098099385609445
6107,3,0.1965419295075923,2165.0000000225527,10,0.1963979861940105,frequency,5,5,0.0001439433135818069,0.0001439433135818069
6108,3,0.1793247578685366,2164.9999999792817,7,0.17737647813731783,frequency,4,-4,0.0019482797312187772,0.0019482797312187772
6109,5,0.1589642682989426,2165.0000000225527,1,0.14374860708714066,frequency,4,4,0.015215661211801956,0.015215661211801956
6110,1,0.1841500685988105,2164.9999999792417,9,0.18400986463329494,frequency,4,4,0.0001402039655155618,0.0001402039655155618
6111,1,0.2815721795513506,2165.0000000225527,9,0.20489824077268023,frequency,4,4,0.07667393877867038,0.07667393877867038
6112,3,0.1601593300168487,2165.0000000225523,1,0.1876601089509626,frequency,2,2,-0.0275007789341139,0.0275007789341139
6113,3,0.1788228478018629,2164.9999999792817,2,0.16786476180711918,frequency,1,1,0.01095808599474371,0.01095808599474371
6130,2,0.2233442847024579,2165.0000000225523,2,0.28774514580743427,frequency,0,0,-0.06440086110497636,0.06440086110497636
6131,3,0.440771432659842,2164.9999999792517,1,0.2705111018038051,frequency,2,2,0.17026033085603687,0.17026033085603687
6132,3,0.4408485825535725,2165.000000022563,11,0.2687065147593293,frequency,4,4,0.17214206779424324,0.17214206779424324
6133,2,0.253200179967012,2164.9999999792517,1,0.198916014074266,frequency,1,1,0.054284165892745984,0.054284165892745984
6134,1,0.2465815228953654,2165.000000022563,3,0.25689282609595565,frequency,2,-2,-0.01031130320059026,0.01031130320059026
6135,4,0.6052094599233813,2164.9999999792517,1,0.20654390232726696,frequency,3,3,0.39866555759611433,0.39866555759611433
6136,3,0.3413803727732957,2165.000000022563,1,0.19777815864508191,frequency,2,2,0.14360221412821378,0.14360221412821378
6137,5,0.2530057041408031,2164.9999999792517,1,0.29733583939704555,frequency,4,4,-0.044330135256242464,0.044330135256242464
6138,1,0.4388373430784152,2165.0000000225523,1,0.2594088218945166,frequency,0,0,0.17942852118389863,0.17942852118389863
6139,11,0.5332061991433854,2164.9999999792617,3,0.39011420994312135,frequency,4,-4,0.14309198920026406,0.14309198920026406
6140,1,0.3802921912782606,2165.0000000225523,3,0.3458067315486455,frequency,2,-2,0.03448545972961509,0.03448545972961509
6141,1,0.2548629425709651,2164.9999999792617,3,0.3652842177302137,frequency,2,-2,-0.1104212751592486,0.1104212751592486
6142,1,0.3551159691682585,2165.0000000225523,3,0.3608112678601924,frequency,2,-2,-0.005695298691933914,0.005695298691933914
6143,4,0.2078642456001721,2164.9999999792617,3,0.22250880890723654,frequency,1,1,-0.014644563307064429,0.014644563307064429
6144,6,0.2100455658632614,2165.0000000225523,3,0.22863930404898067,frequency,3,3,-0.018593738185719272,0.018593738185719272
6145,9,0.3206410515258225,2165.0000000225523,3,0.22499550426659604,frequency,6,6,0.09564554725922647,0.09564554725922647
6146,10,0.2476529356793121,2164.9999999792617,3,0.21512983514856876,frequency,5,-5,0.03252310053074334,0.03252310053074334
6147,10,0.2429721046573424,2165.0000000225523,1,0.29003813068258677,frequency,3,-3,-0.04706602602524437,0.04706602602524437
6148,7,0.1787553084720966,2164.9999999792617,3,0.3281790067309442,frequency,4,4,-0.14942369825884758,0.14942369825884758
6149,9,0.2418470039752603,2165.0000000225523,3,0.3896979127811541,frequency,6,6,-0.14785090880589383,0.14785090880589383
6150,7,0.3632331326023734,2164.9999999792617,3,0.2873269026906617,frequency,4,4,0.0759062299117117,0.0759062299117117
6151,9,0.2786422544511245,2165.0000000225523,2,0.22322669281552993,frequency,5,-5,0.05541556163559458,0.05541556163559458
6152,4,0.2400036977447541,2164.9999999792617,2,0.2779756684769585,frequency,2,2,-0.037971970732204374,0.037971970732204374
6153,10,0.2086851759092688,2165.0000000225523,2,0.2953645049158034,frequency,4,-4,-0.0866793290065346,0.0866793290065346
6154,3,0.1880022527498822,2164.9999999792617,2,0.32396859627877517,frequency,1,1,-0.13596634352889297,0.13596634352889297
6155,2,0.204057941370621,2165.0000000225523,1,0.2713393049527503,frequency,1,1,-0.06728136358212933,0.06728136358212933
6156,3,0.3126139309605426,2164.9999999792617,1,0.29917495171730174,frequency,2,2,0.013438979243240834,0.013438979243240834
6157,4,0.2331941556024515,2165.0000000225523,2,0.26464266453781043,frequency,2,2,-0.03144850893535894,0.03144850893535894
6158,1,0.3066615868937864,2164.9999999792617,2,0.24083652930630367,frequency,1,-1,0.06582505758748275,0.06582505758748275
6159,6,0.3446454801213886,2165.0000000225523,2,0.2639083481085638,frequency,4,4,0.08073713201282484,0.08073713201282484
6160,9,0.1758825484676432,2165.0000000225523,1,0.3131682411216978,frequency,4,-4,-0.13728569265405458,0.13728569265405458
6161,4,0.3096625523133167,2164.9999999792617,1,0.3131682411216978,frequency,3,3,-0.003505688808381091,0.003505688808381091
6162,10,0.2205392309853133,2165.0000000225523,2,0.3009216033365045,frequency,4,-4,-0.08038237235119117,0.08038237235119117
6163,12,0.1689357405718431,2164.9999999792617,1,0.31285573447256,frequency,1,-1,-0.14391999390071689,0.14391999390071689
6164,11,0.1503043596473927,2165.0000000225523,1,0.2823803690444058,frequency,2,-2,-0.13207600939701308,0.13207600939701308
6165,8,0.2495662195683149,2164.9999999792617,1,0.24766015497164715,frequency,5,-5,0.0019060645966677559,0.0019060645966677559
6166,5,0.2093079237687514,2165.0000000225523,1,0.27798439849511153,frequency,4,4,-0.06867647472636013,0.06867647472636013
6167,9,0.2556121797285787,2164.9999999792617,1,0.2240032300963664,frequency,4,-4,0.03160894963221228,0.03160894963221228
6168,1,0.1507422774259105,2165.0000000225523,1,0.22520029158094101,frequency,0,0,-0.0744580141550305,0.0744580141550305
6169,2,0.2309226326689498,2164.9999999792617,1,0.20700867956982066,frequency,1,1,0.023913953099129137,0.023913953099129137
6170,4,0.214941274609002,2165.0000000225523,1,0.2394427338956766,frequency,3,3,-0.024501459286674604,0.024501459286674604
6171,4,0.1552052417429121,2164.9999999792617,1,0.22096239169124587,frequency,3,3,-0.06575714994833379,0.06575714994833379
6172,2,0.2319312052297109,2165.0000000225523,11,0.20332628069821715,frequency,3,3,0.02860492453149374,0.02860492453149374
6173,5,0.1750517436451822,2164.9999999792617,1,0.23611860127072795,frequency,4,4,-0.061066857625545756,0.061066857625545756
6174,4,0.150777429830933,2165.0000000225523,11,0.21304715695681112,frequency,5,5,-0.06226972712587811,0.06226972712587811
6175,12,0.2026742325909274,2165.0000000225523,11,0.29084733739258484,frequency,1,1,-0.08817310480165744,0.08817310480165744
6176,7,0.2192937385991865,2164.9999999792617,11,0.3093323926963457,frequency,4,-4,-0.09003865409715922,0.09003865409715922
6177,1,0.2214164641537405,2165.0000000225523,11,0.24238464933050125,frequency,2,2,-0.020968185176760745,0.020968185176760745
6178,1,0.1647951317016692,2164.9999999792617,11,0.21240910863006854,frequency,2,2,-0.04761397692839933,0.04761397692839933
6179,1,0.3321018374541071,2165.0000000225523,11,0.21101916172521032,frequency,2,2,0.12108267572889678,0.12108267572889678
6180,10,0.234225347878816,2164.9999999792817,11,0.2768999350216339,frequency,1,-1,-0.04267458714281791,0.04267458714281791
6181,4,0.2678401522880775,2165.0000000225523,11,0.3585873830365228,frequency,5,5,-0.09074723074844532,0.09074723074844532
6182,8,0.3348240465002313,2164.9999999792417,11,0.2879415178646643,frequency,3,-3,0.04688252863556697,0.04688252863556697
6183,1,0.1944632389666187,2165.0000000225527,11,0.37055271211120366,frequency,2,2,-0.17608947314458495,0.17608947314458495
6184,4,0.1494542612842213,2164.9999999792417,11,0.2960031912046433,frequency,5,5,-0.146548929920422,0.146548929920422
6185,7,0.3014595676392568,2165.000000022593,9,0.18985165938956539,frequency,2,-2,0.11160790824969141,0.11160790824969141
6186,9,0.2818037387513985,2164.9999999792417,6,0.23322968059719262,frequency,3,3,0.0485740581542059,0.0485740581542059
6187,3,0.2351724908444059,2165.0000000225527,6,0.23359278272352668,frequency,3,-3,0.0015797081208792085,0.0015797081208792085
6188,7,0.1791548622773967,2164.9999999792417,9,0.22640483320492666,frequency,2,-2,-0.04724997092752997,0.04724997092752997
6189,8,0.2114223544624509,2165.000000022593,9,0.23966167494519933,frequency,1,-1,-0.028239320482748437,0.028239320482748437
6190,10,0.3096250110612132,2165.0000000225523,6,0.24838604642425538,frequency,4,4,0.06123896463695783,0.06123896463695783
6191,8,0.2185695475831805,2164.9999999792417,6,0.1862895348181915,frequency,2,2,0.03228001276498901,0.03228001276498901
6192,10,0.1455678036541924,2165.0000000225523,10,0.23017612158635536,frequency,0,0,-0.08460831793216297,0.08460831793216297
6193,5,0.2583452460492845,2164.9999999792817,3,0.2590249000757988,frequency,2,2,-0.0006796540265143203,0.0006796540265143203
6194,4,0.2316697627181679,2165.0000000225523,10,0.20703616567270344,frequency,6,-6,0.024633597045464445,0.024633597045464445
6195,3,0.1383108102305689,2164.9999999792417,5,0.14313188845328798,frequency,2,-2,-0.004821078222719072,0.004821078222719072
6196,11,0.2478823648864,2165.0000000225523,9,0.24304617877396706,frequency,2,2,0.004836186112432944,0.004836186112432944
6197,5,0.2194002404911123,2164.9999999792417,5,0.26539569332053214,frequency,0,0,-0.04599545282941983,0.04599545282941983
6198,10,0.159614153986687,2165.000000022593,6,0.21354473219540906,frequency,4,4,-0.053930578208722074,0.053930578208722074
6199,10,0.183474537882215,2164.9999999792417,5,0.23071420054846786,frequency,5,5,-0.047239662666252874,0.047239662666252874
6200,3,0.3071849490255361,2165.0000000225527,1,0.1423077406011599,frequency,2,2,0.16487720842437623,0.16487720842437623
6216,4,0.21707083777536,2165.000000022563,11,0.3348526409140595,frequency,5,5,-0.11778180313869949,0.11778180313869949
6217,3,0.2143267167408711,2164.9999999792517,11,0.2970859168330911,frequency,4,4,-0.08275920009222001,0.08275920009222001
6218,3,0.2866983619436442,2165.000000022563,11,0.2218329776390828,frequency,4,4,0.06486538430456137,0.06486538430456137
6219,2,0.2561408446394444,2164.9999999792517,11,0.2831036078696686,frequency,3,3,-0.026962763230224174,0.026962763230224174
6220,1,0.1914477648946591,2165.000000022563,11,0.2204441142399077,frequency,2,2,-0.028996349345248612,0.028996349345248612
6221,8,0.469695985248078,2164.9999999792517,3,0.27694328943641694,frequency,5,5,0.19275269581166105,0.19275269581166105
6222,12,0.3162419942547311,2165.000000022563,3,0.2910488921016988,frequency,3,-3,0.025193102153032276,0.025193102153032276
6223,2,0.2910793830510814,2164.9999999792517,1,0.25752305892014626,frequency,1,1,0.03355632413093512,0.03355632413093512
6225,2,0.2642523469135223,2165.0000000225523,11,0.2526132621029074,frequency,3,3,0.011639084810614875,0.011639084810614875
6226,1,0.1945882105518557,2164.9999999792617,11,0.268080755777705,frequency,2,2,-0.0734925452258493,0.0734925452258493
6227,2,0.279399155602114,2165.0000000225523,1,0.2983367449136533,frequency,1,1,-0.018937589311539327,0.018937589311539327
6228,2,0.2094236986310585,2164.9999999792617,3,0.34580673154864555,frequency,1,-1,-0.13638303291758705,0.13638303291758705
6229,5,0.2090869415514665,2165.0000000225523,1,0.2994924464684228,frequency,4,4,-0.09040550491695631,0.09040550491695631
6230,12,0.3848342680277628,2164.9999999792617,3,0.36528421773021363,frequency,3,-3,0.019550050297549193,0.019550050297549193
6231,12,0.3596936498999856,2165.0000000225523,3,0.27915295438556087,frequency,3,-3,0.08054069551442472,0.08054069551442472
6232,1,0.6841622966100547,2164.9999999792617,10,0.26009401634892004,frequency,3,3,0.42406828026113463,0.42406828026113463
6233,11,0.2466395255774699,2165.0000000225527,10,0.20762179209806714,frequency,1,1,0.039017733479402766,0.039017733479402766
6234,1,0.2515018253943947,2164.9999999792617,3,0.26495295899773375,frequency,2,-2,-0.01345113360333905,0.01345113360333905
6235,1,0.3677859277663488,2165.0000000225527,5,0.20984611681526416,frequency,4,-4,0.1579398109510846,0.1579398109510846
6236,2,0.2756717506783017,2164.9999999792617,3,0.2584544442889604,frequency,1,-1,0.01721730638934127,0.01721730638934127
6237,3,0.5837257780344961,2165.0000000225527,5,0.25030630327442144,frequency,2,-2,0.33341947476007466,0.33341947476007466
6238,3,0.4135285569851846,2164.9999999792417,3,0.21540537763696097,frequency,0,0,0.19812317934822363,0.19812317934822363
6239,12,0.2071478462021139,2165.000000022573,3,0.21540537763696097,frequency,3,-3,-0.00825753143484706,0.00825753143484706
6240,5,0.3786324913423596,2165.0000000225523,10,0.23125998712108564,frequency,5,-5,0.14737250422127396,0.14737250422127396
6241,7,0.2734918648794965,2164.9999999792617,1,0.24771271257831667,frequency,6,6,0.02577915230117983,0.02577915230117983
6242,2,0.2358879505745625,2165.0000000225523,2,0.23003176243127957,frequency,0,0,0.0058561881432829255,0.0058561881432829255
6243,12,0.2185876787490985,2164.9999999792617,1,0.28329679119560636,frequency,1,-1,-0.06470911244650784,0.06470911244650784
6244,10,0.1624887121858794,2165.0000000225523,1,0.2246951385301395,frequency,3,-3,-0.0622064263442601,0.0622064263442601
6245,2,0.3929733644430366,2164.9999999792617,2,0.2880711346903421,frequency,0,0,0.10490222975269448,0.10490222975269448
6246,8,0.1809977154990146,2165.0000000225523,2,0.26400900495830865,frequency,6,6,-0.08301128945929404,0.08301128945929404
6247,9,0.2952249754719648,2164.9999999792617,1,0.2663511127759038,frequency,4,-4,0.028873862696061015,0.028873862696061015
6248,3,0.2370068537230126,2165.0000000225527,1,0.298594573901411,frequency,2,2,-0.061587720178398364,0.061587720178398364
6249,9,0.2708499868076024,2164.9999999792617,1,0.24687983635737495,frequency,4,-4,0.023970150450227462,0.023970150450227462
6250,11,0.2204573321185059,2165.0000000225527,1,0.26903069598361434,frequency,2,-2,-0.04857336386510844,0.04857336386510844
6251,6,0.1871858994547121,2164.9999999792417,1,0.29767890376418316,frequency,5,5,-0.11049300430947107,0.11049300430947107
6252,7,0.1577750545572819,2165.000000022573,1,0.2603833331035882,frequency,6,6,-0.10260827854630628,0.10260827854630628
6253,7,0.2427616154552536,2164.9999999792417,1,0.24693875010115973,frequency,6,6,-0.004177134645906133,0.004177134645906133
6254,9,0.1875882620325101,2165.000000022573,1,0.2148483834172308,frequency,4,-4,-0.027260121384720698,0.027260121384720698
6255,8,0.2031335261805414,2165.0000000225523,1,0.23557481025738483,frequency,5,-5,-0.032441284076843435,0.032441284076843435
6256,11,0.1508250780913384,2164.9999999792617,1,0.1734742016300037,frequency,2,-2,-0.0226491235386653,0.0226491235386653
6257,8,0.1580881753582353,2165.0000000225523,3,0.2670645007660219,frequency,5,5,-0.1089763254077866,0.1089763254077866
6258,8,0.1651374994188488,2164.9999999792617,3,0.24401829287857407,frequency,5,5,-0.07888079345972526,0.07888079345972526
6259,9,0.1478157428377206,2165.0000000225523,3,0.27074532097693366,frequency,6,6,-0.12292957813921307,0.12292957813921307
6260,3,0.1943747021718508,2164.9999999792617,11,0.28997828199119846,frequency,4,4,-0.09560357981934767,0.09560357981934767
6261,2,0.3826041698107923,2165.0000000225523,11,0.25477651034641197,frequency,3,3,0.12782765946438035,0.12782765946438035
6262,11,0.2196441919749706,2164.9999999792617,11,0.24294725728168412,frequency,0,0,-0.023303065306713527,0.023303065306713527
6263,2,0.1932851146732355,2165.0000000225527,11,0.23493038858435486,frequency,3,3,-0.04164527391111936,0.04164527391111936
6264,8,0.2337574156036135,2164.9999999792417,10,0.21260734242466434,frequency,2,-2,0.021150073178949153,0.021150073178949153
6265,4,0.2189329567331029,2165.000000022573,11,0.21221332379706573,frequency,5,5,0.006719632936037168,0.006719632936037168
6266,10,0.2064473727566305,2164.9999999792417,9,0.15034976043678844,frequency,1,1,0.05609761231984206,0.05609761231984206
6267,11,0.1562509590840313,2165.000000022573,9,0.16212839958119826,frequency,2,2,-0.005877440497166958,0.005877440497166958
6268,2,0.1690284899560794,2164.9999999792417,9,0.19373499496451294,frequency,5,5,-0.02470650500843355,0.02470650500843355
6269,7,0.1744712886090164,2165.0000000225527,11,0.23972395423451784,frequency,4,-4,-0.06525266562550144,0.06525266562550144
6270,8,0.2805161757323889,2165.0000000225523,11,0.44497238988057025,frequency,3,-3,-0.16445621414818135,0.16445621414818135
6271,2,0.2344950167998945,2164.9999999792817,11,0.6530538814428353,frequency,3,3,-0.4185588646429408,0.4185588646429408
6272,10,0.1710002431042848,2165.0000000225523,11,0.3084621917230452,frequency,1,-1,-0.13746194861876038,0.13746194861876038
6273,11,0.1508857087772383,2164.9999999792417,11,0.23351272986679014,frequency,0,0,-0.08262702108955183,0.08262702108955183
6274,3,0.1776766761219389,2165.0000000225523,9,0.23311866327687078,frequency,6,-6,-0.05544198715493187,0.05544198715493187
6275,11,0.2066899734206753,2164.9999999792817,6,0.26569099837156046,frequency,5,5,-0.05900102495088516,0.05900102495088516
6276,12,0.1878585090983903,2165.0000000225523,9,0.27656740265801777,frequency,3,3,-0.08870889355962747,0.08870889355962747
6277,8,0.1840605816912851,2164.9999999792417,6,0.2351612537487301,frequency,2,2,-0.05110067205744498,0.05110067205744498
6278,1,0.2302375749381769,2165.0000000225527,6,0.28553946930365226,frequency,5,-5,-0.05530189436547536,0.05530189436547536
6279,3,0.2211035409052892,2164.9999999792817,3,0.22962150577739102,frequency,0,0,-0.008517964872101824,0.008517964872101824
6280,5,0.1816603315718999,2165.0000000225527,3,0.25746691218935164,frequency,2,2,-0.07580658061745174,0.07580658061745174
6281,5,0.2595720816830679,2164.9999999792417,3,0.22348963279154033,frequency,2,2,0.03608244889152756,0.03608244889152756
6282,8,0.1458909495895955,2165.0000000225527,9,0.13978444015625738,frequency,1,-1,0.006106509433338125,0.006106509433338125
6283,11,0.176823644246598,2164.9999999792817,1,0.2152630993436422,frequency,2,-2,-0.03843945509704422,0.03843945509704422
6284,1,0.2062789691178898,2165.0000000225527,7,0.21563893016344723,frequency,6,-6,-0.009359961045557447,0.009359961045557447
6285,7,0.3620505373776935,2164.9999999792417,7,0.21320747787123073,frequency,0,0,0.14884305950646276,0.14884305950646276
6286,4,0.2616491980230587,2165.0000000225527,7,0.22992830831385902,frequency,3,-3,0.03172088970919967,0.03172088970919967
6287,5,0.2106189007855534,2165.0000000225523,11,0.14537666219266618,frequency,6,-6,0.06524223859288722,0.06524223859288722
6303,11,0.6629911558373047,2164.9999999792517,11,0.2927230309346007,frequency,0,0,0.370268124902704,0.370268124902704
6304,11,0.2728725111868108,2165.000000022563,11,0.2528878738115054,frequency,0,0,0.01998463737530537,0.01998463737530537
6305,11,0.2571193774285664,2165.0000000225523,3,0.3687217291020394,frequency,4,-4,-0.11160235167347299,0.11160235167347299
6306,10,0.2697822250214226,2164.9999999792517,11,0.2296486019950404,frequency,1,-1,0.04013362302638218,0.04013362302638218
6307,1,0.283975527142238,2165.000000022563,3,0.5201522799241617,frequency,2,-2,-0.23617675278192368,0.23617675278192368
6308,3,0.2777185424118255,2164.9999999792517,3,0.3589670023831796,frequency,0,0,-0.0812484599713541,0.0812484599713541
6309,10,0.3853327974389803,2165.000000022563,3,0.27129527300197254,frequency,5,-5,0.11403752443700776,0.11403752443700776
6310,8,0.6803180451180117,2164.9999999792517,1,0.3966359974602497,frequency,5,-5,0.28368204765776206,0.28368204765776206
6311,2,0.3754523527887454,2165.000000022563,2,0.2818733953428318,frequency,0,0,0.0935789574459136,0.0935789574459136
6313,6,0.1600562922305766,2165.0000000225523,1,0.2337750164093354,frequency,5,5,-0.0737187241787588,0.0737187241787588
6314,2,0.4279739193164434,2164.9999999792617,3,0.28847469728973907,frequency,1,-1,0.13949922202670434,0.13949922202670434
6315,1,0.3647609323820407,2165.0000000225523,11,0.20498705889779686,frequency,2,2,0.15977387348424385,0.15977387348424385
6316,6,0.2045740366240782,2164.9999999792617,1,0.266102050228502,frequency,5,5,-0.06152801360442378,0.06152801360442378
6317,5,0.2496592318241803,2165.0000000225523,3,0.3253161174676094,frequency,2,2,-0.07565688564342912,0.07565688564342912
6318,7,0.4908830021068213,2164.9999999792617,3,0.28463822486023477,frequency,4,4,0.20624477724658652,0.20624477724658652
6320,5,0.2811191340666886,2165.0000000225523,11,0.20322859252892506,frequency,6,-6,0.07789054153776354,0.07789054153776354
6321,4,0.3162664622143439,2164.9999999792617,10,0.23022223277458567,frequency,6,-6,0.08604422943975823,0.08604422943975823
6322,4,0.2533860300188151,2165.0000000225523,2,0.21243654537356668,frequency,2,2,0.04094948464524842,0.04094948464524842
6323,3,0.2872180676777083,2164.9999999792617,1,0.20929804624818052,frequency,2,2,0.07792002142952778,0.07792002142952778
6324,2,0.4415290107626539,2165.0000000225523,3,0.21654304927853413,frequency,1,-1,0.22498596148411976,0.22498596148411976
6325,2,0.3601694214352124,2164.9999999792617,2,0.22707532282799547,frequency,0,0,0.13309409860721694,0.13309409860721694
6326,8,0.3202544777894119,2165.0000000225523,3,0.37979159876397284,frequency,5,5,-0.05953712097456093,0.05953712097456093
6327,9,0.3064629340691635,2164.9999999792617,3,0.34060858716222453,frequency,6,6,-0.03414565309306106,0.03414565309306106
6328,6,0.3027551278462493,2165.0000000225523,2,0.17754280260718638,frequency,4,4,0.12521232523906292,0.12521232523906292
6329,1,0.2918502388172141,2164.9999999792617,1,0.2772276881743243,frequency,0,0,0.014622550642889809,0.014622550642889809
6330,11,0.2646594858260473,2165.0000000225523,2,0.192900037043876,frequency,3,-3,0.0717594487821713,0.0717594487821713
6331,12,0.5522725701942093,2164.9999999792617,1,0.24661404986680013,frequency,1,-1,0.30565852032740914,0.30565852032740914
6332,2,0.3232692006951222,2165.0000000225523,2,0.2871880209021428,frequency,0,0,0.03608117979297942,0.03608117979297942
6333,10,0.2142014571794667,2164.9999999792617,1,0.2743020140029389,frequency,3,-3,-0.060100556823472207,0.060100556823472207
6334,3,0.2571107720464755,2165.0000000225523,2,0.22981282967775996,frequency,1,1,0.027297942368715522,0.027297942368715522
6335,5,0.2634545258841456,2165.0000000225523,1,0.3038754315650677,frequency,4,4,-0.0404209056809221,0.0404209056809221
6336,4,0.2605153649019056,2164.9999999792617,1,0.2880264757502708,frequency,3,3,-0.027511110848365217,0.027511110848365217
6337,1,0.2478341571946432,2165.0000000225523,1,0.24641872080310112,frequency,0,0,0.0014154363915420687,0.0014154363915420687
6338,12,0.1875913410727011,2164.9999999792617,1,0.2378009667705109,frequency,1,-1,-0.05020962569780982,0.05020962569780982
6339,9,0.2264548826948611,2165.0000000225523,1,0.21948258988626107,frequency,4,-4,0.006972292808600039,0.006972292808600039
6340,3,0.241714292701693,2164.9999999792617,1,0.23505970193475748,frequency,2,2,0.006654590766935531,0.006654590766935531
6341,4,0.2017903067606644,2165.0000000225523,1,0.2345582139575368,frequency,3,3,-0.03276790719687239,0.03276790719687239
6342,4,0.2638578012443214,2164.9999999792617,1,0.19047616761038424,frequency,3,3,0.07338163363393715,0.07338163363393715
6343,7,0.2916162310194641,2165.0000000225523,1,0.1651067699810981,frequency,6,6,0.126509461038366,0.126509461038366
6344,2,0.1856193846121534,2164.9999999792617,3,0.24430186958389444,frequency,1,-1,-0.05868248497174103,0.05868248497174103
6345,6,0.1691945286269885,2165.0000000225523,1,0.16613917423584565,frequency,5,5,0.0030553543911428505,0.0030553543911428505
6346,11,0.2341788298392549,2164.9999999792617,3,0.2647526604277162,frequency,4,-4,-0.03057383058846133,0.03057383058846133
6347,2,0.1998768927042439,2165.0000000225523,11,0.20309165643036017,frequency,3,3,-0.00321476372611626,0.00321476372611626
6348,11,0.213196514673462,2164.9999999792617,4,0.18950287592440426,frequency,5,-5,0.02369363874905775,0.02369363874905775
6349,10,0.2044272525898231,2165.0000000225523,11,0.20240136579783427,frequency,1,-1,0.00202588679198884,0.00202588679198884
6350,6,0.2053418963495004,2165.0000000225523,11,0.29121511821870194,frequency,5,-5,-0.08587322186920154,0.08587322186920154
6351,10,0.2656227828797096,2164.9999999792617,12,0.20316485864993267,frequency,2,-2,0.06245792422977692,0.06245792422977692
6352,12,0.1903618387470812,2165.0000000225523,10,0.221581106248786,frequency,2,2,-0.031219267501704784,0.031219267501704784
6353,5,0.1521387614614386,2164.9999999792617,11,0.16992728690405481,frequency,6,-6,-0.01778852544261622,0.01778852544261622
6354,3,0.2209097514599029,2165.0000000225523,3,0.21135333486637972,frequency,0,0,0.009556416593523187,0.009556416593523187
6355,5,0.2189915785128572,2164.9999999792817,9,0.2124396805292412,frequency,4,-4,0.006551897983615995,0.006551897983615995
6356,8,0.2518165570722372,2165.0000000225523,9,0.22101378845076358,frequency,1,-1,0.03080276862147363,0.03080276862147363
6357,9,0.2630411487381871,2164.9999999792417,11,0.6415478615071284,frequency,2,-2,-0.37850671276894127,0.37850671276894127
6358,2,0.573900711586428,2165.0000000225527,11,0.5688202247191011,frequency,3,3,0.005080486867326872,0.005080486867326872
6359,11,0.4972502836999886,2164.9999999792417,11,0.5898876404494383,frequency,0,0,-0.09263735674944973,0.09263735674944973
6360,12,0.2269855294737521,2165.000000022593,11,0.36795133868474844,frequency,1,1,-0.14096580921099633,0.14096580921099633
6361,5,0.1588297301326535,2164.9999999792417,6,0.28276466751494284,frequency,1,-1,-0.12393493738228933,0.12393493738228933
6362,12,0.2433707161330203,2165.0000000225527,6,0.2636905711550734,frequency,6,6,-0.02031985502205308,0.02031985502205308
6363,3,0.1954792723156496,2164.9999999792417,9,0.2532229940702524,frequency,6,-6,-0.057743721754602795,0.057743721754602795
6364,9,0.1628315964520348,2165.000000022593,3,0.24241300502709381,frequency,6,6,-0.07958140857505902,0.07958140857505902
6365,6,0.2652270690019347,2165.0000000225523,3,0.3049292945493083,frequency,3,3,-0.03970222554737357,0.03970222554737357
6366,10,0.1711149293080137,2164.9999999792417,3,0.2791735495549965,frequency,5,-5,-0.10805862024698282,0.10805862024698282
6367,11,0.2371644620214117,2165.0000000225523,3,0.2315364376185523,frequency,4,-4,0.005628024402859394,0.005628024402859394
6368,10,0.3186578038121737,2164.9999999792817,10,0.2676727186984202,frequency,0,0,0.05098508511375349,0.05098508511375349
6369,10,0.1842765482088372,2165.0000000225523,10,0.31013851323662,frequency,0,0,-0.1258619650277828,0.1258619650277828
6370,3,0.1536470761773304,2164.9999999792417,11,0.17113223854796888,frequency,4,4,-0.01748516237063849,0.01748516237063849
6371,6,0.2018881230499545,2165.0000000225523,6,0.16553748823700018,frequency,0,0,0.03635063481295431,0.03635063481295431
6372,9,0.2297925570390555,2164.9999999792417,4,0.12693290052935619,frequency,5,5,0.1028596565096993,0.1028596565096993
6373,5,0.2117856569455628,2165.000000022593,5,0.23032058403428027,frequency,0,0,-0.018534927088717457,0.018534927088717457
6374,4,0.2425212223896548,2164.9999999792417,5,0.187712206952304,frequency,1,-1,0.05480901543735078,0.05480901543735078
6375,1,0.4249789313602578,2165.0000000225527,3,0.18218826966707327,frequency,2,-2,0.2427906616931845,0.2427906616931845
6390,2,0.4168186585944178,2164.9999999792517,2,0.2779756684769584,frequency,0,0,0.13884299011745938,0.13884299011745938
6391,2,0.2490560646149187,2165.000000022563,2,0.28356700244632327,frequency,0,0,-0.034510937831404576,0.034510937831404576
6392,4,0.3469223909486081,2164.9999999792517,1,0.34648114301436633,frequency,3,3,0.000441247934241773,0.000441247934241773
6393,7,0.2858335038123681,2165.000000022563,1,0.2765837281541213,frequency,6,6,0.009249775658246806,0.009249775658246806
6394,12,0.2411384840235994,2164.9999999792517,3,0.42543136307047935,frequency,3,-3,-0.18429287904687996,0.18429287904687996
6395,10,0.2231209909712287,2165.000000022563,3,0.30392006420147455,frequency,5,-5,-0.08079907323024585,0.08079907323024585
6396,3,0.5430151358017251,2164.9999999792517,1,0.24976466995551552,frequency,2,2,0.2932504658462096,0.2932504658462096
6397,12,0.2954379507747099,2165.000000022563,1,0.2771193420812716,frequency,1,-1,0.01831860869343832,0.01831860869343832
6398,2,0.371487589428235,2164.9999999792517,12,0.27129527300197254,frequency,2,2,0.10019231642626247,0.10019231642626247
6399,2,0.3293244583086324,2165.000000022563,1,0.2223104907097417,frequency,1,1,0.10701396759889067,0.10701396759889067
6400,10,0.379832836098471,2165.0000000225523,3,0.2053744936591565,frequency,5,-5,0.17445834243931452,0.17445834243931452
6401,3,0.4973350692710951,2164.9999999792617,1,0.2216954736650173,frequency,2,2,0.2756395956060778,0.2756395956060778
6402,11,0.1715962859202014,2165.0000000225523,3,0.28040994633778094,frequency,4,-4,-0.10881366041757953,0.10881366041757953
6403,3,0.2358546924015758,2164.9999999792617,3,0.34728340675477243,frequency,0,0,-0.11142871435319662,0.11142871435319662
6404,1,0.2254657622170594,2165.0000000225523,1,0.24895675711975215,frequency,0,0,-0.02349099490269274,0.02349099490269274
6405,3,0.2818776159339156,2164.9999999792617,11,0.25414480180274385,frequency,4,4,0.027732814131171735,0.027732814131171735
6408,2,0.2931662404315568,2165.0000000225527,11,0.2172945164228936,frequency,3,3,0.07587172400866321,0.07587172400866321
6409,4,0.217101169592607,2164.9999999792617,2,0.17028400167403937,frequency,2,2,0.04681716791856763,0.04681716791856763
6410,3,0.2577126313600376,2165.0000000225527,5,0.2268774332808476,frequency,2,-2,0.030835198079189968,0.030835198079189968
6411,4,0.2409078090930348,2164.9999999792617,3,0.220593337269047,frequency,1,1,0.020314471823987795,0.020314471823987795
6412,9,0.2543609923583426,2165.0000000225527,3,0.2930821253605027,frequency,6,6,-0.038721133002160124,0.038721133002160124
6413,7,0.2760124379199811,2164.9999999792417,3,0.36515983863147444,frequency,4,4,-0.08914740071149335,0.08914740071149335
6414,10,0.5289194469484739,2165.000000022573,3,0.3640521996502086,frequency,5,-5,0.16486724729826535,0.16486724729826535
6415,3,0.2801877760778051,2165.0000000225523,11,0.25204730218105675,frequency,4,4,0.02814047389674834,0.02814047389674834
6416,12,0.231168660560333,2164.9999999792617,11,0.2629869656558719,frequency,1,1,-0.031818305095538874,0.031818305095538874
6417,3,0.2901553096629622,2165.0000000225523,2,0.23430259957826083,frequency,1,1,0.055852710084701385,0.055852710084701385
6418,3,0.260912993012061,2164.9999999792617,2,0.21147814129740372,frequency,1,1,0.04943485171465728,0.04943485171465728
6419,6,0.3843495243973051,2165.0000000225523,2,0.2508078936437845,frequency,4,4,0.1335416307535206,0.1335416307535206
6420,8,0.3981472944470924,2164.9999999792617,2,0.2513543434939848,frequency,6,6,0.14679295095310763,0.14679295095310763
6421,4,0.2743464065502797,2165.0000000225523,1,0.2572776702807294,frequency,3,3,0.0170687362695503,0.0170687362695503
6422,2,0.2863837410136706,2164.9999999792617,1,0.22771436034179401,frequency,1,1,0.058669380671876575,0.058669380671876575
6423,4,0.3678808282865423,2165.0000000225527,1,0.25636935985792575,frequency,3,3,0.11151146842861653,0.11151146842861653
6424,12,0.2548020341073016,2164.9999999792617,1,0.3275621863549819,frequency,1,-1,-0.07276015224768029,0.07276015224768029
6425,4,0.2182145176936041,2165.0000000225527,1,0.26848321451132573,frequency,3,3,-0.05026869681772164,0.05026869681772164
6426,10,0.2176088810838578,2164.9999999792417,1,0.18885531090842655,frequency,3,-3,0.02875357017543126,0.02875357017543126
6427,6,0.2056958905732421,2165.000000022573,1,0.18845067110387412,frequency,5,5,0.017245219469367995,0.017245219469367995
6428,6,0.279533772236264,2164.9999999792417,1,0.2463853543340344,frequency,5,5,0.03314841790222961,0.03314841790222961
6429,3,0.379360153394479,2165.000000022573,3,0.23056999284856128,frequency,0,0,0.1487901605459177,0.1487901605459177
6430,11,0.2679279665078861,2165.0000000225523,4,0.17519117699423473,frequency,5,-5,0.09273678951365136,0.09273678951365136
6431,3,0.2031510822122338,2164.9999999792617,1,0.2363781979659587,frequency,2,2,-0.03322711575372489,0.03322711575372489
6432,3,0.1736395704495917,2165.0000000225523,4,0.15252832897117594,frequency,1,-1,0.021111241478415754,0.021111241478415754
6433,3,0.2332209375307812,2164.9999999792617,3,0.24258170073626353,frequency,0,0,-0.00936076320548232,0.00936076320548232
6434,3,0.2297886398909654,2165.0000000225523,3,0.255557078323573,frequency,0,0,-0.025768438432607593,0.025768438432607593
6435,4,0.1694616161333171,2164.9999999792617,3,0.2047309659808827,frequency,1,1,-0.035269349847565606,0.035269349847565606
6436,11,0.1367312962997241,2165.0000000225523,11,0.24190246545038016,frequency,0,0,-0.10517116915065605,0.10517116915065605
6437,11,0.2057107217879476,2164.9999999792617,11,0.1773296358713519,frequency,0,0,0.028381085916595716,0.028381085916595716
6438,8,0.1680246462087822,2165.0000000225527,11,0.18574289435615482,frequency,3,-3,-0.017718248147372606,0.017718248147372606
6439,5,0.1433229289418426,2164.9999999792417,10,0.1776668231737343,frequency,5,-5,-0.034343894231891714,0.034343894231891714
6440,11,0.2004616541434308,2165.000000022573,3,0.17044820327572038,frequency,4,-4,0.03001345086771043,0.03001345086771043
6441,2,0.1488989299243572,2164.9999999792417,9,0.14577550906802197,frequency,5,5,0.003123420856335213,0.003123420856335213
6442,10,0.1547603341057113,2165.000000022573,11,0.22143893299058215,frequency,1,-1,-0.06667859888487085,0.06667859888487085
6443,9,0.2078762587196942,2164.9999999792417,9,0.20195750508594326,frequency,0,0,0.0059187536337509394,0.0059187536337509394
6444,2,0.2020323266805061,2165.0000000225527,11,0.29994923253935585,frequency,3,3,-0.09791690585884974,0.09791690585884974
6445,6,0.2120679621208066,2165.0000000225523,11,0.4522871338016104,frequency,5,-5,-0.24021917168080378,0.24021917168080378
6447,11,0.3146407762877666,2165.0000000225523,11,0.2534676959823903,frequency,0,0,0.061173080305376326,0.061173080305376326
6448,7,0.1805649379005943,2164.9999999792417,4,0.21705766279324706,frequency,3,3,-0.03649272489265276,0.03649272489265276
6449,11,0.1337590406161471,2165.0000000225523,9,0.25225516364890604,frequency,2,2,-0.11849612303275894,0.11849612303275894
6450,9,0.1519558103553372,2164.9999999792817,4,0.16881532938016827,frequency,5,5,-0.01685951902483107,0.01685951902483107
6451,4,0.3180921587311547,2165.0000000225523,10,0.207280597839157,frequency,6,-6,0.1108115608919977,0.1108115608919977
6452,9,0.2096125244265022,2164.9999999792417,6,0.17491171920644663,frequency,3,3,0.03470080522005556,0.03470080522005556
6453,11,0.2017399983638103,2165.0000000225527,3,0.21654304927853416,frequency,4,-4,-0.014803050914723864,0.014803050914723864
6454,5,0.2324508254121259,2164.9999999792817,10,0.3468271669059913,frequency,5,-5,-0.11437634149386541,0.11437634149386541
6455,1,0.2316061260624042,2165.0000000225527,10,0.30630747312524287,frequency,3,3,-0.07470134706283868,0.07470134706283868
6456,2,0.177947834806449,2164.9999999792417,10,0.42230571779323695,frequency,4,4,-0.24435788298678796,0.24435788298678796
6457,10,0.4166014234425719,2165.0000000225527,10,0.3278006860944593,frequency,0,0,0.08880073734811261,0.08880073734811261
6459,6,0.1953410669952985,2165.0000000225527,9,0.22731186499052863,frequency,3,-3,-0.031970797995230144,0.031970797995230144
6460,7,0.2711242665519739,2164.9999999792417,5,0.20025527804608806,frequency,2,2,0.07086898850588585,0.07086898850588585
6461,5,0.2771226455608447,2165.0000000225527,5,0.2509076763485477,frequency,0,0,0.02621496921229699,0.02621496921229699
6477,10,0.3442618438329338,2165.000000022563,2,0.30186208559259137,frequency,4,-4,0.04239975824034242,0.04239975824034242
6478,2,0.3586424745354802,2164.9999999792517,2,0.27896900082307974,frequency,0,0,0.07967347371240047,0.07967347371240047
6479,10,0.3710125508656854,2165.000000022563,1,0.2825578786285071,frequency,3,-3,0.08845467223717829,0.08845467223717829
6480,4,0.3734880312855289,2165.0000000225523,2,0.2524175936900938,frequency,2,2,0.12107043759543507,0.12107043759543507
6481,10,0.2324331795614929,2164.9999999792517,2,0.3025070350473266,frequency,4,-4,-0.07007385548583372,0.07007385548583372
6482,11,0.3347364358718823,2165.000000022563,1,0.316181330928432,frequency,2,-2,0.018555104943450307,0.018555104943450307
6483,3,0.218463327882831,2164.9999999792517,1,0.4244109638384491,frequency,2,2,-0.20594763595561813,0.20594763595561813
6485,1,0.4944268360921218,2164.9999999792517,1,0.34925315689082337,frequency,0,0,0.14517367920129842,0.14517367920129842
6486,8,0.2126116266935996,2165.000000022563,1,0.3116869953035781,frequency,5,-5,-0.09907536860997848,0.09907536860997848
6487,1,0.3630173441061444,2164.9999999792517,1,0.3159083035682288,frequency,0,0,0.04710904053791559,0.04710904053791559
6488,3,0.234773423563931,2165.0000000225523,3,0.22273408297772027,frequency,0,0,0.012039340586210728,0.012039340586210728
6489,3,0.398037562355082,2164.9999999792617,1,0.310805866115481,frequency,2,2,0.08723169623960098,0.08723169623960098
6490,1,0.3222097036413197,2165.0000000225523,1,0.2682881818317965,frequency,0,0,0.0539215218095232,0.0539215218095232
6491,3,0.3217419547415907,2164.9999999792617,3,0.43053697793811574,frequency,0,0,-0.10879502319652506,0.10879502319652506
6492,12,0.2231102566302991,2165.0000000225523,1,0.24805303304122056,frequency,1,-1,-0.024942776410921463,0.024942776410921463
6493,6,0.3468054111892016,2164.9999999792617,3,0.2906347002965469,frequency,3,3,0.056170710892654685,0.056170710892654685
6496,1,0.3113436707121805,2164.9999999792617,3,0.2814472553976379,frequency,2,-2,0.029896415314542624,0.029896415314542624
6497,7,0.2742534708583166,2165.0000000225523,3,0.1858466020440922,frequency,4,4,0.08840686881422438,0.08840686881422438
6498,5,0.349247846225465,2164.9999999792617,1,0.26226082150264357,frequency,4,4,0.08698702472282144,0.08698702472282144
6499,6,0.2785656995454402,2165.0000000225523,3,0.37050131853658863,frequency,3,3,-0.09193561899114844,0.09193561899114844
6500,1,0.2235083648756377,2164.9999999792617,3,0.26919094192538223,frequency,2,-2,-0.045682577049744544,0.045682577049744544
6501,10,0.2368964998490507,2165.0000000225523,3,0.2564189017210729,frequency,5,-5,-0.0195224018720222,0.0195224018720222
6502,3,0.2511393080768625,2164.9999999792617,1,0.22537033344071342,frequency,2,2,0.025768974636149106,0.025768974636149106
6503,7,0.196185052414109,2165.0000000225523,1,0.19799570990577517,frequency,6,6,-0.0018106574916661733,0.0018106574916661733
6504,1,0.2823341720350582,2164.9999999792617,2,0.2114738340250818,frequency,1,-1,0.07086033800997638,0.07086033800997638
6505,4,0.2534355819306647,2165.0000000225523,3,0.24110915432763766,frequency,1,1,0.012326427603027018,0.012326427603027018
6506,11,0.3531393762378771,2164.9999999792617,11,0.23219030566861254,frequency,0,0,0.12094907056926457,0.12094907056926457
6509,6,0.4066322315202432,2165.0000000225523,1,0.2463979039639828,frequency,5,5,0.16023432755626038,0.16023432755626038
6510,12,0.323707737495618,2165.0000000225523,1,0.2880913226848994,frequency,1,-1,0.03561641481071859,0.03561641481071859
6511,4,0.2276527833263556,2164.9999999792617,1,0.27590532638450727,frequency,3,3,-0.04825254305815166,0.04825254305815166
6512,2,0.2072720476449212,2165.0000000225523,1,0.2347654712620549,frequency,1,1,-0.027493423617133722,0.027493423617133722
6513,11,0.2658251407381673,2164.9999999792617,1,0.2355748102573848,frequency,2,-2,0.030250330480782517,0.030250330480782517
6514,9,0.1398254086694824,2165.0000000225523,1,0.27401911277698954,frequency,4,-4,-0.13419370410750714,0.13419370410750714
6515,2,0.1567415053064201,2164.9999999792617,1,0.2603973492544368,frequency,1,1,-0.10365584394801672,0.10365584394801672
6516,8,0.2432476450283983,2165.0000000225523,1,0.19755100008092782,frequency,5,-5,0.04569664494747047,0.04569664494747047
6517,2,0.1879070662378484,2164.9999999792617,3,0.24192436718828778,frequency,1,-1,-0.054017300950439384,0.054017300950439384
6518,1,0.1996763266795143,2165.0000000225523,1,0.1985952766691165,frequency,0,0,0.0010810500103977938,0.0010810500103977938
6519,2,0.1930265499804843,2164.9999999792617,1,0.1884900718108328,frequency,1,1,0.004536478169651498,0.004536478169651498
6520,11,0.2017013776851587,2165.0000000225523,3,0.20424474245275628,frequency,4,-4,-0.002543364767597589,0.002543364767597589
6521,9,0.1821178340076021,2164.9999999792617,4,0.2419024654503802,frequency,5,5,-0.0597846314427781,0.0597846314427781
6522,11,0.2222703485703162,2165.0000000225523,4,0.18399276539902495,frequency,5,-5,0.038277583171291235,0.038277583171291235
6523,5,0.2830167945775675,2164.9999999792617,4,0.2536277389640066,frequency,1,1,0.02938905561356092,0.02938905561356092
6524,5,0.1396442327503419,2165.0000000225523,11,0.24163677212801093,frequency,6,-6,-0.10199253937766903,0.10199253937766903
6525,2,0.1804776651094699,2165.0000000225523,4,0.18554707588505132,frequency,2,-2,-0.005069410775581429,0.005069410775581429
6526,2,0.3291056900951052,2164.9999999792617,4,0.1952518304859108,frequency,2,-2,0.1338538596091944,0.1338538596091944
6527,11,0.2683183505769589,2165.0000000225523,11,0.16362424271130893,frequency,0,0,0.10469410786564998,0.10469410786564998
6528,2,0.1593931217150233,2164.9999999792617,11,0.16362424271130893,frequency,3,3,-0.004231120996285642,0.004231120996285642
6529,2,0.2086630744593177,2165.0000000225523,11,0.17659976918901807,frequency,3,3,0.03206330527029963,0.03206330527029963
6530,8,0.3556762518450925,2164.9999999792817,11,0.18536034583244618,frequency,3,-3,0.17031590601264632,0.17031590601264632
6531,4,0.1546978074417348,2165.0000000225523,12,0.23240624895139755,frequency,4,4,-0.07770844150966275,0.07770844150966275
6532,11,0.3067103825126147,2164.9999999792417,11,0.25630404390824835,frequency,0,0,0.05040633860436633,0.05040633860436633
6534,10,0.1952926086609971,2164.9999999792417,11,0.4160589713402098,frequency,1,-1,-0.2207663626792127,0.2207663626792127
6535,5,0.2825921514804788,2165.000000022593,11,0.19354088873127367,frequency,6,-6,0.0890512627492051,0.0890512627492051
6536,11,0.2031916603792037,2164.9999999792417,9,0.20265024651037009,frequency,2,2,0.0005414138688336068,0.0005414138688336068
6537,4,0.2224560026890724,2165.0000000225527,9,0.2730761942458224,frequency,5,-5,-0.050620191556750016,0.050620191556750016
6538,10,0.2085152056131717,2164.9999999792417,9,0.31195840554592724,frequency,1,1,-0.10344319993275555,0.10344319993275555
6539,8,0.2010215707817584,2165.000000022593,10,0.27824976550071645,frequency,2,-2,-0.07722819471895806,0.07722819471895806
6540,4,0.263779789017066,2165.0000000225523,10,0.2434118578087159,frequency,6,-6,0.020367931208350093,0.020367931208350093
6541,6,0.2596537081801625,2164.9999999792417,3,0.17147947803673552,frequency,3,3,0.08817423014342696,0.08817423014342696
6542,8,0.1486990986119689,2165.0000000225523,10,0.3792495189223862,frequency,2,-2,-0.23055042031041728,0.23055042031041728
6543,10,0.4791814386281543,2164.9999999792817,10,0.3097020437332567,frequency,0,0,0.1694793948948976,0.1694793948948976
6544,10,0.3676248706624694,2165.0000000225523,10,0.24457345937196337,frequency,0,0,0.12305141129050604,0.12305141129050604
6546,9,0.1855189168154481,2165.0000000225523,11,0.2534839207261668,frequency,2,-2,-0.06796500391071872,0.06796500391071872
6547,11,0.2070257377181228,2164.9999999792417,11,0.2532229940702524,frequency,0,0,-0.046197256352129595,0.046197256352129595
6548,7,0.1757940349288485,2165.000000022593,5,0.2215569447566812,frequency,2,2,-0.04576290982783268,0.04576290982783268
6549,6,0.465721499513545,2164.9999999792417,5,0.1722634837675838,frequency,1,1,0.2934580157459612,0.2934580157459612
6567,1,0.3512075928615499,2164.9999999792517,1,0.3636110665518675,frequency,0,0,-0.012403473690317579,0.012403473690317579
6569,11,0.3537879976101152,2164.9999999792517,1,0.32930623591311486,frequency,2,-2,0.024481761697000337,0.024481761697000337
6570,2,0.2656080484924412,2165.000000022563,1,0.3602484754090173,frequency,1,1,-0.09464042691657609,0.09464042691657609
6571,1,0.3174887184667371,2164.9999999792517,1,0.36017651305007115,frequency,0,0,-0.04268779458333405,0.04268779458333405
6573,8,0.3691562267071675,2164.9999999792517,1,0.3135097469186459,frequency,5,-5,0.05564647978852161,0.05564647978852161
6574,2,0.3405716267969885,2165.000000022563,1,0.31508024448654254,frequency,1,1,0.025491382310445954,0.025491382310445954
6575,12,0.2806148846677843,2165.0000000225523,1,0.29299753074747514,frequency,1,-1,-0.012382646079690862,0.012382646079690862
6576,2,0.2102870376664403,2164.9999999792617,1,0.2785922723872866,frequency,1,1,-0.06830523472084632,0.06830523472084632
6577,8,0.2036909217792217,2165.0000000225523,1,0.23015732566674113,frequency,5,-5,-0.02646640388751942,0.02646640388751942
6578,11,0.8477129123176587,2164.9999999792617,3,0.40503281263752744,frequency,4,-4,0.4426800996801312,0.4426800996801312
6579,3,0.2059618546680749,2165.0000000225523,3,0.32822324335367936,frequency,0,0,-0.12226138868560446,0.12226138868560446
6580,1,0.3308848713874132,2164.9999999792617,3,0.3822157352999949,frequency,2,-2,-0.05133086391258174,0.05133086391258174
6583,6,0.5909104958432259,2165.0000000225527,2,0.22377997334826252,frequency,4,4,0.36713052249496336,0.36713052249496336
6584,3,0.3149356062501334,2164.9999999792617,3,0.23085427569366845,frequency,0,0,0.08408133055646494,0.08408133055646494
6585,3,0.2808737285740581,2165.0000000225527,3,0.3679790138302843,frequency,0,0,-0.08710528525622618,0.08710528525622618
6586,10,0.3685547346863851,2164.9999999792617,3,0.2201415998719539,frequency,5,-5,0.14841313481443122,0.14841313481443122
6587,2,0.2508412161347261,2165.0000000225527,3,0.2409325217906257,frequency,1,-1,0.00990869434410041,0.00990869434410041
6588,2,0.2143251828085088,2164.9999999792417,3,0.2561203830513892,frequency,1,-1,-0.04179520024288039,0.04179520024288039
6589,2,0.2271652263219665,2165.000000022573,1,0.2291326404623376,frequency,1,1,-0.0019674141403711043,0.0019674141403711043
6590,2,0.3068811388319991,2165.0000000225523,1,0.19755100008092782,frequency,1,1,0.10933013875107125,0.10933013875107125
6591,7,0.3808920477576992,2164.9999999792617,11,0.21263596698877693,frequency,4,-4,0.16825608076892226,0.16825608076892226
6592,11,0.2712383054779287,2165.0000000225523,2,0.2471806052934508,frequency,3,-3,0.02405770018447792,0.02405770018447792
6593,11,0.3943539208085789,2164.9999999792617,2,0.2201548479318011,frequency,3,-3,0.1741990728767778,0.1741990728767778
6594,9,0.3095500743215009,2165.0000000225523,2,0.2869036600379213,frequency,5,-5,0.022646414283579608,0.022646414283579608
6595,2,0.3239890301410379,2164.9999999792617,2,0.2857456101097249,frequency,0,0,0.038243420031313036,0.038243420031313036
6596,2,0.417593118991697,2165.0000000225523,1,0.28142492615706965,frequency,1,1,0.13616819283462733,0.13616819283462733
6597,10,0.3964555431642799,2164.9999999792617,1,0.2769466229013755,frequency,3,-3,0.11950892026290438,0.11950892026290438
6598,10,0.3377394708976868,2165.0000000225527,1,0.2570582294090038,frequency,3,-3,0.080681241488683,0.080681241488683
6599,10,0.1520073537387379,2164.9999999792617,1,0.31247681910532416,frequency,3,-3,-0.16046946536658627,0.16046946536658627
6600,3,0.2216047822626003,2165.0000000225527,1,0.2603973492544368,frequency,2,2,-0.0387925669918365,0.0387925669918365
6601,12,0.1843126464346331,2164.9999999792417,11,0.2400130561425958,frequency,1,1,-0.055700409707962695,0.055700409707962695
6602,3,0.255611167175616,2165.000000022573,1,0.2466680305671235,frequency,2,2,0.008943136608492497,0.008943136608492497
6603,10,0.3017761509716355,2164.9999999792417,1,0.2758125580150257,frequency,3,-3,0.025963592956609827,0.025963592956609827
6604,3,0.2063610099191922,2165.000000022573,1,0.22500957215990466,frequency,2,2,-0.018648562240712457,0.018648562240712457
6605,12,0.2306076487971269,2165.0000000225523,3,0.27159284780759163,frequency,3,-3,-0.04098519901046474,0.04098519901046474
6606,10,0.3095655958020923,2164.9999999792617,4,0.22497069395062175,frequency,6,6,0.08459490185147056,0.08459490185147056
6607,5,0.2488013412011527,2165.0000000225523,4,0.1924517566734626,frequency,1,1,0.056349584527690094,0.056349584527690094
6608,8,0.2475205517276051,2164.9999999792617,4,0.2635889726426597,frequency,4,4,-0.016068420915054588,0.016068420915054588
6609,3,0.2632991089672696,2165.0000000225523,4,0.24055300522353826,frequency,1,-1,0.022746103743731344,0.022746103743731344
6610,7,0.1930242412973213,2164.9999999792617,4,0.296689922848925,frequency,3,3,-0.10366568155160369,0.10366568155160369
6611,11,0.1773277683501854,2165.0000000225523,4,0.26654758816788754,frequency,5,-5,-0.08921981981770213,0.08921981981770213
6612,3,0.3722681968074131,2164.9999999792617,11,0.1943578058253473,frequency,4,4,0.17791039098206576,0.17791039098206576
6613,2,0.2788889190108127,2165.0000000225527,11,0.21264446097589088,frequency,3,3,0.06624445803492182,0.06624445803492182
6614,11,0.3012078126769166,2164.9999999792417,11,0.23221448173949757,frequency,0,0,0.06899333093741902,0.06899333093741902
6615,12,0.3056827208530536,2165.000000022573,11,0.20396984924623116,frequency,1,1,0.10171287160682244,0.10171287160682244
6616,12,0.2631382686571523,2164.9999999792417,11,0.25420082679460837,frequency,1,1,0.008937441862543916,0.008937441862543916
6617,12,0.1981834766948523,2165.000000022573,11,0.17043211967338392,frequency,1,1,0.027751357021468387,0.027751357021468387
6618,10,0.1757158258136757,2164.9999999792417,9,0.14546136529652817,frequency,1,1,0.03025446051714753,0.03025446051714753
6619,6,0.1723311564240585,2165.0000000225527,4,0.16894397184128396,frequency,2,2,0.0033871845827745384,0.0033871845827745384
6620,11,0.252942322221251,2165.0000000225523,11,0.25329299615848316,frequency,0,0,-0.0003506739372321488,0.0003506739372321488
6621,11,0.3304754560575336,2164.9999999792817,11,0.3374752131564616,frequency,0,0,-0.006999757098928028,0.006999757098928028
6622,10,0.1846982663305684,2165.0000000225523,6,0.1657407201074089,frequency,4,4,0.01895754622315951,0.01895754622315951
6623,9,0.1655577617185825,2164.9999999792417,2,0.1321522311748262,frequency,5,-5,0.03340553054375631,0.03340553054375631
6624,12,0.2525916186547141,2165.0000000225523,11,0.27193133047210305,frequency,1,1,-0.01933971181738897,0.01933971181738897
6625,11,0.2363925750264407,2164.9999999792817,4,0.19290449825345155,frequency,5,-5,0.04348807677298916,0.04348807677298916
6626,1,0.3574964027858839,2165.0000000225523,10,0.25976891978665145,frequency,3,3,0.09772748299923245,0.09772748299923245
6627,3,0.3508478381551183,2164.9999999792417,9,0.2172786196375121,frequency,6,-6,0.13356921851760617,0.13356921851760617
6628,1,0.2320337171656831,2165.0000000225527,2,0.17698544765531704,frequency,1,-1,0.055048269510366066,0.055048269510366066
6629,3,0.1927169137936067,2164.9999999792817,3,0.17709481359807452,frequency,0,0,0.015622100195532174,0.015622100195532174
6631,1,0.4289950441815561,2164.9999999792417,10,0.34671503756317956,frequency,3,3,0.08228000661837653,0.08228000661837653
6632,12,0.5200867096340526,2165.0000000225527,11,0.18551845414999846,frequency,1,1,0.3345682554840541,0.3345682554840541
6634,4,0.2973953471131327,2165.0000000225527,11,0.31240649788582997,frequency,5,5,-0.015011150772697268,0.015011150772697268
6635,12,0.2580596061063743,2164.9999999792417,11,0.16112844161128442,frequency,1,1,0.09693116449508987,0.09693116449508987
6636,10,0.2185487221062563,2165.0000000225527,5,0.1808006299022387,frequency,5,5,0.03774809220401762,0.03774809220401762
6637,6,0.3419568641882355,2165.0000000225523,5,0.172948639693059,frequency,1,1,0.16900822449517652,0.16900822449517652
6650,2,0.3106964344192129,2165.000000022563,12,0.3092026104935647,frequency,2,2,0.00149382392564823,0.00149382392564823
6651,8,0.312109527329078,2164.9999999792517,2,0.24033480891491402,frequency,6,6,0.07177471841416397,0.07177471841416397
6656,2,0.3709188883288253,2164.9999999792517,1,0.4031443469227013,frequency,1,1,-0.03222545859387599,0.03222545859387599
6657,1,0.6972600983149845,2165.000000022563,1,0.41064047180563795,frequency,0,0,0.2866196265093465,0.2866196265093465
6662,11,0.4118481587606208,2164.9999999792517,1,0.4201297961971991,frequency,2,-2,-0.008281637436578282,0.008281637436578282
6663,1,0.3784290891473741,2165.0000000225523,1,0.4110065707863358,frequency,0,0,-0.03257748163896168,0.03257748163896168
6664,1,0.2287134697654857,2164.9999999792617,1,0.43527622869549204,frequency,0,0,-0.20656275893000633,0.20656275893000633
6665,1,0.2500480579503152,2165.0000000225523,1,0.2378508250951733,frequency,0,0,0.012197232855141904,0.012197232855141904
6666,6,0.2561386293506834,2164.9999999792617,10,0.2922884853539249,frequency,4,-4,-0.0361498560032415,0.0361498560032415
6667,2,0.2570557485092246,2165.0000000225523,3,0.23331665038475052,frequency,1,-1,0.023739098124474056,0.023739098124474056
6668,12,0.4667619117947731,2164.9999999792617,3,0.2786974574048548,frequency,3,-3,0.1880644543899183,0.1880644543899183
6669,10,0.5429502229351917,2165.0000000225523,2,0.27829604632645294,frequency,4,-4,0.26465417660873874,0.26465417660873874
6670,2,0.3694535430252441,2165.0000000225523,12,0.21650225441777968,frequency,2,2,0.1529512886074644,0.1529512886074644
6671,1,0.3241479575222163,2164.9999999792617,1,0.23477901889092923,frequency,0,0,0.08936893863128709,0.08936893863128709
6672,11,0.2762802796271947,2165.0000000225523,3,0.24565488863953283,frequency,4,-4,0.03062539098766187,0.03062539098766187
6673,1,0.33658442110025,2164.9999999792617,12,0.28892919796931626,frequency,1,1,0.04765522313093373,0.04765522313093373
6674,2,0.2064313036042057,2165.0000000225523,1,0.33180746927534355,frequency,1,1,-0.12537616567113785,0.12537616567113785
6675,8,0.3604382139748497,2164.9999999792617,1,0.271419138752707,frequency,5,-5,0.0890190752221427,0.0890190752221427
6676,3,0.5341490176892625,2165.0000000225523,3,0.30743256632398286,frequency,0,0,0.22671645136527963,0.22671645136527963
6677,2,0.3193091579526283,2164.9999999792617,1,0.22548153032426027,frequency,1,1,0.09382762762836805,0.09382762762836805
6678,4,0.3506872646712189,2165.0000000225523,1,0.20580834284528382,frequency,3,3,0.1448789218259351,0.1448789218259351
6679,10,0.3815513641886718,2164.9999999792617,2,0.22165410088724127,frequency,4,-4,0.15989726330143053,0.15989726330143053
6680,7,0.3134222739760979,2165.0000000225523,2,0.176441575056403,frequency,5,5,0.1369806989196949,0.1369806989196949
6681,5,0.4129099210521959,2164.9999999792617,2,0.21092394796911998,frequency,3,3,0.20198597308307595,0.20198597308307595
6682,4,0.1818992408119325,2165.0000000225523,2,0.25082001115933994,frequency,2,2,-0.06892077034740743,0.06892077034740743
6684,1,0.2130260033225868,2165.0000000225523,1,0.3291155669182985,frequency,0,0,-0.11608956359571171,0.11608956359571171
6685,1,0.3052255589400728,2165.0000000225523,1,0.2577803627478376,frequency,0,0,0.047445196192235195,0.047445196192235195
6686,5,0.2058524317012217,2164.9999999792617,1,0.2588527408992878,frequency,4,4,-0.05300030919806609,0.05300030919806609
6687,12,0.2531242258378861,2165.0000000225523,1,0.2483942898900847,frequency,1,-1,0.004729935947801384,0.004729935947801384
6688,8,0.2502985062126408,2164.9999999792617,1,0.2466680305671235,frequency,5,-5,0.003630475645517328,0.003630475645517328
6689,1,0.1885779325342521,2165.0000000225523,1,0.2907660743226454,frequency,0,0,-0.1021881417883933,0.1021881417883933
6690,3,0.2288799802109445,2164.9999999792617,1,0.30958840176133895,frequency,2,2,-0.08070842155039445,0.08070842155039445
6691,5,0.2471527926636568,2165.0000000225523,3,0.24227364691611122,frequency,2,2,0.004879145747545582,0.004879145747545582
6692,5,0.1455070646680442,2164.9999999792617,4,0.21962538694162315,frequency,1,1,-0.07411832227357895,0.07411832227357895
6693,9,0.1578527388793101,2165.0000000225523,4,0.21962538694162315,frequency,5,5,-0.06177264806231306,0.06177264806231306
6694,11,0.155720156352684,2164.9999999792617,11,0.22406953387160997,frequency,0,0,-0.06834937751892597,0.06834937751892597
6695,7,0.2235226814082528,2165.0000000225523,4,0.1922014919409971,frequency,3,3,0.031321189467255706,0.031321189467255706
6696,3,0.2263363215703857,2164.9999999792617,2,0.17576951635512572,frequency,1,1,0.05056680521525997,0.05056680521525997
6697,5,0.2051989602208627,2165.0000000225523,2,0.1668621078247236,frequency,3,3,0.0383368523961391,0.0383368523961391
6698,6,0.2451940992184681,2164.9999999792617,4,0.29795418009381264,frequency,2,2,-0.052760080875344534,0.052760080875344534
6699,4,0.3348955801533261,2165.0000000225523,4,0.2534676959823903,frequency,0,0,0.08142788417093583,0.08142788417093583
6700,6,0.2253319735305001,2165.0000000225523,4,0.20336066143568665,frequency,2,2,0.021971312094813455,0.021971312094813455
6701,5,0.1551348853365561,2164.9999999792617,4,0.2223469960696238,frequency,1,1,-0.06721211073306771,0.06721211073306771
6702,3,0.2553628361328934,2165.0000000225523,11,0.18536034583244618,frequency,4,4,0.07000249030044722,0.07000249030044722
6703,3,0.1943925227136675,2164.9999999792617,11,0.145775509068022,frequency,4,4,0.048617013645645496,0.048617013645645496
6704,1,0.2016541579944675,2165.0000000225523,11,0.16978421077949177,frequency,2,2,0.03186994721497574,0.03186994721497574
6705,11,0.4223468788051358,2164.9999999792817,11,0.22552161248786343,frequency,0,0,0.19682526631727235,0.19682526631727235
6706,9,0.3295994629628834,2165.0000000225523,11,0.23837769268716671,frequency,2,-2,0.09122177027571668,0.09122177027571668
6707,12,0.2232610823671476,2164.9999999792417,11,0.22434245524826762,frequency,1,1,-0.0010813728811200352,0.0010813728811200352
6708,10,0.2452869688949894,2165.0000000225527,11,0.2815572704413422,frequency,1,-1,-0.0362703015463528,0.0362703015463528
6709,3,0.2015076849002638,2164.9999999792417,9,0.19093793537087228,frequency,6,-6,0.01056974952939152,0.01056974952939152
6710,8,0.1593935686282336,2165.000000022593,9,0.20360186530541954,frequency,1,-1,-0.044208296677185954,0.044208296677185954
6711,3,0.1590363483592916,2164.9999999792417,11,0.4362354496383065,frequency,4,4,-0.2771991012790149,0.2771991012790149
6712,1,0.2541820677969521,2165.0000000225527,10,0.3484988027261005,frequency,3,3,-0.09431673492914838,0.09431673492914838
6713,9,0.3067215082563663,2164.9999999792417,10,0.186170081916804,frequency,1,-1,0.12055142633956228,0.12055142633956228
6714,4,0.2015138580298621,2165.000000022593,9,0.17803529563991166,frequency,5,-5,0.02347856238995044,0.02347856238995044
6715,9,0.2033273114917524,2165.0000000225523,5,0.14920895836781367,frequency,4,4,0.05411835312393873,0.05411835312393873
6716,3,0.2181092953379836,2164.9999999792417,4,0.21395476324764248,frequency,1,-1,0.004154532090341112,0.004154532090341112
6718,11,0.2200461478544977,2164.9999999792817,9,0.19091338815998343,frequency,2,2,0.02913275969451426,0.02913275969451426
6719,3,0.2269308041842195,2165.0000000225523,11,0.3012414800389484,frequency,4,4,-0.07431067585472892,0.07431067585472892
6721,10,0.3951964473934868,2165.0000000225523,1,0.26450157780767247,frequency,3,-3,0.13069486958581433,0.13069486958581433
6722,10,0.1574567884899987,2164.9999999792417,11,0.31245579749261726,frequency,1,-1,-0.15499900900261857,0.15499900900261857
6723,5,0.263290289044782,2165.000000022593,11,0.2036063760548067,frequency,6,-6,0.05968391298997533,0.05968391298997533
6724,12,0.3383993625800516,2164.9999999792417,6,0.19042932710050436,frequency,6,6,0.14797003547954724,0.14797003547954724
6751,1,0.3819977848957165,2164.9999999792617,11,0.2545606201986546,frequency,2,2,0.1274371646970619,0.1274371646970619
6752,1,0.2445933374364599,2165.0000000225523,3,0.23336606450929706,frequency,2,-2,0.011227272927162829,0.011227272927162829
6753,9,0.5576053934083376,2164.9999999792617,10,0.23487177054595612,frequency,1,-1,0.3227336228623815,0.3227336228623815
6754,8,0.3264180099789841,2165.0000000225523,10,0.34467887654556867,frequency,2,-2,-0.018260866566584544,0.018260866566584544
6755,2,0.2767160134343328,2164.9999999792617,3,0.2188005065818979,frequency,1,-1,0.05791550685243488,0.05791550685243488
6756,2,0.4258998001310744,2165.0000000225523,11,0.25322441584951527,frequency,3,3,0.17267538428155915,0.17267538428155915
6757,1,0.2428199398308428,2164.9999999792617,2,0.29353579971439386,frequency,1,-1,-0.05071585988355107,0.05071585988355107
6759,12,0.5856803334537136,2164.9999999792617,12,0.24426625185194517,frequency,0,0,0.34141408160176845,0.34141408160176845
6760,5,0.4703548029571501,2165.0000000225527,12,0.24426625185194517,frequency,5,5,0.22608855110520493,0.22608855110520493
6761,9,0.3707660619349614,2164.9999999792617,1,0.3346525114440318,frequency,4,-4,0.036113550490929625,0.036113550490929625
6762,1,0.4760042942985404,2165.0000000225527,1,0.2951442108803248,frequency,0,0,0.18086008341821563,0.18086008341821563
6763,5,0.3032852927700666,2164.9999999792417,3,0.2707763194638369,frequency,2,2,0.032508973306229705,0.032508973306229705
6764,4,0.3258262084285146,2165.000000022573,3,0.36003232973679383,frequency,1,1,-0.034206121308279214,0.034206121308279214
6765,5,0.6719350713577477,2165.0000000225523,3,0.2539369524554026,frequency,2,2,0.41799811890234506,0.41799811890234506
6766,9,0.4848038805185682,2164.9999999792617,2,0.2227119641630972,frequency,5,-5,0.262091916355471,0.262091916355471
6767,7,0.5465808133182545,2165.0000000225523,2,0.22192058793055927,frequency,5,5,0.32466022538769523,0.32466022538769523
6768,2,0.2656522084623079,2164.9999999792617,2,0.2508078936437845,frequency,0,0,0.01484431481852344,0.01484431481852344
6769,10,0.1603459954309401,2165.0000000225523,2,0.22218771652146,frequency,4,-4,-0.061841721090519886,0.061841721090519886
6770,10,0.3499754858533543,2164.9999999792617,1,0.28111828393885685,frequency,3,-3,0.06885720191449746,0.06885720191449746
6771,2,0.3259029009546881,2165.0000000225523,1,0.2676723287172073,frequency,1,1,0.05823057223748079,0.05823057223748079
6772,5,0.3414330259880002,2164.9999999792617,1,0.2693651660437257,frequency,4,4,0.0720678599442745,0.0720678599442745
6773,12,0.2677194678537989,2165.0000000225527,1,0.20678044912812596,frequency,1,-1,0.06093901872567295,0.06093901872567295
6774,10,0.2950064750431219,2164.9999999792617,1,0.20719931092876792,frequency,3,-3,0.08780716411435396,0.08780716411435396
6775,3,0.221012210063185,2165.0000000225527,1,0.20719931092876792,frequency,2,2,0.013812899134417078,0.013812899134417078
6776,1,0.3390253954552333,2164.9999999792417,1,0.2610760274716415,frequency,0,0,0.07794936798359181,0.07794936798359181
6777,3,0.2844435723940106,2165.000000022573,1,0.29191534142338854,frequency,2,2,-0.0074717690293779615,0.0074717690293779615
6778,8,0.1671826127598788,2164.9999999792417,1,0.22004416970318935,frequency,5,-5,-0.052861556943310545,0.052861556943310545
6779,12,0.2244208707968279,2165.000000022573,1,0.22004416970318935,frequency,1,-1,0.004376701093638552,0.004376701093638552
6780,7,0.1762944013061297,2165.0000000225523,4,0.21320026919225912,frequency,3,3,-0.03690586788612943,0.03690586788612943
6781,9,0.2096613348253651,2164.9999999792617,4,0.23774798362297703,frequency,5,5,-0.02808664879761194,0.02808664879761194
6782,10,0.2215356065982529,2165.0000000225523,4,0.20033512577087567,frequency,6,6,0.021200480827377216,0.021200480827377216
6783,11,0.2562498528124812,2164.9999999792617,9,0.22406953387160994,frequency,2,2,0.032180318940871255,0.032180318940871255
6784,3,0.3029940387044833,2165.0000000225523,2,0.15119021898371904,frequency,1,1,0.1518038197207643,0.1518038197207643
6785,9,0.1841400029068826,2164.9999999792617,2,0.16667014684617434,frequency,5,-5,0.01746985606070825,0.01746985606070825
6786,10,0.1968286975482282,2165.0000000225523,4,0.20357395416952964,frequency,6,6,-0.006745256621301432,0.006745256621301432
6787,4,0.1837754187359483,2164.9999999792617,3,0.20569920879310288,frequency,1,1,-0.021923790057154585,0.021923790057154585
6788,1,0.2173862883778861,2165.0000000225527,10,0.25713798907829827,frequency,3,3,-0.039751700700412174,0.039751700700412174
6789,9,0.2677428466205248,2164.9999999792417,4,0.19482915549432978,frequency,5,5,0.072913691126195,0.072913691126195
6790,11,0.1832115425702833,2165.000000022573,4,0.2041026698278528,frequency,5,-5,-0.020891127257569503,0.020891127257569503
6791,11,0.2585619609622937,2164.9999999792417,4,0.20425005157829584,frequency,5,-5,0.05431190938399788,0.05431190938399788
6792,4,0.179258829403653,2165.000000022573,4,0.20425005157829584,frequency,0,0,-0.024991222174642835,0.024991222174642835
6793,12,0.2408327521788792,2164.9999999792417,11,0.27101397384504833,frequency,1,1,-0.030181221666169128,0.030181221666169128
6794,7,0.3111925219162156,2165.0000000225527,11,0.2380409563569588,frequency,4,-4,0.07315156555925681,0.07315156555925681
6795,11,0.2271434977245762,2165.0000000225523,4,0.15593875398827095,frequency,5,-5,0.07120474373630525,0.07120474373630525
6796,8,0.1819328366893022,2164.9999999792817,11,0.16051197216052515,frequency,3,-3,0.02142086452877706,0.02142086452877706
6797,6,0.1234151968262921,2165.0000000225523,9,0.1456172229407217,frequency,3,-3,-0.022202026114429618,0.022202026114429618
6798,11,0.1979922383605903,2164.9999999792417,9,0.19177374572221864,frequency,2,2,0.006218492638371653,0.006218492638371653
6799,10,0.6049483526009121,2165.0000000225523,10,0.2797058062608567,frequency,0,0,0.32524254634005534,0.32524254634005534
6800,7,0.3808433351476045,2164.9999999792817,9,0.14515566654845527,frequency,2,-2,0.23568766859914922,0.23568766859914922
6801,1,0.2093790054803555,2165.0000000225523,9,0.1895910954307877,frequency,4,4,0.019787910049567814,0.019787910049567814
6802,10,0.1650878827711558,2164.9999999792417,4,0.21371805039539027,frequency,6,6,-0.04863016762423447,0.04863016762423447
6803,4,0.1931955387661668,2165.0000000225527,4,0.21222242206485778,frequency,0,0,-0.019026883298690983,0.019026883298690983
6804,3,0.2841166080153687,2164.9999999792817,4,0.18434142447916962,frequency,1,-1,0.09977518353619907,0.09977518353619907
6805,3,0.1411016210922717,2165.0000000225527,10,0.25441742470084505,frequency,5,5,-0.11331580360857335,0.11331580360857335
6806,11,0.2497320090484918,2164.9999999792417,9,0.15198357474054705,frequency,2,2,0.09774843430794475,0.09774843430794475
6810,1,0.2132372252373953,2164.9999999792417,11,0.2691899828697284,frequency,2,2,-0.055952757632333094,0.055952757632333094
6838,1,0.2975005053140741,2165.0000000225523,1,0.2851195859863073,frequency,0,0,0.012380919327766804,0.012380919327766804
6839,1,0.4513217783395023,2164.9999999792617,1,0.33372734768050344,frequency,0,0,0.11759443065899888,0.11759443065899888
6840,5,0.288238256994256,2165.0000000225523,1,0.22975651148130954,frequency,4,4,0.05848174551294644,0.05848174551294644
6841,4,0.1611677087843641,2164.9999999792617,3,0.25588216375442496,frequency,1,1,-0.09471445497006087,0.09471445497006087
6842,3,0.2203806165096741,2165.0000000225523,1,0.2845047390560618,frequency,2,2,-0.06412412254638766,0.06412412254638766
6843,4,0.2528309572497419,2164.9999999792617,1,0.2980074612989722,frequency,3,3,-0.04517650404923029,0.04517650404923029
6844,9,0.3069621487549444,2165.0000000225523,3,0.25423040015102016,frequency,6,6,0.05273174860392421,0.05273174860392421
6845,3,0.2811262602158578,2165.0000000225523,2,0.3012344455962949,frequency,1,1,-0.020108185380437127,0.020108185380437127
6850,8,0.2331648897406206,2164.9999999792617,1,0.3148033148886275,frequency,5,-5,-0.0816384251480069,0.0816384251480069
6851,3,0.4326665850785651,2165.0000000225523,3,0.27285179784393393,frequency,0,0,0.15981478723463116,0.15981478723463116
6852,4,0.2815805622208454,2164.9999999792617,3,0.26565465328857735,frequency,1,1,0.01592590893226803,0.01592590893226803
6853,3,0.2607624108885547,2165.0000000225523,3,0.2681912063764039,frequency,0,0,-0.007428795487849249,0.007428795487849249
6855,2,0.2440543937083132,2165.0000000225523,11,0.22375563833613787,frequency,3,3,0.02029875537217532,0.02029875537217532
6856,3,0.2857789277609662,2164.9999999792617,2,0.22936607785084467,frequency,1,1,0.05641284991012152,0.05641284991012152
6857,4,0.1749753198130942,2165.0000000225523,2,0.23489893538141074,frequency,2,2,-0.059923615568316546,0.059923615568316546
6859,11,0.2161352174462371,2165.0000000225523,2,0.2637826349295116,frequency,3,-3,-0.0476474174832745,0.0476474174832745
6860,11,0.1926818963661767,2165.0000000225523,1,0.22566252366562295,frequency,2,-2,-0.03298062729944626,0.03298062729944626
6861,10,0.2724709260526008,2164.9999999792617,1,0.22566252366562295,frequency,3,-3,0.046808402386977865,0.046808402386977865
6862,1,0.2087916714348693,2165.0000000225523,1,0.22686679328999312,frequency,0,0,-0.018075121855123832,0.018075121855123832
6863,2,0.2821212646717029,2164.9999999792617,1,0.31834944059764364,frequency,1,1,-0.03622817592594074,0.03622817592594074
6864,1,0.2812291813071093,2165.0000000225523,3,0.26509632291000385,frequency,2,-2,0.016132858397105432,0.016132858397105432
6865,3,0.1747098663050847,2164.9999999792617,3,0.2536353351745244,frequency,0,0,-0.07892546886943971,0.07892546886943971
6866,9,0.1743797183791618,2165.0000000225523,3,0.25229278478151396,frequency,6,6,-0.07791306640235215,0.07791306640235215
6867,9,0.2408072294210622,2164.9999999792617,4,0.2016921970362328,frequency,5,5,0.039115032384829385,0.039115032384829385
6868,8,0.1987661002749087,2165.0000000225523,4,0.2016921970362328,frequency,4,4,-0.002926096761324104,0.002926096761324104
6869,11,0.1510009371285605,2164.9999999792617,4,0.22520363826769635,frequency,5,-5,-0.07420270113913585,0.07420270113913585
6870,12,0.3021516290764617,2165.0000000225523,4,0.25272398978892974,frequency,4,-4,0.049427639287531966,0.049427639287531966
6871,9,0.2895397579924045,2164.9999999792617,4,0.2883923670874609,frequency,5,5,0.0011473909049435904,0.0011473909049435904
6872,9,0.2414539442463874,2165.0000000225523,4,0.23868660622075868,frequency,5,5,0.0027673380256287017,0.0027673380256287017
6873,8,0.336146238192274,2164.9999999792617,3,0.18488221123624426,frequency,5,5,0.15126402695602975,0.15126402695602975
6874,4,0.1944721982107745,2165.0000000225523,3,0.2086719797995739,frequency,1,1,-0.014199781588799393,0.014199781588799393
6875,4,0.2209743637412375,2165.0000000225523,11,0.2541672406667585,frequency,5,5,-0.033192876925521,0.033192876925521
6876,9,0.2133769712056971,2164.9999999792617,11,0.24002182016546958,frequency,2,-2,-0.026644848959772482,0.026644848959772482
6877,2,0.1839216522766196,2165.0000000225523,4,0.21456436931079323,frequency,2,-2,-0.030642717034173622,0.030642717034173622
6878,10,0.2413554269549004,2164.9999999792617,4,0.21456436931079323,frequency,6,6,0.026791057644107164,0.026791057644107164
6879,2,0.1715326248714385,2165.0000000225523,4,0.16168544830965212,frequency,2,-2,0.00984717656178638,0.00984717656178638
6880,9,0.191104884572628,2164.9999999792817,11,0.2694757471827535,frequency,2,-2,-0.07837086261012552,0.07837086261012552
6881,9,0.2713131842376589,2165.0000000225523,4,0.22671323066353696,frequency,5,5,0.044599953574121914,0.044599953574121914
6882,3,0.1750566867580927,2164.9999999792417,4,0.23767246111619392,frequency,1,-1,-0.06261577435810123,0.06261577435810123
6883,7,0.3004523257541757,2165.0000000225527,12,0.19512808645080798,frequency,5,-5,0.1053242393033677,0.1053242393033677
6884,7,0.2038960313186245,2164.9999999792417,9,0.15215097394990898,frequency,2,-2,0.051745057368715514,0.051745057368715514
6885,5,0.2465190920576278,2165.000000022593,4,0.15989159357833763,frequency,1,1,0.08662749847929016,0.08662749847929016
6886,12,0.2978208242863943,2164.9999999792417,10,0.20548139338063406,frequency,2,2,0.09233943090576022,0.09233943090576022
6887,12,0.1385747290392517,2165.0000000225527,11,0.1525025407697264,frequency,1,1,-0.01392781173047472,0.01392781173047472
6888,10,0.1889245064883126,2164.9999999792417,6,0.1653253367564684,frequency,4,4,0.0235991697318442,0.0235991697318442
6889,12,0.2016971620182108,2165.000000022593,6,0.24852298998201908,frequency,6,6,-0.04682582796380827,0.04682582796380827
6890,11,0.223087855581698,2165.0000000225523,3,0.18550305975306755,frequency,4,-4,0.037584795828630446,0.037584795828630446
6891,2,0.1971287385781041,2164.9999999792417,4,0.22097143594414254,frequency,2,-2,-0.023842697366038446,0.023842697366038446
6892,3,0.2114103630879633,2165.0000000225523,4,0.2829898621444064,frequency,1,-1,-0.07157949905644312,0.07157949905644312
6893,4,0.1933391906891078,2164.9999999792817,4,0.16948940221476172,frequency,0,0,0.023849788474346073,0.023849788474346073
6894,8,0.3825840364361605,2165.0000000225523,10,0.28745935762253483,frequency,2,-2,0.09512467881362568,0.09512467881362568
6895,10,0.3546065380825368,2164.9999999792417,9,0.2819020156098293,frequency,1,1,0.07270452247270748,0.07270452247270748
6896,7,0.1336103757175089,2165.0000000225523,9,0.26563927508422713,frequency,2,-2,-0.13202889936671824,0.13202889936671824
6897,4,0.2766228031614973,2164.9999999792417,4,0.13832422872059463,frequency,0,0,0.13829857444090266,0.13829857444090266
6913,1,0.5367394705608949,2164.9999999792517,2,0.27490173624415043,frequency,1,-1,0.26183773431674445,0.26183773431674445
6920,1,0.3977769024491323,2165.000000022563,1,0.38202357719270846,frequency,0,0,0.01575332525642381,0.01575332525642381
6922,1,0.4926762466817054,2165.000000022563,1,0.3940356180848616,frequency,0,0,0.0986406285968438,0.0986406285968438
6923,2,0.6729363093922198,2164.9999999792517,1,0.32917311514316655,frequency,1,1,0.34376319424905327,0.34376319424905327
6924,1,0.3105735037276269,2165.000000022563,1,0.32917311514316655,frequency,0,0,-0.018599611415539674,0.018599611415539674
6925,2,0.4980964928918798,2165.0000000225523,1,0.37935824453269384,frequency,1,1,0.11873824835918595,0.11873824835918595
6926,3,0.4074799088228863,2164.9999999792617,1,0.23865150693227954,frequency,2,2,0.16882840189060677,0.16882840189060677
6928,1,0.5546227414018149,2164.9999999792617,1,0.33305439447645085,frequency,0,0,0.22156834692536403,0.22156834692536403
6929,8,0.3511438781659569,2165.0000000225523,1,0.33047024372362716,frequency,5,-5,0.020673634442329725,0.020673634442329725
6930,1,0.4388373447560479,2164.9999999792617,1,0.28549528492850473,frequency,0,0,0.15334205982754318,0.15334205982754318
6931,2,0.366213882060891,2165.0000000225523,2,0.22296903142425598,frequency,0,0,0.14324485063663503,0.14324485063663503
6932,2,0.3836377610775217,2164.9999999792617,11,0.25289073612449775,frequency,3,3,0.13074702495302393,0.13074702495302393
6933,10,0.4095004936203514,2165.0000000225527,1,0.2606387662014253,frequency,3,-3,0.14886172741892612,0.14886172741892612
6935,11,0.3133656653326906,2165.0000000225527,1,0.19938602123919158,frequency,2,-2,0.11397964409349903,0.11397964409349903
6936,12,0.5933431278480553,2164.9999999792617,1,0.31564707949696463,frequency,1,-1,0.2776960483510907,0.2776960483510907
6937,5,0.7202104102914206,2165.0000000225527,1,0.2947575620445442,frequency,4,4,0.42545284824687646,0.42545284824687646
6938,10,0.4979654550929117,2164.9999999792417,3,0.3388308059066364,frequency,5,-5,0.1591346491862753,0.1591346491862753
6939,3,0.3205781699118886,2165.000000022573,3,0.31121221134993465,frequency,0,0,0.009365958561953935,0.009365958561953935
6940,3,0.2142332527236427,2165.0000000225523,1,0.20881244583766795,frequency,2,2,0.005420806885974738,0.005420806885974738
6941,12,0.2230523777542765,2164.9999999792617,1,0.2244605562242076,frequency,1,-1,-0.001408178469931104,0.001408178469931104
6942,11,0.3682356649873458,2165.0000000225523,11,0.21313953511269051,frequency,0,0,0.15509612987465526,0.15509612987465526
6943,3,0.1835484220101355,2164.9999999792617,1,0.24660147821010875,frequency,2,2,-0.06305305619997326,0.06305305619997326
6944,1,0.2354539823023831,2165.0000000225523,1,0.27360387359766586,frequency,0,0,-0.03814989129528276,0.03814989129528276
6945,1,0.1906943705632276,2164.9999999792617,2,0.3017049305226417,frequency,1,-1,-0.11101055995941408,0.11101055995941408
6946,2,0.1958689605416067,2165.0000000225523,2,0.22296903142425595,frequency,0,0,-0.027100070882649235,0.027100070882649235
6947,11,0.2858837842715198,2164.9999999792617,2,0.223509004743069,frequency,3,-3,0.062374779528450774,0.062374779528450774
6948,8,0.2681496950759762,2165.0000000225527,1,0.19916540569580174,frequency,5,-5,0.06898428938017445,0.06898428938017445
6949,5,0.2074819526412715,2164.9999999792617,1,0.1739850324844431,frequency,4,4,0.0334969201568284,0.0334969201568284
6950,3,0.2516514321955782,2165.0000000225527,1,0.22715221245424605,frequency,2,2,0.024499219741332123,0.024499219741332123
6951,3,0.1966331131631692,2164.9999999792417,1,0.207628784282238,frequency,2,2,-0.010995671119068795,0.010995671119068795
6952,10,0.210212198611501,2165.000000022573,3,0.266525262612982,frequency,5,-5,-0.05631306400148098,0.05631306400148098
6953,7,0.1887987236050316,2164.9999999792417,3,0.3070417499252899,frequency,4,4,-0.11824302632025827,0.11824302632025827
6954,6,0.1547968873051907,2165.000000022573,3,0.3070417499252899,frequency,3,3,-0.15224486262009918,0.15224486262009918
6955,12,0.2084668892752609,2165.0000000225523,4,0.23147831323652196,frequency,4,-4,-0.023011423961261046,0.023011423961261046
6956,3,0.1876814761127705,2164.9999999792617,4,0.2140159628807002,frequency,1,-1,-0.02633448676792971,0.02633448676792971
6957,7,0.2341233372137976,2165.0000000225523,4,0.19038714554524258,frequency,3,3,0.043736191668555024,0.043736191668555024
6958,5,0.2703590999322254,2164.9999999792617,4,0.2121347727384083,frequency,1,1,0.058224327193817094,0.058224327193817094
6959,2,0.21979349897219,2165.0000000225523,9,0.20199841911395736,frequency,5,5,0.017795079858232643,0.017795079858232643
6960,12,0.3529060122393117,2164.9999999792617,9,0.21318879143778352,frequency,3,3,0.13971722080152815,0.13971722080152815
6961,12,0.2258896530806717,2165.0000000225523,9,0.17924724107627832,frequency,3,3,0.04664241200439337,0.04664241200439337
6962,9,0.2135117256840587,2164.9999999792617,11,0.2258109605102026,frequency,2,-2,-0.012299234826143896,0.012299234826143896
6963,2,0.1470529251945691,2165.0000000225527,11,0.21400439713395444,frequency,3,3,-0.06695147193938533,0.06695147193938533
6964,6,0.1797549578805584,2164.9999999792417,11,0.23930684145479575,frequency,5,-5,-0.05955188357423735,0.05955188357423735
6965,9,0.1892860162493544,2165.000000022573,4,0.24000727294766505,frequency,5,5,-0.05072125669831065,0.05072125669831065
6966,8,0.2270924828954426,2164.9999999792417,4,0.1777059773828756,frequency,4,4,0.049386505512566986,0.049386505512566986
6967,3,0.282466844464484,2165.000000022573,11,0.20455602045560203,frequency,4,4,0.07791082400888197,0.07791082400888197
6968,10,0.1505437808733585,2164.9999999792417,3,0.19590991457416518,frequency,5,-5,-0.045366133700806666,0.045366133700806666
6969,7,0.2913136521312703,2165.0000000225527,4,0.1451039482644903,frequency,3,3,0.14620970386678,0.14620970386678
6970,7,0.3241501951608066,2165.0000000225523,9,0.1690998698804483,frequency,2,-2,0.1550503252803583,0.1550503252803583
6971,7,0.3170233424467973,2164.9999999792817,4,0.17949097791407517,frequency,3,3,0.13753236453272213,0.13753236453272213
6972,7,0.1558133091608673,2165.0000000225523,4,0.22643451410927176,frequency,3,3,-0.07062120494840446,0.07062120494840446
6973,11,0.3050629035772524,2164.9999999792417,4,0.25311936567376503,frequency,5,-5,0.05194353790348738,0.05194353790348738
6974,2,0.2108277221169187,2165.0000000225523,6,0.17543284195970585,frequency,4,-4,0.035394880157212844,0.035394880157212844
6975,7,0.3219810899218832,2164.9999999792817,9,0.15253616267016573,frequency,2,-2,0.16944492725171745,0.16944492725171745
6976,8,0.2277990800742481,2165.0000000225523,8,0.18632891215950673,frequency,0,0,0.04147016791474137,0.04147016791474137
6977,4,0.1929294298610734,2164.9999999792417,4,0.16190138733680398,frequency,0,0,0.03102804252426941,0.03102804252426941
6978,10,0.2120482765891407,2165.0000000225527,3,0.23293272060324924,frequency,5,-5,-0.02088444401410855,0.02088444401410855
6979,10,0.2142950097014599,2164.9999999792817,3,0.2319162599691225,frequency,5,-5,-0.01762125026766259,0.01762125026766259
6980,4,0.1990466866689828,2165.0000000225527,4,0.31873792659368966,frequency,0,0,-0.11969123992470687,0.11969123992470687
6981,8,0.1913647997628822,2164.9999999792417,3,0.2446277572341031,frequency,5,5,-0.053262957471220895,0.053262957471220895
6982,5,0.1529911525329368,2165.0000000225527,4,0.14612546125461257,frequency,1,1,0.006865691278324232,0.006865691278324232
6983,3,0.1823093206435103,2164.9999999792817,9,0.29084499283904375,frequency,6,-6,-0.10853567219553345,0.10853567219553345
6984,3,0.1567462791502978,2165.0000000225527,9,0.20397651179561144,frequency,6,-6,-0.04723023264531365,0.04723023264531365
6985,5,0.315392398503943,2164.9999999792417,11,0.19376343341738977,frequency,6,-6,0.12162896508655324,0.12162896508655324
7007,12,0.2619012950873505,2165.000000022563,1,0.40142903485331566,frequency,1,-1,-0.13952773976596516,0.13952773976596516
7008,1,0.4021092740780286,2164.9999999792517,1,0.2663856085720001,frequency,0,0,0.1357236655060285,0.1357236655060285
7009,3,0.4797616476720131,2165.000000022563,1,0.2915195320107444,frequency,2,2,0.18824211566126875,0.18824211566126875
7010,1,0.4071085250407019,2164.9999999792517,2,0.2478443884234489,frequency,1,-1,0.15926413661725297,0.15926413661725297
7011,1,0.4904389477628888,2165.000000022563,1,0.2572584026071186,frequency,0,0,0.23318054515577025,0.23318054515577025
7012,1,0.5506355796469639,2164.9999999792517,2,0.26487783388793623,frequency,1,-1,0.2857577457590276,0.2857577457590276
7013,3,0.2366000434334735,2165.0000000225523,1,0.3635272839387376,frequency,2,2,-0.12692724050526413,0.12692724050526413
7014,1,0.3762628136137396,2164.9999999792617,1,0.33079070620743717,frequency,0,0,0.04547210740630242,0.04547210740630242
7015,11,0.5890591726531792,2165.0000000225523,2,0.2637658822208195,frequency,3,-3,0.3252932904323597,0.3252932904323597
7016,1,0.2509496435662273,2164.9999999792617,1,0.27442004617077925,frequency,0,0,-0.023470402604551965,0.023470402604551965
7017,8,0.3679282017491995,2165.0000000225523,1,0.35038917408529,frequency,5,-5,0.017539027663909468,0.017539027663909468
7018,11,0.2957907265626837,2164.9999999792617,1,0.2939337062508012,frequency,2,-2,0.0018570203118825068,0.0018570203118825068
7019,1,0.2560202721027992,2165.0000000225523,1,0.37036143715892056,frequency,0,0,-0.11434116505612135,0.11434116505612135
7021,11,0.6811575063480196,2164.9999999792617,1,0.29395156718591253,frequency,2,-2,0.3872059391621071,0.3872059391621071
7022,5,0.3150698691650291,2165.0000000225523,1,0.23514696500064095,frequency,4,4,0.07992290416438816,0.07992290416438816
7023,11,0.2895733303277507,2164.9999999792617,1,0.23739901527361257,frequency,2,-2,0.05217431505413811,0.05217431505413811
7027,3,0.3079417105436899,2164.9999999792617,1,0.35276331635016217,frequency,2,2,-0.044821605806472264,0.044821605806472264
7028,3,0.2925390093721507,2165.0000000225523,1,0.24745295165661071,frequency,2,2,0.04508605771554,0.04508605771554
7029,11,0.3047626742856819,2164.9999999792617,1,0.290673603605254,frequency,2,-2,0.014089070680427862,0.014089070680427862
7030,2,0.1715198135099498,2165.0000000225523,2,0.2354849616963547,frequency,0,0,-0.06396514818640489,0.06396514818640489
7031,10,0.2642673272013668,2164.9999999792617,2,0.23518492429829868,frequency,4,-4,0.029082402903068127,0.029082402903068127
7032,12,0.291587786835989,2165.0000000225523,1,0.259708246829389,frequency,1,-1,0.03187954000660004,0.03187954000660004
7033,4,0.3726743967586192,2164.9999999792617,1,0.27360387359766597,frequency,3,3,0.09907052316095322,0.09907052316095322
7034,11,0.4445346312514852,2165.0000000225523,2,0.2491528102119292,frequency,3,-3,0.19538182103955598,0.19538182103955598
7035,6,0.4158083426116573,2165.0000000225523,1,0.2229969172260797,frequency,5,5,0.19281142538557758,0.19281142538557758
7036,12,0.2861839954001994,2164.9999999792617,1,0.18171323734036962,frequency,1,-1,0.10447075805982978,0.10447075805982978
7037,1,0.2047700893189353,2165.0000000225523,1,0.28525388260730955,frequency,0,0,-0.08048379328837424,0.08048379328837424
7038,8,0.2791884869810947,2164.9999999792617,1,0.208415975537032,frequency,5,-5,0.07077251144406271,0.07077251144406271
7039,5,0.2879322952753702,2165.0000000225523,3,0.35536701681730937,frequency,2,2,-0.06743472154193919,0.06743472154193919
7040,9,0.1730916000397877,2164.9999999792617,3,0.35536701681730937,frequency,6,6,-0.18227541677752165,0.18227541677752165
7041,9,0.2593322356567633,2165.0000000225523,3,0.18573791324991668,frequency,6,6,0.0735943224068466,0.0735943224068466
7042,7,0.2045591825154219,2164.9999999792617,3,0.18553300797529798,frequency,4,4,0.019026174540123925,0.019026174540123925
7043,3,0.1743986027718785,2165.0000000225523,4,0.23171127827103086,frequency,1,-1,-0.057312675499152366,0.057312675499152366
7044,5,0.2246964872135471,2164.9999999792617,4,0.2557214444387043,frequency,1,1,-0.031024957225157218,0.031024957225157218
7045,6,0.2697988460101428,2165.0000000225523,4,0.23932130388543357,frequency,2,2,0.03047754212470924,0.03047754212470924
7046,11,0.2280096788403056,2164.9999999792617,3,0.25936829716414145,frequency,4,-4,-0.03135861832383585,0.03135861832383585
7047,5,0.2027112519735559,2165.0000000225523,2,0.19870517230917162,frequency,3,3,0.004006079664384293,0.004006079664384293
7048,2,0.2651308603127232,2164.9999999792617,9,0.16889312381542837,frequency,5,5,0.09623773649729483,0.09623773649729483
7049,11,0.2902842321385245,2165.0000000225523,11,0.23830176965042907,frequency,0,0,0.05198246248809543,0.05198246248809543
7050,5,0.2307327996864887,2165.0000000225523,11,0.20285757301829355,frequency,6,-6,0.02787522666819514,0.02787522666819514
7051,4,0.19908688028583,2164.9999999792617,11,0.2035959080181877,frequency,5,5,-0.004509027732357701,0.004509027732357701
7052,9,0.1273125254831182,2165.0000000225523,4,0.18474815035650158,frequency,5,5,-0.057435624873383384,0.057435624873383384
7053,7,0.160303132436123,2164.9999999792617,4,0.20405752220175002,frequency,3,3,-0.04375438976562701,0.04375438976562701
7054,4,0.2281038119535784,2165.0000000225523,11,0.2553981889946599,frequency,5,5,-0.02729437704108148,0.02729437704108148
7055,5,0.3148579125990386,2164.9999999792817,4,0.20382120827712955,frequency,1,1,0.11103670432190907,0.11103670432190907
7056,9,0.1830506579312171,2165.0000000225523,4,0.22728577168111117,frequency,5,5,-0.044235113749894056,0.044235113749894056
7057,9,0.2236539946298178,2164.9999999792417,4,0.22400245028548718,frequency,5,5,-0.0003484556556693774,0.0003484556556693774
7058,11,0.286724138271232,2165.0000000225527,4,0.1794801310910968,frequency,5,-5,0.10724400718013519,0.10724400718013519
7059,12,0.1759283291066989,2164.9999999792417,2,0.1871541966811674,frequency,2,-2,-0.011225867574468501,0.011225867574468501
7060,10,0.2626898253854946,2165.000000022593,11,0.23767246111619392,frequency,1,-1,0.025017364269300707,0.025017364269300707
7061,1,0.219249061667042,2164.9999999792417,4,0.2270186602459369,frequency,3,-3,-0.007769598578894893,0.007769598578894893
7062,5,0.2124622539270309,2165.0000000225527,4,0.19178612940720652,frequency,1,1,0.020676124519824368,0.020676124519824368
7063,5,0.1949976121658497,2164.9999999792417,3,0.23028237585199612,frequency,2,2,-0.035284763686146414,0.035284763686146414
7064,8,0.2925313082045443,2165.000000022593,11,0.16151398972183703,frequency,3,-3,0.13101731848270728,0.13101731848270728
7065,9,0.1822582757705976,2165.0000000225523,3,0.26768534238822866,frequency,6,6,-0.08542706661763105,0.08542706661763105
7066,3,0.1906313472200733,2164.9999999792417,3,0.2942380964723569,frequency,0,0,-0.10360674925228358,0.10360674925228358
7067,8,0.1967385829902319,2165.0000000225523,4,0.26917534462600945,frequency,4,4,-0.07243676163577756,0.07243676163577756
7068,5,0.2907437239237468,2164.9999999792817,4,0.23970944309927364,frequency,1,1,0.05103428082447317,0.05103428082447317
7069,10,0.1689105735674266,2165.0000000225523,4,0.18050870635427116,frequency,6,6,-0.011598132786844573,0.011598132786844573
7070,3,0.2021920876132461,2164.9999999792417,9,0.31917980462327117,frequency,6,-6,-0.11698771701002506,0.11698771701002506
7071,6,0.3332783225880277,2165.0000000225523,9,0.20397651179561144,frequency,3,-3,0.12930181079241626,0.12930181079241626
7094,3,0.4353924487906256,2164.9999999542465,1,0.34245143071187634,frequency,2,2,0.09294101807874927,0.09294101807874927
7095,1,0.2723736172162822,2164.999999997557,1,0.27818087555006776,frequency,0,0,-0.005807258333785537,0.005807258333785537
7097,11,0.3737309592221289,2164.999999997557,11,0.2023569676117927,frequency,0,0,0.1713739916103362,0.1713739916103362
7098,11,0.2466328657674005,2164.9999999542465,1,0.23805249147204866,frequency,2,-2,0.008580374295351856,0.008580374295351856
7099,1,0.3538789972243593,2164.999999997557,11,0.22488354838426702,frequency,2,2,0.12899544884009226,0.12899544884009226
7100,2,0.7087834936512205,2164.999999997547,11,0.28037576846031637,frequency,3,3,0.42840772519090414,0.42840772519090414
7102,11,0.3555956191383986,2164.999999997547,1,0.31291126259671453,frequency,2,-2,0.042684356541684065,0.042684356541684065
7103,7,0.4353601043640175,2164.999999954256,1,0.3302195041459912,frequency,6,6,0.10514060021802629,0.10514060021802629
7104,1,0.2533722176861252,2164.999999997547,1,0.43282821315588277,frequency,0,0,-0.17945599546975755,0.17945599546975755
7110,7,0.2526691362337803,2164.9999999975466,1,0.2505617782353768,frequency,6,6,0.002107357998403503,0.002107357998403503
7111,12,0.270740113441705,2164.999999954256,1,0.3152442561848829,frequency,1,-1,-0.04450414274317788,0.04450414274317788
7115,5,0.4221383008906574,2164.999999997547,11,0.20214520938513544,frequency,6,-6,0.21999309150552196,0.21999309150552196
7116,11,0.2922794921519361,2164.999999954256,1,0.2357723770527368,frequency,2,-2,0.05650711509919931,0.05650711509919931
7117,10,0.3375009231995941,2164.999999997547,1,0.22468470223860562,frequency,3,-3,0.1128162209609885,0.1128162209609885
7118,7,0.8614812003545864,2164.999999954256,2,0.22322669281552993,frequency,5,5,0.6382545075390564,0.6382545075390564
7119,5,0.4501567680991996,2164.999999997547,2,0.2521417537741303,frequency,3,3,0.1980150143250693,0.1980150143250693
7120,4,0.5058612500103341,2164.999999954256,1,0.2603231833487664,frequency,3,3,0.2455380666615677,0.2455380666615677
7121,8,0.4419986159370611,2164.999999997547,1,0.2753918697696893,frequency,5,-5,0.16660674616737176,0.16660674616737176
7122,12,0.351149584015576,2164.999999954256,1,0.22355081881985966,frequency,1,-1,0.12759876519571633,0.12759876519571633
7123,1,0.4370247040981156,2164.9999999975466,1,0.2948167108510833,frequency,0,0,0.14220799324703232,0.14220799324703232
7124,4,0.4294893593056716,2164.999999954256,1,0.20033863251553963,frequency,3,3,0.229150726790132,0.229150726790132
7125,3,0.2352045226567983,2164.9999999975466,1,0.21015142504837578,frequency,2,2,0.02505309760842253,0.02505309760842253
7126,5,0.3401502443345457,2164.999999954236,1,0.19943012781275415,frequency,4,4,0.14072011652179156,0.14072011652179156
7127,12,0.2350518384808081,2164.999999997567,3,0.23241766868048172,frequency,3,-3,0.0026341698003263803,0.0026341698003263803
7128,11,0.4936472116099606,2164.999999954236,3,0.2326749096109627,frequency,4,-4,0.2609723019989979,0.2609723019989979
7129,9,0.1276925506009008,2164.999999997567,3,0.18573791324991668,frequency,6,6,-0.058045362649015886,0.058045362649015886
7130,4,0.1688864127362193,2164.999999997547,3,0.18509473422995107,frequency,1,1,-0.016208321493731775,0.016208321493731775
7131,3,0.2495809178408186,2164.999999954256,3,0.2054813933806341,frequency,0,0,0.0440995244601845,0.0440995244601845
7132,4,0.4151329654889691,2164.999999997547,4,0.25449488502273465,frequency,0,0,0.16063808046623446,0.16063808046623446
7133,3,0.2194439899700726,2164.999999954256,4,0.26687092362718284,frequency,1,-1,-0.04742693365711023,0.04742693365711023
7134,12,0.2104917454101975,2164.999999997547,3,0.25807095520719664,frequency,3,-3,-0.047579209796999145,0.047579209796999145
7135,9,0.2898759497867316,2164.999999954256,4,0.1690998698804483,frequency,5,5,0.12077607990628328,0.12077607990628328
7136,5,0.2648414926190445,2164.999999997547,11,0.19091338815998343,frequency,6,-6,0.07392810445906106,0.07392810445906106
7137,9,0.1844743222487982,2164.999999954256,11,0.1841853152029459,frequency,2,-2,0.00028900704585230197,0.00028900704585230197
7138,4,0.1724508045958382,2164.9999999975466,9,0.13257694323971364,frequency,5,-5,0.03987386135612456,0.03987386135612456
7139,10,0.1865957511420087,2164.999999954236,11,0.17996953952361353,frequency,1,-1,0.006626211618395161,0.006626211618395161
7140,12,0.2058266865309994,2164.999999997567,12,0.20674771206119383,frequency,0,0,-0.0009210255301944359,0.0009210255301944359
7141,10,0.2037249716577798,2164.999999954236,4,0.22671323066353696,frequency,6,6,-0.022988259005757156,0.022988259005757156
7142,11,0.1816134388927702,2164.999999997567,4,0.22671323066353696,frequency,5,-5,-0.045099791770766756,0.045099791770766756
7143,9,0.180298426034842,2164.9999999542356,4,0.21398126939024037,frequency,5,5,-0.03368284335539837,0.03368284335539837
7144,10,0.287445658986685,2164.9999999975466,4,0.213992832637202,frequency,6,6,0.073452826349483,0.073452826349483
7145,4,0.1782415483109561,2164.9999999975466,2,0.19786578870920882,frequency,2,2,-0.019624240398252724,0.019624240398252724
7146,7,0.1712850870223234,2164.999999954276,4,0.1889723455104131,frequency,3,3,-0.01768725848808969,0.01768725848808969
7147,1,0.2301976811394138,2164.999999997547,9,0.1911899087149438,frequency,4,4,0.03900777242447001,0.03900777242447001
7148,9,0.2627991863194623,2164.9999999542356,9,0.25383325581486244,frequency,0,0,0.008965930504599873,0.008965930504599873
7149,2,0.2530240058472197,2164.9999999975466,3,0.21046386592013053,frequency,1,-1,0.04256013992708915,0.04256013992708915
7150,8,0.1652549881626209,2164.999999954276,3,0.3477621542137671,frequency,5,5,-0.1825071660511462,0.1825071660511462
7151,4,0.2006342645251432,2164.999999997547,3,0.28048328515306503,frequency,1,1,-0.07984902062792182,0.07984902062792182
7152,6,0.258037646512698,2164.9999999542356,3,0.30630747312524287,frequency,3,3,-0.048269826612544864,0.048269826612544864
7153,10,0.2147561090902399,2164.9999999975466,4,0.27924687962767086,frequency,6,6,-0.06449077053743096,0.06449077053743096
7154,5,0.2173034208169839,2164.999999954276,4,0.24295918178003664,frequency,1,1,-0.02565576096305275,0.02565576096305275
7155,3,0.2008022094208403,2164.9999999975466,4,0.24295918178003664,frequency,1,-1,-0.042156972359196354,0.042156972359196354
7156,9,0.2696549105990561,2164.9999999542356,3,0.21829929618091615,frequency,6,6,0.05135561441813996,0.05135561441813996
7157,4,0.4095357545298717,2164.9999999975466,4,0.18050870635427116,frequency,0,0,0.22902704817560052,0.22902704817560052
7182,10,0.1988794017399452,2164.99999999758,1,0.2909076337029494,frequency,3,-3,-0.09202823196300422,0.09202823196300422
7183,1,0.4954662126092735,2164.9999999542692,11,0.2116100348721243,frequency,2,2,0.2838561777371492,0.2838561777371492
7184,4,0.4099336835547294,2164.99999999758,1,0.23611860127072795,frequency,3,3,0.17381508228400147,0.17381508228400147
7185,1,0.3045223587877302,2164.9999999542692,1,0.2577311932502454,frequency,0,0,0.0467911655374848,0.0467911655374848
7186,1,0.3036708370787346,2164.99999999758,11,0.16909104088262275,frequency,2,2,0.13457979619611185,0.13457979619611185
7187,11,0.3317915270063284,2164.9999999542692,11,0.1953689990455365,frequency,0,0,0.1364225279607919,0.1364225279607919
7188,2,0.3092831819655554,2164.99999999757,2,0.22097950450134782,frequency,0,0,0.08830367746420756,0.08830367746420756
7190,1,0.2828077761736298,2164.99999999757,1,0.32985057251432326,frequency,0,0,-0.04704279634069347,0.04704279634069347
7198,6,0.2439814109216886,2164.9999999542797,12,0.2449937387190351,frequency,6,-6,-0.0010123277973465017,0.0010123277973465017
7199,12,0.2049881374379762,2164.9999999975707,10,0.261754523306586,frequency,2,2,-0.0567663858686098,0.0567663858686098
7202,11,0.3092598601169888,2164.9999999542797,11,0.18016831689028034,frequency,0,0,0.12909154322670846,0.12909154322670846
7206,9,0.4332249516382568,2164.9999999542797,10,0.21151596622157753,frequency,1,-1,0.22170898541667927,0.22170898541667927
7207,5,0.5727552492361416,2164.99999999757,10,0.24252830726671984,frequency,5,-5,0.3302269419694218,0.3302269419694218
7208,1,0.2543440514342497,2164.9999999542797,1,0.2161153661335086,frequency,0,0,0.03822868530074111,0.03822868530074111
7209,2,0.2961267872770708,2164.99999999757,1,0.2500893682938316,frequency,1,1,0.04603741898323921,0.04603741898323921
7210,1,0.322531969163837,2164.9999999975707,1,0.2506314357878376,frequency,0,0,0.07190053337599939,0.07190053337599939
7211,5,0.4287732682033002,2164.9999999542797,1,0.2787461465325996,frequency,4,4,0.1500271216707006,0.1500271216707006
7212,5,0.3276232519911751,2164.9999999975707,1,0.1998833478413682,frequency,4,4,0.1277399041498069,0.1277399041498069
7213,12,0.1449727199463735,2164.9999999542797,4,0.20382120827712952,frequency,4,-4,-0.05884848833075601,0.05884848833075601
7214,5,0.2336451101482996,2164.9999999975707,3,0.18573791324991665,frequency,2,2,0.047907196898382964,0.047907196898382964
7215,1,0.2386154724104932,2164.9999999542797,1,0.19920941470699569,frequency,0,0,0.039406057703497505,0.039406057703497505
7216,4,0.2073017487670037,2164.9999999975707,3,0.1869226439245562,frequency,1,1,0.020379104842447482,0.020379104842447482
7217,5,0.2604198003214178,2164.9999999542797,4,0.18578901686645238,frequency,1,1,0.07463078345496543,0.07463078345496543
7218,10,0.1755638312448137,2164.99999999757,3,0.1942895571116297,frequency,5,-5,-0.018725725866816006,0.018725725866816006
7219,10,0.264893648015826,2164.9999999542797,3,0.2665127480992088,frequency,5,-5,-0.001619100083382785,0.001619100083382785
7220,7,0.1998091811476247,2164.99999999757,4,0.23970944309927367,frequency,3,3,-0.039900261951648974,0.039900261951648974
7221,1,0.2681128219578158,2164.9999999542797,4,0.2545379750089988,frequency,3,-3,0.013574846948816999,0.013574846948816999
7222,8,0.1798634412322174,2164.99999999757,9,0.1802043114662152,frequency,1,-1,-0.00034087023399781424,0.00034087023399781424
7223,2,0.1749885308752022,2164.9999999542797,4,0.1807338891255401,frequency,2,-2,-0.005745358250337895,0.005745358250337895
7224,2,0.1701570760899404,2164.99999999757,11,0.15287377462134646,frequency,3,3,0.017283301468593942,0.017283301468593942
7225,2,0.3218473117548134,2164.9999999975707,3,0.19427958182254199,frequency,1,-1,0.12756772993227142,0.12756772993227142
7226,12,0.2466914381407493,2164.9999999542797,8,0.14902892164812503,frequency,4,4,0.09766251649262425,0.09766251649262425
7227,11,0.2112946808402985,2164.9999999975707,12,0.21774657613074,frequency,1,-1,-0.0064518952904414895,0.0064518952904414895
7228,11,0.1499838203518164,2164.9999999542797,11,0.18098168855306054,frequency,0,0,-0.030997868201244144,0.030997868201244144
7229,10,0.2177634484508891,2164.9999999975707,11,0.22643451410927184,frequency,1,-1,-0.008671065658382743,0.008671065658382743
7230,8,0.2701856745912809,2164.9999999542997,4,0.16956610738769048,frequency,4,4,0.10061956720359042,0.10061956720359042
7231,11,0.181893701284231,2164.9999999975707,11,0.36150952268986597,frequency,0,0,-0.17961582140563498,0.17961582140563498
7232,8,0.3113249717498291,2164.9999999542597,2,0.16724735938145585,frequency,6,6,0.14407761236837324,0.14407761236837324
7233,2,0.2246625363315272,2164.9999999975707,2,0.2221639457193517,frequency,0,0,0.0024985906121754997,0.0024985906121754997
7234,9,0.1856716149946425,2164.9999999542592,9,0.22373035503896263,frequency,0,0,-0.03805874004432014,0.03805874004432014
7235,11,0.2214290587059822,2164.9999999976108,9,0.21426492916231996,frequency,2,2,0.007164129543662245,0.007164129543662245
7236,4,0.1538160047906374,2164.9999999542597,9,0.28262631495391916,frequency,5,-5,-0.12881031016328176,0.12881031016328176
7237,6,0.1918657350021382,2164.9999999975707,9,0.25455118421331124,frequency,3,-3,-0.06268544921117306,0.06268544921117306
7238,9,0.2413814321916452,2164.9999999542592,3,0.2593912805045243,frequency,6,6,-0.018009848312879106,0.018009848312879106
7239,4,0.2174253082047571,2164.9999999976108,3,0.21804143017661132,frequency,1,1,-0.0006161219718542055,0.0006161219718542055
7240,11,0.2572158460857121,2164.9999999975707,4,0.3061540047417793,frequency,5,-5,-0.04893815865606721,0.04893815865606721
7241,7,0.1780960239182312,2164.9999999542597,4,0.24243560882754697,frequency,3,3,-0.06433958490931577,0.06433958490931577
7242,3,0.2655554783701462,2164.9999999975707,4,0.2311778565899928,frequency,1,-1,0.03437762178015341,0.03437762178015341
7243,1,0.7455822833158426,2164.9999999542997,4,0.22787432385775122,frequency,3,-3,0.5177079594580914,0.5177079594580914
7267,2,0.7268718529627981,2164.9999999792512,1,0.3592027160846778,frequency,1,1,0.3676691368781203,0.3676691368781203
7268,1,0.3137536414062566,2165.000000022563,1,0.3436428136948479,frequency,0,0,-0.02988917228859128,0.02988917228859128
7269,1,0.3652115280006907,2164.9999999792517,1,0.39646809321385407,frequency,0,0,-0.03125656521316339,0.03125656521316339
7270,1,0.3490119350814075,2165.000000022563,1,0.26008235039568844,frequency,0,0,0.08892958468571904,0.08892958468571904
7271,1,0.3229874184428563,2164.9999999792517,1,0.23450940284124835,frequency,0,0,0.08847801560160792,0.08847801560160792
7272,4,0.2804541018963092,2165.000000022563,1,0.23450940284124835,frequency,3,3,0.04594469905506085,0.04594469905506085
7273,3,0.3011661018360215,2164.9999999792517,1,0.2462284134377886,frequency,2,2,0.0549376883982329,0.0549376883982329
7274,11,0.3556066826926797,2165.000000022563,1,0.23715491819572743,frequency,2,-2,0.11845176449695227,0.11845176449695227
7275,11,0.4279875786133978,2165.0000000225527,11,0.20211668973129535,frequency,0,0,0.22587088888210247,0.22587088888210247
7277,12,0.3494246511545693,2165.0000000225527,1,0.259899165610166,frequency,1,-1,0.08952548554440326,0.08952548554440326
7289,4,0.6602534588262933,2165.0000000225723,1,0.33180746927534355,frequency,3,3,0.3284459895509497,0.3284459895509497
7295,3,0.4347140964261162,2164.999999979262,1,0.23741066613838915,frequency,2,2,0.19730343028772704,0.19730343028772704
7296,6,0.1977031729492296,2165.0000000225527,1,0.16656822085082382,frequency,5,5,0.031134952098405777,0.031134952098405777
7297,3,0.2996262426320236,2164.999999979262,1,0.22738176921846706,frequency,2,2,0.07224447341355653,0.07224447341355653
7298,3,0.5312305794580753,2165.0000000225527,1,0.20901481269153432,frequency,2,2,0.32221576676654096,0.32221576676654096
7299,9,0.1948342130592242,2164.999999979262,3,0.23292125020568127,frequency,6,6,-0.03808703714645709,0.03808703714645709
7300,4,0.4474194855581417,2165.0000000225527,3,0.29348815124635613,frequency,1,1,0.15393133431178557,0.15393133431178557
7301,1,0.3559176800666818,2164.9999999792417,1,0.23482592660561327,frequency,0,0,0.12109175346106851,0.12109175346106851
7302,5,0.2475916817944768,2165.0000000225723,1,0.24983388495076383,frequency,4,4,-0.002242203156287037,0.002242203156287037
7303,2,0.3354074250588507,2164.9999999792417,11,0.21375603558650927,frequency,3,3,0.12165138947234141,0.12165138947234141
7304,2,0.3039808169783564,2165.0000000225723,11,0.19395798652113846,frequency,3,3,0.11002283045721792,0.11002283045721792
7305,3,0.2918639547022104,2165.0000000225527,11,0.16958547166263954,frequency,4,4,0.12227848303957084,0.12227848303957084
7306,5,0.2861856201165791,2164.999999979262,3,0.2562256233550719,frequency,2,2,0.029959996761507235,0.029959996761507235
7307,6,0.1775572226621617,2165.0000000225527,4,0.23905825535768183,frequency,2,2,-0.061501032695520125,0.061501032695520125
7308,6,0.1805640866856948,2164.999999979262,3,0.2866927296420887,frequency,3,3,-0.1061286429563939,0.1061286429563939
7309,11,0.1835031542420669,2165.0000000225527,3,0.20620362647988227,frequency,4,-4,-0.022700472237815378,0.022700472237815378
7310,9,0.1789255303203794,2164.999999979262,12,0.2101132745983564,frequency,3,-3,-0.03118774427797702,0.03118774427797702
7311,8,0.1489777666093565,2165.0000000225527,9,0.1610821886911758,frequency,1,-1,-0.012104422081819305,0.012104422081819305
7312,3,0.2219579925993942,2164.999999979262,11,0.16027123837401755,frequency,4,4,0.061686754225376644,0.061686754225376644
7313,2,0.188173567567269,2165.0000000225527,4,0.16008550514292927,frequency,2,-2,0.028088062424339727,0.028088062424339727
7314,1,0.2330908381523168,2164.9999999792417,4,0.16944376608494732,frequency,3,-3,0.06364707206736947,0.06364707206736947
7315,12,0.1730273343273524,2165.0000000225723,11,0.21558059774620286,frequency,1,1,-0.04255326341885046,0.04255326341885046
7316,6,0.237449255112586,2164.9999999792417,10,0.1952045637987535,frequency,4,-4,0.04224469131383249,0.04224469131383249
7317,1,0.250887988658277,2165.0000000225723,4,0.21317731491906391,frequency,3,-3,0.03771067373921308,0.03771067373921308
7318,3,0.1735220683102539,2164.9999999792417,11,0.23828743017661683,frequency,4,4,-0.06476536186636292,0.06476536186636292
7319,11,0.2372249160478946,2165.0000000225523,11,0.25418355509423857,frequency,0,0,-0.016958639046343954,0.016958639046343954
7320,6,0.1599318366595925,2165.0000000225527,9,0.1906376663206789,frequency,3,-3,-0.030705829661086398,0.030705829661086398
7321,9,0.3308500313921854,2164.999999979282,9,0.2537471702330001,frequency,0,0,0.0771028611591853,0.0771028611591853
7322,7,0.2588724799554669,2165.0000000225527,9,0.16910949829598954,frequency,2,-2,0.08976298165947738,0.08976298165947738
7323,3,0.3165053934770288,2164.9999999792417,9,0.2150269909465108,frequency,6,-6,0.10147840253051799,0.10147840253051799
7324,4,0.2387004238161554,2165.0000000225527,9,0.255643975298456,frequency,5,-5,-0.016943551482300617,0.016943551482300617
7325,8,0.1963239603057282,2164.999999979282,8,0.23061717868095558,frequency,0,0,-0.03429321837522736,0.03429321837522736
7326,6,0.1774733929748967,2165.0000000225527,3,0.2797058062608568,frequency,3,3,-0.10223241328596008,0.10223241328596008
7327,8,0.1821998939011475,2164.9999999792417,4,0.2685328342420051,frequency,4,4,-0.08633294034085759,0.08633294034085759
7328,5,0.2483510865588161,2165.0000000225523,4,0.2548459340489613,frequency,1,1,-0.0064948474901451725,0.0064948474901451725
7329,12,0.4528138500121215,2164.999999979282,4,0.24243560882754697,frequency,4,-4,0.21037824118457452,0.21037824118457452
7353,2,0.4800998469650939,2164.9999999792517,2,0.41763477640957053,frequency,0,0,0.06246507055552336,0.06246507055552336
7354,2,0.3234561441433267,2165.000000022563,2,0.41763477640957053,frequency,0,0,-0.09417863226624384,0.09417863226624384
7355,6,0.2459967278290151,2165.0000000225527,1,0.4495007813217085,frequency,5,5,-0.2035040534926934,0.2035040534926934
7356,1,0.4788857829582341,2164.9999999792512,1,0.44132525521113286,frequency,0,0,0.037560527747101224,0.037560527747101224
7357,1,0.2940492482532102,2165.0000000225623,1,0.2919153414233886,frequency,0,0,0.002133906829821619,0.002133906829821619
7358,1,0.3860321313261872,2164.9999999792512,1,0.1973344244536988,frequency,0,0,0.18869770687248838,0.18869770687248838
7360,11,0.2231795989770196,2164.9999999792512,1,0.22132763101181338,frequency,2,-2,0.0018519679652062304,0.0018519679652062304
7361,1,0.2466378825090057,2165.0000000225623,2,0.25283351316036945,frequency,1,-1,-0.006195630651363748,0.006195630651363748
7362,6,0.2449772510060849,2164.9999999792512,2,0.3188153366021918,frequency,4,4,-0.07383808559610691,0.07383808559610691
7363,7,0.154827567787929,2165.0000000225523,2,0.2631058480327322,frequency,5,5,-0.10827828024480318,0.10827828024480318
7365,12,0.2314825978960153,2165.0000000225523,11,0.25231067220063513,frequency,1,1,-0.02082807430461983,0.02082807430461983
7379,10,0.4543785608043501,2164.999999979262,11,0.23668104255695996,frequency,1,-1,0.21769751824739011,0.21769751824739011
7382,9,0.4352159785171303,2165.0000000225523,3,0.23076355570786689,frequency,6,6,0.2044524228092634,0.2044524228092634
7383,8,0.3256868051037569,2164.999999979262,3,0.27357887402213904,frequency,5,5,0.052107931081617875,0.052107931081617875
7384,2,0.3665643946682644,2165.0000000225523,11,0.22096157206618935,frequency,3,3,0.14560282260207505,0.14560282260207505
7385,4,0.5243701303189884,2165.0000000225527,1,0.2387945503011156,frequency,3,3,0.28557558001787275,0.28557558001787275
7386,4,0.3428751335030448,2164.999999979262,1,0.2649741188070002,frequency,3,3,0.0779010146960446,0.0779010146960446
7387,10,0.3581199364647119,2165.0000000225527,3,0.3286597017147679,frequency,5,-5,0.029460234749944025,0.029460234749944025
7388,3,0.2011778277138001,2164.999999979262,3,0.3264514507744297,frequency,0,0,-0.1252736230606296,0.1252736230606296
7389,3,0.3978157937035908,2165.0000000225527,3,0.27074532097693366,frequency,0,0,0.12707047272665717,0.12707047272665717
7390,11,0.185572233000266,2164.999999979262,11,0.21400439713395444,frequency,0,0,-0.02843216413368843,0.02843216413368843
7391,10,0.1751732366211526,2165.0000000225527,3,0.22832888873190524,frequency,5,-5,-0.05315565211075263,0.05315565211075263
7392,8,0.2127143977173634,2164.999999979262,3,0.2289961859553415,frequency,5,5,-0.0162817882379781,0.0162817882379781
7393,3,0.3284871968798196,2165.0000000225523,3,0.30588159213632105,frequency,0,0,0.022605604743498542,0.022605604743498542
7394,3,0.3138683742618934,2164.999999979262,3,0.3049096379148917,frequency,0,0,0.008958736347001728,0.008958736347001728
7395,7,0.2559918907158813,2165.0000000225523,3,0.2693730371382813,frequency,4,4,-0.013381146422400014,0.013381146422400014
7396,3,0.2117994057564164,2164.999999979262,3,0.34439046191321127,frequency,0,0,-0.13259105615679487,0.13259105615679487
7397,10,0.2585488035583076,2165.0000000225523,3,0.30892666317095996,frequency,5,-5,-0.05037785961265234,0.05037785961265234
7398,6,0.2121991578870105,2164.999999979262,4,0.18049773618159168,frequency,2,2,0.031701421705418814,0.031701421705418814
7399,9,0.1589954177803276,2165.0000000225523,9,0.18517399124312697,frequency,0,0,-0.026178573462799365,0.026178573462799365
7400,12,0.191202169037683,2165.0000000225527,9,0.16008550514292924,frequency,3,3,0.03111666389475376,0.03111666389475376
7401,11,0.2229712352773301,2164.999999979262,3,0.18488221123624426,frequency,4,-4,0.03808902404108583,0.03808902404108583
7402,1,0.1381938546100354,2165.0000000225527,4,0.1943578058253473,frequency,3,-3,-0.056163951215311925,0.056163951215311925
7403,11,0.1572566744266356,2164.999999979262,4,0.16877005547707474,frequency,5,-5,-0.011513381050439142,0.011513381050439142
7404,6,0.2684492509670553,2165.0000000225527,4,0.20240136579783424,frequency,2,2,0.06604788516922105,0.06604788516922105
7405,3,0.2406472890137256,2164.999999979282,11,0.19003639360021973,frequency,4,4,0.05061089541350586,0.05061089541350586
7406,8,0.4110580209799786,2165.0000000225527,11,0.36338829368649767,frequency,3,-3,0.04766972729348096,0.04766972729348096
7407,11,0.1989457093646621,2164.9999999792412,4,0.24002182016546955,frequency,5,-5,-0.04107611080080745,0.04107611080080745
7408,2,0.1820303110762976,2165.0000000225527,4,0.26654758816788754,frequency,2,-2,-0.08451727709158993,0.08451727709158993
7409,4,0.2387605828921297,2164.9999999792417,4,0.18417674887654567,frequency,0,0,0.05458383401558403,0.05458383401558403
7410,4,0.2515655429389239,2165.000000022593,4,0.18418531520294584,frequency,0,0,0.06738022773597807,0.06738022773597807
7411,5,0.1594397484201802,2164.9999999792412,9,0.25562747286831466,frequency,4,-4,-0.09618772444813448,0.09618772444813448
7412,7,0.1509102590435453,2165.0000000225527,9,0.2829736846324863,frequency,2,-2,-0.132063425588941,0.132063425588941
7413,10,0.168020030936973,2164.9999999792417,9,0.18674840839424664,frequency,1,1,-0.018728377457273626,0.018728377457273626
7414,1,0.312878556800341,2165.000000022593,3,0.24481345697649343,frequency,2,-2,0.06806509982384756,0.06806509982384756
7443,1,0.4357623513686274,2165.000000022563,1,0.38835344860407817,frequency,0,0,0.04740890276454923,0.04740890276454923
7444,1,0.3000932817194097,2164.9999999792517,1,0.4157892474966694,frequency,0,0,-0.11569596577725971,0.11569596577725971
7445,11,0.3053367712864205,2165.000000022563,1,0.2481203712970376,frequency,2,-2,0.05721639998938291,0.05721639998938291
7448,1,0.3299855600302903,2164.9999999792517,1,0.22617204070555072,frequency,0,0,0.10381351932473956,0.10381351932473956
7449,4,0.3281719887067265,2165.000000022563,1,0.206156607821452,frequency,3,3,0.12201538088527447,0.12201538088527447
7450,11,0.4554479069238145,2165.0000000225527,2,0.2634062129710699,frequency,3,-3,0.19204169395274456,0.19204169395274456
7451,2,0.2150470497716034,2164.999999979262,2,0.22912818260498888,frequency,0,0,-0.014081132833385468,0.014081132833385468
7452,7,0.2692654820238486,2165.0000000225527,2,0.3487884425422352,frequency,5,5,-0.07952296051838659,0.07952296051838659
7453,10,0.3163743196803712,2164.999999979262,11,0.23366140338455005,frequency,1,-1,0.08271291629582117,0.08271291629582117
7470,3,0.4285761433008264,2164.999999979262,3,0.2445734593719634,frequency,0,0,0.184002683928863,0.184002683928863
7471,1,0.2482398212083632,2165.0000000225527,3,0.29676322786383974,frequency,2,-2,-0.04852340665547655,0.04852340665547655
7474,6,0.3942453974193911,2164.999999979262,3,0.25543643203876837,frequency,3,3,0.1388089653806227,0.1388089653806227
7475,4,0.203473841439139,2165.0000000225527,3,0.28584017177657045,frequency,1,1,-0.08236633033743146,0.08236633033743146
7476,9,0.2731336031549913,2164.9999999792417,3,0.35948911874837797,frequency,6,6,-0.08635551559338667,0.08635551559338667
7477,9,0.2571716044720735,2165.0000000225723,3,0.3453333491618785,frequency,6,6,-0.08816174468980503,0.08816174468980503
7478,1,0.2545524414189334,2164.9999999792417,11,0.17950182604818116,frequency,2,2,0.07505061537075225,0.07505061537075225
7479,7,0.2712851052056323,2165.0000000225723,11,0.18978744958990043,frequency,4,-4,0.08149765561573188,0.08149765561573188
7480,12,0.2106969188157074,2165.0000000225527,3,0.3017904853052598,frequency,3,-3,-0.09109356648955241,0.09109356648955241
7481,12,0.1887474398387446,2164.999999979262,3,0.22705074337663786,frequency,3,-3,-0.03830330353789327,0.03830330353789327
7482,6,0.2281471955582817,2165.0000000225527,3,0.24104401029467862,frequency,3,3,-0.012896814736396922,0.012896814736396922
7483,8,0.2651233059032511,2164.999999979262,3,0.32468886007304787,frequency,5,5,-0.05956555416979675,0.05956555416979675
7484,7,0.1900134497913559,2165.0000000225527,3,0.21603978126431678,frequency,4,4,-0.02602633147296088,0.02602633147296088
7485,2,0.1855151474354908,2164.999999979262,9,0.2264345141092718,frequency,5,5,-0.04091936667378099,0.04091936667378099
7486,4,0.3655027070150883,2165.0000000225527,9,0.2518816658816696,frequency,5,-5,0.1136210411334187,0.1136210411334187
7487,8,0.2814061626452858,2164.999999979262,11,0.2041026698278528,frequency,3,-3,0.07730349281743298,0.07730349281743298
7488,2,0.2424098407636343,2165.0000000225527,4,0.21374449791567518,frequency,2,-2,0.02866534284795913,0.02866534284795913
7489,4,0.2613288961280495,2164.9999999792417,4,0.14511103788891266,frequency,0,0,0.11621785823913683,0.11621785823913683
7490,10,0.2494643881063843,2165.0000000225723,12,0.20238250533533003,frequency,2,-2,0.04708188277105427,0.04708188277105427
7491,3,0.1417889725872217,2164.9999999792417,4,0.2026240285939994,frequency,1,-1,-0.06083505600677769,0.06083505600677769
7492,10,0.2360938438986814,2165.0000000225723,4,0.240649023122968,frequency,6,6,-0.004555179224286582,0.004555179224286582
7493,6,0.2617765342903094,2164.9999999792417,11,0.17026399518445265,frequency,5,-5,0.09151253910585674,0.09151253910585674
7494,3,0.1654094234328362,2165.0000000225523,11,0.22728577168111117,frequency,4,4,-0.061876348248274954,0.061876348248274954
7495,12,0.1501865446435145,2165.0000000225527,4,0.19331885466079898,frequency,4,-4,-0.043132310017284486,0.043132310017284486
7496,4,0.1922415908528591,2164.999999979282,4,0.2026892908995804,frequency,0,0,-0.010447700046721298,0.010447700046721298
7497,1,0.1550260642061476,2165.0000000225527,4,0.1930757444136644,frequency,3,-3,-0.03804968020751681,0.03804968020751681
7498,1,0.1893532939989806,2164.9999999792417,9,0.24186354701025312,frequency,4,4,-0.05251025301127252,0.05251025301127252
7499,9,0.2247873619041934,2165.0000000225527,9,0.2826263149539192,frequency,0,0,-0.057838953049725805,0.057838953049725805
7500,3,0.3515036204379193,2164.999999979282,9,0.23727730286809942,frequency,6,-6,0.11422631756981985,0.11422631756981985
7530,1,0.3173264063922595,2165.0000000225527,1,0.4172375074614699,frequency,0,0,-0.09991110106921042,0.09991110106921042
7531,6,0.2210128060976785,2164.9999999792512,3,0.25659804160902705,frequency,3,3,-0.03558523551134854,0.03558523551134854
7532,1,0.2728669475557435,2165.0000000225623,3,0.24180326910713243,frequency,2,-2,0.03106367844861105,0.03106367844861105
7533,1,0.4941912976670487,2164.9999999792512,1,0.2980884540117417,frequency,0,0,0.196102843655307,0.196102843655307
7535,1,0.2651556952913734,2164.9999999792512,1,0.2583343644782515,frequency,0,0,0.0068213308131219175,0.0068213308131219175
7536,5,0.2190132031370162,2165.0000000225623,3,0.22014159987195395,frequency,2,2,-0.0011283967349377533,0.0011283967349377533
7537,7,0.297032131920073,2164.9999999792512,11,0.18092322998110535,frequency,4,-4,0.11610890193896764,0.11610890193896764
7538,5,0.2318743891700069,2165.0000000225523,3,0.2508669398616777,frequency,2,2,-0.018992550691670773,0.018992550691670773
7539,9,0.2211772256355566,2164.999999979262,2,0.23518492429829868,frequency,5,-5,-0.014007698662742069,0.014007698662742069
7540,1,0.2311691191159306,2165.0000000225523,2,0.20362302619117323,frequency,1,-1,0.027546092924757376,0.027546092924757376
7541,12,0.7053160510887638,2164.999999979262,12,0.25404068301352095,frequency,0,0,0.4512753680752429,0.4512753680752429
7553,7,0.2609333981461604,2165.0000000225523,11,0.29661360651892255,frequency,4,-4,-0.035680208372762146,0.035680208372762146
7556,3,0.5924279421020102,2164.999999979262,11,0.21914610226062245,frequency,4,4,0.37328183984138774,0.37328183984138774
7558,10,0.2035073469385361,2164.999999979262,3,0.2854976666126872,frequency,5,-5,-0.08199031967415113,0.08199031967415113
7559,6,0.4918812978250255,2165.0000000225523,3,0.2854976666126872,frequency,3,3,0.20638363121233827,0.20638363121233827
7560,5,0.2765187188364564,2165.0000000225527,3,0.2670645007660219,frequency,2,2,0.009454218070434506,0.009454218070434506
7561,10,0.4965388149485671,2164.999999979262,3,0.27287412022614516,frequency,5,-5,0.22366469472242195,0.22366469472242195
7562,5,0.2093932779198382,2165.0000000225527,3,0.2343199198513827,frequency,2,2,-0.024926641931544508,0.024926641931544508
7563,11,0.2002834979480315,2164.999999979262,3,0.2791372170361552,frequency,4,-4,-0.07885371908812369,0.07885371908812369
7565,1,0.1642200603484114,2164.999999979262,4,0.16890272870077225,frequency,3,-3,-0.004682668352360836,0.004682668352360836
7566,3,0.2280472823471844,2165.0000000225527,11,0.2126849908139105,frequency,4,4,0.015362291533273897,0.015362291533273897
7567,4,0.2854958989741842,2164.999999979262,11,0.22345892001736917,frequency,5,5,0.062036978956815036,0.062036978956815036
7568,2,0.3006883723623405,2165.0000000225523,11,0.2367417821686895,frequency,3,3,0.06394659019365098,0.06394659019365098
7569,6,0.2145536975295705,2164.999999979262,2,0.19704593109641227,frequency,4,4,0.01750776643315821,0.01750776643315821
7570,8,0.2068567112322533,2165.0000000225523,2,0.24749730199162076,frequency,6,6,-0.04064059075936746,0.04064059075936746
7571,4,0.1819101319442401,2164.999999979262,11,0.19004855391732256,frequency,5,5,-0.008138421973082455,0.008138421973082455
7572,3,0.2645446933745844,2165.0000000225523,11,0.23963266950734793,frequency,4,4,0.024912023867236482,0.024912023867236482
7573,11,0.3326714851919189,2164.999999979262,9,0.25391939982687317,frequency,2,2,0.07875208536504574,0.07875208536504574
7574,7,0.2667334714279488,2165.0000000225523,4,0.25197892539896666,frequency,3,3,0.01475454602898213,0.01475454602898213
7575,3,0.1977185961825887,2165.0000000225527,11,0.24273034864904625,frequency,4,4,-0.045011752466457555,0.045011752466457555
7576,10,0.1974143291773571,2164.999999979262,11,0.2545379750089988,frequency,1,-1,-0.05712364583164167,0.05712364583164167
7577,5,0.2601948748314398,2165.0000000225527,12,0.1765288857484534,frequency,5,5,0.08366598908298642,0.08366598908298642
7578,5,0.4027447750396907,2164.999999979262,11,0.17641488573941644,frequency,6,-6,0.22632988930027426,0.22632988930027426
7579,8,0.2127306618998753,2165.0000000225527,4,0.2678643902702995,frequency,4,4,-0.05513372837042421,0.05513372837042421
7580,6,0.2635905366294709,2164.999999979282,10,0.20545907941767347,frequency,4,-4,0.05813145721179744,0.05813145721179744
7581,4,0.1884204071886657,2165.0000000225527,11,0.16945101669566343,frequency,5,5,0.01896939049300228,0.01896939049300228
7582,6,0.1579424646257727,2164.9999999792412,4,0.15709298635353858,frequency,2,2,0.000849478272234111,0.000849478272234111
7583,9,0.1726685916695474,2165.0000000225527,4,0.19043954987015482,frequency,5,5,-0.017770958200607423,0.017770958200607423
7584,4,0.1949361132912741,2164.9999999792417,9,0.16089457223607387,frequency,5,-5,0.03404154105520024,0.03404154105520024
7585,8,0.2463829088522915,2165.000000022593,9,0.20338155022688767,frequency,1,-1,0.04300135862540383,0.04300135862540383
7586,9,0.4390976119714964,2164.9999999792412,9,0.240600879802552,frequency,0,0,0.1984967321689444,0.1984967321689444
7617,1,0.5869335302201749,2164.9999999792512,1,0.32860320339972915,frequency,0,0,0.25833032682044577,0.25833032682044577
7618,1,0.3446360860865264,2165.000000022563,1,0.46830666752368055,frequency,0,0,-0.12367058143715415,0.12367058143715415
7619,4,0.7698486395198966,2164.9999999792517,3,0.3036276244304927,frequency,1,1,0.4662210150894039,0.4662210150894039
7620,4,0.7016886993226354,2165.000000022563,1,0.4076237745853629,frequency,3,3,0.2940649247372725,0.2940649247372725
7621,5,0.4331395156596149,2164.9999999792517,1,0.3306318408443993,frequency,4,4,0.10250767481521561,0.10250767481521561
7622,5,0.5193820597099276,2165.000000022563,1,0.3121708666756731,frequency,4,4,0.20721119303425445,0.20721119303425445
7623,3,0.1885369918609297,2164.9999999792517,3,0.25423040015102016,frequency,0,0,-0.06569340829009046,0.06569340829009046
7624,2,0.2729667315779827,2165.000000022563,1,0.24866881394990203,frequency,1,1,0.024297917628080645,0.024297917628080645
7625,1,0.3459035145166326,2165.0000000225527,3,0.2815899603287785,frequency,2,-2,0.06431355418785412,0.06431355418785412
7626,11,0.5447383019025173,2164.999999979262,2,0.18369407622203812,frequency,3,-3,0.3610442256804791,0.3610442256804791
7627,11,0.5524482209801781,2165.0000000225527,2,0.21165489065988893,frequency,3,-3,0.34079333032028913,0.34079333032028913
7628,1,0.3515300978281154,2164.999999979262,11,0.2616529637979048,frequency,2,2,0.08987713403021058,0.08987713403021058
7641,11,0.1662221736869545,2164.999999979262,4,0.20216887002842765,frequency,5,-5,-0.035946696341473156,0.035946696341473156
7644,3,0.7189762873309427,2165.0000000225527,11,0.2895247877513682,frequency,4,4,0.42945149957957446,0.42945149957957446
7646,2,0.2101518473460903,2165.0000000225527,3,0.30988691778926136,frequency,1,-1,-0.09973507044317106,0.09973507044317106
7647,8,0.5282912598863608,2164.999999979262,3,0.24430186958389444,frequency,5,5,0.2839893903024664,0.2839893903024664
7648,3,0.3471136658419729,2165.0000000225527,3,0.2717798405309748,frequency,0,0,0.07533382531099808,0.07533382531099808
7649,5,0.2088086593590347,2164.999999979262,11,0.1949942352036895,frequency,6,-6,0.0138144241553452,0.0138144241553452
7650,3,0.1824443655507189,2165.0000000225527,3,0.18653449037684072,frequency,0,0,-0.00409012482612181,0.00409012482612181
7651,1,0.2404794339676888,2164.9999999792417,11,0.19526145805083703,frequency,2,2,0.04521797591685178,0.04521797591685178
7652,7,0.2149017384482935,2165.0000000225723,11,0.23964717134861313,frequency,4,-4,-0.024745432900319636,0.024745432900319636
7653,3,0.1509540584748541,2164.9999999792417,4,0.22440974266687677,frequency,1,-1,-0.07345568419202267,0.07345568419202267
7654,11,0.2412449849163623,2165.0000000225723,4,0.21274546608828626,frequency,5,-5,0.028499518828076026,0.028499518828076026
7655,4,0.1666721644218038,2165.0000000225527,11,0.201395728465567,frequency,5,5,-0.0347235640437632,0.0347235640437632
7656,11,0.3243575614589041,2164.999999979262,2,0.2102108033637679,frequency,3,-3,0.11414675809513619,0.11414675809513619
7657,12,0.2750140688435647,2165.0000000225527,4,0.17778485069255356,frequency,4,-4,0.09722921815101115,0.09722921815101115
7658,3,0.2364818941262338,2164.999999979262,11,0.251979160038427,frequency,4,4,-0.01549726591219322,0.01549726591219322
7659,8,0.2714815394739206,2165.0000000225527,11,0.38703365733933665,frequency,3,-3,-0.11555211786541603,0.11555211786541603
7660,4,0.169293794948324,2164.999999979262,11,0.3155319617008409,frequency,5,5,-0.1462381667525169,0.1462381667525169
7661,11,0.2420634914916463,2165.0000000225527,9,0.2976458915847389,frequency,2,2,-0.05558240009309262,0.05558240009309262
7662,10,0.2338320010092832,2164.999999979262,11,0.24195322237700712,frequency,1,-1,-0.008121221367723919,0.008121221367723919
7663,4,0.1597425168493301,2165.0000000225527,11,0.19442197183827198,frequency,5,5,-0.03467945498894187,0.03467945498894187
7664,7,0.1733500474705437,2164.9999999792417,4,0.20290219117120528,frequency,3,3,-0.029552143700661587,0.029552143700661587
7665,3,0.2212901309376171,2165.0000000225723,11,0.22671323066353696,frequency,4,4,-0.0054230997259198666,0.0054230997259198666
7666,4,0.2027833935772774,2164.9999999792417,11,0.20456658745738196,frequency,5,5,-0.001783193880104561,0.001783193880104561
7667,11,0.242975179160789,2165.0000000225723,4,0.203866251383562,frequency,5,-5,0.03910892777722699,0.03910892777722699
7668,11,0.2756158821458345,2164.9999999792417,4,0.20455602045560203,frequency,5,-5,0.07105986169023246,0.07105986169023246
7669,11,0.2018989373410322,2165.0000000225523,11,0.2719126583582243,frequency,0,0,-0.07001372101719211,0.07001372101719211
7670,6,0.1842180626682975,2165.0000000225527,9,0.17954840854819695,frequency,3,-3,0.004669654120100536,0.004669654120100536
7671,6,0.2841920410215252,2164.999999979282,8,0.23490136570561457,frequency,2,-2,0.04929067531591061,0.04929067531591061
7672,10,0.3760256191097394,2165.0000000225527,9,0.16089457223607387,frequency,1,1,0.21513104687366555,0.21513104687366555
7705,1,0.4395858276040522,2165.0000000225527,12,0.3510438827480407,frequency,1,1,0.08854194485601147,0.08854194485601147
7707,3,0.491738475710499,2165.0000000225623,1,0.3645562889562115,frequency,2,2,0.1271821867542875,0.1271821867542875
7709,5,0.2905932323864376,2165.0000000225623,1,0.35235204855842184,frequency,4,4,-0.061758816171984254,0.061758816171984254
7711,8,0.3041610436640428,2165.0000000225623,3,0.21995521048181343,frequency,5,5,0.08420583318222935,0.08420583318222935
7713,3,0.2473394946745208,2165.0000000225523,3,0.23055875396267286,frequency,0,0,0.01678074071184793,0.01678074071184793
7714,2,0.2583019861939162,2164.999999979262,3,0.26998355847045047,frequency,1,-1,-0.011681572276534269,0.011681572276534269
7715,3,0.2392123098460376,2165.0000000225523,3,0.22363475181564618,frequency,0,0,0.01557755803039143,0.01557755803039143
7716,2,0.3033579478566607,2164.999999979262,12,0.260225392827225,frequency,2,2,0.04313255502943569,0.04313255502943569
7717,4,0.3711043613982362,2165.0000000225523,12,0.260225392827225,frequency,4,4,0.1108789685710112,0.1108789685710112
7733,6,0.5611853794184665,2164.999999979262,3,0.29616596080056945,frequency,3,3,0.265019418617897,0.265019418617897
7734,1,0.2848577656297301,2165.0000000225523,3,0.272565413962575,frequency,2,-2,0.012292351667155088,0.012292351667155088
7736,4,0.4262351087019305,2164.999999979262,11,0.2701375245579568,frequency,5,5,0.15609758414397368,0.15609758414397368
7737,11,0.2197038664052434,2165.0000000225527,11,0.20550077841203945,frequency,0,0,0.014203087993203939,0.014203087993203939
7738,12,0.4006535312346289,2164.999999979262,11,0.19478801686579172,frequency,1,1,0.20586551436883715,0.20586551436883715
7739,1,0.2654431889284732,2165.0000000225527,11,0.2147762515882344,frequency,2,2,0.05066693734023878,0.05066693734023878
7740,11,0.4819963953577141,2164.999999979262,11,0.21401596288070018,frequency,0,0,0.2679804324770139,0.2679804324770139
7741,8,0.2693430309325458,2165.0000000225527,4,0.23742725719312024,frequency,4,4,0.03191577373942556,0.03191577373942556
7743,11,0.2998159941378513,2165.0000000225523,4,0.20205741138520586,frequency,5,-5,0.09775858275264546,0.09775858275264546
7744,10,0.2634943071150941,2164.999999979262,11,0.201395728465567,frequency,1,-1,0.062098578649527086,0.062098578649527086
7745,2,0.3941149665732116,2165.0000000225523,11,0.217330971492823,frequency,3,3,0.1767839950803886,0.1767839950803886
7746,11,0.2330253035915718,2164.999999979262,11,0.3091072994139032,frequency,0,0,-0.07608199582233138,0.07608199582233138
7747,7,0.2795186532376305,2165.0000000225523,11,0.31454363275810365,frequency,4,-4,-0.035024979520473176,0.035024979520473176
7748,11,0.2385632373933403,2164.999999979262,11,0.29799005378357074,frequency,0,0,-0.05942681639023045,0.05942681639023045
7749,1,0.326433150075015,2165.0000000225523,11,0.2883903180712876,frequency,2,2,0.03804283200372738,0.03804283200372738
7750,8,0.1945139928709711,2165.0000000225527,11,0.21042263378219003,frequency,3,-3,-0.015908640911218935,0.015908640911218935
7751,12,0.236335981752146,2164.999999979262,11,0.26687092362718284,frequency,1,1,-0.03053494187503683,0.03053494187503683
7752,7,0.1880358101459421,2165.0000000225527,10,0.16330993209805503,frequency,3,-3,0.024725878047887062,0.024725878047887062
7753,9,0.2706848147047347,2164.999999979262,9,0.22729881758695902,frequency,0,0,0.04338599711777569,0.04338599711777569
7754,2,0.2002222459672136,2165.0000000225527,12,0.20551814034325439,frequency,2,2,-0.005295894376040777,0.005295894376040777
7755,6,0.3173890434727779,2164.999999979282,11,0.24033501244158523,frequency,5,-5,0.07705403103119268,0.07705403103119268
7756,2,0.1938367230649602,2165.0000000225527,11,0.2403495994173343,frequency,3,3,-0.04651287635237411,0.04651287635237411
7757,6,0.2335464114923201,2164.9999999792412,11,0.20394849785407726,frequency,5,-5,0.02959791363824285,0.02959791363824285
7758,7,0.3850679916635389,2165.0000000225527,9,0.17954840854819695,frequency,2,-2,0.20551958311534194,0.20551958311534194
7793,3,0.2394555130957913,2165.000000022563,1,0.2651251854723362,frequency,2,2,-0.02566967237654491,0.02566967237654491
7794,1,0.6123659303119262,2164.9999999792517,1,0.45876855997887395,frequency,0,0,0.15359737033305226,0.15359737033305226
7795,7,0.199162581527265,2165.000000022563,1,0.38369127107799184,frequency,6,6,-0.18452868955072685,0.18452868955072685
7796,3,0.2879495611407711,2164.9999999792517,4,0.24034959941733433,frequency,1,-1,0.04759996172343675,0.04759996172343675
7798,11,0.4879749030106442,2164.9999999792517,4,0.224287910748994,frequency,5,-5,0.2636869922616502,0.2636869922616502
7801,6,0.4391765019054328,2164.999999979262,11,0.22122615646395685,frequency,5,-5,0.21795034544147593,0.21795034544147593
7802,3,0.3308672546851788,2165.0000000225527,11,0.20294644843715234,frequency,4,4,0.12792080624802646,0.12792080624802646
7803,1,0.2211389857581909,2164.999999979262,12,0.25153199458770137,frequency,1,1,-0.03039300882951046,0.03039300882951046
7804,11,0.1995781008588951,2165.0000000225527,11,0.2433640477934454,frequency,0,0,-0.04378594693455029,0.04378594693455029
7805,3,0.2983960985740616,2164.999999979262,11,0.2442877648482004,frequency,4,4,0.054108333725861185,0.054108333725861185
7821,2,0.2811509638762597,2165.0000000225527,3,0.24366891785770378,frequency,1,-1,0.037482046018555926,0.037482046018555926
7822,8,0.4526034473504136,2164.999999979262,3,0.27949173712528824,frequency,5,5,0.17311171022512534,0.17311171022512534
7823,3,0.2351600009649532,2165.0000000225527,3,0.27949173712528824,frequency,0,0,-0.044331736160335034,0.044331736160335034
7824,10,0.2899028517142065,2164.999999979262,11,0.22815659839253308,frequency,1,-1,0.06174625332167341,0.06174625332167341
7825,11,0.4398357306323081,2165.0000000225527,11,0.2042838458359048,frequency,0,0,0.23555188479640327,0.23555188479640327
7826,5,0.257062883482318,2164.9999999792417,11,0.18452610625025925,frequency,6,-6,0.07253677723205873,0.07253677723205873
7827,7,0.2260836554951643,2165.0000000225723,11,0.23018568538794423,frequency,4,-4,-0.00410202989277994,0.00410202989277994
7828,3,0.4024599806363469,2164.9999999792417,11,0.282348914810484,frequency,4,4,0.1201110658258629,0.1201110658258629
7829,7,0.2947659587732792,2165.0000000225723,11,0.3169419900115252,frequency,4,-4,-0.022176031238245963,0.022176031238245963
7831,4,0.2513944059945253,2164.999999979262,9,0.2512756464126362,frequency,5,-5,0.00011875958188906077,0.00011875958188906077
7832,4,0.2094077134450562,2165.0000000225527,9,0.1887261796548622,frequency,5,-5,0.020681533790194023,0.020681533790194023
7833,12,0.4489454169028619,2164.999999979262,11,0.201395728465567,frequency,1,1,0.24754968843729488,0.24754968843729488
7834,8,0.3039861071331883,2165.0000000225527,11,0.2535001475472034,frequency,3,-3,0.050485959585984896,0.050485959585984896
7835,5,0.1955529389609138,2164.999999979262,11,0.29876343294567936,frequency,6,-6,-0.10321049398476556,0.10321049398476556
7836,5,0.359102817850864,2165.0000000225527,11,0.29799005378357074,frequency,6,-6,0.06111276406729327,0.06111276406729327
7837,2,0.241179966305641,2164.999999979262,11,0.28164205854740976,frequency,3,3,-0.04046209224176875,0.04046209224176875
7838,7,0.2107416760383709,2165.0000000225527,11,0.25391939982687317,frequency,4,-4,-0.043177723788502265,0.043177723788502265
7839,9,0.2565777020548557,2164.9999999792417,11,0.24134468051708055,frequency,2,-2,0.015233021537775143,0.015233021537775143
7840,4,0.3241749003215741,2165.0000000225723,9,0.18517399124312697,frequency,5,-5,0.13900090907844712,0.13900090907844712
7841,9,0.2497132213746114,2164.9999999792417,12,0.19547473912594276,frequency,3,-3,0.054238482248668646,0.054238482248668646
7842,5,0.1893427088745242,2165.0000000225723,12,0.19547473912594276,frequency,5,5,-0.006132030251418563,0.006132030251418563
7843,4,0.2911821379045357,2164.9999999792417,11,0.2826956025128498,frequency,5,5,0.008486535391685868,0.008486535391685868
7882,10,0.3049494188641989,2165.0000000225623,1,0.27541663122777116,frequency,3,-3,0.02953278763642775,0.02953278763642775
7883,1,0.3105471402714099,2164.9999999792512,1,0.3504799855098714,frequency,0,0,-0.03993284523846152,0.03993284523846152
7885,4,0.5037174660991518,2164.9999999792512,4,0.2173468759398597,frequency,0,0,0.2863705901592921,0.2863705901592921
7889,2,0.3772121555982231,2164.999999979262,1,0.20699982153163432,frequency,1,1,0.17021233406658876,0.17021233406658876
7890,6,0.1873915515141952,2165.0000000225523,11,0.23861048631068596,frequency,5,-5,-0.051218934796490756,0.051218934796490756
7891,10,0.2081909273256094,2164.999999979262,12,0.215598852503744,frequency,2,-2,-0.0074079251781346,0.0074079251781346
7892,11,0.4836297284327177,2165.0000000225523,11,0.2258565605887072,frequency,0,0,0.2577731678440105,0.2577731678440105
7893,5,0.1930570164941912,2164.999999979262,11,0.2526458621641192,frequency,6,-6,-0.059588845669928,0.059588845669928
7899,1,0.3484439354243853,2165.0000000225527,11,0.33423706622365223,frequency,2,2,0.014206869200733052,0.014206869200733052
7900,8,0.2329414054889758,2164.999999979262,11,0.4334693746785111,frequency,3,-3,-0.2005279691895353,0.2005279691895353
7907,2,0.6315632027872969,2165.0000000225523,3,0.2924673777395724,frequency,1,-1,0.33909582504772456,0.33909582504772456
7911,5,0.4286416143878797,2164.999999979262,11,0.25570823432172746,frequency,6,-6,0.17293338006615222,0.17293338006615222
7912,11,0.5580950073170088,2165.0000000225527,11,0.26883180361700976,frequency,0,0,0.289263203699999,0.289263203699999
7913,11,0.419964517310275,2164.999999979262,11,0.2667947947737404,frequency,0,0,0.1531697225365346,0.1531697225365346
7914,4,0.1607885936157477,2165.0000000225527,11,0.2671187306233626,frequency,5,5,-0.1063301370076149,0.1063301370076149
7915,9,0.3133127210106118,2164.999999979262,11,0.26680917523821546,frequency,2,-2,0.04650354577239635,0.04650354577239635
7916,10,0.4583114719926499,2165.0000000225527,11,0.2527719914434906,frequency,1,-1,0.20553948054915927,0.20553948054915927
7918,5,0.255616521426345,2165.0000000225523,4,0.1787940322701424,frequency,1,1,0.0768224891562026,0.0768224891562026
7919,12,0.379932427520716,2164.999999979262,9,0.2020711588516278,frequency,3,3,0.1778612686690882,0.1778612686690882
7920,10,0.1558272144582088,2165.0000000225523,11,0.21625816717784602,frequency,1,-1,-0.06043095271963722,0.06043095271963722
7921,7,0.3344028927747399,2164.999999979262,11,0.1892794494932263,frequency,4,-4,0.14512344328151358,0.14512344328151358
7922,10,0.3426178630703302,2165.0000000225523,11,0.25465419118356325,frequency,1,-1,0.08796367188676696,0.08796367188676696
7923,4,0.464181580074653,2164.999999979262,11,0.21426492916231993,frequency,5,5,0.24991665091233306,0.24991665091233306
7924,11,0.1843238493965334,2165.0000000225523,11,0.2745376322510136,frequency,0,0,-0.09021378285448017,0.09021378285448017
7925,4,0.2285341168641302,2165.0000000225527,11,0.241395203615873,frequency,5,5,-0.0128610867517428,0.0128610867517428
7926,11,0.2288724584350319,2164.999999979262,11,0.20241171135511501,frequency,0,0,0.026460747079916885,0.026460747079916885
7927,8,0.3310116623179668,2165.0000000225527,11,0.2026343969267865,frequency,3,-3,0.1283772653911803,0.1283772653911803
7928,6,0.3100500450868164,2164.999999979262,11,0.2026343969267865,frequency,5,-5,0.10741564816002988,0.10741564816002988
7929,4,0.2660550513648503,2165.0000000225527,12,0.19547473912594276,frequency,4,4,0.07058031223890754,0.07058031223890754
7969,4,0.3365769528681755,2164.9999999792517,1,0.31884815175781445,frequency,3,3,0.01772880111036107,0.01772880111036107
7970,2,0.3252916783770085,2165.000000022563,4,0.24216874370564118,frequency,2,-2,0.08312293467136733,0.08312293467136733
7972,9,0.2004363948848536,2165.000000022563,4,0.35920099680710227,frequency,5,5,-0.15876460192224867,0.15876460192224867
7978,7,0.3420813174360794,2164.999999979262,11,0.23924477867721333,frequency,4,-4,0.10283653875886606,0.10283653875886606
7979,10,0.1883019793075746,2165.0000000225527,3,0.24259128472285565,frequency,5,-5,-0.05428930541528104,0.05428930541528104
7980,4,0.3911924219815004,2164.999999979262,11,0.30320233657775025,frequency,5,5,0.08799008540375014,0.08799008540375014
7981,11,0.3539448616333587,2165.0000000225527,12,0.2623158307645412,frequency,1,-1,0.09162903086881752,0.09162903086881752
7987,12,0.4216347660251381,2165.0000000225527,11,0.33363163459157563,frequency,1,1,0.08800313143356248,0.08800313143356248
7988,9,0.3088665036159976,2164.9999999792417,11,0.3716838469991105,frequency,2,-2,-0.0628173433831129,0.0628173433831129
7998,6,0.5837729298135228,2165.0000000225527,11,0.23217861794519346,frequency,5,-5,0.35159431186832935,0.35159431186832935
7999,10,0.2923147543788184,2164.999999979262,11,0.2837570580985411,frequency,1,-1,0.00855769628027725,0.00855769628027725
8000,2,0.2314321902003727,2165.0000000225527,11,0.31683461997798784,frequency,3,3,-0.08540242977761514,0.08540242977761514
8001,10,0.3580041239980417,2164.9999999792417,11,0.2811288372112352,frequency,1,-1,0.0768752867868065,0.0768752867868065
8002,10,0.392078544096213,2165.0000000225723,11,0.28010276645474363,frequency,1,-1,0.11197577764146938,0.11197577764146938
8003,9,0.3461081840231639,2164.9999999792417,11,0.2032883056219392,frequency,2,-2,0.1428198784012247,0.1428198784012247
8004,10,0.2192302202804748,2165.0000000225723,4,0.19070245280595866,frequency,6,6,0.028527767474516158,0.028527767474516158
8005,7,0.5369133737882924,2165.0000000225527,11,0.17974625620889947,frequency,4,-4,0.3571671175793929,0.3571671175793929
8006,1,0.2633269849235706,2164.999999979262,11,0.2322383527993714,frequency,2,2,0.031088632124199184,0.031088632124199184
8007,1,0.2763105049579483,2165.0000000225527,11,0.2532445857713437,frequency,2,2,0.02306591918660461,0.02306591918660461
8008,2,0.3546638685423888,2164.999999979262,2,0.24224502009224316,frequency,0,0,0.11241884845014563,0.11241884845014563
8009,1,0.1825891739910596,2165.0000000225527,11,0.2689562291793323,frequency,2,2,-0.08636705518827273,0.08636705518827273
8010,9,0.28698266438669,2164.999999979262,11,0.25183947048564254,frequency,2,-2,0.035143193901047476,0.035143193901047476
8011,12,0.262440720317376,2165.0000000225527,11,0.2395020905540942,frequency,1,1,0.022938629763281787,0.022938629763281787
8012,9,0.2281223560341766,2164.999999979262,11,0.33577737273577074,frequency,2,-2,-0.10765501670159414,0.10765501670159414
8013,5,0.2531922648288863,2165.0000000225527,11,0.2643018628104684,frequency,6,-6,-0.01110959798158212,0.01110959798158212
8014,10,0.2023329740217296,2164.9999999792417,11,0.2524340073820933,frequency,1,-1,-0.05010103336036373,0.05010103336036373
8015,12,0.4682556632843017,2165.0000000225723,11,0.2812133674382772,frequency,1,1,0.1870422958460245,0.1870422958460245
8056,11,0.3730846879287214,2164.9999999792512,1,0.3544415206115328,frequency,2,-2,0.018643167317188625,0.018643167317188625
8057,4,0.3544720056465822,2165.0000000225623,4,0.2801708220621925,frequency,0,0,0.0743011835843897,0.0743011835843897
8067,11,0.2541401639902636,2165.0000000225523,11,0.23016427911629167,frequency,0,0,0.023975884873971953,0.023975884873971953
8068,12,0.3788150816245216,2164.999999979262,11,0.21420358707891668,frequency,1,1,0.16461149454560492,0.16461149454560492
8069,11,0.2230132873477266,2165.0000000225523,1,0.27195318846988414,frequency,2,-2,-0.04893990112215754,0.04893990112215754
8076,11,0.7975664760924815,2165.0000000225527,11,0.41881228179950875,frequency,0,0,0.3787541942929728,0.3787541942929728
8085,11,0.4977405090725671,2165.0000000225527,11,0.2221096200442578,frequency,0,0,0.27563088902830934,0.27563088902830934
8086,11,0.2949555568208721,2164.999999979262,11,0.23218950874099975,frequency,0,0,0.06276604807987235,0.06276604807987235
8087,10,0.1967494300294184,2165.0000000225527,11,0.29876343294567936,frequency,1,-1,-0.10201400291626098,0.10201400291626098
8088,3,0.4260244230346111,2164.999999979262,11,0.24108021039727454,frequency,4,4,0.18494421263733654,0.18494421263733654
8089,11,0.5180074805686196,2165.0000000225527,11,0.3149939934626524,frequency,0,0,0.20301348710596717,0.20301348710596717
8090,7,0.1765328414994288,2164.999999979262,11,0.26933122548527644,frequency,4,-4,-0.09279838398584764,0.09279838398584764
8091,11,0.6737512178834948,2165.0000000225527,11,0.1802731411229135,frequency,0,0,0.4934780767605813,0.4934780767605813
8092,4,0.208728955036329,2164.999999979262,9,0.17026399518445265,frequency,5,-5,0.03846495985187634,0.03846495985187634
8093,11,0.3581753754328079,2165.0000000225523,11,0.19038714554524255,frequency,0,0,0.16778822988756537,0.16778822988756537
8094,11,0.3168101713205398,2164.999999979262,11,0.25181671167948116,frequency,0,0,0.06499345964105863,0.06499345964105863
8095,6,0.1426685485880653,2165.0000000225523,4,0.23231633330535184,frequency,2,2,-0.08964778471728654,0.08964778471728654
8096,1,0.5516174331893755,2164.999999979262,11,0.26774693330320987,frequency,2,2,0.28387049988616564,0.28387049988616564
8097,8,0.690941506975658,2165.0000000225523,11,0.2326476687947009,frequency,3,-3,0.45829383818095715,0.45829383818095715
8098,1,0.2148703500944458,2164.999999979262,11,0.20330222109805238,frequency,2,2,0.011568128996393423,0.011568128996393423
8099,4,0.2280665254672895,2165.0000000225523,11,0.22906501518635022,frequency,5,5,-0.000998489719060719,0.000998489719060719
8100,11,0.2338794937702867,2165.0000000225527,11,0.2868375552969665,frequency,0,0,-0.052958061526679784,0.052958061526679784
8143,12,0.4088230844013314,2165.000000022563,12,0.3721044019266711,frequency,0,0,0.036718682474660314,0.036718682474660314
8144,9,0.2123948565526934,2164.9999999792517,1,0.2839064225917965,frequency,4,-4,-0.07151156603910308,0.07151156603910308
8154,10,0.3431511213378462,2165.0000000225527,11,0.21312806389641317,frequency,1,-1,0.13002305744143303,0.13002305744143303
8155,5,0.3312849726993556,2164.999999979262,3,0.2108390836713594,frequency,2,2,0.12044588902799619,0.12044588902799619
8156,1,0.283807473147327,2165.0000000225527,2,0.15899634722979586,frequency,1,-1,0.12481112591753116,0.12481112591753116
8157,5,0.2686553386680931,2164.999999979262,2,0.2197541252293945,frequency,3,3,0.048901213438698604,0.048901213438698604
8171,3,0.2666195422123888,2165.0000000225527,11,0.1782114642130942,frequency,4,4,0.08840807799929462,0.08840807799929462
8173,11,0.1804298091933356,2165.0000000225527,11,0.24239651866285986,frequency,0,0,-0.06196670946952426,0.06196670946952426
8174,1,0.4311237367932329,2164.999999979262,11,0.23142103576734974,frequency,2,2,0.19970270102588317,0.19970270102588317
8176,7,0.3211625443420368,2164.9999999792417,11,0.2668235572530124,frequency,4,-4,0.054338987089024404,0.054338987089024404
8178,3,0.2570835102358088,2164.9999999792417,11,0.19059738357077788,frequency,4,4,0.0664861266650309,0.0664861266650309
8179,6,0.7222513638314713,2165.0000000225723,11,0.19091338815998343,frequency,5,-5,0.5313379756714878,0.5313379756714878
8180,3,0.3963139915321697,2165.0000000225527,11,0.19150788277396266,frequency,4,4,0.204806108758207,0.204806108758207
8182,4,0.2457727568114039,2165.0000000225527,4,0.2174310919140525,frequency,0,0,0.028341664897351404,0.028341664897351404
8183,1,0.6061238762375709,2164.999999979262,4,0.298067080146926,frequency,3,-3,0.3080567960906449,0.3080567960906449
8184,3,0.2706180171462384,2165.0000000225527,4,0.19045176183910992,frequency,1,-1,0.08016625530712848,0.08016625530712848
8185,11,0.2993096778064733,2164.999999979262,11,0.2356581766246132,frequency,0,0,0.06365150118186008,0.06365150118186008
8186,3,0.3451944356602313,2165.0000000225527,11,0.2373803941865489,frequency,4,4,0.10781404147368237,0.10781404147368237
8228,1,0.4746000956167259,2164.9999999792517,1,0.28258740137847516,frequency,0,0,0.19201269423825074,0.19201269423825074
8231,6,0.3145766927254986,2164.9999999792512,1,0.24770071364852808,frequency,5,5,0.06687597907697052,0.06687597907697052
8242,4,0.2875933307994452,2165.0000000225523,12,0.27844852496441863,frequency,4,4,0.009144805835026582,0.009144805835026582
8243,11,0.3025655150675353,2164.999999979262,3,0.3644899188738083,frequency,4,-4,-0.06192440380627301,0.06192440380627301
8244,1,0.2567685480374921,2165.0000000225523,11,0.193907719464401,frequency,2,2,0.06286082857309111,0.06286082857309111
8259,11,0.4849949780148641,2165.0000000225523,11,0.25394289777896417,frequency,0,0,0.2310520802358999,0.2310520802358999
8261,6,0.4072321333365216,2164.999999979262,11,0.3106398494304718,frequency,5,-5,0.09659228390604979,0.09659228390604979
8262,4,0.4993087290827618,2165.0000000225527,11,0.23117785658999274,frequency,5,5,0.26813087249276907,0.26813087249276907
8265,3,0.2208557212211529,2164.999999979262,11,0.2147146164237638,frequency,4,4,0.0061411047973891075,0.0061411047973891075
8266,9,0.2964916863624716,2165.0000000225527,1,0.21065474633674222,frequency,4,-4,0.08583694002572936,0.08583694002572936
8267,6,0.214367315574133,2164.999999979262,3,0.2601528949941059,frequency,3,3,-0.04578557941997288,0.04578557941997288
8270,12,0.5723499406398271,2165.0000000225523,4,0.1790257453341498,frequency,4,-4,0.3933241953056773,0.3933241953056773
8271,3,0.1901789574657814,2164.999999979262,4,0.23845366411754085,frequency,1,-1,-0.04827470665175945,0.04827470665175945
8272,6,0.3008636771876668,2165.0000000225523,4,0.1901773708138567,frequency,2,2,0.11068630637381013,0.11068630637381013
8315,2,0.3771138613104566,2164.9999999792512,1,0.413029738557668,frequency,1,1,-0.0359158772472114,0.0359158772472114
8316,9,0.2400572833525139,2165.0000000225623,3,0.2919652350647844,frequency,6,6,-0.0519079517122705,0.0519079517122705
8319,3,0.4226710439459452,2164.9999999792517,2,0.30891521920861975,frequency,1,1,0.11375582473732543,0.11375582473732543
8329,2,0.2861100572575494,2165.0000000225527,3,0.3269247654121364,frequency,1,-1,-0.04081470815458699,0.04081470815458699
8330,9,0.2726676413917371,2164.999999979262,3,0.33624977002116285,frequency,6,6,-0.06358212862942575,0.06358212862942575
8331,4,0.2548993732485891,2165.0000000225527,3,0.26299821569375803,frequency,1,1,-0.008098842445168952,0.008098842445168952
8347,3,0.2023659075941037,2164.999999979262,3,0.21753133399607125,frequency,0,0,-0.015165426401967552,0.015165426401967552
8348,3,0.4210437159549941,2165.0000000225527,11,0.2746208414340828,frequency,4,4,0.14642287452091135,0.14642287452091135
8349,10,0.3443157006817492,2164.999999979262,11,0.20378667165380868,frequency,1,-1,0.14052902902794054,0.14052902902794054
8352,3,0.4370841018932747,2165.0000000225723,10,0.2714289313316855,frequency,5,5,0.16565517056158918,0.16565517056158918
8353,4,0.3309909224297794,2164.9999999792417,3,0.23266346458969567,frequency,1,1,0.09832745784008373,0.09832745784008373
8356,8,0.3110489564057279,2164.999999979262,11,0.23390813098240645,frequency,3,-3,0.07714082542332143,0.07714082542332143
8404,1,0.9147121512688936,2165.000000022563,1,0.30460741025148785,frequency,0,0,0.6101047410174057,0.6101047410174057
8408,1,0.3612399323776608,2164.9999999792512,12,0.261592610328159,frequency,1,1,0.09964732204950177,0.09964732204950177
8409,3,0.6668054872947868,2165.0000000225623,3,0.2015667598296666,frequency,0,0,0.46523872746512024,0.46523872746512024
8415,4,0.3131578467905475,2165.0000000225523,3,0.3024739550613788,frequency,1,1,0.01068389172916867,0.01068389172916867
8416,5,0.3220482054359947,2164.999999979262,1,0.2405191466398261,frequency,4,4,0.08152905879616862,0.08152905879616862
8418,12,0.2426445400079823,2164.999999979262,3,0.2740544057075574,frequency,3,-3,-0.0314098656995751,0.0314098656995751
8419,10,0.2622696592989196,2165.0000000225523,11,0.29187335136618636,frequency,1,-1,-0.029603692067266762,0.029603692067266762
8427,1,0.3485990570030521,2164.999999979262,11,0.2025898964590441,frequency,2,2,0.146009160544008,0.146009160544008
8428,7,0.3884136401336617,2165.0000000225523,3,0.26508394222319176,frequency,4,4,0.12332969791046994,0.12332969791046994
8429,1,0.320680805993723,2164.999999979262,3,0.2631325431984858,frequency,2,-2,0.057548262795237226,0.057548262795237226
8433,8,0.5790400897888093,2164.999999979262,11,0.24050283401097577,frequency,3,-3,0.3385372557778335,0.3385372557778335
8436,5,0.2340910175301973,2164.999999979262,11,0.24211789632415048,frequency,6,-6,-0.008026878793953196,0.008026878793953196
8439,4,0.631895773925279,2165.0000000225527,10,0.22923489617540435,frequency,6,-6,0.4026608777498746,0.4026608777498746
8440,3,0.4271752484631167,2164.999999979262,10,0.23261434753012933,frequency,5,5,0.1945609009329874,0.1945609009329874
8441,9,0.4078747197991015,2165.0000000225527,11,0.2139547632476425,frequency,2,-2,0.193919956551459,0.193919956551459
8442,4,0.2827008238710062,2164.999999979262,2,0.19870517230917162,frequency,2,2,0.08399565156183458,0.08399565156183458
8443,12,0.1714209145652376,2165.0000000225523,2,0.19870517230917162,frequency,2,-2,-0.02728425774393403,0.02728425774393403
8496,10,1.0,2164.9999999792517,1,0.30576967547984274,frequency,3,-3,0.6942303245201573,0.6942303245201573
8497,12,0.2546019173673839,2165.000000022563,3,0.22923489617540435,frequency,3,-3,0.02536702119197956,0.02536702119197956
8502,4,0.5373668351506038,2165.0000000225527,3,0.36791841320599805,frequency,1,1,0.16944842194460574,0.16944842194460574
8504,3,0.625588279911647,2165.0000000225527,3,0.2791632515904284,frequency,0,0,0.34642502832121863,0.34642502832121863
8505,12,0.2129323399714296,2164.999999979262,3,0.2832111280812457,frequency,3,-3,-0.07027878810981611,0.07027878810981611
8506,3,0.3527024407010718,2165.0000000225527,12,0.27821608443462925,frequency,3,3,0.07448635626644257,0.07448635626644257
8514,3,0.4975044542147901,2165.0000000225723,2,0.3085205147661528,frequency,1,1,0.18898393944863734,0.18898393944863734
8515,3,0.3438185652819021,2165.0000000225527,3,0.32449504192558604,frequency,0,0,0.01932352335631604,0.01932352335631604
8521,7,0.4102010027936912,2165.0000000225527,3,0.3231502413392802,frequency,4,4,0.08705076145441099,0.08705076145441099
8525,5,0.3086258294296383,2165.0000000225527,11,0.20235696761179267,frequency,6,-6,0.10626886181784562,0.10626886181784562
8527,11,0.2558799946409384,2165.0000000225723,11,0.160848453466623,frequency,0,0,0.09503154117431542,0.09503154117431542
8585,4,0.3408806402626721,2164.9999999792512,3,0.2600761399620809,frequency,1,1,0.08080450030059122,0.08080450030059122
8586,1,0.2575321612931084,2165.0000000225623,2,0.2488169577787081,frequency,1,-1,0.008715203514400305,0.008715203514400305
8590,1,0.4296135150343965,2165.0000000225523,4,0.32061249590954743,frequency,3,-3,0.10900101912484905,0.10900101912484905
8592,3,0.2155817830201971,2165.0000000225523,3,0.24367908732756918,frequency,0,0,-0.02809730430737209,0.02809730430737209
8593,1,0.2487721154949703,2164.999999979262,3,0.2630535104062815,frequency,2,-2,-0.014281394911311196,0.014281394911311196
8594,1,0.5121849272269862,2165.0000000225523,1,0.36733612599937693,frequency,0,0,0.14484880122760924,0.14484880122760924
8602,1,0.1757900812602866,2164.999999979262,11,0.31676785965131343,frequency,2,2,-0.14097777839102682,0.14097777839102682
8610,9,0.2499607533518877,2165.0000000225527,3,0.32571282897203274,frequency,6,6,-0.07575207562014505,0.07575207562014505
8673,12,0.1982138523237942,2164.9999999792517,3,0.2719287922394198,frequency,3,-3,-0.07371493991562558,0.07371493991562558
8674,2,0.1916978220005298,2165.000000022563,3,0.27625192158166206,frequency,1,-1,-0.08455409958113227,0.08455409958113227
8679,4,0.3365046430469387,2165.0000000225527,4,0.2421687437056412,frequency,0,0,0.09433589934129752,0.09433589934129752
8680,1,0.3108782489554532,2164.999999979262,3,0.29405981879983323,frequency,2,-2,0.016818430155619957,0.016818430155619957
8681,12,0.3154773931267292,2165.0000000225527,12,0.3039456670802586,frequency,0,0,0.01153172604647057,0.01153172604647057
8689,1,0.4349507835219408,2165.0000000225723,11,0.356530090003572,frequency,2,2,0.07842069351836878,0.07842069351836878
8690,12,0.201143808431561,2165.0000000225527,2,0.22270002197181332,frequency,2,-2,-0.021556213540252334,0.021556213540252334
8691,1,0.2243061477392058,2164.999999979262,3,0.24165114785229788,frequency,2,-2,-0.01734500011309209,0.01734500011309209
8697,2,0.2603646200752198,2164.999999979262,3,0.32542429764417474,frequency,1,-1,-0.06505967756895492,0.06505967756895492
8698,1,0.4946841666398291,2165.0000000225527,3,0.32542429764417474,frequency,2,-2,0.16925986899565437,0.16925986899565437
8757,1,0.3998723774249886,2165.0000000225623,3,0.29730559888568714,frequency,2,-2,0.10256677853930146,0.10256677853930146
8758,2,0.4168044706382519,2164.9999999792512,1,0.24898093318364903,frequency,1,1,0.16782353745460285,0.16782353745460285
8759,12,0.590425731437121,2165.0000000225623,3,0.37432478992123797,frequency,3,-3,0.216100941515883,0.216100941515883
8760,4,0.2586494807258808,2164.9999999792512,3,0.5735011873393839,frequency,1,1,-0.31485170661350315,0.31485170661350315
8761,3,0.2801278624763579,2165.0000000225623,3,0.38785466699832877,frequency,0,0,-0.10772680452197086,0.10772680452197086
8767,12,0.2644697166767429,2165.0000000225523,4,0.2829736846324863,frequency,4,-4,-0.018503967955743383,0.018503967955743383
8768,11,0.2881994036055212,2164.999999979262,12,0.2717642253009929,frequency,1,-1,0.016435178304528286,0.016435178304528286
8769,8,0.3065246322240437,2165.0000000225523,1,0.31833447690585387,frequency,5,-5,-0.011809844681810178,0.011809844681810178
8776,11,0.4323984862703038,2165.0000000225527,11,0.2814198424908603,frequency,0,0,0.15097864377944353,0.15097864377944353
8777,4,0.2374360295874521,2164.999999979262,11,0.34093844167025406,frequency,5,5,-0.10350241208280195,0.10350241208280195
8778,2,0.2049983707114241,2165.0000000225523,2,0.25106867851885406,frequency,0,0,-0.04607030780742996,0.04607030780742996
8779,3,0.3481101072875155,2164.999999979262,3,0.26389357440079475,frequency,0,0,0.08421653288672076,0.08421653288672076
8780,4,0.3736391151403286,2165.0000000225523,3,0.26302785620474756,frequency,1,1,0.11061125893558105,0.11061125893558105
8844,11,0.1988348071163688,2164.9999999792517,3,0.3244778812885801,frequency,4,-4,-0.12564307417221127,0.12564307417221127
8846,7,0.5183239926241476,2164.9999999792517,3,0.3624828759255178,frequency,4,4,0.15584111669862982,0.15584111669862982
8847,9,0.3817697482621739,2165.000000022563,3,0.38822525526099144,frequency,6,6,-0.006455506998817528,0.006455506998817528
8855,12,0.7159188873672375,2164.999999979262,3,0.46174496644295304,frequency,3,-3,0.2541739209242845,0.2541739209242845
8856,12,0.2512456579972378,2165.0000000225527,3,0.26877545222085425,frequency,3,-3,-0.017529794223616446,0.017529794223616446
8857,1,0.5517357678963002,2164.999999979262,11,0.3205251801259648,frequency,2,2,0.23121058777033537,0.23121058777033537
8863,3,0.4133933568196734,2164.9999999792417,11,0.25410810184774596,frequency,4,4,0.15928525497192741,0.15928525497192741
8864,3,0.1752768395494954,2165.0000000225723,11,0.25410810184774596,frequency,4,4,-0.07883126229825055,0.07883126229825055
8865,2,0.1900798577391869,2165.0000000225527,2,0.2946436728783856,frequency,0,0,-0.10456381513919871,0.10456381513919871
8866,7,0.4089648448759228,2164.999999979262,3,0.3084925732238373,frequency,4,4,0.1004722716520855,0.1004722716520855
8867,4,0.4194752169076393,2165.0000000225527,3,0.23271192754126802,frequency,1,1,0.18676328936637127,0.18676328936637127
8928,3,0.603215603807217,2164.9999999792517,4,0.23793246709853844,frequency,1,-1,0.3652831367086785,0.3652831367086785
8929,3,0.2336797980524519,2165.000000022563,4,0.23731932648436035,frequency,1,-1,-0.0036395284319084564,0.0036395284319084564
8931,5,0.2908725112241797,2164.9999999792512,2,0.42917200149207085,frequency,3,3,-0.13829949026789118,0.13829949026789118
8942,4,0.4226574169862021,2165.0000000225523,3,0.25713798907829827,frequency,1,1,0.1655194279079038,0.1655194279079038
8943,5,0.3636918882306239,2164.999999979262,4,0.18573418253679994,frequency,1,1,0.177957705693824,0.177957705693824
8944,11,0.4115467620060256,2165.0000000225523,4,0.2550587596566038,frequency,5,-5,0.15648800234942178,0.15648800234942178
8945,12,0.2267248395274772,2165.0000000225527,11,0.3355141616072278,frequency,1,1,-0.10878932207975059,0.10878932207975059
8950,12,0.3870466997580274,2164.999999979262,11,0.2753037169506106,frequency,1,1,0.11174298280741679,0.11174298280741679
8951,11,0.2712616267864534,2165.0000000225527,11,0.255002355897597,frequency,0,0,0.01625927088885637,0.01625927088885637
8952,3,0.3540565966461325,2164.999999979262,11,0.255609362897284,frequency,4,4,0.0984472337488485,0.0984472337488485
8953,4,0.3998455239651736,2165.0000000225523,4,0.2667947947737404,frequency,0,0,0.13305072919143318,0.13305072919143318
8955,7,0.3213165129599687,2165.0000000225523,3,0.23076355570786689,frequency,4,4,0.09055295725210183,0.09055295725210183
9030,4,0.4257460805551636,2164.999999929251,3,0.2834921591240731,frequency,1,1,0.1422539214310905,0.1422539214310905
9031,12,0.2081028240324844,2164.9999999725414,3,0.26621899496941326,frequency,3,-3,-0.05811617093692886,0.05811617093692886
9032,11,0.2281056054844604,2164.999999929251,1,0.2713937601271647,frequency,2,-2,-0.0432881546427043,0.0432881546427043
9033,11,0.3552288731322996,2164.9999999725414,1,0.2713937601271647,frequency,2,-2,0.08383511300513491,0.08383511300513491
9038,10,0.3750610176435682,2164.9999999292304,11,0.25441058257766996,frequency,1,-1,0.12065043506589823,0.12065043506589823
9039,3,0.212600776242004,2164.9999999725615,3,0.28691732171046697,frequency,0,0,-0.07431654546846297,0.07431654546846297
9040,1,0.3464135878579409,2164.9999999725414,2,0.23547161044576848,frequency,1,-1,0.11094197741217243,0.11094197741217243
9041,11,0.6899509507324546,2164.999999929251,3,0.3625060264235795,frequency,4,-4,0.3274449243088751,0.3274449243088751
9116,10,0.2897239064097444,2164.999999979262,3,0.4364401534843421,frequency,5,-5,-0.14671624707459774,0.14671624707459774
9120,1,0.2507271460052265,2165.0000000225527,1,0.3068886017778534,frequency,0,0,-0.05616145577262688,0.05616145577262688
9121,10,0.4967335205660066,2164.999999979262,1,0.22872637164467624,frequency,3,-3,0.2680071489213304,0.2680071489213304
9125,3,0.6821638553376157,2164.999999979262,11,0.24546212182773733,frequency,4,4,0.4367017335098784,0.4367017335098784
9126,2,0.2446899771065853,2165.0000000225527,3,0.29095500947070335,frequency,1,-1,-0.04626503236411805,0.04626503236411805
9127,3,0.4973129922973777,2164.999999979262,3,0.29095500947070335,frequency,0,0,0.20635798282667434,0.20635798282667434
9204,12,0.3261043611399357,2165.0000000225527,3,0.4877941078858469,frequency,3,-3,-0.1616897467459112,0.1616897467459112
9207,1,0.3182163319198625,2164.999999979262,3,0.35452976999805763,frequency,2,-2,-0.03631343807819515,0.03631343807819515
9208,3,0.1960930851733379,2165.0000000225527,3,0.2658973274985432,frequency,0,0,-0.06980424232520532,0.06980424232520532
9209,2,0.5146445925083142,2164.999999979262,2,0.20218763506485488,frequency,0,0,0.3124569574434593,0.3124569574434593
9212,10,0.7302510133767173,2165.0000000225527,11,0.2958513031961999,frequency,1,-1,0.4343997101805174,0.4343997101805174
9213,12,0.4328637641969812,2164.9999999792417,11,0.24546212182773733,frequency,1,1,0.18740164236924386,0.18740164236924386
9295,10,0.3200490077478888,2165.0000000225527,3,0.4897879292518725,frequency,5,-5,-0.16973892150398368,0.16973892150398368
9296,1,0.2548798157269664,2164.999999979262,3,0.19500829838592496,frequency,2,-2,0.05987151734104143,0.05987151734104143
9297,3,0.2726903813010961,2165.0000000225527,3,0.21991131200066222,frequency,0,0,0.052779069300433856,0.052779069300433856
9383,3,0.3324291859851803,2165.0000000225527,3,0.4897879292518725,frequency,0,0,-0.1573587432666922,0.1573587432666922
9467,7,0.5394748996531594,2165.0000000225523,3,0.49151125976917953,frequency,4,4,0.04796363988397989,0.04796363988397989
