hex_id,wind_peak_month,wind_peak_share,wind_effective_months,wind_profile_metric
794,2,0.20486448481418548,6.0087633523517345,frequency
795,2,0.2132218055233814,6.397609413640144,frequency
796,2,0.3086672636505687,5.024779174524292,frequency
797,2,0.3086672636505687,5.024779174524292,frequency
798,2,0.27623649140073053,5.247520550189755,frequency
799,2,0.22139415388375894,5.496279516622383,frequency
881,10,0.21167884805141501,5.586829722057646,frequency
882,2,0.2651269608542772,5.4595076704333145,frequency
883,2,0.2205320501917201,6.090024441923585,frequency
884,2,0.28571003964120134,5.046182091978648,frequency
885,2,0.27432759865077844,5.470443812616154,frequency
886,2,0.25463166037946516,5.454487941173201,frequency
887,2,0.25268173853583487,5.5033500815238225,frequency
888,2,0.2762487406736848,5.243703259668895,frequency
968,12,0.2121373220794336,6.275083100366623,frequency
970,10,0.28837107720474625,5.51771963321562,frequency
973,10,0.30114328232667986,5.00663986604703,frequency
974,2,0.22097950450134785,5.612560566648042,frequency
975,2,0.20305754966729472,5.852946981610081,frequency
976,12,0.24301408643376027,5.7849609621185785,frequency
977,1,0.27818087555006776,5.363758326465519,frequency
978,1,0.23576088642646106,5.7110862410175365,frequency
979,1,0.24830856385725686,5.671012543183076,frequency
981,1,0.24976466995551552,5.488775443263821,frequency
1055,12,0.2326614408921108,5.826204099965229,frequency
1057,2,0.27500748682250026,5.121526520045429,frequency
1058,2,0.22180088564046377,5.718380295960977,frequency
1059,2,0.22221862617001473,5.626800650798745,frequency
1060,10,0.28635700215168286,4.789304439226851,frequency
1061,10,0.2514909878428392,5.499095279278239,frequency
1062,2,0.2789540109222585,5.016019453732027,frequency
1063,2,0.2529464367945857,5.512535239990012,frequency
1064,2,0.20305754966729472,5.852946981610081,frequency
1065,1,0.2826169302983921,4.866165960162091,frequency
1066,1,0.24660147821010875,5.837555891834068,frequency
1067,2,0.24082535720730838,5.704581048553923,frequency
1068,1,0.2603231833487664,5.52026877844242,frequency
1069,1,0.3135824460761515,5.247573808509459,frequency
1142,12,0.2110507537177113,6.383396295923427,frequency
1143,2,0.2967453018314679,5.224762295556466,frequency
1144,2,0.3634469834412632,4.599320482405309,frequency
1145,2,0.33881143184595763,4.9923531749451895,frequency
1146,2,0.2767764890606536,5.46241450228507,frequency
1147,2,0.3021768874076992,5.298437000025961,frequency
1148,10,0.22648022295833545,5.75566882309896,frequency
1149,10,0.22648022295833545,5.75566882309896,frequency
1150,10,0.25670418459721944,5.588785056141938,frequency
1151,2,0.24082535720730838,5.130253353128213,frequency
1152,1,0.27503957366525983,5.242051036610223,frequency
1153,1,0.2475868590313732,4.925024970923509,frequency
1154,2,0.28230449195387436,5.138179379342252,frequency
1155,1,0.276422599929897,5.25035696477623,frequency
1156,1,0.34525966981352024,4.649244473794496,frequency
1157,1,0.39690520501891097,4.196515313258211,frequency
1225,2,0.2907839023752987,5.101830296725701,frequency
1226,2,0.2844854745243301,5.252123868025683,frequency
1228,3,0.21146591689115773,6.714190938543738,frequency
1230,2,0.23674902490026548,5.706798637375019,frequency
1231,2,0.3653225356604969,4.368284586163347,frequency
1232,2,0.3507324691695593,4.955909118754018,frequency
1235,1,0.225833264541032,5.496603378437369,frequency
1236,10,0.2326614408921108,6.182086459975615,frequency
1237,10,0.30880186894840944,5.554822619241955,frequency
1238,10,0.30880186894840944,5.554822619241955,frequency
1239,2,0.2304708817338427,5.675522226100067,frequency
1240,1,0.24660147821010878,5.241236203505219,frequency
1241,12,0.25843679256126345,5.221146584928909,frequency
1242,12,0.29781491570062635,4.577838051673125,frequency
1243,12,0.3234433015911844,4.071489731692911,frequency
1244,1,0.37245254850779547,4.015924883368836,frequency
1245,1,0.25156931561476964,5.614666979856607,frequency
1312,12,0.20293132323926233,6.581361628048259,frequency
1313,2,0.29353579971439386,4.965766415124491,frequency
1314,1,0.36813436106313324,3.9570325594932756,frequency
1315,2,0.2768010845764836,4.872544601108208,frequency
1316,2,0.22159733312789034,5.752517760839527,frequency
1317,2,0.2413066953113264,5.728131594085176,frequency
1319,2,0.3653225356604969,4.368284586163347,frequency
1321,1,0.2770816234380184,4.9449891266233506,frequency
1323,2,0.26536977431828995,5.569114628555239,frequency
1324,2,0.3359696940656516,4.79464130662193,frequency
1325,10,0.22398517006350946,5.553206577263743,frequency
1326,2,0.2642845258523284,5.471531025745143,frequency
1327,2,0.22097950450134782,6.087388523380252,frequency
1328,10,0.21593393822227233,5.818241331161559,frequency
1329,1,0.31121894577450704,4.512593690906924,frequency
1330,12,0.32360195524462976,3.795530430569795,frequency
1331,1,0.4281735901601299,3.3963870855392884,frequency
1332,1,0.3338001628894546,4.498113797970433,frequency
1400,2,0.2309219519604227,5.626565514352891,frequency
1403,1,0.21611536613350854,6.536341783883249,frequency
1404,12,0.25236597165063324,6.08671282585741,frequency
1406,2,0.28920786574740337,5.289255171607854,frequency
1407,2,0.3522935678585566,4.457664393414628,frequency
1409,2,0.3653225356604969,4.530704201413556,frequency
1410,2,0.24494528241542785,5.760869486371663,frequency
1411,2,0.3024923465007076,5.206686968004499,frequency
1412,2,0.20239948223388265,5.858813580367431,frequency
1415,2,0.26457410529887804,5.625299379589583,frequency
1416,2,0.2779756684769584,5.775616307607265,frequency
1417,2,0.3097076656466757,5.484090684312604,frequency
1418,1,0.23052023838003854,5.4798935623091225,frequency
1419,1,0.2838329523134881,5.073931831961487,frequency
1438,2,0.26438995810875576,5.258768878086131,frequency
1491,2,0.19347966264909655,6.332617254930596,frequency
1494,2,0.33816007792695246,4.72275987371623,frequency
1495,2,0.26611225744813743,5.012975651647174,frequency
1496,2,0.2895237231603676,4.852744466849366,frequency
1497,2,0.2660724777179144,4.949576905869197,frequency
1498,2,0.21280009837693062,5.930106239388144,frequency
1499,2,0.2883177794270782,4.8398031684354095,frequency
1503,2,0.2880444956683936,5.498803703213181,frequency
1504,2,0.22670347129150503,6.031072943757143,frequency
1505,10,0.30652630913430384,4.487012763458634,frequency
1506,12,0.2790851624926696,5.275233714788711,frequency
1525,1,0.37140404946748334,4.032951928925273,frequency
1526,1,0.2603231833487664,5.3667135376954365,frequency
1578,2,0.28271766254854336,5.377949669162326,frequency
1579,2,0.3069465467612191,5.268509413204688,frequency
1581,10,0.25878769580802763,5.397598407445947,frequency
1582,2,0.3378643492891961,4.723425766472405,frequency
1583,1,0.23993617774144724,4.869948129373923,frequency
1584,2,0.30268340893900825,4.425879460082698,frequency
1585,10,0.24362759261818318,5.612000073738959,frequency
1586,11,0.2030365443270194,6.668903018796936,frequency
1587,1,0.24888896418144754,5.716251508955222,frequency
1589,1,0.2990129012562047,4.915038383743855,frequency
1592,2,0.21194868820341498,6.380307301300019,frequency
1593,2,0.22707532282799545,5.375859652997091,frequency
1594,1,0.33303388898450587,4.406398347903499,frequency
1613,1,0.2742864610667768,4.5198882759933365,frequency
1614,1,0.30905846925776886,4.603652873988833,frequency
1615,1,0.2085480105989233,6.81846938987472,frequency
1618,1,0.34769322081332216,4.781901285867186,frequency
1666,2,0.28545755688028485,5.522790682133683,frequency
1667,2,0.21966501558132062,6.449536310390459,frequency
1668,10,0.24341748458348614,5.537486817048557,frequency
1669,2,0.2655038751056371,5.4724970828542965,frequency
1670,10,0.29023652588190546,4.656612452683987,frequency
1671,2,0.2886450678217593,4.440767808135246,frequency
1672,2,0.25322404111544683,4.742075161170132,frequency
1674,2,0.35169880353480965,4.6993177602192215,frequency
1675,2,0.23160704385735356,5.426746965724423,frequency
1676,1,0.24827209382234816,5.262522705401804,frequency
1679,12,0.21512983514856873,6.229899889532279,frequency
1680,2,0.3496649967842649,3.8817064594543043,frequency
1681,1,0.2983367449136533,5.038146709540056,frequency
1700,1,0.39651969645222285,3.8262599138713367,frequency
1701,12,0.2297770594981943,6.058798072834523,frequency
1702,1,0.20904367164320686,6.5860906997834565,frequency
1703,1,0.20955304067840935,6.1329156984685165,frequency
1754,2,0.31010541544437153,4.96196871703993,frequency
1755,10,0.23175855904089027,5.594281624128381,frequency
1756,1,0.2474582222505422,5.499506664714098,frequency
1757,2,0.23137479128982888,5.444392618846602,frequency
1762,2,0.2507851764575931,5.220695649895209,frequency
1763,2,0.24180122314952768,5.6987177075707445,frequency
1766,1,0.24945367648214817,5.431218239376276,frequency
1767,2,0.23488565049793195,6.137029089969947,frequency
1768,2,0.25134217429579025,5.363467804352615,frequency
1788,1,0.3320158996005012,4.009838598680841,frequency
1789,12,0.3088162698909198,4.89513989060351,frequency
1790,1,0.21009104342437676,6.1646348260712145,frequency
1792,1,0.30228466888276956,5.280024617018404,frequency
1793,12,0.32420452557524987,4.823388395955578,frequency
1794,1,0.27079502839874753,5.5434171202009095,frequency
1841,2,0.26523137262842766,5.502141860405518,frequency
1842,1,0.31654610237524294,4.33159548530501,frequency
1843,2,0.33272824262509065,4.570521350327171,frequency
1844,2,0.23616117431518394,5.97733296734471,frequency
1850,1,0.23626753579526874,5.558095879045021,frequency
1851,1,0.33001228309229674,4.184493535401261,frequency
1852,1,0.2922187705116692,4.9097038691465205,frequency
1853,1,0.37245254850779547,3.5909137847567383,frequency
1854,1,0.28267600665581116,5.195038130945008,frequency
1855,11,0.2697440123341928,4.799994345921525,frequency
1876,12,0.4028082127761219,3.2275191276548294,frequency
1877,12,0.2957679888796413,5.102758902257024,frequency
1878,1,0.22611608746062528,6.04827897274394,frequency
1880,1,0.3035350523696279,5.002260966063121,frequency
1881,1,0.3142593603843466,4.689629587734256,frequency
1930,2,0.3398452374964973,3.977195809235859,frequency
1931,1,0.3535919782857488,3.5681143675092435,frequency
1932,1,0.2805673943751629,5.5934324846700765,frequency
1936,2,0.38760758747803375,3.9449765044008727,frequency
1937,2,0.36981787719896997,4.390314600071775,frequency
1938,2,0.3117628405351746,4.947677450472264,frequency
1939,1,0.24976466995551552,5.393029932261026,frequency
1940,10,0.25610651537721996,5.600799234693838,frequency
1941,2,0.31601862557508975,5.002709944415207,frequency
1942,2,0.329168148709463,4.629213317628585,frequency
1943,1,0.4031443469227013,3.796327668574199,frequency
1953,12,0.28097703741132535,5.227459691079747,frequency
1954,12,0.2940767263814938,5.498422148850509,frequency
1964,12,0.32451988443591384,4.622864075265944,frequency
1965,12,0.3264585817493161,4.8432461136502045,frequency
1969,1,0.2832967911956064,4.814955136591294,frequency
2017,11,0.3068498811860729,4.624702653564097,frequency
2018,1,0.34084830778814856,3.683107860735433,frequency
2019,1,0.4269063749414809,3.158293466512011,frequency
2022,1,0.288831054545795,5.40558504537698,frequency
2023,2,0.3338963198460589,4.565710146513194,frequency
2024,2,0.3876282598289175,4.01444768832196,frequency
2025,2,0.31778379952074887,4.761025651081582,frequency
2026,2,0.25295876183905835,5.146207778433558,frequency
2027,2,0.28835781567430535,4.954956178465516,frequency
2028,1,0.4652196944079031,3.2079071008966307,frequency
2029,1,0.39286227165360177,3.7937034509984486,frequency
2030,1,0.25771979083987817,5.321630353928309,frequency
2040,12,0.24334557820141606,6.100153555203785,frequency
2041,12,0.32643980636591013,5.3219459451979,frequency
2042,12,0.32608129080640086,5.069062221904274,frequency
2046,12,0.29427235328897067,4.786484845963835,frequency
2056,1,0.3317165973282043,3.8359231935080076,frequency
2057,12,0.49138732415555875,2.5496912262613107,frequency
2108,1,0.41148389385598294,4.006456950154044,frequency
2109,1,0.3714380541216533,4.667434897265514,frequency
2110,2,0.33272824262509065,4.570521350327171,frequency
2111,2,0.3129704067622781,4.491832440816251,frequency
2112,2,0.33789183710827453,4.261908039273437,frequency
2113,1,0.2825578786285071,4.805177931658415,frequency
2114,2,0.30697247507954,4.867914359857026,frequency
2115,2,0.3327282426250906,4.700375880292757,frequency
2116,2,0.4362771020624009,3.1739048879702687,frequency
2117,2,0.4362771020624009,3.1739048879702687,frequency
2127,12,0.26046102460918846,5.8464683088333365,frequency
2128,12,0.24386022959743037,6.155662160060023,frequency
2129,12,0.3505239422872713,4.52565094647129,frequency
2133,12,0.32342400455530124,4.4075700800586395,frequency
2134,12,0.2899961930491683,4.283021955518665,frequency
2136,12,0.3377924091202035,3.827472631854485,frequency
2137,12,0.3220801598526035,4.375793075267722,frequency
2143,1,0.303556123542196,4.567005148986155,frequency
2144,12,0.37792752475302654,3.4414392180299234,frequency
2145,12,0.40104018570313354,3.2352508111069396,frequency
2147,12,0.42350834431815354,2.9309302714768926,frequency
2194,1,0.47333439842384284,3.513219986564278,frequency
2195,1,0.4503315543718517,3.6774396899451194,frequency
2196,1,0.3167332973688899,5.056700825109233,frequency
2197,1,0.32985057251432326,4.889508679942206,frequency
2198,2,0.36641300219593886,4.1062183123638905,frequency
2199,2,0.29596588928319223,5.137767401301593,frequency
2200,2,0.40209729110918213,3.5149487997836366,frequency
2203,2,0.26563002112186096,5.711240143090331,frequency
2204,1,0.49713407925750136,3.0875718083951567,frequency
2205,1,0.29416508618052584,4.621155504532853,frequency
2214,12,0.2430642159289595,6.7292919229813775,frequency
2215,12,0.23105430365894558,6.417624881220691,frequency
2216,10,0.2096973159327465,6.640484153814557,frequency
2217,11,0.2560832117970303,5.163766907754383,frequency
2221,1,0.24776717536987844,5.156365290412171,frequency
2222,12,0.40108106431209933,3.4579902757083385,frequency
2224,2,0.301219880370587,4.423335780985167,frequency
2225,2,0.3356516224738693,4.712069086995189,frequency
2226,12,0.23026925104608473,5.571271043129582,frequency
2229,1,0.22030095440143727,5.792647710856565,frequency
2231,12,0.3510583573650058,3.9520183712906554,frequency
2232,1,0.3446620500299763,3.7823411158329794,frequency
2233,1,0.39142597763984965,3.1820661614417776,frequency
2234,1,0.38396852169578227,3.7564326033747677,frequency
2235,1,0.4067475483798799,3.6284465757578257,frequency
2236,1,0.5019797281676259,2.9186483127396303,frequency
2282,1,0.26008235039568844,6.328634533579849,frequency
2283,1,0.24810764559964274,6.50066198804584,frequency
2284,1,0.19043648084617312,7.663492104143526,frequency
2285,1,0.34919035022469486,4.287638271140607,frequency
2286,2,0.35043406380446385,4.2697901053155745,frequency
2287,2,0.43463345605577036,3.504552728816951,frequency
2289,2,0.39270372408957993,3.8898585185095733,frequency
2290,1,0.36912304101367127,3.5084373109885187,frequency
2291,2,0.22634928258921883,5.6873852568983905,frequency
2292,1,0.47097154639664873,3.1139400886259594,frequency
2293,1,0.405704402254851,3.864730989424962,frequency
2294,1,0.26325691964019066,5.614405762345183,frequency
2295,1,0.2918397436180403,4.63589110171154,frequency
2299,12,0.265256318924002,5.521783464321286,frequency
2300,1,0.21585699321153085,6.236067434552898,frequency
2301,2,0.25322404111544683,5.395839539041791,frequency
2302,12,0.24274247805610752,5.879337147640085,frequency
2303,12,0.21626459040913434,6.803924288404947,frequency
2304,12,0.3248041469348105,4.885570313120387,frequency
2309,12,0.28958498990193116,4.977170037005433,frequency
2310,12,0.3700340711642512,3.700487954134575,frequency
2311,12,0.35633433758065863,4.305064119536591,frequency
2312,2,0.2300215702632956,5.404095215551079,frequency
2313,2,0.31741948472460674,4.670280624102585,frequency
2314,2,0.31094123086564673,4.951281737237455,frequency
2318,1,0.2696216426863267,5.05112526372015,frequency
2319,12,0.3896183476027312,4.279119551664156,frequency
2320,12,0.40664773534451987,3.876027430588382,frequency
2321,1,0.36769924863804054,3.5000301816875745,frequency
2322,1,0.3614394021796388,3.8439662695408385,frequency
2323,1,0.4518378784062735,3.2403644670280727,frequency
2369,1,0.30819211826870113,4.267391640194214,frequency
2371,1,0.26738522126645253,5.477692805820517,frequency
2372,1,0.19866144231437388,6.886635804612145,frequency
2373,1,0.27128487162682013,4.5154702906787065,frequency
2374,1,0.3713020728516804,3.5503912172418217,frequency
2376,2,0.3296384198727752,4.484058528108339,frequency
2377,1,0.2975981334236945,4.656329240907386,frequency
2378,2,0.41882807830520735,3.7179158314698064,frequency
2379,1,0.33001228309229674,3.842801173624611,frequency
2380,1,0.42632877139286574,3.736411446803764,frequency
2381,1,0.3159083035682288,5.122069067613943,frequency
2382,1,0.27788811338717717,4.9682285217471485,frequency
2383,1,0.2934737736136615,5.499828097124798,frequency
2384,12,0.31203900688714725,5.075872299418118,frequency
2385,1,0.30317100013757053,4.661763827620761,frequency
2387,1,0.2365771151637179,6.2622164526520665,frequency
2388,1,0.23439802459798012,5.466793779411256,frequency
2389,1,0.24827209382234816,5.685703102154717,frequency
2390,11,0.16995138862719975,7.102190940730179,frequency
2391,12,0.2577545330998528,6.202775869161118,frequency
2393,12,0.27350776922561604,5.803153918677382,frequency
2396,2,0.3113421574980289,4.956648107880036,frequency
2397,1,0.3484624782189382,4.04008925136086,frequency
2398,1,0.3653371611793783,3.5351692995680994,frequency
2399,2,0.28833112360749175,4.9807492467600625,frequency
2400,2,0.3005658998560833,4.947584982906353,frequency
2401,12,0.3085069453321766,4.794700207552245,frequency
2402,2,0.2648778338879362,5.189881265250393,frequency
2404,1,0.31559628543777274,4.371488580017126,frequency
2406,1,0.30257503012973774,4.99429586835092,frequency
2407,1,0.397363680929511,3.622949433763044,frequency
2408,1,0.34894351506499516,3.8474904886248824,frequency
2409,12,0.3917936078225383,3.3902668008393033,frequency
2410,1,0.4703510884668828,3.069694365283218,frequency
2411,1,0.47168941925748537,3.6173882383379166,frequency
2412,1,0.34580003443398594,4.879223688500857,frequency
2413,1,0.34580003443398594,4.879223688500857,frequency
2451,2,0.26438995810875576,5.370746930113217,frequency
2460,1,0.3011425462459194,5.023381721748724,frequency
2461,1,0.4960477496370382,2.9545979449452973,frequency
2462,1,0.434076589198911,3.906165335920129,frequency
2464,1,0.362475442043222,3.303786230502597,frequency
2465,2,0.32869921743796837,4.805399487126739,frequency
2466,12,0.3548490575208209,3.842226741525531,frequency
2467,12,0.4022821006527591,3.234377592522518,frequency
2468,1,0.33300752849043425,4.0123115141514045,frequency
2469,1,0.43912280604648335,3.56518512168341,frequency
2470,12,0.29169204852258795,6.143373181124099,frequency
2471,12,0.23206320620095675,6.100245725869851,frequency
2472,1,0.31451048396596565,4.642609163115606,frequency
2473,1,0.3158642820741495,4.950755661298066,frequency
2474,12,0.26557643641924417,6.2863333421504075,frequency
2477,12,0.22222871578204328,6.264046522764276,frequency
2479,12,0.3456049043711485,4.351995471914611,frequency
2480,12,0.3456049043711485,4.351995471914611,frequency
2481,12,0.293407854897286,5.178310306230869,frequency
2483,12,0.27809664478613605,5.211797671824131,frequency
2484,12,0.3553288796490974,3.631240376705662,frequency
2486,1,0.31482481954170716,4.178640097207373,frequency
2487,2,0.2889328928413262,4.770343602606332,frequency
2488,2,0.27571079834910306,5.164342537130122,frequency
2489,2,0.2759856204814135,4.8872963912499765,frequency
2490,12,0.28959976505081025,4.438566241840584,frequency
2491,1,0.2888839413206851,5.154578354701033,frequency
2492,1,0.2886192509500329,4.837365403076116,frequency
2493,1,0.316640856987771,4.975791975860725,frequency
2494,1,0.33200831717168333,4.890789752548122,frequency
2495,1,0.3659508151350211,4.112116051660341,frequency
2496,1,0.3791182698711842,4.252413453773264,frequency
2497,1,0.37993710816067416,4.3243434298413685,frequency
2498,1,0.3488292846291897,4.357366096680298,frequency
2499,1,0.3507746725373519,4.348506215367386,frequency
2500,11,0.29868604630627127,4.876571110991174,frequency
2501,1,0.41932372256504447,3.3833439614111382,frequency
2537,2,0.3242658054109999,4.256097464308468,frequency
2538,1,0.2998012823523505,5.019349914015959,frequency
2539,1,0.2947216462062319,4.918231926525677,frequency
2548,1,0.49851642116295986,3.1456924734200826,frequency
2549,1,0.35043230364350647,4.099446218574818,frequency
2551,2,0.23070132226487236,5.646185320674485,frequency
2552,1,0.24828576882994138,5.126300526548192,frequency
2553,12,0.3241364037122001,4.23711335634188,frequency
2554,12,0.3237798122687198,4.597767728547117,frequency
2555,1,0.26226082150264357,5.125270065466856,frequency
2556,1,0.356220146609948,3.958159937311339,frequency
2557,1,0.29299753074747514,4.906101320904802,frequency
2558,12,0.24219558358045576,6.243771589064377,frequency
2559,12,0.2522334456762605,5.6669815410931905,frequency
2560,1,0.30251701213892107,4.879930311089619,frequency
2561,1,0.23759965498858948,6.076549887357166,frequency
2562,1,0.21633282123521988,7.484472458394607,frequency
2563,2,0.23577238023765548,6.665383881795639,frequency
2564,2,0.23577238023765548,6.665383881795639,frequency
2565,2,0.19348867651495397,6.863740070150241,frequency
2566,2,0.16785571584791384,7.64259437922707,frequency
2567,12,0.3259562839616583,4.816321187994886,frequency
2571,12,0.2784035545155519,5.3461527484943145,frequency
2572,12,0.3557392836786971,3.772158335452919,frequency
2576,12,0.26410486296317315,5.248978924979046,frequency
2577,12,0.27567498412638247,4.954395729733095,frequency
2578,2,0.2757107983491031,4.823352227998755,frequency
2579,12,0.28272358168047995,4.937045530227336,frequency
2580,1,0.27428646106677673,4.519888275993338,frequency
2581,1,0.2754591854449498,5.095573395550384,frequency
2582,1,0.31097740234796073,4.29391971585286,frequency
2583,1,0.31185950578906524,4.968448130151528,frequency
2584,11,0.2688610070066808,5.191746737417229,frequency
2585,1,0.26262806159403496,5.61745579646087,frequency
2586,1,0.3513222280446672,3.9497789861840147,frequency
2587,11,0.27053642394037397,5.248019710875249,frequency
2588,11,0.2897048261833495,4.883226046975423,frequency
2625,2,0.3163797299958752,3.889077584569308,frequency
2626,1,0.31411964539540627,4.004386465494736,frequency
2632,11,0.4043790293757604,3.5552318631701114,frequency
2637,1,0.25047594692126274,5.164678551046786,frequency
2638,1,0.3089737328513445,4.526129103081517,frequency
2639,2,0.2877584370329854,5.161474499031784,frequency
2640,2,0.2645050200499092,5.243012205519891,frequency
2641,12,0.3243358505844125,4.832764754778913,frequency
2642,1,0.19934193417080315,6.290449062638187,frequency
2643,12,0.23313027249422225,6.1202087500673485,frequency
2644,1,0.331726075282118,4.77661508819998,frequency
2645,2,0.27963015512674994,4.6433355187401455,frequency
2646,12,0.3080617404887348,4.9940535664117185,frequency
2647,1,0.26063876620142534,5.087636946844365,frequency
2648,1,0.26063876620142534,5.087636946844365,frequency
2649,1,0.21629130009242173,6.373134731939456,frequency
2650,1,0.21586662552589173,7.212791623088964,frequency
2651,1,0.22058348202711037,5.819853654093314,frequency
2652,1,0.22729004713972945,5.800071260665797,frequency
2653,1,0.24977541673837936,6.043429948211578,frequency
2654,12,0.23156332408536787,6.424104632619541,frequency
2655,12,0.27316104359829424,5.661780768885408,frequency
2659,12,0.2963503872719811,5.391438942551733,frequency
2660,2,0.37255393878575016,3.5871577363616076,frequency
2662,2,0.35303557100829097,3.9639067740517953,frequency
2664,2,0.3305409084167968,4.20027810057705,frequency
2666,2,0.24033480891491396,5.239973409758813,frequency
2667,1,0.30471036479977875,3.801790065016948,frequency
2668,1,0.3081921182687011,3.904281598948971,frequency
2672,1,0.3887772675086108,3.7044368530895824,frequency
2673,1,0.3882757632220151,3.7708481255931043,frequency
2713,2,0.3163636633876749,4.581357039018367,frequency
2714,12,0.24422917253247148,5.48110089806358,frequency
2724,1,0.2951262047220192,5.107517562333749,frequency
2725,1,0.2163231472720679,6.406125990069241,frequency
2726,1,0.26440593234460924,6.088810626729217,frequency
2727,2,0.44729072320931357,3.2744373959137856,frequency
2728,12,0.36632151593475615,4.6527573907474595,frequency
2729,1,0.2934737736136615,5.289935782429276,frequency
2730,12,0.26175452330658605,6.168953657571493,frequency
2731,1,0.23786252035031016,5.904888675193223,frequency
2732,12,0.24276830730038712,6.101766565194151,frequency
2733,12,0.24455368212151238,5.889777390061396,frequency
2734,12,0.30688262579575315,5.1050688855220265,frequency
2735,12,0.2557493490214386,5.225057151017293,frequency
2736,12,0.2617808972703155,5.65023201662387,frequency
2737,12,0.2239940092700386,6.359060618133223,frequency
2738,2,0.2119595051290765,6.633604388696808,frequency
2739,1,0.2600223396012695,5.375702093561842,frequency
2740,12,0.2545271992886416,5.3656513830169,frequency
2741,1,0.22607072635568348,5.904090795303532,frequency
2742,12,0.36304242015799915,4.901157964428889,frequency
2743,1,0.26356529914586707,5.1320572217473055,frequency
2746,1,0.22537033344071342,6.030225007651974,frequency
2747,2,0.2789690008230798,5.31809892668321,frequency
2748,2,0.29500364856520955,4.5759110142608,frequency
2753,11,0.2664387594548344,4.267815746352451,frequency
2754,1,0.365421780215919,3.918482588808749,frequency
2800,2,0.40414761593729587,3.361463953381856,frequency
2801,2,0.2750282997927528,4.9496580107622075,frequency
2808,1,0.29153710074649075,5.915227201187462,frequency
2812,10,0.24397815355728084,6.346157857354391,frequency
2813,2,0.24516216965928578,6.164204306409565,frequency
2814,2,0.19328606746623625,7.2693061439375235,frequency
2815,1,0.2579774881433111,5.756209096828826,frequency
2816,12,0.288946848113308,4.815902257207418,frequency
2817,12,0.28855024074371655,4.781445631984905,frequency
2818,12,0.2714289313316855,5.664845020295807,frequency
2819,10,0.1944613656817253,6.709326685333425,frequency
2820,10,0.23286055983554588,7.108840676370603,frequency
2821,12,0.2641576255371895,6.401645743277398,frequency
2822,12,0.2957244978983565,4.451563100049973,frequency
2823,12,0.35367509189866925,4.018913770291743,frequency
2824,12,0.28320369340792195,5.155537544744686,frequency
2825,1,0.21586662552589173,6.377470856207716,frequency
2826,12,0.25278717532740863,5.987764952504154,frequency
2827,1,0.24744029432716574,5.854917671516949,frequency
2828,12,0.291642698969483,4.77902987006612,frequency
2829,1,0.2704029202901885,4.643232372201736,frequency
2830,12,0.3427604384145142,4.600992916958625,frequency
2834,1,0.22779622122721394,5.571703463304803,frequency
2836,2,0.22482175864800635,5.362912195366009,frequency
2837,2,0.2659957932424759,4.883425730765209,frequency
2889,1,0.29421308615008634,5.228341629465521,frequency
2896,1,0.24837010542463353,6.0961334819015685,frequency
2900,2,0.2642845258523285,5.74144807178501,frequency
2901,2,0.21204391505691114,6.356513585926137,frequency
2902,11,0.2527027489750877,5.332571709099531,frequency
2903,2,0.2443256604120114,6.158284116039401,frequency
2904,1,0.2501973021833723,5.363789673557913,frequency
2905,12,0.2901662474694804,4.451185163352725,frequency
2906,12,0.392021636354601,4.512610124569747,frequency
2907,1,0.22175000401796974,6.293725719072058,frequency
2908,1,0.22175000401796974,6.293725719072058,frequency
2909,12,0.2765682462773705,4.73225782960405,frequency
2910,12,0.27781760445050635,4.982446878082378,frequency
2911,12,0.30877500248780976,4.865694642412866,frequency
2912,12,0.2866584567515158,5.250971489829066,frequency
2913,12,0.25514234911730327,5.243125671582508,frequency
2914,12,0.2681912063764039,5.071769941021514,frequency
2915,12,0.2845083564151918,5.241496928866785,frequency
2916,12,0.27752555337318835,5.605490655998279,frequency
2917,12,0.4117322349843952,4.130664459359856,frequency
2918,12,0.39132452647438654,3.876168828562501,frequency
2919,1,0.28481881775149837,5.2199768430321924,frequency
2920,1,0.2600223396012696,5.203512629863487,frequency
2925,2,0.2880444956683936,5.143250491650516,frequency
2976,1,0.2969283531925989,4.865126887437359,frequency
2983,11,0.2701580664296655,5.475579409960894,frequency
2988,11,0.2692526150389094,5.67457941604526,frequency
2989,2,0.24849687700659623,5.548292376162529,frequency
2991,12,0.29895117359493295,5.19245373291723,frequency
2992,10,0.25801052637180766,6.422349554122451,frequency
2993,12,0.31004884898781404,5.306652200732035,frequency
2994,3,0.2182326620350508,6.331826312226863,frequency
2995,4,0.25298053798097037,5.752758984860377,frequency
2996,4,0.2385631550991111,5.23821071282337,frequency
2997,1,0.29833674491365336,4.609457794922525,frequency
2998,12,0.2906495827585583,4.8039118200840685,frequency
2999,12,0.3216208148141128,4.580280597389802,frequency
3000,12,0.2781102708490683,5.337663647988405,frequency
3001,1,0.29059864749928027,4.206420921498367,frequency
3002,2,0.23071157476231066,6.02979072943507,frequency
3003,2,0.2880578145634867,5.788033372518942,frequency
3004,12,0.24183587259129014,5.976919784847852,frequency
3005,12,0.3241205385255907,4.88729428064384,frequency
3006,12,0.3404211745844134,3.9487101136864085,frequency
3007,1,0.2721853566210842,5.190461974134577,frequency
3008,1,0.276083419056594,5.585796315719099,frequency
3012,2,0.29040774420651216,4.756717577217534,frequency
3063,2,0.41837452357625704,3.994771178250394,frequency
3064,1,0.39663599746024975,3.840072401190795,frequency
3071,11,0.22487378896268034,5.954776375248242,frequency
3079,10,0.2681760007854585,5.035941448995457,frequency
3080,11,0.20352046787144368,6.463945771024523,frequency
3081,11,0.22519083175390456,6.719026818367805,frequency
3082,10,0.2041611534005036,7.08218787721455,frequency
3083,2,0.22743178916212994,6.0751712949400645,frequency
3084,1,0.27566190476521396,4.497162354699524,frequency
3085,1,0.2929975307474752,4.473758240838845,frequency
3086,12,0.3522101673829193,4.6534604129979975,frequency
3087,12,0.25423040015102016,5.558978773897945,frequency
3088,12,0.254833063515758,5.38529146433888,frequency
3089,12,0.26851854415955206,5.062808119578081,frequency
3090,12,0.3084452598901989,5.26559539451566,frequency
3091,2,0.26458758955547174,5.222412369019203,frequency
3092,12,0.27781760445050635,5.334457147097268,frequency
3093,12,0.29130592341822187,4.671943943856623,frequency
3151,11,0.23489979817367676,5.455762624310105,frequency
3167,3,0.2584367925612635,5.264835893853731,frequency
3168,3,0.24173695851514945,5.5858234894036505,frequency
3169,2,0.2810341555194296,5.633654288294055,frequency
3170,10,0.2302580414590331,5.867599044120786,frequency
3171,12,0.2650060610132511,6.274637213056261,frequency
3172,12,0.3621489748525071,4.924528229497587,frequency
3173,12,0.2638813057994901,6.080805606063457,frequency
3174,12,0.2899326049594129,4.439976819619679,frequency
3175,2,0.26518226063360933,4.841531876732621,frequency
3176,2,0.2786470725693329,5.031555059359711,frequency
3177,2,0.3331107552179787,4.59701666641283,frequency
3178,12,0.2554385909452532,5.9014610198626265,frequency
3179,2,0.3163797299958753,4.2920635409831265,frequency
3180,12,0.2646996599065027,5.927174068631308,frequency
3182,2,0.2880578145634867,4.844677391589625,frequency
3184,1,0.2584829217513696,5.75042599533462,frequency
3238,2,0.35043406380446374,4.2789679515899754,frequency
3239,1,0.3979491003696836,3.284982322446572,frequency
3254,3,0.2973887624296154,4.87611631380795,frequency
3255,2,0.19248877770530498,6.305085118573777,frequency
3256,3,0.24424894676851575,5.634922360789058,frequency
3257,10,0.34106106267060776,5.214222701792209,frequency
3258,10,0.2779071815617023,5.950080151479999,frequency
3259,12,0.24252830726671987,6.3028411509757145,frequency
3260,12,0.3077743046623874,5.0311446107013555,frequency
3261,1,0.315153673912842,4.41097213994343,frequency
3262,12,0.2545833336068248,5.759796909299409,frequency
3263,12,0.3223095953768205,4.663791391526145,frequency
3264,12,0.3061708189407639,4.971623337457179,frequency
3266,2,0.3174356587548027,4.665642923130799,frequency
3267,12,0.22340771745234794,5.915584220520301,frequency
3268,1,0.29619669038264573,4.7086560093690375,frequency
3269,2,0.3163636633876749,4.982769394452333,frequency
3270,1,0.2609410388699693,5.516695289635639,frequency
3271,2,0.2648845913329164,5.3514590199561365,frequency
3326,1,0.35762200636381003,4.396427685570782,frequency
3341,2,0.21336420774065498,4.992895906860036,frequency
3342,2,0.2648508075554339,3.9939604572920624,frequency
3343,11,0.2035509842810899,6.2694482699109795,frequency
3344,11,0.23512102158027506,6.300820766943685,frequency
3345,10,0.3303553240403923,3.9973358660649563,frequency
3346,1,0.27866116193643425,5.291517003164984,frequency
3347,1,0.35011702194952243,3.270356514941219,frequency
3348,1,0.29827094212788036,4.274232297485032,frequency
3349,2,0.26518226063360933,4.841531876732621,frequency
3350,1,0.2771302945786569,5.333177441871103,frequency
3351,12,0.33747896987012443,4.476879130464224,frequency
3352,12,0.3394649122148954,5.060881196001965,frequency
3353,2,0.2847473952622368,5.048424690890683,frequency
3354,2,0.25510086881311483,5.376675218248209,frequency
3355,2,0.2962252381437586,5.326699271795542,frequency
3356,2,0.27518710234187005,5.351054459038195,frequency
3357,2,0.33565162247386926,4.533965135748886,frequency
3358,1,0.2838329523134881,5.427435568668435,frequency
3359,1,0.283164330610016,4.898688320843706,frequency
3360,1,0.30492893495397094,5.513476490947617,frequency
3361,1,0.23887246535794743,6.199259567164716,frequency
3414,1,0.44075979466210363,3.7166961775803986,frequency
3428,4,0.2903438668524085,4.401150024464857,frequency
3429,2,0.2641265350377157,4.530622679406292,frequency
3430,11,0.21798028564600622,6.11830643833701,frequency
3431,10,0.3038600235184806,5.170860717591059,frequency
3432,12,0.3530509423399888,4.504966124942624,frequency
3433,12,0.39193250534091323,3.398077865285945,frequency
3434,2,0.3089152192086197,4.795902473552726,frequency
3435,2,0.30972614301097173,4.957348366840603,frequency
3436,2,0.3513035656445414,3.6371887851950633,frequency
3437,2,0.27678878627217784,4.721220393442579,frequency
3438,1,0.3286631011612059,3.6745910488836606,frequency
3439,2,0.2877584370329854,5.394368791159245,frequency
3440,2,0.33497096165184453,4.912156325636981,frequency
3441,2,0.2886450678217593,5.379830574741195,frequency
3442,2,0.2954365419677726,5.7903582582268145,frequency
3443,2,0.38120247351781184,4.722106253936278,frequency
3444,2,0.3160025956207251,5.37934393675427,frequency
3445,2,0.3327104727205939,5.205729637221518,frequency
3446,2,0.2657796108267263,4.936726007962822,frequency
3447,2,0.28834446902317695,5.377736464339478,frequency
3448,2,0.2276270755196625,6.254033924605144,frequency
3449,12,0.21168832161168244,6.697958135497962,frequency
3501,2,0.3149720875687021,4.776693689240796,frequency
3502,11,0.29751019370046533,5.236260956283025,frequency
3516,11,0.3422348975887996,4.450689887802512,frequency
3517,2,0.2648733291161556,5.872581826219373,frequency
3518,2,0.2460044265771848,5.408947243036079,frequency
3519,12,0.445898608823012,3.5288679310713684,frequency
3520,12,0.38399536097419545,3.321919372435988,frequency
3521,12,0.3054458684625526,4.389831255559514,frequency
3522,1,0.26901822842784756,4.496138949715826,frequency
3523,2,0.2754487014268506,5.0594156292682495,frequency
3524,2,0.2793067000146313,4.864412625932036,frequency
3525,1,0.3840228196041145,3.7813807106033948,frequency
3526,12,0.2899326049594128,4.439976819619682,frequency
3527,2,0.3349709616518444,4.471339427926564,frequency
3528,2,0.25526960973278034,5.510928300990703,frequency
3529,2,0.2644556955285077,6.193674190178742,frequency
3530,2,0.2640329821931245,6.094278977024955,frequency
3531,2,0.3203540783894035,5.490277892447103,frequency
3532,2,0.3021915453331685,4.952105323785277,frequency
3533,2,0.2964850419271777,5.220844139501794,frequency
3534,2,0.2964850419271777,5.220844139501794,frequency
3535,2,0.26463142288343816,5.565041526521513,frequency
3536,2,0.2648733291161556,5.47680949334494,frequency
3554,1,0.4622183294848316,3.317269410697913,frequency
3588,1,0.25802671170836655,5.1786922785076674,frequency
3589,1,0.25752305892014626,5.933760981446977,frequency
3603,12,0.3264210331420107,4.3127481172758655,frequency
3604,11,0.3011261628855884,4.5972843226985844,frequency
3605,10,0.323693102451838,5.204585038093942,frequency
3606,1,0.29476539242140654,5.6741030091168545,frequency
3607,1,0.2619413008480116,5.738092310037376,frequency
3608,11,0.21911877436002636,5.779441787898088,frequency
3609,12,0.29484887070456417,4.692180799475863,frequency
3610,12,0.27746041028708834,4.808438951514275,frequency
3611,2,0.37403920162795357,3.7086970951670852,frequency
3612,2,0.37403920162795357,3.7086970951670852,frequency
3613,1,0.29553319649688764,4.6235468050405215,frequency
3614,12,0.290251367592364,4.745797894181583,frequency
3615,2,0.2537294010011295,5.585181255578148,frequency
3616,2,0.25546251626163496,6.1206428091798095,frequency
3617,2,0.27411549940598656,5.544688712920443,frequency
3618,2,0.28804449566839363,5.894484402220428,frequency
3619,2,0.3160025956207251,5.52936213443535,frequency
3620,2,0.2959538375973304,5.500255670172917,frequency
3621,2,0.2789690008230798,5.611907113554612,frequency
3622,2,0.26438995810875576,6.004399771044798,frequency
3623,2,0.2302511127181152,6.01103986661831,frequency
3624,2,0.24473839284431015,6.288603836130722,frequency
3625,12,0.26410486296317315,5.35796089633999,frequency
3637,12,0.4210829791879526,3.5875671517668093,frequency
3638,12,0.43830538904815686,3.146053191159173,frequency
3639,1,0.32964453154756546,4.103345112426043,frequency
3640,1,0.44420741437522054,2.9758427527293643,frequency
3641,1,0.461927929111911,3.2818471716854316,frequency
3642,1,0.4340487692787465,3.8023037417760612,frequency
3643,1,0.2930737296444253,4.798626164466156,frequency
3644,1,0.3527418806230951,4.628638088692006,frequency
3645,1,0.4009866085079821,3.969217136278992,frequency
3676,2,0.25282325237485787,5.7525110411590115,frequency
3677,11,0.31262491710702955,4.506611814678715,frequency
3692,11,0.34078315478389365,3.9993774039593917,frequency
3693,10,0.23155198815554207,7.540482038324074,frequency
3694,3,0.24443201036420106,7.657385812246467,frequency
3695,2,0.15989002631030386,7.680393723841303,frequency
3696,1,0.43787358755224615,3.893972886294546,frequency
3697,1,0.3431038017120808,4.418448648227475,frequency
3698,12,0.32222225299146245,4.184202213868599,frequency
3699,2,0.301219880370587,5.192156573399632,frequency
3700,2,0.2641377338364036,5.26165296754231,frequency
3701,1,0.2969283531925989,5.1206613617522,frequency
3702,2,0.33194815828034685,4.278268446750193,frequency
3703,2,0.25349709776490437,5.85665282357005,frequency
3704,2,0.31218818193193487,5.479366831696669,frequency
3705,2,0.31218818193193487,5.479366831696669,frequency
3706,2,0.2754487014268506,5.945713858336986,frequency
3707,2,0.3513332838149001,4.895276454847195,frequency
3708,2,0.254174544730819,5.751056404441174,frequency
3709,2,0.2643787379129171,5.868762285022232,frequency
3710,2,0.25395177779666855,6.081994478223015,frequency
3711,2,0.2311532958485259,5.650963479307558,frequency
3712,2,0.23070132226487247,6.46911438451455,frequency
3724,1,0.2701737816610344,5.082394374854646,frequency
3725,1,0.3850772969805813,3.8856974217739095,frequency
3726,1,0.3322973691816023,3.827411605227627,frequency
3727,1,0.43663145646029317,3.2415858091004326,frequency
3728,1,0.44544198895027626,3.6004839101589363,frequency
3729,1,0.3512309796924875,4.127637840085821,frequency
3730,1,0.35123097969248745,4.62834105628727,frequency
3731,1,0.41327458706401315,4.267567842909818,frequency
3732,1,0.43055813091043943,3.621909548531686,frequency
3733,1,0.4173316654445068,3.41181555333753,frequency
3762,2,0.2343158185882569,6.370894215982977,frequency
3763,2,0.22217583048459072,6.724461951360352,frequency
3764,11,0.3340784734613789,4.085098984537916,frequency
3779,11,0.31069581241902977,5.399227466420266,frequency
3780,11,0.3200672464517798,4.7207000518966415,frequency
3781,10,0.19424674359627672,7.150935478145215,frequency
3782,10,0.2445608138995993,6.1335806762604745,frequency
3783,3,0.29488012052887236,5.951638310197991,frequency
3784,11,0.22700564647883287,6.706354473616777,frequency
3785,9,0.20331584144219506,7.133028514728422,frequency
3786,1,0.2757293525338879,5.419333923017417,frequency
3787,1,0.2373217506797929,5.507661983426423,frequency
3788,1,0.25771979083987817,5.214418679048949,frequency
3789,1,0.25873061599421676,5.210246700521318,frequency
3790,2,0.2410657859865859,5.550061110574497,frequency
3791,2,0.2351849242982987,6.573384923911379,frequency
3792,2,0.2832713616826503,5.774980509122038,frequency
3793,2,0.2636570414607975,5.879009778963608,frequency
3794,2,0.2962252381437586,5.396448379456188,frequency
3795,2,0.3132123348050034,5.248962187443137,frequency
3796,2,0.35041435241871927,4.708283673469131,frequency
3797,2,0.3005804019036053,5.1768018878165245,frequency
3798,2,0.27517494703512513,5.81067353066033,frequency
3799,12,0.22398517006350943,6.038297252379095,frequency
3800,2,0.23070132226487242,6.779128547751155,frequency
3801,1,0.1909287945217743,6.3860408909875686,frequency
3811,1,0.30162106147020346,5.154881534546675,frequency
3812,1,0.34775200584611854,4.80962118960682,frequency
3813,1,0.3128388742769039,4.842778186158668,frequency
3814,1,0.3795179426094819,3.752350773823074,frequency
3815,1,0.47458024790647374,2.700262999209507,frequency
3816,1,0.37150608211360664,3.929814244692451,frequency
3817,1,0.37150608211360664,3.929814244692451,frequency
3818,1,0.3815639239209583,4.34374611354489,frequency
3819,1,0.49626619659985555,3.365964541797894,frequency
3820,1,0.4269232218034795,3.8022327448376116,frequency
3821,1,0.30914325215505994,4.591936154185377,frequency
3822,1,0.28395214910276584,4.867368785414904,frequency
3850,2,0.3319481582803468,5.2042345312609894,frequency
3851,1,0.24721006452047137,5.869904296686544,frequency
3852,1,0.2915195320107444,4.94649116052908,frequency
3856,1,0.2616833095954175,5.409897130647347,frequency
3857,1,0.3320158996005012,4.462431554769762,frequency
3858,2,0.2304708817338427,6.149829554957016,frequency
3859,12,0.347153788251047,4.141465128992027,frequency
3860,11,0.26964679856706536,4.767691740333395,frequency
3862,12,0.2999940056887947,5.170691755070401,frequency
3868,11,0.29944493134677186,4.471110299451684,frequency
3869,10,0.35946960418914714,5.04608685588103,frequency
3870,11,0.21500364166059724,5.9527395508863865,frequency
3871,11,0.34006984599530543,4.735376247810335,frequency
3872,9,0.23349437164856382,5.820873193054609,frequency
3873,10,0.24248505607537257,6.435096268304046,frequency
3874,1,0.24882256083217896,5.931074454162045,frequency
3875,12,0.2077525566671532,6.045022109069931,frequency
3876,2,0.30186208559259137,4.979461813856959,frequency
3877,2,0.27863211724410125,4.90994565107692,frequency
3878,1,0.23732175067979283,6.1439305096879675,frequency
3879,2,0.2268975083647469,6.441019379232402,frequency
3880,2,0.2268975083647469,6.441019379232402,frequency
3881,2,0.25350741332020577,6.073033771539713,frequency
3882,2,0.2641377338364036,6.001954989876467,frequency
3883,2,0.3375691374422616,4.913738025171978,frequency
3884,2,0.2543977028311729,5.9617144447290356,frequency
3885,2,0.28804449566839363,5.752391713194319,frequency
3886,2,0.2759733945310981,5.939768315556356,frequency
3887,2,0.2767887862721778,5.585814896529905,frequency
3888,2,0.20262165867032214,6.363825990854626,frequency
3893,1,0.3308600771288939,4.391361837973724,frequency
3894,1,0.3028659497293079,4.632390352897634,frequency
3898,12,0.3415499712861117,4.425182665949032,frequency
3899,12,0.3243358505844125,4.434042740274232,frequency
3900,12,0.3074159155727754,4.897879587483282,frequency
3901,1,0.2722949693417179,5.2024618442919115,frequency
3902,1,0.2984025767398824,4.911971054190228,frequency
3904,1,0.3292332208707344,4.820310381575548,frequency
3905,1,0.35965564451053106,4.8801696996201915,frequency
3906,1,0.382208674669939,4.088729724905595,frequency
3907,1,0.3091432521550599,4.470451349909851,frequency
3908,1,0.28267600665581116,4.522041660334268,frequency
3909,11,0.25341428772105073,5.33225887618194,frequency
3939,1,0.2719531884698841,5.940152347376787,frequency
3940,1,0.2976636396494647,5.4305107458602375,frequency
3943,1,0.3330543944764509,4.659473597329303,frequency
3944,1,0.29433610300261037,5.126673223358083,frequency
3945,1,0.33576262363352416,3.813609136907207,frequency
3946,12,0.5318234750833233,2.711079182127449,frequency
3947,12,0.5276257538257747,2.740011104692641,frequency
3948,12,0.48944567305720565,2.9466651001646063,frequency
3949,12,0.39014102452338,4.174363087181904,frequency
3950,11,0.3574526544756436,4.569757581574993,frequency
3951,11,0.4126073916031669,4.349957570589361,frequency
3952,1,0.2644059323446092,5.767488909177434,frequency
3955,2,0.27698938500158116,5.450780430901689,frequency
3956,10,0.3039200642014746,4.938707596713376,frequency
3957,4,0.26749104079650254,6.301986783099815,frequency
3958,4,0.26749104079650254,6.301986783099815,frequency
3959,11,0.4462043654626232,3.503049266245597,frequency
3960,9,0.31143093075380446,4.2825717344903325,frequency
3961,1,0.2983367449136533,5.137208042389004,frequency
3962,1,0.26875663307601955,5.2543012954878865,frequency
3963,12,0.24255714996703764,5.560541490705612,frequency
3964,1,0.27708162343801845,4.809274384673886,frequency
3965,2,0.25372940100112945,4.82400606238204,frequency
3966,2,0.25395177779666855,6.081994478223015,frequency
3967,1,0.2197368475718434,6.635392012439216,frequency
3968,1,0.26611563040286446,6.214299821530727,frequency
3969,2,0.24724156685059684,6.08173299561797,frequency
3970,2,0.2638173437394177,6.0074088338974585,frequency
3971,2,0.21967276137743127,7.105285657668429,frequency
3972,2,0.3206579519384316,5.389150236960659,frequency
3973,2,0.3206579519384316,5.389150236960659,frequency
3974,2,0.24494528241542785,6.173214192135625,frequency
3975,2,0.2886316945670525,5.504010991112278,frequency
3976,2,0.19368267798036787,6.522707126468916,frequency
3980,1,0.3176135106059904,4.433589220901784,frequency
3981,1,0.3028659497293079,4.277736771175129,frequency
3982,1,0.3315728102474146,4.239929746978541,frequency
3983,1,0.33193846396610716,4.408201577334086,frequency
3986,12,0.41231080374482515,4.252729936711644,frequency
3987,12,0.3084935955856766,5.314064180511819,frequency
3988,12,0.2791372170361552,5.3893648166556,frequency
3989,12,0.22163605880275614,7.184169067501962,frequency
3990,11,0.2530017072472928,6.2559559217665335,frequency
3991,11,0.31135030648905354,5.803384868142869,frequency
3992,1,0.2326128594581163,7.393905817409056,frequency
3993,11,0.21624242165940355,7.490357180036829,frequency
3994,12,0.3282822440717178,4.806638594935935,frequency
3995,12,0.30175673362690025,4.321683208973114,frequency
3996,1,0.2644059323446092,4.835481771787297,frequency
3997,11,0.25341428772105073,5.131693471667856,frequency
3998,11,0.2821946246060642,5.3968763200046626,frequency
4025,1,0.2587981925392006,4.814846320176189,frequency
4027,1,0.24835416647101366,5.372223801580412,frequency
4032,12,0.38965337967997704,3.2042424012868613,frequency
4033,11,0.3905389321805427,3.324462389969171,frequency
4034,11,0.42359129023673725,3.272397837894678,frequency
4035,11,0.34000575192452137,3.614085528406541,frequency
4036,12,0.3434050691189838,4.652327328804735,frequency
4037,11,0.406548784101295,3.9076395505966435,frequency
4038,11,0.3172042884706908,4.893074025012868,frequency
4039,2,0.2880444956683936,5.143250491650516,frequency
4040,1,0.3320158996005012,4.446507471977816,frequency
4043,10,0.305837453378437,4.506125626734383,frequency
4044,10,0.41856600189933524,4.184626177561281,frequency
4046,10,0.3553169634626593,4.450125269045394,frequency
4047,11,0.25499034127495174,4.409723794128429,frequency
4048,10,0.21659625678154693,6.534298392122316,frequency
4049,1,0.25979930379615573,5.057449272004639,frequency
4050,1,0.2791900374485516,5.0228609747894115,frequency
4051,1,0.3009737361671963,4.6820020767742845,frequency
4052,2,0.2521417537741303,5.3950618018391445,frequency
4053,2,0.24494528241542785,5.582883846585983,frequency
4054,1,0.2377912256881064,6.303643048501626,frequency
4055,1,0.27277087555892504,5.781165328093529,frequency
4056,1,0.2929935541233437,5.900821654399524,frequency
4057,2,0.22707532282799545,6.242209568070161,frequency
4058,2,0.23537597076922015,7.097351526244895,frequency
4059,2,0.22634928258921885,7.122200395549022,frequency
4060,2,0.21204391505691114,6.6581996934544705,frequency
4061,2,0.26512696085427717,5.460134723592497,frequency
4062,2,0.3353032120425152,5.085514212373274,frequency
4063,2,0.2129048229919204,6.032609426385249,frequency
4064,1,0.2357608864264611,6.002559707858808,frequency
4065,1,0.2357608864264611,6.002559707858808,frequency
4066,1,0.24793460378546223,5.593880589961806,frequency
4067,1,0.29766363964946463,4.883745156530291,frequency
4068,1,0.25878012740848017,5.137311411761852,frequency
4069,1,0.29766363964946463,4.883745156530289,frequency
4070,1,0.28389253819646143,5.223249160434607,frequency
4071,1,0.39690520501891097,3.739319586394728,frequency
4072,1,0.33147214935152775,4.673959827076032,frequency
4074,11,0.2257685705286914,5.615653313844794,frequency
4075,12,0.3921023018419917,4.174939346885805,frequency
4076,1,0.1837859701355617,7.094062229276706,frequency
4077,9,0.21425333649162143,6.53770641081585,frequency
4078,9,0.23868660622075863,6.356376657102388,frequency
4079,9,0.20267891694858126,7.926576500461732,frequency
4080,11,0.23272592446775675,6.266147413220152,frequency
4081,11,0.2334155984185935,5.816786953846371,frequency
4082,12,0.27006514540041165,5.12062641959027,frequency
4083,12,0.26864947982323684,5.315023090104355,frequency
4084,12,0.28533720197983675,4.622032109659174,frequency
4085,1,0.3512309796924875,4.6017736103148446,frequency
4127,11,0.2664387594548344,4.267815746352451,frequency
4129,1,0.26044351066099836,5.933916392267039,frequency
4130,10,0.32603665733829756,5.015442237746004,frequency
4131,10,0.20929843527124187,6.60599025631113,frequency
4133,4,0.2249158435729425,7.3554429092811064,frequency
4134,11,0.39575124207640916,3.7401036327926263,frequency
4135,11,0.4078689875373365,3.7706848253232788,frequency
4136,1,0.34505555205191385,4.605764668287405,frequency
4137,1,0.3063020976105077,4.918276112153911,frequency
4138,1,0.30340470842891926,4.467621456442477,frequency
4139,2,0.2413179121153836,5.03353994161156,frequency
4140,2,0.2751749470351252,4.889418735756154,frequency
4141,2,0.24082535720730838,5.341337657123861,frequency
4142,1,0.28217832346915545,5.50830018306681,frequency
4143,1,0.301031163659761,5.679988080076867,frequency
4144,2,0.24494528241542785,6.173214192135625,frequency
4145,2,0.2636347262526701,6.680555348991221,frequency
4146,2,0.21185786959667877,7.0895009513117975,frequency
4147,1,0.2357608864264611,6.3579326412376105,frequency
4148,2,0.23070132226487242,6.298611491608365,frequency
4149,2,0.28891949290341923,5.631293142936333,frequency
4150,2,0.3021768874076992,5.57068662006032,frequency
4151,1,0.2707281866483758,5.620625392518679,frequency
4152,1,0.2668474335854556,5.9273655368937845,frequency
4153,1,0.23982644760866675,5.8993972656939455,frequency
4155,1,0.24715584634872295,5.2238112710260785,frequency
4156,11,0.2667474554172275,4.812505801283215,frequency
4157,1,0.29144413904679195,4.226034958547342,frequency
4158,1,0.2360196967190778,5.314639298343557,frequency
4159,1,0.26100147451768924,5.2624831043587355,frequency
4160,1,0.35029840970806625,4.357291495727136,frequency
4163,12,0.3246144409917466,5.039960492533583,frequency
4164,9,0.14511406415907846,8.166176457786268,frequency
4165,11,0.21097156068018189,6.394205870295505,frequency
4166,2,0.18739627613914658,6.686631957484559,frequency
4167,9,0.2399897831400526,6.518193312135459,frequency
4168,9,0.31752674902753036,5.349982784843709,frequency
4169,11,0.21622667843362178,6.949719208458848,frequency
4170,12,0.25282425033855155,6.45568325123568,frequency
4171,12,0.2777230306008376,4.705070618346658,frequency
4172,11,0.23424402583474804,5.428879571538883,frequency
4173,11,0.253049932786534,5.56923528873467,frequency
4174,12,0.21022529869000794,6.1031170249728985,frequency
4175,12,0.2548782779780594,5.944404419830172,frequency
4214,11,0.41950626623920223,3.7595736431064677,frequency
4215,11,0.3533482774380291,3.9924851183763717,frequency
4216,11,0.2176209139113325,5.483631461048682,frequency
4217,2,0.19787835849745075,6.657850098913076,frequency
4218,10,0.2710122537562371,5.8500198531521415,frequency
4220,2,0.19816160155413565,7.049635786639564,frequency
4221,11,0.41605897134020986,4.413377874610505,frequency
4222,10,0.30413116862240797,4.140623761250189,frequency
4223,1,0.27655827436839714,5.633704585026371,frequency
4224,1,0.3557001241935267,4.642933793325725,frequency
4225,1,0.3198150844737518,4.347746536459615,frequency
4226,1,0.3163864113561725,3.98801697338565,frequency
4227,1,0.2825578786285071,4.289111456124169,frequency
4228,2,0.23518492429829868,5.938062150024907,frequency
4229,2,0.22671172142737314,6.044372371790964,frequency
4230,2,0.22671172142737314,6.044372371790964,frequency
4231,1,0.22848516557626491,6.122016023081023,frequency
4232,1,0.22895905663154434,6.509161761647824,frequency
4233,2,0.254174544730819,6.206841509110341,frequency
4234,2,0.28350893083101353,6.08121356316516,frequency
4235,2,0.3170721412983299,5.117435424132418,frequency
4236,1,0.2695678962706405,5.440452393451616,frequency
4237,2,0.31670945546730517,5.256133517300135,frequency
4238,1,0.25822421419574065,5.523039156846165,frequency
4239,11,0.20969266773088666,6.801652944504133,frequency
4240,11,0.20969266773088666,6.801652944504133,frequency
4242,1,0.24929272530927882,5.177784437544562,frequency
4244,1,0.22058348202711037,5.983803336314955,frequency
4245,12,0.24352281182014246,5.381459715720295,frequency
4247,1,0.3128388742769039,4.47283417954981,frequency
4250,1,0.3317284861372861,5.593719079282603,frequency
4251,11,0.23071453296932842,6.525904907425708,frequency
4252,9,0.15249471052366287,8.334861137757487,frequency
4253,11,0.2131887914377835,7.645026343489248,frequency
4254,9,0.22026551246597523,7.4280494142377025,frequency
4255,9,0.26411638299152956,7.386368739790425,frequency
4256,9,0.15621557287221707,8.086516822397446,frequency
4257,11,0.23901074635654346,6.460530173506079,frequency
4258,12,0.24147151568730604,6.467640204977735,frequency
4259,12,0.3245302414535023,4.512589982734615,frequency
4260,11,0.22541140079663133,5.253666689987091,frequency
4261,11,0.27774799906025976,5.277415387277502,frequency
4262,11,0.2306930282282105,6.400980946114215,frequency
4263,12,0.21113163311020422,6.924484672013233,frequency
4264,12,0.24235822185656336,6.750995761986008,frequency
4301,11,0.47219009253350347,3.141934979082083,frequency
4302,11,0.2901612185484433,4.473412735460333,frequency
4303,1,0.2501973021833723,5.880646829262933,frequency
4304,11,0.2970140538357181,5.04656074289376,frequency
4305,11,0.2825409332830296,5.578926210927876,frequency
4306,2,0.1866607228334545,7.354064665244362,frequency
4308,2,0.19816160155413565,8.940274122927349,frequency
4309,11,0.4171358521313377,3.834358005822624,frequency
4310,11,0.34094431242897,3.9450513113040073,frequency
4311,11,0.22608814318358728,6.2484169131252925,frequency
4312,1,0.26299633160974906,5.593314359961257,frequency
4313,1,0.3304096855204468,4.561095516307414,frequency
4314,1,0.3163864113561725,4.467570283533896,frequency
4315,2,0.2837690556601209,5.497203478677056,frequency
4316,1,0.24733214242291035,5.385646298267802,frequency
4317,1,0.20633687098269252,6.524484689033923,frequency
4318,2,0.22139415388375894,6.344923571803939,frequency
4319,3,0.18652029476996823,6.909047310340788,frequency
4320,3,0.20250306866339934,6.587572754935944,frequency
4321,2,0.254174544730819,6.217786527851169,frequency
4322,2,0.2539517777966686,6.724106488928761,frequency
4323,2,0.26487332911615563,6.281995788963644,frequency
4324,2,0.29390971027420526,5.109513279458605,frequency
4325,1,0.2695678962706405,5.440452393451616,frequency
4326,1,0.3315031401602046,4.634975786479613,frequency
4328,1,0.21607392841385095,5.961826376352145,frequency
4330,1,0.2776790254570982,5.751351633534141,frequency
4331,1,0.22542591816983762,6.369095323693318,frequency
4335,1,0.41922622680543115,3.7483033462604824,frequency
4336,1,0.4259698963733662,4.155995155201107,frequency
4337,1,0.4717647463029354,3.6696549335307656,frequency
4338,1,0.2765740860173819,6.488792204479216,frequency
4339,12,0.2054813933806341,7.734541516004812,frequency
4340,11,0.19349083760820251,8.645196006306868,frequency
4341,11,0.18436968415506313,8.346448298557066,frequency
4342,11,0.18436968415506313,8.346448298557066,frequency
4343,2,0.16686210782472358,7.9347796360551675,frequency
4344,2,0.18618097210346884,8.124781796571773,frequency
4345,12,0.25775538956378424,5.826664640168589,frequency
4346,11,0.2696467985670654,4.767691740333393,frequency
4347,12,0.29201469384169926,5.073776282753944,frequency
4348,1,0.23846738826584746,4.791337295194479,frequency
4349,12,0.2628633890151022,5.502001435557446,frequency
4350,11,0.2638021126699538,5.582822781416265,frequency
4351,11,0.21199973885225565,6.726709760360418,frequency
4352,12,0.2234366748917458,6.267368859980814,frequency
4353,11,0.2118047076061841,6.136527074806103,frequency
4354,12,0.25385653782905954,6.132889174446,frequency
4389,11,0.36634152615226323,4.436025852515117,frequency
4390,11,0.39120252127567295,4.0961846160194275,frequency
4391,11,0.37838303941606527,3.9728623547955455,frequency
4392,11,0.2832523143786663,5.384117170023643,frequency
4393,2,0.225260740497722,6.0427963180168875,frequency
4395,11,0.23730510499757007,7.288479413964435,frequency
4396,11,0.23302185931427236,6.268670023638786,frequency
4397,11,0.4205862717727742,3.1619845919311764,frequency
4398,11,0.2841398312381609,4.498062983325072,frequency
4399,1,0.4353963526260042,3.9059137234724277,frequency
4400,1,0.3301671592192474,5.151145468207314,frequency
4401,1,0.3430450518232173,4.565420289654471,frequency
4402,1,0.3141821995950416,4.999988761212255,frequency
4403,1,0.2375402524959916,5.917779737100574,frequency
4404,1,0.23525640531415262,5.829996294743387,frequency
4405,1,0.23525640531415262,5.829996294743387,frequency
4406,1,0.1912609408201258,6.789853689938686,frequency
4407,3,0.1944487893700393,6.897041509885061,frequency
4408,10,0.21084848221275115,6.705184755745209,frequency
4410,2,0.25418491549560684,6.324237125312324,frequency
4411,2,0.2524175936900938,5.6444136716507,frequency
4412,1,0.29619669038264573,4.935550249260516,frequency
4413,1,0.2701198149150673,5.214873121211708,frequency
4414,1,0.29686317015764596,4.600998624185711,frequency
4415,1,0.36017651305007115,4.156334292734748,frequency
4416,12,0.24205760824624317,5.8600210085028275,frequency
4417,1,0.2582242141957407,5.013987663002078,frequency
4418,1,0.3460358644307321,4.53500149501602,frequency
4419,1,0.290305431141556,5.899017813792473,frequency
4421,1,0.3786213857728845,4.308684595569846,frequency
4422,1,0.33309541303663276,4.413202756527867,frequency
4423,1,0.3194837358676721,4.518704096526348,frequency
4424,1,0.386137581221036,4.416414970157146,frequency
4425,1,0.23769988842321993,6.244618180858924,frequency
4426,11,0.2036063760548067,7.147821797597431,frequency
4427,11,0.21320026919225907,8.733883487301192,frequency
4428,11,0.20264476632072942,8.65947147197664,frequency
4429,11,0.1930757444136644,7.755638338114096,frequency
4430,2,0.16687104700442884,7.951455473008005,frequency
4431,2,0.1976084595174213,6.970567524000651,frequency
4432,11,0.25234043578304255,6.657397676952939,frequency
4433,4,0.2393357680642415,6.177229405743247,frequency
4434,4,0.22517802669654985,5.823888569075709,frequency
4435,4,0.21803297621189863,5.826945720464139,frequency
4436,11,0.25464507157122096,5.583553554195212,frequency
4437,11,0.2748550174366019,4.993569943915736,frequency
4438,12,0.21232068711629573,6.595515008354825,frequency
4439,11,0.19778429796076058,6.220179944356281,frequency
4440,12,0.27871089206204636,5.360068695903136,frequency
4441,1,0.23967191819101855,5.461206106378014,frequency
4442,12,0.25435708207889557,5.793738092380012,frequency
4443,1,0.2163231472720679,6.262536696934717,frequency
4446,1,0.2489886356860173,4.93755327956093,frequency
4475,11,0.25412984476103717,5.79747979221872,frequency
4476,11,0.46860974682874496,3.5428622859257075,frequency
4477,11,0.4188122817995087,3.8196207649161575,frequency
4478,10,0.22984755991416125,5.704739419991481,frequency
4479,11,0.2654131198694316,4.924077364197644,frequency
4480,11,0.1692880278976994,8.482283701722245,frequency
4484,11,0.3372556579019524,5.2157578222725975,frequency
4485,11,0.4620338824847156,3.0095352497272985,frequency
4486,11,0.28157328640213997,5.2148245792307995,frequency
4487,11,0.28157328640213997,5.2148245792307995,frequency
4488,1,0.30492893495397094,5.195192507877111,frequency
4489,1,0.3959247226505772,4.0827671374254235,frequency
4490,1,0.24803491174363318,5.504283925824863,frequency
4491,1,0.2278976263237294,5.977384458436561,frequency
4492,1,0.2128582460938426,6.135671998777942,frequency
4493,1,0.1912609408201258,6.651468704488072,frequency
4494,2,0.18477284268916755,7.206164873177463,frequency
4495,1,0.23576088642646106,6.357932641237611,frequency
4496,1,0.22888155243825853,6.231790046789928,frequency
4497,2,0.25268173853583487,5.946014896531328,frequency
4498,1,0.21628162984231217,5.687931986371491,frequency
4499,2,0.33272824262509065,4.570521350327171,frequency
4500,2,0.27864707256933285,5.1403959734722156,frequency
4501,1,0.3148248195417071,4.807632267356784,frequency
4502,1,0.3148248195417071,4.807632267356784,frequency
4503,2,0.2762609910330368,4.9731636398662316,frequency
4506,1,0.33086007712889387,4.978353433973573,frequency
4507,1,0.302271177270701,5.066704325708328,frequency
4508,1,0.34621445898672215,4.715919622000932,frequency
4509,1,0.3493304884254731,4.587734694770299,frequency
4510,1,0.3584500823564436,4.57860688924256,frequency
4511,1,0.4268887637345884,4.062364835760359,frequency
4512,1,0.384033946596845,4.5342576701097626,frequency
4513,1,0.3466143552125408,4.0698674952955445,frequency
4514,11,0.21376757450298975,7.0653493829414895,frequency
4515,11,0.20338155022688767,8.664374198532812,frequency
4516,11,0.21245107776133404,7.333830043035061,frequency
4517,11,0.17874784033210075,8.73298814384649,frequency
4518,2,0.16725633988751354,7.943642290697809,frequency
4519,2,0.17687238763181293,8.89204793338761,frequency
4520,4,0.24099318403115869,6.407548117428462,frequency
4521,4,0.2549034692054441,5.372175267115316,frequency
4522,4,0.23562078540261797,5.8355151564945364,frequency
4523,4,0.23512102158027506,6.300820766943685,frequency
4524,11,0.3382206070186758,4.084385703836708,frequency
4525,11,0.27261592989300404,5.912285815402384,frequency
4526,11,0.25247885610096976,5.629834309514132,frequency
4527,11,0.2865285463799996,5.077771954043872,frequency
4528,12,0.26074895744703197,5.012984323027192,frequency
4529,12,0.24363163706242533,5.36919894892495,frequency
4530,12,0.27301161774029503,5.1699450370364515,frequency
4531,3,0.2892095410217144,4.901290115786212,frequency
4534,3,0.2291752989254269,5.679707736688799,frequency
4535,1,0.356220146609948,4.1162870193247585,frequency
4562,11,0.31674758986220425,4.7479393068994895,frequency
4563,11,0.35547835733208777,4.551686665764035,frequency
4564,10,0.302773465363152,4.628327902834852,frequency
4565,10,0.38059221113614417,3.788655737462844,frequency
4566,2,0.3239685962787751,4.723496463541859,frequency
4567,10,0.21485499669707392,6.748679240862843,frequency
4572,10,0.37902175415280537,3.6356275473186805,frequency
4573,10,0.3785559069972372,3.5633795465728717,frequency
4574,1,0.33152669012377667,4.646407112469051,frequency
4575,1,0.2776301614003865,5.005400425622976,frequency
4576,1,0.3724947126686234,4.6460914260292085,frequency
4577,1,0.34540201391991665,4.85210469957932,frequency
4578,1,0.2375402524959916,5.785862536645258,frequency
4579,1,0.25903995063107005,5.565330243529564,frequency
4580,1,0.20653508401983114,6.515373808791907,frequency
4581,12,0.22080443954349852,6.552236327572356,frequency
4582,1,0.26156183422647133,5.198919422826475,frequency
4583,1,0.22888155243825853,6.231790046789928,frequency
4584,1,0.22888155243825853,6.231790046789928,frequency
4585,1,0.22931819736559392,6.271998866191436,frequency
4586,1,0.2888839413206851,5.752320831843871,frequency
4587,1,0.32866310116120584,4.310756813951214,frequency
4588,12,0.29130592341822187,4.7874258452657354,frequency
4589,1,0.3484624782189382,4.675084588851155,frequency
4590,1,0.33157281024741464,4.777936777940364,frequency
4591,1,0.28420526592635537,5.011734150196375,frequency
4593,1,0.24686933729422367,5.597080463649776,frequency
4594,1,0.25802671170836655,5.91650436159185,frequency
4595,1,0.32980473436033875,5.191761553780512,frequency
4596,1,0.37985706582142265,4.672895087444679,frequency
4597,1,0.3489435150649951,5.035415767649991,frequency
4598,1,0.4079680077523721,4.348391799385171,frequency
4599,1,0.3308600771288939,4.653226979060406,frequency
4600,1,0.3331569598246344,4.602174877467697,frequency
4601,11,0.24218059190153826,5.451197316347256,frequency
4602,1,0.2483942898900847,6.4905556071083765,frequency
4603,1,0.19871543191206772,6.945355055475015,frequency
4604,11,0.20219983859879845,7.141725123425267,frequency
4605,11,0.20264476632072942,7.981777887264951,frequency
4606,11,0.19006071579078807,7.969182886863695,frequency
4607,4,0.16028853779654267,9.21028449528399,frequency
4608,4,0.1691191278080622,8.070892289038119,frequency
4609,4,0.1695342368105232,8.118825714476507,frequency
4610,4,0.23644614282302362,5.135708352417848,frequency
4611,11,0.20415913246200626,7.927864568158813,frequency
4612,11,0.25570383125269047,6.370526057738132,frequency
4613,11,0.33866345163053224,5.66632145372169,frequency
4614,11,0.2765674026580178,5.379311628938424,frequency
4615,1,0.21340438294701675,5.430475577422146,frequency
4616,12,0.2784361566427718,4.957705448245186,frequency
4617,3,0.2331324911955208,4.950287778123737,frequency
4618,3,0.2244128372289476,4.936612051484234,frequency
4619,12,0.2335958387265636,5.502652150805644,frequency
4620,1,0.2085480105989233,6.125846369069778,frequency
4621,9,0.22542423241077306,5.216792684441002,frequency
4622,9,0.28255706135087205,4.923174097834066,frequency
4623,12,0.3250951749526011,5.318265610338864,frequency
4649,1,0.2701737816610344,4.938763617636719,frequency
4650,10,0.35671888705840965,4.550567405272746,frequency
4651,1,0.24972929074174335,5.1555830645237295,frequency
4652,2,0.3212816332867568,5.500507462330063,frequency
4653,12,0.22036210380869756,5.784143001195032,frequency
4659,2,0.2515918786117944,5.482905693350457,frequency
4660,10,0.3581959983930773,4.418587404585226,frequency
4661,10,0.2717642253009929,6.0802190858412875,frequency
4662,11,0.1794444252053325,6.760370167895574,frequency
4663,1,0.3713700510389041,4.230223299050927,frequency
4664,1,0.4135026990908518,4.070142211649097,frequency
4665,1,0.2380105932489414,6.065204184566838,frequency
4666,1,0.2704570002289745,5.605732704969639,frequency
4667,1,0.2665765189742172,5.593615170298359,frequency
4668,2,0.24180122314952768,6.295226436062159,frequency
4669,2,0.24155932588095105,6.134259857209967,frequency
4670,1,0.2582242141957407,5.633227890617402,frequency
4671,2,0.221394153883759,6.204580206922152,frequency
4672,2,0.19032409640762707,6.520642218017378,frequency
4673,3,0.24379494795936604,5.901728207574607,frequency
4674,1,0.24826297798746402,5.4083954758526485,frequency
4675,1,0.2582242141957407,5.216903491254403,frequency
4676,1,0.31350974691864597,4.352282451420984,frequency
4677,1,0.3135824460761515,5.107587463207448,frequency
4680,2,0.2639955796088996,5.092785178041963,frequency
4681,1,0.23501068189977856,5.698334539718324,frequency
4682,1,0.36225634539351464,4.5820174735078245,frequency
4683,1,0.3155391131018235,5.259996504324134,frequency
4684,1,0.31729358448135586,5.191125333072586,frequency
4685,1,0.2997585608868637,5.0520246856016895,frequency
4686,1,0.4424352481500717,3.7918767718588726,frequency
4687,1,0.30198139862664797,5.264449471924082,frequency
4688,1,0.3035934615432975,5.370348511729592,frequency
4689,12,0.20391361036339165,6.356134065230738,frequency
4690,12,0.18445599427884904,8.013900113303123,frequency
4691,1,0.18889488101658233,8.023811156527168,frequency
4692,11,0.1853690226168247,8.07291005962732,frequency
4693,11,0.1932877852262703,8.307113540344435,frequency
4694,11,0.16980362490369497,8.518240390249096,frequency
4695,4,0.14560651444765305,8.925553965645074,frequency
4696,3,0.23059812913251468,7.069923777460694,frequency
4697,3,0.2159868467763604,7.416829501755295,frequency
4698,3,0.2431550727965325,6.456828330982193,frequency
4699,11,0.18536034583244615,8.961708978046898,frequency
4700,11,0.17767175154844497,7.956720040268472,frequency
4701,11,0.37902993611242974,4.6966675662218655,frequency
4702,2,0.23488565049793195,5.715639881569495,frequency
4703,12,0.2681760007854585,4.89413803298944,frequency
4704,3,0.23267097816572493,5.260179681694298,frequency
4705,3,0.23267097816572493,5.260179681694298,frequency
4706,2,0.2544080918148066,4.8893691073271945,frequency
4707,3,0.24340066322830278,4.885093353379655,frequency
4708,3,0.2617602014622791,5.662596786853843,frequency
4709,3,0.22103660274047543,5.631291582169121,frequency
4710,2,0.1881490135472888,6.416400366524953,frequency
4711,12,0.2873094498927015,5.745948517417605,frequency
4728,3,0.27033073801141794,5.869296892817123,frequency
4729,2,0.2637491316399053,5.706077483390343,frequency
4736,1,0.23576088642646106,5.410831984836906,frequency
4737,10,0.3574433574940443,4.232805127465814,frequency
4738,2,0.2504600150911426,5.405738587636351,frequency
4739,2,0.25321169020736356,5.540613057156535,frequency
4740,12,0.21172899823677443,6.909324244927767,frequency
4744,11,0.33826973240105673,4.989254876118756,frequency
4745,1,0.27428646106677673,5.1661103934352335,frequency
4746,11,0.39120252127567295,4.283306858797127,frequency
4747,10,0.38096240356740957,4.598147507928315,frequency
4748,10,0.34896693694374564,5.013239903117126,frequency
4749,10,0.22960757268104404,6.787803588299867,frequency
4750,1,0.2693526674690491,5.753239172895023,frequency
4751,1,0.3776499401405685,4.2059853590849405,frequency
4752,1,0.3158642820741496,5.0386292173355764,frequency
4753,1,0.24799844451974548,5.6802649921816375,frequency
4754,2,0.29597794195061966,5.299089069705473,frequency
4755,2,0.2651822606336093,5.614455255256239,frequency
4756,2,0.28922129244845035,5.264250878901806,frequency
4757,2,0.241559325880951,5.978616261403116,frequency
4758,2,0.23070132226487247,6.1486952296500235,frequency
4759,2,0.2128088214930411,6.271949173529583,frequency
4760,1,0.19905219691301618,6.33461887650632,frequency
4761,1,0.2377494193741728,6.026892347483135,frequency
4762,1,0.27072818664837583,5.620625392518676,frequency
4763,1,0.25822421419574065,5.31510689834039,frequency
4764,1,0.3315728102474146,4.8585684517398855,frequency
4767,1,0.2736038735976659,4.760634189497279,frequency
4769,1,0.2699037042371156,5.143353679549952,frequency
4770,1,0.34546819300887954,4.779580834718043,frequency
4771,1,0.4103280807023999,4.088627577463557,frequency
4772,1,0.31177322668293095,4.774182802024824,frequency
4773,1,0.2775453287303758,5.44057935742177,frequency
4774,1,0.4088107749721454,4.056560500007651,frequency
4775,1,0.2725826549450952,5.324013267423706,frequency
4776,9,0.21344734019057232,6.138334074322518,frequency
4777,2,0.1866607228334545,5.874532600870688,frequency
4778,2,0.17620701668454583,6.7314160045854665,frequency
4779,11,0.20310207267691685,7.41689771663,frequency
4780,11,0.185173991243127,8.655578576321844,frequency
4781,11,0.21503866749136125,7.703587668903996,frequency
4782,3,0.2326749096109627,7.529716093013478,frequency
4783,3,0.24341185780871594,8.114802390720845,frequency
4784,3,0.2577545330998528,6.444538785266309,frequency
4785,4,0.17872632723782184,7.396379356200003,frequency
4786,12,0.19476248790925713,7.7485046600237535,frequency
4787,12,0.19476248790925713,7.7485046600237535,frequency
4788,11,0.28112883721123516,5.796454274073321,frequency
4789,3,0.32308967447517156,5.307274946754027,frequency
4790,3,0.2276517724949633,6.7143164820387415,frequency
4791,11,0.21315100756386754,6.540854512186859,frequency
4792,12,0.22036210380869756,6.222913611145718,frequency
4793,3,0.2429694314937521,4.597322642070089,frequency
4795,2,0.2554535374001244,5.381614047887156,frequency
4796,2,0.24410068508173244,5.75712757833764,frequency
4797,2,0.24410068508173244,5.75712757833764,frequency
4798,2,0.3353032120425152,4.719777608106101,frequency
4799,2,0.3163636633876749,5.004682120588034,frequency
4800,1,0.3304702437236271,5.072513789241421,frequency
4816,3,0.20463591139707168,5.950746169802384,frequency
4824,1,0.23345771071077553,5.640961609827679,frequency
4825,12,0.2660582921421022,5.4063434706426055,frequency
4826,2,0.2124365453735667,6.4060601622077336,frequency
4831,11,0.2901612185484433,5.13572468039432,frequency
4832,10,0.24352281182014246,5.8480439142788425,frequency
4833,11,0.2696467985670654,4.586233472428741,frequency
4834,2,0.43865479197128804,3.4656017601912272,frequency
4835,2,0.26486769836689805,5.470384279536428,frequency
4836,10,0.2049328444167345,7.4503900088532795,frequency
4837,10,0.20439825671780226,7.108823692645416,frequency
4838,1,0.29827094212788036,4.863616370880562,frequency
4839,1,0.4170444957853983,3.799056794775789,frequency
4840,1,0.29692835319259886,4.865126887437361,frequency
4841,2,0.2886450678217592,5.260733396728052,frequency
4842,2,0.25268173853583487,5.799790878661654,frequency
4843,2,0.2648733291161555,5.894631103373297,frequency
4844,2,0.24431607854615578,6.498528271261819,frequency
4845,2,0.2648845913329164,5.884357531717956,frequency
4846,1,0.22888155243825858,6.115652373214907,frequency
4847,1,0.27818087555006776,5.744813263398546,frequency
4848,1,0.2382205896336184,6.30936488804302,frequency
4849,1,0.28201281827973423,5.559235045059566,frequency
4850,1,0.28201281827973423,5.559235045059566,frequency
4851,1,0.33008132787383154,4.830459492367219,frequency
4852,1,0.316181330928432,4.933965603270298,frequency
4857,1,0.2832829663626398,4.843544916392387,frequency
4858,1,0.3315728102474146,4.759364414589867,frequency
4859,1,0.2845047390560618,5.325536406299635,frequency
4860,3,0.2906495827585583,4.568500064303705,frequency
4861,3,0.2425675158030679,6.434547218404704,frequency
4862,1,0.41605810706278756,3.7328790544057027,frequency
4863,1,0.40923711796024387,3.877355299683583,frequency
4864,3,0.24396426520436554,6.355940892934106,frequency
4865,3,0.2031854795670535,7.086444733066297,frequency
4866,12,0.19380899051154937,7.4463735648564535,frequency
4867,2,0.18460447666940044,7.8433503298895,frequency
4868,12,0.26998355847045047,6.312265364375302,frequency
4869,12,0.2873843842086037,5.97373986973804,frequency
4870,1,0.3144026409267021,4.481761475747189,frequency
4871,12,0.23423378810013123,7.079603854633925,frequency
4872,3,0.1776668231737343,7.884434677344367,frequency
4873,12,0.18552391156690362,8.07401373445837,frequency
4874,9,0.15231874232277012,8.721335475592177,frequency
4875,3,0.256211744282368,6.165300687165352,frequency
4876,3,0.22045027875996293,7.608066642378,frequency
4877,3,0.2561660555209181,7.169081770241774,frequency
4878,1,0.19848611647971418,8.018229540918957,frequency
4879,3,0.1848524727282909,7.481696919278709,frequency
4880,2,0.20262165867032214,6.955543957502203,frequency
4881,12,0.26496532745219825,5.944109639695373,frequency
4882,12,0.2975220920854227,5.500020889900482,frequency
4884,2,0.33349414831493535,4.925714120647005,frequency
4885,2,0.33464964113798173,3.9214953450864463,frequency
4886,2,0.3366544239344474,4.474306283307048,frequency
4887,12,0.23026925104608473,6.040281728996085,frequency
4888,2,0.22097950450134785,5.969544149466263,frequency
4903,3,0.3478122068758956,4.529376767906682,frequency
4904,11,0.33551416160722775,3.9404080343858947,frequency
4910,11,0.23856315509911108,5.238210712823371,frequency
4911,12,0.44871157098796133,3.5086739849567143,frequency
4912,12,0.32656532190503457,4.486966591866324,frequency
4913,1,0.2486446928923848,5.337221755817578,frequency
4919,2,0.2653584708071398,5.086784323614433,frequency
4920,2,0.16805041907334753,7.069690082999562,frequency
4921,2,0.1876502866328374,7.024235838692103,frequency
4922,2,0.28230449195387436,6.250184195113967,frequency
4923,2,0.21147383402508177,5.53160609159785,frequency
4924,1,0.21344591322440043,6.615130953809615,frequency
4925,1,0.22147715646055302,6.820360696817405,frequency
4926,1,0.38498333121897355,4.038745431815578,frequency
4927,1,0.314329561017614,5.089798452983671,frequency
4928,1,0.3321341403000029,4.5156454967986805,frequency
4929,2,0.2857212714639728,5.1810217316641,frequency
4930,2,0.23160704385735356,5.426746965724423,frequency
4931,2,0.25440809181480656,5.863218154060019,frequency
4932,2,0.25395177779666855,5.9638446336672555,frequency
4933,2,0.26536977431828995,5.778129164145217,frequency
4934,2,0.221394153883759,5.963688248833114,frequency
4935,1,0.23822058963361845,6.309364888043018,frequency
4936,1,0.2670842134422937,6.2580461900602335,frequency
4937,2,0.26389716875181457,5.547119592864834,frequency
4938,1,0.3455804384838257,4.493345122009184,frequency
4939,1,0.316181330928432,4.933965603270298,frequency
4940,1,0.2585548268269983,5.132250129871638,frequency
4945,11,0.25352920270406165,4.661923903211133,frequency
4946,12,0.30622520808921105,4.482997369044741,frequency
4947,12,0.3065808246681132,4.592179172710532,frequency
4948,11,0.2538086936512185,4.777879485338277,frequency
4949,11,0.25408880150087043,5.132065326253247,frequency
4950,1,0.3746711857149379,3.3293173899304307,frequency
4951,1,0.3159083035682288,4.294743596749227,frequency
4952,12,0.221591486901387,6.647148269156488,frequency
4953,1,0.22119233640417124,6.314386247187017,frequency
4954,12,0.23249745239474895,6.745347681630328,frequency
4955,12,0.24368147126159476,6.110801704776739,frequency
4956,12,0.3261170703611915,4.55971444330596,frequency
4957,12,0.30775761687406145,4.882290648172444,frequency
4958,12,0.288154720645343,4.354623189659615,frequency
4959,12,0.36680681706235835,4.3350415786181005,frequency
4960,12,0.30114698443447585,4.383780652813164,frequency
4961,12,0.20547023579333254,8.11164142485591,frequency
4962,9,0.26718062239459395,7.307918204031304,frequency
4963,11,0.22519083175390456,7.058398227210125,frequency
4964,3,0.23111405603201968,7.057031826199752,frequency
4965,3,0.1689203865884112,9.325913454740412,frequency
4966,2,0.19309285931765466,7.510799731491777,frequency
4967,3,0.21022529869000794,7.0434614031211575,frequency
4968,12,0.22227354442806083,7.452883839786225,frequency
4969,12,0.25407479788412934,7.1444760721941565,frequency
4970,2,0.22348495039901933,6.511456174318163,frequency
4971,10,0.17722924515585128,7.874459211384224,frequency
4972,12,0.19375581352364224,8.115188491658225,frequency
4973,2,0.33598522517403046,4.629288070150543,frequency
4974,2,0.3514001680851756,4.445831533321839,frequency
4975,2,0.2484968770065962,5.238758521342914,frequency
4990,11,0.3368611495521589,4.747699231978817,frequency
4991,1,0.3003863651975991,4.7376903698785,frequency
4992,11,0.27587909984163633,4.487556004478524,frequency
4996,1,0.28232141617988005,4.654535774354268,frequency
4997,12,0.30354398124234994,4.61434593383682,frequency
4998,12,0.2609602497510563,5.525447879871014,frequency
4999,2,0.24181248597663674,6.273739623254885,frequency
5000,1,0.2205960556307467,6.21091599228014,frequency
5005,10,0.2282559920434667,5.908267214621483,frequency
5006,11,0.35747828904119505,4.076671513370693,frequency
5007,2,0.1984330146793196,6.386633295395193,frequency
5008,10,0.2558542845664838,7.473854890521562,frequency
5009,10,0.23130853383333094,7.052249514457455,frequency
5010,1,0.15720132046335109,8.458946405730938,frequency
5011,3,0.28155809367908036,5.817064147044698,frequency
5012,3,0.2613658091997922,6.524084490503605,frequency
5013,3,0.24480392837531637,5.965542321671662,frequency
5014,3,0.24480392837531637,5.965542321671662,frequency
5015,1,0.283164330610016,4.521380531390905,frequency
5016,1,0.21586662552589173,7.212791623088964,frequency
5017,2,0.2447383928443101,6.1612015641154585,frequency
5018,2,0.2638859903421571,5.560126179978927,frequency
5019,2,0.22980265690090845,6.004284955006377,frequency
5020,2,0.30146950449535326,5.459917749842628,frequency
5021,1,0.24784210082379732,6.119965407346638,frequency
5022,1,0.25802671170836655,6.339670090577432,frequency
5023,1,0.26962164268632666,5.875007889460599,frequency
5024,1,0.2466438232305621,6.186509428509648,frequency
5025,2,0.3072514814039596,5.016816663905874,frequency
5026,1,0.30038636519759904,5.195817744553485,frequency
5027,1,0.3019236080454246,5.676396265864549,frequency
5028,1,0.2786845429176053,5.115534280296544,frequency
5034,12,0.2913551590543314,4.784659283914636,frequency
5038,12,0.3013050128683482,4.605620074105663,frequency
5039,12,0.4369241211015195,3.7530367471774393,frequency
5040,12,0.3902362951397164,4.240310179175119,frequency
5041,12,0.2442351044670856,5.169228393808635,frequency
5042,1,0.21721964332553734,5.859149624200268,frequency
5046,12,0.39260462691628323,3.8767625074355623,frequency
5047,12,0.45408753120783457,3.3815032045532463,frequency
5048,12,0.49126725359954654,3.19881268386498,frequency
5049,9,0.2774560942307155,6.871736725223918,frequency
5050,11,0.19349083760820251,8.33720500300208,frequency
5051,3,0.2300653253603928,6.800441741875692,frequency
5052,3,0.2779343978989748,6.89757901894415,frequency
5053,2,0.2110011028363961,7.84727220376143,frequency
5054,12,0.21742387242477987,7.129674398882473,frequency
5055,12,0.20518286977492492,7.772668037019986,frequency
5056,3,0.2713620857086087,6.338259868059724,frequency
5057,3,0.17726488499902882,8.156467270509697,frequency
5058,1,0.1422892787878643,9.429545051691576,frequency
5059,3,0.16299746222625427,8.582216515835794,frequency
5060,12,0.22735769078304782,6.432607909269616,frequency
5061,12,0.22735769078304782,6.432607909269616,frequency
5062,2,0.29390971027420526,5.278977493288604,frequency
5063,3,0.32132309183519897,4.483054617377938,frequency
5064,3,0.21593393822227233,6.0426604552359775,frequency
5079,2,0.33497096165184453,4.5337373033069195,frequency
5080,1,0.2845047390560618,4.5010973121499855,frequency
5083,1,0.3086345309657672,5.129934597172012,frequency
5084,1,0.36353388755812316,3.879929390263061,frequency
5085,1,0.2926924830770729,5.463287854048436,frequency
5086,11,0.21420358707891665,6.350674496489195,frequency
5087,12,0.2436940259590119,6.312341948540142,frequency
5088,12,0.22059333726904695,6.040587238631488,frequency
5093,2,0.2942512146416419,4.855320568618447,frequency
5094,10,0.3220561908589383,4.645184477321413,frequency
5095,10,0.2425283072667198,6.92731737721271,frequency
5096,10,0.34772801440185336,5.2630384529332845,frequency
5097,10,0.3248145739178012,6.129786137217321,frequency
5098,10,0.25677794196312714,7.199433377360423,frequency
5099,3,0.21655544187254072,7.426921960417092,frequency
5100,1,0.24985001440806476,5.632147200085802,frequency
5101,10,0.24430186958389444,5.604286843243771,frequency
5102,1,0.37425553410882273,4.283386020373199,frequency
5103,1,0.3131461381537528,5.047921535652851,frequency
5104,2,0.25555084203111994,5.875717648643948,frequency
5105,2,0.2318294101501745,6.173573920536338,frequency
5106,2,0.26516871569765166,6.315147522948174,frequency
5107,1,0.25776891610447866,5.8039268852811885,frequency
5108,2,0.24410068508173247,6.261880572700717,frequency
5109,1,0.22809014930007507,6.098892804761062,frequency
5110,1,0.2575230589201462,6.048141238367001,frequency
5111,1,0.24761480684630158,6.383178897142372,frequency
5112,1,0.29197348924144767,5.201307851279967,frequency
5113,1,0.28830235186441694,5.393960738686081,frequency
5114,1,0.28916146325817377,5.864299723193131,frequency
5115,1,0.25935002582548944,6.701196773177391,frequency
5116,1,0.2670842134422937,5.492595766008004,frequency
5122,11,0.2251358739926882,5.774079993181579,frequency
5123,1,0.22030095440143727,6.0139300223829215,frequency
5126,12,0.3589670023831796,4.520933668934587,frequency
5127,12,0.34238398806520004,4.352983493805564,frequency
5128,12,0.2910339687200638,4.572284149819448,frequency
5129,12,0.2435175878871148,5.589528573883308,frequency
5136,11,0.37394604348029226,4.055698361001178,frequency
5137,11,0.35791572946602895,4.082590682676473,frequency
5138,11,0.2204764442184819,6.843241930351414,frequency
5139,3,0.20343125685123703,6.5512391944094075,frequency
5140,3,0.20468342765318703,7.432789465325334,frequency
5141,12,0.26705193556308854,6.658354395025708,frequency
5142,12,0.22158110624878596,7.441269990158125,frequency
5143,3,0.21824524877966436,6.861529218579444,frequency
5144,3,0.23290978093774015,7.110528851726733,frequency
5145,12,0.22109128551705584,7.8726407935775455,frequency
5146,12,0.18590405709506336,8.091715078827676,frequency
5147,2,0.17754280260718638,8.503243652073108,frequency
5148,12,0.2661118381895119,6.464210614620457,frequency
5149,12,0.3112457476291331,6.165212395872547,frequency
5150,12,0.2760207588447778,5.918564471355693,frequency
5151,2,0.27863211724410125,5.326888650232136,frequency
5167,2,0.2642845258523284,5.0503973870671555,frequency
5168,2,0.3156583445176886,4.750163905940102,frequency
5169,1,0.24805303304122056,5.592687934423014,frequency
5170,11,0.26805880255180886,5.428897610718292,frequency
5171,1,0.331016268134234,4.433848702244246,frequency
5172,11,0.33956842155898354,4.501649286623372,frequency
5173,11,0.2248482523574029,6.2182741390300915,frequency
5174,2,0.27490173624415043,5.807347933764842,frequency
5175,2,0.29317939521160985,5.834525164562324,frequency
5178,11,0.3553739474987618,4.625623430258602,frequency
5179,2,0.31052276072751456,5.139011873640726,frequency
5180,10,0.31025712941562317,4.813441842592213,frequency
5181,10,0.28807938411946243,5.53523136509112,frequency
5182,3,0.19610492619710476,8.142220098171094,frequency
5183,10,0.18568967260980382,8.724401346642612,frequency
5184,10,0.2699482319664475,6.52419862564788,frequency
5185,10,0.3636508535519152,4.496830627920697,frequency
5186,3,0.18347802160113977,7.617942157820787,frequency
5187,1,0.1860089798247019,7.162355801361227,frequency
5188,1,0.37479921892223866,4.43622638393866,frequency
5189,1,0.35264989342936676,4.759675413378401,frequency
5190,1,0.25848292175136967,5.6354258765388385,frequency
5191,2,0.29246917634579106,5.465379763199062,frequency
5192,2,0.2518787360977079,6.649950916155072,frequency
5193,2,0.2539621303904934,6.568258360931778,frequency
5194,1,0.25827353196827424,6.0590146811151175,frequency
5195,2,0.28351999025724123,5.973199872526604,frequency
5196,1,0.25776891610447866,5.913523258577004,frequency
5197,1,0.28201281827973423,5.692924129813768,frequency
5198,1,0.28201281827973423,5.559235045059566,frequency
5199,1,0.2758458487893171,5.278040793923009,frequency
5200,1,0.27664352441095347,5.80259541934966,frequency
5201,1,0.3298042936706966,4.9420839859851595,frequency
5202,1,0.3298042936706966,4.9420839859851595,frequency
5203,1,0.33078802162516,5.135927827644319,frequency
5204,1,0.3173604697502989,5.4384134576061856,frequency
5209,12,0.3238319473666633,4.710476672705553,frequency
5210,12,0.27816877838871623,5.6373927008106754,frequency
5211,12,0.2913551590543314,5.309497519896924,frequency
5214,12,0.3438731761161257,3.911915539372467,frequency
5215,12,0.2778759889024414,5.241905111202461,frequency
5216,12,0.3081335303557525,5.158245487756409,frequency
5224,11,0.3790057518488085,4.1196006612590885,frequency
5225,11,0.3945438993095864,3.68400562180799,frequency
5226,11,0.2833381266037678,4.932802478348121,frequency
5227,12,0.2877602833532909,4.798724301408974,frequency
5228,11,0.29165270765839846,4.491163385353608,frequency
5229,12,0.2787108920620463,5.852196997471256,frequency
5230,12,0.2796170819031278,5.81379065079464,frequency
5231,12,0.21886748799814912,7.433040663467644,frequency
5232,3,0.20573275984959646,8.501422505794544,frequency
5233,1,0.16652719723822543,7.7764687873268326,frequency
5234,12,0.21648986791025823,7.066854170445535,frequency
5235,2,0.24131791211538364,6.988004571762327,frequency
5236,12,0.1946964957667718,7.70043131348318,frequency
5237,1,0.2610010165666366,5.996594558491881,frequency
5238,12,0.32302913031045866,4.654947396090093,frequency
5239,2,0.3522391221244562,4.019024282853797,frequency
5255,2,0.28687723649008356,4.408524610432709,frequency
5256,2,0.3677687964855921,4.579529245815092,frequency
5257,2,0.30170493052264163,4.596277748763708,frequency
5258,1,0.3294437638851401,4.559556195762302,frequency
5259,2,0.24784438842344886,5.597454503386461,frequency
5265,11,0.33508830224816266,4.34344582233393,frequency
5266,2,0.265766004800894,5.472711322507179,frequency
5267,2,0.35119068243353607,4.63511344389889,frequency
5268,10,0.3713428999016855,4.444116597595033,frequency
5269,1,0.21114896335134273,5.986633094980545,frequency
5270,10,0.23205182127714055,6.638912642450805,frequency
5271,10,0.2845083564151918,5.425035185838053,frequency
5272,10,0.22979938619047052,6.217243436470602,frequency
5273,2,0.3012344455962949,4.634422172319801,frequency
5274,1,0.2212049795168957,6.544574291817866,frequency
5275,1,0.2620163917533945,6.175943017620206,frequency
5276,1,0.28581155567083844,5.759245180152461,frequency
5277,1,0.2593002961190752,5.926696580401583,frequency
5278,2,0.2216162524832265,6.463061489905599,frequency
5279,1,0.27430201400293885,5.707046992151645,frequency
5280,2,0.28232368241072725,6.590531766066915,frequency
5281,2,0.2300317624312795,6.427463771108334,frequency
5282,2,0.30059490535061756,5.4339910189642,frequency
5283,2,0.2636570414607975,5.655673068917103,frequency
5284,2,0.2636570414607975,5.655673068917103,frequency
5285,1,0.26847079764607945,5.441503303304488,frequency
5286,1,0.2813527344428801,5.254308921795955,frequency
5287,1,0.31424477871389067,5.374275782997544,frequency
5288,1,0.30222676217992706,5.447719623687846,frequency
5289,1,0.27769041103151154,5.722761093892955,frequency
5290,1,0.3170809448680428,5.249680301233967,frequency
5291,1,0.42032567491317724,3.9099114172750515,frequency
5299,11,0.2661164697181879,5.220918934031777,frequency
5303,1,0.2616833095954175,5.767865456369224,frequency
5304,12,0.20517174458270765,6.613719258927599,frequency
5308,9,0.2521632258338398,5.149586887329799,frequency
5309,2,0.16726532135805663,8.708941401805994,frequency
5310,12,0.20343125685123703,7.994917299531463,frequency
5311,9,0.2678311614528999,6.321519829769976,frequency
5312,11,0.25392047203309037,5.866720697235078,frequency
5313,11,0.4085001031565917,3.6514313956983404,frequency
5314,11,0.29994923253935585,4.748106475202103,frequency
5315,11,0.34094822638043853,4.46380514775157,frequency
5316,11,0.3734615928702787,3.2574542129602952,frequency
5317,12,0.20931387186950218,7.037505360985972,frequency
5318,1,0.23712508807940935,5.911782901225504,frequency
5319,1,0.22328640664666516,7.379466432189529,frequency
5320,3,0.23185564167764466,7.106873796906325,frequency
5321,12,0.259010716095914,6.688339255161913,frequency
5322,3,0.20543350595800072,8.108803171951736,frequency
5323,1,0.2836082070677732,5.910791682482178,frequency
5325,1,0.2905981608976469,5.690612999551002,frequency
5326,2,0.31741948472460674,4.670280624102585,frequency
5327,2,0.2895237231603676,4.9629686024966,frequency
5344,1,0.3996987208230262,3.607836662383123,frequency
5345,1,0.30801574729780096,5.168333428379554,frequency
5348,11,0.28219462460606426,5.078039906733649,frequency
5352,11,0.3594490042610219,4.0735567245880455,frequency
5353,11,0.2667474554172275,5.347548484429133,frequency
5354,10,0.3251960719238979,4.295803963769287,frequency
5355,10,0.29448551463721423,5.329439426147108,frequency
5356,11,0.20423861803063703,6.10134314223164,frequency
5357,11,0.16104469430008644,8.054554060320253,frequency
5358,3,0.20518286977492492,7.727027755499593,frequency
5359,10,0.2558225586345225,5.587086816266491,frequency
5360,10,0.25650640472406677,5.989310220961909,frequency
5361,10,0.2873269026906617,5.331661378826129,frequency
5362,10,0.3052876328047642,4.80429107303053,frequency
5363,1,0.29347377361366156,5.706572301928735,frequency
5364,1,0.2479984445197455,5.694748947033982,frequency
5365,2,0.23578576561831455,6.629063955720635,frequency
5366,2,0.27896900082307985,5.779535663742257,frequency
5367,2,0.23548496169635466,6.603331353079016,frequency
5368,1,0.2763894999412727,5.9033109731143245,frequency
5369,1,0.28662716249715486,5.077862969710381,frequency
5370,1,0.29980128235235054,5.29922368035558,frequency
5371,2,0.30059490535061756,4.762194943494984,frequency
5372,1,0.3122699845311523,5.117758221901139,frequency
5373,1,0.29985826325238585,5.559692716935605,frequency
5374,1,0.34525966981352024,4.649244473794496,frequency
5375,1,0.34525966981352024,4.649244473794496,frequency
5376,1,0.26760441894599485,6.5151952767792185,frequency
5377,1,0.3022846688827695,5.834286396910996,frequency
5378,1,0.2776790254570982,5.077716238314318,frequency
5391,9,0.23261122673434048,6.239200117298201,frequency
5392,12,0.3218621633957097,4.283539281625,frequency
5393,12,0.30308689777830566,5.421590079996901,frequency
5394,3,0.2041501387261407,6.62719689785564,frequency
5395,3,0.19379906450704243,7.99078272990137,frequency
5396,3,0.17633316265729523,8.951309934675827,frequency
5397,9,0.21078739139308186,8.184135859267128,frequency
5398,9,0.21019217126079054,7.351416711988499,frequency
5399,9,0.17605181362319644,7.841925162044104,frequency
5400,9,0.30470456643970845,4.883985402220344,frequency
5404,11,0.3075330054361895,4.169123208446412,frequency
5405,1,0.2141546019777392,7.06856998815537,frequency
5406,1,0.2319216939672393,6.798869563945333,frequency
5407,1,0.23192169396723933,5.86635596966923,frequency
5408,12,0.3258136731530911,5.2249426688563245,frequency
5409,12,0.28665289546326306,6.277637109243107,frequency
5410,12,0.3432014071786082,5.519486090872463,frequency
5411,12,0.3269624300054162,5.689655038522056,frequency
5412,1,0.2610296415962834,6.126613783304651,frequency
5413,1,0.2775453287303758,5.44057935742177,frequency
5414,12,0.3251347358199937,5.124663279619629,frequency
5415,2,0.2653810787924756,5.1890656844509015,frequency
5440,11,0.26573370719798567,4.667699936507179,frequency
5441,10,0.26666193041026104,5.322851231593205,frequency
5442,10,0.25567230491358056,5.377388783875684,frequency
5443,11,0.29381213829945096,4.627096204811072,frequency
5444,1,0.19960712607629905,7.220705612089579,frequency
5445,10,0.21710212380687172,6.283226355297347,frequency
5446,10,0.3603694722185722,4.774476637301525,frequency
5447,10,0.20568475520711463,6.867188282802676,frequency
5448,10,0.20568475520711463,6.867188282802676,frequency
5449,1,0.2368493174404809,6.245069146185975,frequency
5450,1,0.2379127374404206,5.659616156538288,frequency
5451,3,0.32475338162666956,4.3136203771772745,frequency
5452,3,0.30689921882572635,4.828974118497154,frequency
5453,2,0.2786470725693329,5.456231231084798,frequency
5454,1,0.2355255751651217,6.694207455028812,frequency
5455,2,0.28747294600681367,6.163105796157328,frequency
5456,2,0.21147814129740375,6.933596977833392,frequency
5457,1,0.2761359415532271,5.911597293714152,frequency
5458,1,0.27638949994127265,6.139978087782529,frequency
5459,1,0.31354219773407477,5.114231558049938,frequency
5460,1,0.2690717558598188,6.029306628101838,frequency
5461,1,0.34448694957424913,4.99964758735842,frequency
5462,1,0.3112905862734199,4.926261130234286,frequency
5463,1,0.32860320339972915,4.510785166352055,frequency
5464,1,0.3421621124280828,4.895040139422452,frequency
5465,1,0.28264201795036,5.995392541913903,frequency
5466,1,0.3447251372670642,4.85121254912322,frequency
5467,1,0.3179901308224666,5.560064595686982,frequency
5471,1,0.2986821241876613,5.5593991058860155,frequency
5479,9,0.3096027184628938,3.792866204966619,frequency
5480,12,0.2973887624296154,5.528935334161511,frequency
5481,3,0.22801931515134144,6.781134827369159,frequency
5482,12,0.15534563863895337,9.114811521956288,frequency
5483,2,0.1450002668159322,9.648629203096904,frequency
5484,3,0.17632494597246998,8.98036324122896,frequency
5485,3,0.24258170073626356,7.212519868616476,frequency
5486,5,0.22429188393308477,6.364094626183648,frequency
5487,9,0.2380224608408632,6.402263382383476,frequency
5488,11,0.25302757246257107,6.435489914425171,frequency
5492,9,0.1797571352230689,7.42627404156276,frequency
5493,1,0.15047826425071933,8.346530695619713,frequency
5494,5,0.2227209944751381,6.029272784339867,frequency
5495,12,0.2811083871926306,5.188439935478989,frequency
5496,1,0.2479647522384079,6.5641140730474135,frequency
5497,1,0.22210370718761027,6.814583405646414,frequency
5498,1,0.1654875348090154,8.556909398109955,frequency
5499,1,0.24888896418144754,5.449188475932183,frequency
5500,12,0.2926923137390539,5.31900868996663,frequency
5501,12,0.2909848415698347,5.4301004984399786,frequency
5503,3,0.3061543045795667,5.122431408900829,frequency
5527,1,0.22175000401796974,5.822074165683915,frequency
5528,10,0.31246040327235125,5.344621391532023,frequency
5529,3,0.1958330072479318,6.308370094796049,frequency
5530,10,0.27952841381534554,5.206811678370247,frequency
5531,1,0.36778496554903006,4.955889093875348,frequency
5532,3,0.2154176403531792,7.042139313670733,frequency
5533,1,0.17584423778665517,7.445027446884368,frequency
5534,10,0.24279059577154005,6.886782695493403,frequency
5535,10,0.27249155307499184,6.368412869452598,frequency
5536,2,0.13875119577977332,8.111256495825035,frequency
5537,10,0.20518286977492495,7.146747212950178,frequency
5538,3,0.288871096877502,4.637659381564854,frequency
5539,3,0.288871096877502,4.637659381564854,frequency
5540,3,0.37934558827125175,4.454412049777653,frequency
5541,1,0.23792443878502736,7.039084261811979,frequency
5542,2,0.19309285931765469,6.655330638358187,frequency
5543,1,0.23775915703162925,6.384129422778112,frequency
5544,2,0.23557623577914386,6.063393793651197,frequency
5545,2,0.27438110635463714,5.467614007004504,frequency
5546,1,0.29487266847964116,5.196235160071841,frequency
5547,1,0.2685241074299511,5.743245846246725,frequency
5548,1,0.2676599867409876,5.830311183198555,frequency
5549,1,0.3129047979918921,5.013323910015456,frequency
5550,1,0.32644444222378066,4.486832992874446,frequency
5551,1,0.34297164274922026,4.516251836107817,frequency
5552,1,0.3155415708171278,4.727708802423434,frequency
5553,1,0.2869125176302833,5.339065580419137,frequency
5554,1,0.3440662024400359,5.039416508493731,frequency
5555,1,0.3167889456290782,5.445330927339319,frequency
5556,1,0.316640856987771,5.657595220290224,frequency
5557,1,0.285193723952654,5.783990922428376,frequency
5558,12,0.31118296219928515,5.739020361279883,frequency
5559,1,0.21009104342437673,6.392279037203824,frequency
5560,12,0.23260290846590387,5.935379287106868,frequency
5561,1,0.21009104342437676,5.788202849381494,frequency
5562,11,0.2796629437987033,5.722943540303056,frequency
5563,12,0.24332751283472226,6.943855553127013,frequency
5564,12,0.26897793792827485,5.660908699432589,frequency
5566,11,0.3870033980786172,3.4768542265209494,frequency
5567,11,0.3351255131325608,3.709433479705203,frequency
5568,12,0.29636393332078936,4.897333618876661,frequency
5569,3,0.22801931515134144,6.781134827369159,frequency
5570,9,0.20285757301829355,7.402562872790652,frequency
5571,3,0.27768682611580187,5.790824534824015,frequency
5572,9,0.18457162637546276,8.311381900553618,frequency
5573,11,0.2410919523161815,7.169803403088615,frequency
5574,5,0.23329003345632263,7.068570996309147,frequency
5575,11,0.2021895146878802,7.3749414365491885,frequency
5576,5,0.2469513561702509,6.451898136207397,frequency
5577,5,0.23359278272352668,6.704596508789131,frequency
5578,5,0.23359278272352668,6.704596508789131,frequency
5579,5,0.20940660210831946,7.7239221337524055,frequency
5580,9,0.22584959635435686,7.02808426867717,frequency
5581,9,0.1459818137134431,8.625969280248572,frequency
5582,9,0.17808157575212485,7.420065334829087,frequency
5583,1,0.18976827627448054,9.034157525415395,frequency
5584,4,0.16937753720303814,8.521417131932074,frequency
5585,1,0.20018217877743408,7.844456864335973,frequency
5586,1,0.18733559285746895,7.5633940078131205,frequency
5587,12,0.22036210380869758,7.318054661454876,frequency
5588,2,0.23116358855813543,6.299689992143481,frequency
5589,2,0.2026414312949392,6.372207414245061,frequency
5590,5,0.20930936615551843,6.366914022080413,frequency
5614,1,0.3032292692728547,5.2340400813115595,frequency
5615,11,0.24375479672687572,5.076141795711277,frequency
5616,11,0.3405021786962337,4.3417978748051125,frequency
5617,1,0.26362695664136565,4.83138206125185,frequency
5618,3,0.2439102614492116,5.9182997193229605,frequency
5619,1,0.21010244927522798,6.582565650961973,frequency
5620,1,0.19928193028125793,7.281513678568111,frequency
5621,2,0.17688243156210828,8.012646040770528,frequency
5623,10,0.20519399617370812,7.426645931056663,frequency
5624,1,0.29231222711446,5.927660538657952,frequency
5625,1,0.24941858134634476,5.87499111168619,frequency
5626,1,0.2918397436180404,5.661769379520201,frequency
5627,2,0.21243654537356668,6.227822314877252,frequency
5628,3,0.29607875745984835,5.389871283132404,frequency
5629,1,0.30053906483804693,5.7640412141141315,frequency
5630,1,0.30053906483804693,5.7640412141141315,frequency
5631,1,0.2291326404623376,7.1707707363278,frequency
5633,2,0.286606675482629,5.391320781149749,frequency
5634,1,0.3025238923711242,5.572564752272074,frequency
5635,1,0.2869525453155034,5.723710174705391,frequency
5636,1,0.2758940867170221,5.817288398594266,frequency
5637,2,0.3319481582803469,4.576779181362592,frequency
5638,1,0.2765837281541213,5.033834551270558,frequency
5639,1,0.3155415708171278,4.727708802423434,frequency
5640,1,0.3297902411852246,4.644045508430925,frequency
5641,1,0.2925174112568598,5.815563606434604,frequency
5642,1,0.2732455464351246,6.534486055891987,frequency
5643,1,0.29456114482868084,6.264266990678999,frequency
5644,1,0.30198139862664797,6.109163295503644,frequency
5645,1,0.2492325265489895,5.769413194993416,frequency
5646,12,0.18723340986284548,7.920346571308248,frequency
5647,12,0.18756008441316024,7.4298895344320455,frequency
5648,11,0.21445299033535026,6.601599021724776,frequency
5649,11,0.23925923360711002,5.903614218399312,frequency
5650,12,0.22705074337663783,6.128015747802912,frequency
5651,9,0.20229422953924361,6.386167054798938,frequency
5652,11,0.26679479477374035,6.11945252559457,frequency
5654,11,0.3351255131325608,4.082108459098806,frequency
5655,9,0.17659189391434488,7.257994074466868,frequency
5656,3,0.2828151725316094,5.850908384060766,frequency
5657,9,0.23674178216868944,6.107686902735184,frequency
5658,9,0.1833980486565099,7.497303910460123,frequency
5659,9,0.20266407476784837,6.443650171824733,frequency
5660,11,0.25348392072616677,6.362880557996607,frequency
5661,11,0.1916109433971171,6.966292766476645,frequency
5662,11,0.21246247621639872,6.808819317965394,frequency
5663,9,0.1525025407697264,8.694437167379203,frequency
5664,9,0.1525025407697264,8.694437167379203,frequency
5665,5,0.19826748679372597,8.32865726830513,frequency
5666,5,0.2758800795352515,6.766115012760651,frequency
5667,5,0.23453418719721525,8.30161760855735,frequency
5668,5,0.24950368940588186,7.561308524192037,frequency
5669,1,0.20017068818372255,7.3952766740383,frequency
5670,5,0.21016283745658862,8.460083366262177,frequency
5671,1,0.1751492048540331,8.306791001023733,frequency
5672,12,0.2286393040489807,7.906394079279212,frequency
5673,12,0.21628931330540915,8.18350177356317,frequency
5674,1,0.16557652814185297,8.261040862654589,frequency
5675,2,0.16805948603090234,8.359599676933959,frequency
5676,1,0.26226082150264357,5.9238703291999775,frequency
5677,12,0.2442301062438114,5.864267630053923,frequency
5700,1,0.3588458673785805,4.173753025327728,frequency
5701,11,0.33921411010355995,5.005623800580338,frequency
5702,10,0.24472283652860283,6.055848505142513,frequency
5703,10,0.208636808641112,7.014631664797098,frequency
5704,1,0.23509992895291115,6.458847490593038,frequency
5705,1,0.3476932208133221,5.268619776582466,frequency
5706,1,0.25043625500020206,6.109468351575935,frequency
5707,1,0.2494876046312523,5.877234316011912,frequency
5708,4,0.19006071579078807,6.734767272271619,frequency
5711,10,0.3092499509978174,5.317513472705633,frequency
5713,1,0.26325691964019066,5.437192379635169,frequency
5714,3,0.2208147475512313,6.065468391532657,frequency
5715,3,0.2286531198761998,6.789227069656761,frequency
5716,3,0.21601150620769935,7.448937653180155,frequency
5717,1,0.261015557297085,6.135326848876226,frequency
5718,2,0.2351849242982987,6.824016858926837,frequency
5719,2,0.24389521920682017,6.634003368406075,frequency
5720,2,0.25350741332020577,6.853254482659082,frequency
5721,2,0.26389716875181457,6.392147925255559,frequency
5722,1,0.25484711788649594,6.254010018407383,frequency
5723,1,0.3118990546624372,4.867579216734282,frequency
5724,1,0.3279031662853347,4.704651086709319,frequency
5725,1,0.3155415708171278,4.949795728954752,frequency
5726,1,0.3286032033997292,4.527166232509064,frequency
5727,1,0.3594405531039608,4.231809318099231,frequency
5728,1,0.30015728199418434,5.474945957939781,frequency
5729,1,0.22731310098220123,6.456931614551554,frequency
5730,1,0.2671399723116679,6.9285149326031235,frequency
5731,1,0.30167873627874964,5.840202398783936,frequency
5732,1,0.23611860127072792,6.83396498624486,frequency
5733,1,0.18864817596700476,7.239623092833895,frequency
5734,3,0.22893671274598928,6.516061144407657,frequency
5735,1,0.1870518806571199,6.450839477305656,frequency
5736,9,0.19004855391732256,5.841678697645088,frequency
5738,12,0.21486719682679495,6.239969893641446,frequency
5739,2,0.21219233637744017,5.995853548908067,frequency
5740,11,0.2415473311370518,6.546348184758099,frequency
5742,12,0.2558404456924466,5.596749642927112,frequency
5743,11,0.2793755588027391,5.384565940665587,frequency
5744,11,0.24081631926583952,6.383998932100238,frequency
5745,9,0.306570996978852,5.86797394588815,frequency
5746,9,0.3374368708736586,5.0004497737600735,frequency
5747,9,0.19327835130090285,7.200978857889139,frequency
5748,11,0.22520363826769635,7.315735229582055,frequency
5749,11,0.2642554039220997,6.9819371694884,frequency
5750,5,0.2458344333676668,6.050568503224054,frequency
5751,9,0.17695488500548215,7.911464470023348,frequency
5752,9,0.24244748315142303,6.7574321071866015,frequency
5753,9,0.20338155022688764,7.678745366400341,frequency
5754,5,0.24783435849215743,7.417923178323754,frequency
5755,5,0.24844905283398208,7.423736436334865,frequency
5756,5,0.2620773266031528,6.820270989872622,frequency
5757,5,0.2107154524665142,7.653345666359669,frequency
5758,5,0.16678357622725257,8.595846876482888,frequency
5759,10,0.16220771336305895,9.024831245797722,frequency
5760,5,0.19800584021763545,8.270103532568134,frequency
5761,5,0.19939629432285438,7.451366173559007,frequency
5762,12,0.19403259473446585,8.009994239216393,frequency
5763,1,0.261636707694398,6.134230368392506,frequency
5764,1,0.2757293525338879,5.419333923017418,frequency
5784,1,0.23476477655400166,5.289082720356641,frequency
5785,3,0.4111077310851332,3.6164067476930475,frequency
5786,1,0.24976466995551552,5.372469374766576,frequency
5787,1,0.20929804624818052,6.3168111987527436,frequency
5788,1,0.30641833141343106,5.115602347249174,frequency
5789,11,0.39565425057127784,4.127451469232482,frequency
5790,1,0.261393439382158,6.1107803183107645,frequency
5791,3,0.3251398689917529,4.66056529515532,frequency
5792,3,0.32562110719235965,5.308134783761378,frequency
5793,1,0.24868159727968944,5.927604265988031,frequency
5794,1,0.29984050835756365,5.30200389536157,frequency
5795,1,0.25848704844184456,5.2086954887021895,frequency
5796,10,0.2796170819031278,5.516774797216427,frequency
5802,1,0.23378913890540362,6.3919631929355125,frequency
5803,2,0.1879163227199089,6.721795951058623,frequency
5804,3,0.30673454168152786,5.6541425083503265,frequency
5805,1,0.20886082197731318,7.728378567622832,frequency
5806,2,0.25161626657493347,5.809376065033438,frequency
5807,2,0.27543652299941335,6.216147237898741,frequency
5808,2,0.27438110635463725,6.0702771513098215,frequency
5809,2,0.2746532827583611,6.2174618068724685,frequency
5810,2,0.2754608809312739,5.808273275384915,frequency
5811,2,0.3156903362320847,4.765910972176628,frequency
5812,1,0.26875045520063556,5.965841372377468,frequency
5813,1,0.34441174737743,4.415941833422053,frequency
5814,1,0.3036072374362821,5.271278848714201,frequency
5815,1,0.3150316059077113,5.236204418022746,frequency
5816,2,0.23480376024313246,6.171938843456142,frequency
5817,1,0.23690528566394797,6.406853187534148,frequency
5818,1,0.3165104261730006,5.6550272865019,frequency
5819,1,0.27051110180380517,6.400285448082054,frequency
5820,1,0.2360691386355332,7.01449018268814,frequency
5821,3,0.1940226458133759,6.293049852777782,frequency
5822,3,0.23135710093196601,7.330764936421946,frequency
5823,1,0.165884771052461,7.422531648154483,frequency
5825,12,0.220848695355094,6.746486174620218,frequency
5826,11,0.22576857052869145,6.22584877640604,frequency
5827,11,0.22091923956756654,6.848597772150735,frequency
5828,11,0.32017101028585854,5.211577657462972,frequency
5829,11,0.2912151182187019,5.4507804273940845,frequency
5830,11,0.47281929717781984,3.308413169859768,frequency
5831,11,0.2516349062064829,6.679400846708413,frequency
5832,11,0.25272398978892974,6.846882240133326,frequency
5833,11,0.26553535564990416,6.272407446278675,frequency
5834,9,0.29716713839539993,4.840244993669565,frequency
5835,11,0.20359590801818772,7.996779419805611,frequency
5836,11,0.29594492026839925,6.0847133555735775,frequency
5837,11,0.288015667371115,6.683965758144053,frequency
5838,5,0.18052159785563052,7.3461997021076,frequency
5839,9,0.23071453296932845,7.300999087618985,frequency
5840,9,0.22583671627071752,6.7269953796165955,frequency
5841,5,0.23421481869644478,7.050640796400681,frequency
5842,5,0.24773878055749426,7.107543089668146,frequency
5843,9,0.2305296445561154,6.903093200704526,frequency
5844,5,0.26145408479371046,6.3538198665072265,frequency
5845,9,0.22732491389207807,6.697459321793308,frequency
5846,2,0.18496622584932335,7.403043365448485,frequency
5847,2,0.16826375155305692,7.99946952184231,frequency
5848,5,0.18680508789858108,8.016172988944007,frequency
5849,1,0.18632891215950673,8.552145909985608,frequency
5850,9,0.16028853779654267,8.387613801002718,frequency
5851,2,0.2129157377340254,7.073396062751891,frequency
5852,1,0.17340746711110508,7.699586101919491,frequency
5870,1,0.2749724628950942,4.884519624807355,frequency
5871,3,0.31016570609302624,4.533381934801013,frequency
5872,1,0.26162255781022564,5.271924739736451,frequency
5873,3,0.3519214314943641,4.49678516599156,frequency
5874,1,0.3092042186001918,4.353102416147127,frequency
5875,3,0.23052377651627434,5.975517661710926,frequency
5876,11,0.22724282623117856,6.261868316245527,frequency
5877,1,0.37652018809794074,4.558623379748783,frequency
5878,3,0.3730553004034876,4.674078469999344,frequency
5879,1,0.33465251144403185,4.132957311171094,frequency
5880,1,0.3331429699211812,4.452361933536488,frequency
5881,1,0.312312518010081,5.1679216032830775,frequency
5882,1,0.31336383080551905,4.937346517590281,frequency
5883,11,0.33437703159035037,4.7376769868532325,frequency
5887,10,0.3563913151095432,4.3103283998051785,frequency
5889,1,0.2489886356860173,4.93755327956093,frequency
5890,3,0.18237802397945468,7.5964248990368395,frequency
5891,3,0.18186379205652944,7.598143088790318,frequency
5892,2,0.2237679163485408,6.7403603488339,frequency
5893,2,0.26340621297106986,5.614311723282722,frequency
5894,1,0.24771271257831667,5.861036887309559,frequency
5895,2,0.2874729460068137,6.497394021348302,frequency
5896,2,0.28280841981186916,5.519791762796506,frequency
5897,1,0.2861064901704908,5.5621722033963135,frequency
5898,1,0.29917495171730174,5.158857760223562,frequency
5899,1,0.2582357013122004,6.003654329262543,frequency
5900,1,0.34565615196932736,4.985201502030748,frequency
5901,1,0.29493698023096304,4.99611523831775,frequency
5902,1,0.2679255902963443,5.458260352784555,frequency
5903,1,0.2649755348107079,5.912618770132607,frequency
5904,2,0.2034594316613846,6.592424555555555,frequency
5905,1,0.3066915171778273,5.8892415966724965,frequency
5906,1,0.27024034989712914,5.823654414757907,frequency
5907,1,0.24895675711975218,6.706099190552613,frequency
5908,1,0.17997172310419746,8.067272590138266,frequency
5909,3,0.18508568074557283,7.087814912444292,frequency
5910,3,0.26501843442611284,6.455682963735009,frequency
5911,12,0.17690025472797472,8.128997312828986,frequency
5912,12,0.2548104901999966,6.298967235648217,frequency
5913,12,0.25375910026938925,6.1128990414572835,frequency
5914,2,0.19348867651495397,7.06957426569135,frequency
5915,6,0.19816747230875909,6.975804568040079,frequency
5916,11,0.4043583836622876,4.3982987015112815,frequency
5918,11,0.3580083305954237,4.42391823450486,frequency
5919,11,0.3356769429883987,5.043207831299015,frequency
5920,11,0.2534839207261668,6.079204144921826,frequency
5921,9,0.2665619419947029,5.872758304791182,frequency
5922,9,0.18459995668108925,7.128310310940917,frequency
5923,9,0.2533616136244755,6.615379234896365,frequency
5924,11,0.2304835669021283,8.013813600317356,frequency
5925,3,0.17669545647901752,8.656474895909318,frequency
5926,5,0.18907213804518214,8.290678943409624,frequency
5927,9,0.19329722007262337,7.710286144370805,frequency
5928,5,0.22594491882387316,7.822374954921725,frequency
5929,9,0.19092566097642238,7.54123610469297,frequency
5930,9,0.16979249675285965,7.220382133430302,frequency
5931,9,0.2258367162707175,6.484733112994618,frequency
5932,9,0.23171127827103086,7.312256155540863,frequency
5933,9,0.1617030543910274,8.809034614727729,frequency
5934,9,0.18172918068898,7.0529804046460525,frequency
5935,2,0.16349024992078964,8.018736591943188,frequency
5936,5,0.22176271096423525,7.401968643435148,frequency
5937,5,0.22065004641202057,7.385066634156851,frequency
5938,2,0.22323869156011442,7.86037523138575,frequency
5939,1,0.2256068222069799,6.048048238999351,frequency
5958,3,0.2554385909452531,4.707530459346238,frequency
5959,11,0.26974311603472967,5.085189506098734,frequency
5960,3,0.34870219628321303,4.487807969107216,frequency
5961,3,0.3518090692470473,4.517380120324325,frequency
5962,3,0.49345388937967605,3.2564190298294573,frequency
5963,3,0.5233536408471134,3.0706962072265456,frequency
5964,1,0.30748957157460755,5.500976401478139,frequency
5965,1,0.2994261329361198,5.197616945260813,frequency
5966,3,0.2720644660771679,5.849387054187392,frequency
5967,3,0.2720644660771679,5.849387054187392,frequency
5968,1,0.3593715177178516,4.084143026368598,frequency
5969,1,0.17537673890120672,7.432866977214303,frequency
5970,3,0.2326029084659039,5.8144416030321375,frequency
5971,3,0.26789010469097774,5.456247193285263,frequency
5972,1,0.27608341905659406,4.942065177544175,frequency
5973,10,0.2557493490214386,5.37192962852061,frequency
5974,1,0.3990352937626059,3.8409577703364004,frequency
5975,1,0.3501170219495224,3.941808346916573,frequency
5976,1,0.28168238965797615,5.400864657916236,frequency
5977,2,0.2237558606479827,5.704487414574499,frequency
5978,2,0.2779756684769585,6.194637632916489,frequency
5979,2,0.16379329417094796,7.297257980686598,frequency
5980,2,0.16379329417094796,7.297257980686598,frequency
5981,1,0.23345771071077553,5.289283149326288,frequency
5982,2,0.28834446902317695,5.388312465165585,frequency
5983,2,0.3491476352362713,4.886911869845875,frequency
5984,1,0.2550534659522258,6.250726498101673,frequency
5985,2,0.29519056032119395,5.224575264881904,frequency
5986,1,0.2651644287322701,6.160206698920425,frequency
5987,1,0.30010018740556776,5.6353831094924365,frequency
5988,1,0.3097575482294084,4.653010889382971,frequency
5989,1,0.2688038761156397,6.0381119118248545,frequency
5990,1,0.2817185655144659,5.869602851331381,frequency
5991,1,0.24692491565305083,6.545354311662683,frequency
5992,1,0.24669930008318153,7.161005004493253,frequency
5993,1,0.289226822325064,6.298224609488212,frequency
5994,1,0.25991080223387547,6.931031744041123,frequency
5995,1,0.2696879390835335,6.390623812093706,frequency
5996,1,0.20781449017213097,6.803766937100663,frequency
5997,1,0.19825732969230567,6.714797087148143,frequency
5998,3,0.22185956825874045,6.99553956737177,frequency
5999,11,0.18413998540353774,7.306444203429511,frequency
6000,12,0.26523152881160056,6.082936877519322,frequency
6001,2,0.18495798853299575,7.0158821695798075,frequency
6002,11,0.19487290772078875,6.59563964307329,frequency
6003,11,0.271880167187213,5.974977276323224,frequency
6004,11,0.3240393322369697,5.8519485855975075,frequency
6006,11,0.2889936425907852,6.162287598248501,frequency
6007,9,0.21324955359576234,6.343225526438279,frequency
6008,11,0.37140666696731617,4.206733058320475,frequency
6009,11,0.30368420035376203,5.650407172358946,frequency
6010,11,0.2414069762393444,6.350527747514664,frequency
6011,11,0.16946551977880556,8.971724617566506,frequency
6012,9,0.1769888351832351,8.087203621045578,frequency
6013,9,0.24295918178003664,6.7650924882881815,frequency
6014,9,0.17922244217621996,8.242352985797524,frequency
6015,9,0.17945526771286274,7.811017248997508,frequency
6016,3,0.2593097730889059,6.883016580667613,frequency
6017,3,0.20939561082267832,7.615488238935921,frequency
6018,3,0.1949552207672096,8.797794867101853,frequency
6019,5,0.16637249179514244,8.598218454855099,frequency
6020,9,0.1616740708089147,8.41787239997052,frequency
6021,3,0.20726864404458686,7.424165303364574,frequency
6022,5,0.20024146257330114,7.2450429582668425,frequency
6023,1,0.19938602123919158,7.196118025973098,frequency
6024,1,0.23071420054846786,6.735364905596988,frequency
6025,5,0.23668806759191857,7.740819487034808,frequency
6026,1,0.2966173249542777,5.680011087254408,frequency
6042,11,0.28955301427493746,4.636822213619969,frequency
6043,1,0.23682612690548985,5.208460582086461,frequency
6044,2,0.2935523977583271,4.3335427914558595,frequency
6045,2,0.2789540109222585,4.544791484684784,frequency
6046,1,0.2354545562467354,5.499409549239942,frequency
6047,1,0.33235757712226977,4.509083979958738,frequency
6048,2,0.2823044919538744,4.947948195037228,frequency
6049,2,0.2652652535699348,5.492027430866116,frequency
6050,1,0.27463682927133226,5.049393308411584,frequency
6051,3,0.2843783681305848,5.963133236803486,frequency
6052,3,0.3077026820652875,5.294597900648007,frequency
6053,1,0.30085837642280583,4.815897168780612,frequency
6054,1,0.4009866085079821,3.4952861125116588,frequency
6055,1,0.4115464599678609,4.09209192552182,frequency
6056,3,0.2589282808516675,5.836082320938977,frequency
6057,3,0.19389768371938013,7.285916167355986,frequency
6058,3,0.19389768371938013,7.285916167355986,frequency
6059,10,0.2436275926181832,6.124085964684059,frequency
6060,11,0.21875564202544334,5.790622262299792,frequency
6061,1,0.18732350246663665,6.439744284967659,frequency
6062,1,0.18732350246663665,6.439744284967659,frequency
6063,1,0.24689187296746387,5.776514845812392,frequency
6064,1,0.27428646106677673,5.355621987287947,frequency
6065,2,0.22374380624637835,6.318180409458658,frequency
6066,10,0.25580872319222064,6.867154362776638,frequency
6067,2,0.41757878852778213,3.928002750839944,frequency
6068,1,0.24827209382234816,5.135122274161623,frequency
6069,2,0.2736613675905191,6.502227221191831,frequency
6070,2,0.22981282967775996,6.935911265151707,frequency
6071,1,0.2871740853757859,5.4516924982045385,frequency
6072,2,0.26390834810856384,6.123453057985083,frequency
6073,1,0.3035680292184468,5.474698570258018,frequency
6074,2,0.2754608809312739,6.3411755688322895,frequency
6075,2,0.27546088093127397,6.203518690234201,frequency
6076,1,0.2817185655144659,5.592838743864179,frequency
6077,1,0.2373731127737961,6.726278447066417,frequency
6078,1,0.25752305892014626,6.085160781818358,frequency
6079,1,0.25752305892014626,6.085160781818358,frequency
6080,1,0.25683888539198635,6.818276640871624,frequency
6081,1,0.22570772109029338,7.832937537883021,frequency
6082,1,0.22569719052728968,6.935870457855628,frequency
6083,1,0.19826748679372597,7.724217768616314,frequency
6084,1,0.22124661949471774,6.294141729497049,frequency
6085,11,0.1934908376082025,7.245386910566055,frequency
6086,3,0.1770782387367208,8.142420888205878,frequency
6087,11,0.23040532946429484,6.896100977619129,frequency
6088,12,0.2873094498927015,5.99431365357612,frequency
6089,2,0.22375586064798272,6.511921303036162,frequency
6090,2,0.201966408910813,6.729362477618994,frequency
6091,11,0.338605692739271,5.761985091663552,frequency
6094,11,0.4154727898442909,3.7259454743288316,frequency
6095,9,0.3367623523086764,4.980493759782453,frequency
6096,9,0.2240822131637949,6.1907555104359,frequency
6097,6,0.2096618612825222,7.712808477531993,frequency
6098,6,0.2096618612825222,7.712808477531993,frequency
6099,9,0.23123501373224936,7.527458312705002,frequency
6100,6,0.2088608219773132,8.020772195023055,frequency
6101,6,0.2354832103008878,7.101465947795997,frequency
6102,9,0.21347035265470554,6.812141590900956,frequency
6103,3,0.27104331340073196,6.570720549316367,frequency
6104,3,0.2301761215863554,7.126980037245617,frequency
6105,2,0.1686646424972563,8.377572109948417,frequency
6106,10,0.28972559506691115,5.990890226753758,frequency
6107,10,0.1963979861940105,8.042128238847711,frequency
6108,7,0.17737647813731783,7.821517862377919,frequency
6109,1,0.14374860708714066,8.058436818604571,frequency
6110,9,0.18400986463329494,8.06023945910092,frequency
6111,9,0.20489824077268023,7.719963213289305,frequency
6112,1,0.1876601089509626,7.172602537990441,frequency
6113,2,0.16786476180711918,8.35391490139757,frequency
6130,2,0.28774514580743427,4.762595071403316,frequency
6131,1,0.2705111018038051,5.523552518160648,frequency
6132,11,0.2687065147593293,5.387775046785036,frequency
6133,1,0.198916014074266,6.829505488472725,frequency
6134,3,0.25689282609595565,5.240606766860863,frequency
6135,1,0.20654390232726696,6.118848263557631,frequency
6136,1,0.19777815864508191,7.170870020842751,frequency
6137,1,0.29733583939704555,5.426104022825547,frequency
6138,1,0.2594088218945166,5.181702970423808,frequency
6139,3,0.39011420994312135,4.342049753118188,frequency
6140,3,0.3458067315486455,4.6701549596115,frequency
6141,3,0.3652842177302137,4.213635599512896,frequency
6142,3,0.3608112678601924,3.9365097867705376,frequency
6143,3,0.22250880890723654,6.625388058248624,frequency
6144,3,0.22863930404898067,6.773793200793612,frequency
6145,3,0.22499550426659604,5.888316990666823,frequency
6146,3,0.21512983514856876,6.508359171905318,frequency
6147,1,0.29003813068258677,6.024077464992724,frequency
6148,3,0.3281790067309442,4.85924429663718,frequency
6149,3,0.3896979127811541,3.907945310524914,frequency
6150,3,0.2873269026906617,5.15087133995508,frequency
6151,2,0.22322669281552993,6.501316808254473,frequency
6152,2,0.2779756684769585,5.4524217698527675,frequency
6153,2,0.2953645049158034,4.981129809947582,frequency
6154,2,0.32396859627877517,4.700479921310301,frequency
6155,1,0.2713393049527503,5.382488139167835,frequency
6156,1,0.29917495171730174,5.054918865627211,frequency
6157,2,0.26464266453781043,6.120149033535658,frequency
6158,2,0.24083652930630367,6.438535666983335,frequency
6159,2,0.2639083481085638,6.005336661371733,frequency
6160,1,0.3131682411216978,4.6719819774007085,frequency
6161,1,0.3131682411216978,4.6719819774007085,frequency
6162,2,0.3009216033365045,4.859854954626463,frequency
6163,1,0.31285573447256,5.73641591499803,frequency
6164,1,0.2823803690444058,6.063919452556306,frequency
6165,1,0.24766015497164715,6.293902047644746,frequency
6166,1,0.27798439849511153,5.896942773243552,frequency
6167,1,0.2240032300963664,6.526595290869747,frequency
6168,1,0.22520029158094101,7.803109605495474,frequency
6169,1,0.20700867956982066,8.49693272210494,frequency
6170,1,0.2394427338956766,7.055428790847444,frequency
6171,1,0.22096239169124587,5.834511582012579,frequency
6172,11,0.20332628069821715,6.694609402376966,frequency
6173,1,0.23611860127072795,6.796261690829074,frequency
6174,11,0.21304715695681112,6.892385906365045,frequency
6175,11,0.29084733739258484,5.446747954959822,frequency
6176,11,0.3093323926963457,5.55814164119065,frequency
6177,11,0.24238464933050125,6.393575250449058,frequency
6178,11,0.21240910863006854,7.401276100535828,frequency
6179,11,0.21101916172521032,7.738126420058775,frequency
6180,11,0.2768999350216339,7.044336910957666,frequency
6181,11,0.3585873830365228,4.506359186269117,frequency
6182,11,0.2879415178646643,6.477716821914565,frequency
6183,11,0.37055271211120366,4.914825642973824,frequency
6184,11,0.2960031912046433,5.847965998061947,frequency
6185,9,0.18985165938956539,8.507337756281323,frequency
6186,6,0.23322968059719262,7.065278453412046,frequency
6187,6,0.23359278272352668,6.7471934582154285,frequency
6188,9,0.22640483320492666,6.475895318632695,frequency
6189,9,0.23966167494519933,6.709965423359973,frequency
6190,6,0.24838604642425538,6.441350502322713,frequency
6191,6,0.1862895348181915,8.520422666054818,frequency
6192,10,0.23017612158635536,7.126980037245618,frequency
6193,3,0.2590249000757988,6.435725881099571,frequency
6194,10,0.20703616567270344,7.393896113560404,frequency
6195,5,0.14313188845328798,9.413687273850156,frequency
6196,9,0.24304617877396706,6.928268456739938,frequency
6197,5,0.26539569332053214,6.068986543720593,frequency
6198,6,0.21354473219540906,6.536393443179767,frequency
6199,5,0.23071420054846786,8.047892374369445,frequency
6200,1,0.1423077406011599,9.861442457150142,frequency
6216,11,0.3348526409140595,5.126516378945461,frequency
6217,11,0.2970859168330911,5.739008959248264,frequency
6218,11,0.2218329776390828,7.060812620297625,frequency
6219,11,0.2831036078696686,4.776376029013407,frequency
6220,11,0.2204441142399077,5.666175488691413,frequency
6221,3,0.27694328943641694,5.610091922606049,frequency
6222,3,0.2910488921016988,5.047758976440685,frequency
6223,1,0.25752305892014626,5.652491163150962,frequency
6225,11,0.2526132621029074,4.74676923292867,frequency
6226,11,0.268080755777705,4.826519258192485,frequency
6227,1,0.2983367449136533,4.502017678693277,frequency
6228,3,0.34580673154864555,4.002732643008232,frequency
6229,1,0.2994924464684228,4.9086688494217094,frequency
6230,3,0.36528421773021363,4.847076038853734,frequency
6231,3,0.27915295438556087,5.231341074241982,frequency
6232,10,0.26009401634892004,6.177792706251503,frequency
6233,10,0.20762179209806714,6.563480805453389,frequency
6234,3,0.26495295899773375,5.401608634906813,frequency
6235,5,0.20984611681526416,6.888512425303871,frequency
6236,3,0.2584544442889604,6.093565207027988,frequency
6237,5,0.25030630327442144,5.605244501124022,frequency
6238,3,0.21540537763696097,6.262493846819509,frequency
6239,3,0.21540537763696097,6.262493846819509,frequency
6240,10,0.23125998712108564,6.401201469048693,frequency
6241,1,0.24771271257831667,5.514356871533981,frequency
6242,2,0.23003176243127957,6.124469436755685,frequency
6243,1,0.28329679119560636,6.405027782494953,frequency
6244,1,0.2246951385301395,7.271817362572271,frequency
6245,2,0.2880711346903421,5.262501076868396,frequency
6246,2,0.26400900495830865,6.11634611494214,frequency
6247,1,0.2663511127759038,6.448608390711905,frequency
6248,1,0.298594573901411,5.165642248871884,frequency
6249,1,0.24687983635737495,6.340745178499138,frequency
6250,1,0.26903069598361434,5.823421353559031,frequency
6251,1,0.29767890376418316,5.586547618095576,frequency
6252,1,0.2603833331035882,5.769613743094218,frequency
6253,1,0.24693875010115973,6.061114563047061,frequency
6254,1,0.2148483834172308,6.8974377676091505,frequency
6255,1,0.23557481025738483,6.1132753236815285,frequency
6256,1,0.1734742016300037,8.71825331337699,frequency
6257,3,0.2670645007660219,6.6510849524090006,frequency
6258,3,0.24401829287857407,6.145472232281179,frequency
6259,3,0.27074532097693366,5.476710296952959,frequency
6260,11,0.28997828199119846,5.443940346017824,frequency
6261,11,0.25477651034641197,6.664592821271284,frequency
6262,11,0.24294725728168412,6.792762327740315,frequency
6263,11,0.23493038858435486,7.354221422380938,frequency
6264,10,0.21260734242466434,7.333839338315124,frequency
6265,11,0.21221332379706573,7.605317016080102,frequency
6266,9,0.15034976043678844,8.783249566868877,frequency
6267,9,0.16212839958119826,8.55378321255001,frequency
6268,9,0.19373499496451294,8.016116811747061,frequency
6269,11,0.23972395423451784,6.349413305907363,frequency
6270,11,0.44497238988057025,3.9259770680197668,frequency
6271,11,0.6530538814428353,2.173745175435378,frequency
6272,11,0.3084621917230452,4.765672571272079,frequency
6273,11,0.23351272986679014,6.753175834342046,frequency
6274,9,0.23311866327687078,6.254952589094358,frequency
6275,6,0.26569099837156046,5.521334007583906,frequency
6276,9,0.27656740265801777,5.756322721430728,frequency
6277,6,0.2351612537487301,6.4877489452477555,frequency
6278,6,0.28553946930365226,5.82756698926862,frequency
6279,3,0.22962150577739102,6.48407561946488,frequency
6280,3,0.25746691218935164,6.2028725639747995,frequency
6281,3,0.22348963279154033,6.645796272013609,frequency
6282,9,0.13978444015625738,8.983807375838342,frequency
6283,1,0.2152630993436422,7.056065645536262,frequency
6284,7,0.21563893016344723,6.999540418956095,frequency
6285,7,0.21320747787123073,7.545723529648455,frequency
6286,7,0.22992830831385902,6.757823426424686,frequency
6287,11,0.14537666219266618,8.938555676482581,frequency
6303,11,0.2927230309346007,4.586803693815213,frequency
6304,11,0.2528878738115054,6.202623878984638,frequency
6305,3,0.3687217291020394,4.2365697063800845,frequency
6306,11,0.2296486019950404,5.887772953204839,frequency
6307,3,0.5201522799241617,2.854819297572327,frequency
6308,3,0.3589670023831796,4.541491408352632,frequency
6309,3,0.27129527300197254,5.274632720827897,frequency
6310,1,0.3966359974602497,4.103405803797137,frequency
6311,2,0.2818733953428318,5.127103298599122,frequency
6313,1,0.2337750164093354,5.670448519137574,frequency
6314,3,0.28847469728973907,5.746142440074368,frequency
6315,11,0.20498705889779686,6.487274840398562,frequency
6316,1,0.266102050228502,5.299176814077438,frequency
6317,3,0.3253161174676094,5.162280896870429,frequency
6318,3,0.28463822486023477,5.519103906291878,frequency
6320,11,0.20322859252892506,6.434519553250606,frequency
6321,10,0.23022223277458567,6.488523016327444,frequency
6322,2,0.21243654537356668,6.814938506826516,frequency
6323,1,0.20929804624818052,6.810086443026738,frequency
6324,3,0.21654304927853413,6.592628868733521,frequency
6325,2,0.22707532282799547,6.0861506669302825,frequency
6326,3,0.37979159876397284,4.577282552127327,frequency
6327,3,0.34060858716222453,4.928696737239793,frequency
6328,2,0.17754280260718638,7.361136756834804,frequency
6329,1,0.2772276881743243,5.33917095040044,frequency
6330,2,0.192900037043876,7.260804870915705,frequency
6331,1,0.24661404986680013,6.5965907798751875,frequency
6332,2,0.2871880209021428,6.499194962259171,frequency
6333,1,0.2743020140029389,5.919982604324912,frequency
6334,2,0.22981282967775996,6.919887685484778,frequency
6335,1,0.3038754315650677,5.801424827052785,frequency
6336,1,0.2880264757502708,5.597756082045793,frequency
6337,1,0.24641872080310112,6.465633564073092,frequency
6338,1,0.2378009667705109,6.859903248397359,frequency
6339,1,0.21948258988626107,6.472995532932273,frequency
6340,1,0.23505970193475748,6.7943810115253465,frequency
6341,1,0.2345582139575368,6.083231950579961,frequency
6342,1,0.19047616761038424,7.561660090581138,frequency
6343,1,0.1651067699810981,8.032904394131569,frequency
6344,3,0.24430186958389444,6.994244753101494,frequency
6345,1,0.16613917423584565,7.785358969912024,frequency
6346,3,0.2647526604277162,6.615602502101066,frequency
6347,11,0.20309165643036017,7.166982293725748,frequency
6348,4,0.18950287592440426,6.396074680444904,frequency
6349,11,0.20240136579783427,7.96288427387899,frequency
6350,11,0.29121511821870194,6.022125485572158,frequency
6351,12,0.20316485864993267,7.658726341623875,frequency
6352,10,0.221581106248786,6.993538554918867,frequency
6353,11,0.16992728690405481,8.2763848222755,frequency
6354,3,0.21135333486637972,8.19683444311882,frequency
6355,9,0.2124396805292412,8.303014473772404,frequency
6356,9,0.22101378845076358,8.096956395248064,frequency
6357,11,0.6415478615071284,2.171450960611765,frequency
6358,11,0.5688202247191011,2.6219794769943725,frequency
6359,11,0.5898876404494383,2.526366149266425,frequency
6360,11,0.36795133868474844,4.446409018201404,frequency
6361,6,0.28276466751494284,5.468890863129055,frequency
6362,6,0.2636905711550734,5.5015502010398265,frequency
6363,9,0.2532229940702524,6.546325928149961,frequency
6364,3,0.24241300502709381,6.61482716938999,frequency
6365,3,0.3049292945493083,6.225346677625393,frequency
6366,3,0.2791735495549965,6.229191571427137,frequency
6367,3,0.2315364376185523,6.226195097438946,frequency
6368,10,0.2676727186984202,6.99868222559147,frequency
6369,10,0.31013851323662,4.83561741532936,frequency
6370,11,0.17113223854796888,7.20824471100404,frequency
6371,6,0.16553748823700018,9.012222464139684,frequency
6372,4,0.12693290052935619,9.830239854076229,frequency
6373,5,0.23032058403428027,6.269860530207129,frequency
6374,5,0.187712206952304,7.557104917356761,frequency
6375,3,0.18218826966707327,8.066678899941003,frequency
6390,2,0.2779756684769584,4.749968554481695,frequency
6391,2,0.28356700244632327,4.741505895751887,frequency
6392,1,0.34648114301436633,4.715232861871322,frequency
6393,1,0.2765837281541213,4.803547253696104,frequency
6394,3,0.42543136307047935,3.6273317815074737,frequency
6395,3,0.30392006420147455,4.143929535717229,frequency
6396,1,0.24976466995551552,5.393029932261026,frequency
6397,1,0.2771193420812716,4.790055629461404,frequency
6398,12,0.27129527300197254,5.09458620379219,frequency
6399,1,0.2223104907097417,6.048957397413918,frequency
6400,3,0.2053744936591565,6.149884928304908,frequency
6401,1,0.2216954736650173,5.7989769109868305,frequency
6402,3,0.28040994633778094,5.521155779425873,frequency
6403,3,0.34728340675477243,4.81201353589895,frequency
6404,1,0.24895675711975215,5.6176045593743185,frequency
6405,11,0.25414480180274385,5.903204540478203,frequency
6408,11,0.2172945164228936,6.123773149466733,frequency
6409,2,0.17028400167403937,7.497168133085439,frequency
6410,5,0.2268774332808476,6.272654960983258,frequency
6411,3,0.220593337269047,6.530528168248716,frequency
6412,3,0.2930821253605027,6.796440735943507,frequency
6413,3,0.36515983863147444,4.46944497349751,frequency
6414,3,0.3640521996502086,4.01022522531391,frequency
6415,11,0.25204730218105675,5.634947167399551,frequency
6416,11,0.2629869656558719,5.522199732601344,frequency
6417,2,0.23430259957826083,6.644882753457496,frequency
6418,2,0.21147814129740372,7.238074719995268,frequency
6419,2,0.2508078936437845,6.075497638040814,frequency
6420,2,0.2513543434939848,7.270793292006934,frequency
6421,1,0.2572776702807294,6.339551507668923,frequency
6422,1,0.22771436034179401,7.417255956809233,frequency
6423,1,0.25636935985792575,6.407671576895617,frequency
6424,1,0.3275621863549819,4.807160033929955,frequency
6425,1,0.26848321451132573,5.8162108182830154,frequency
6426,1,0.18885531090842655,6.819316316234951,frequency
6427,1,0.18845067110387412,7.249675156822289,frequency
6428,1,0.2463853543340344,5.928752459225651,frequency
6429,3,0.23056999284856128,6.080638794566586,frequency
6430,4,0.17519117699423473,7.423791446746383,frequency
6431,1,0.2363781979659587,6.842850589412222,frequency
6432,4,0.15252832897117594,8.339270188472437,frequency
6433,3,0.24258170073626353,6.754572218558242,frequency
6434,3,0.255557078323573,6.4215315760065526,frequency
6435,3,0.2047309659808827,7.408061261797751,frequency
6436,11,0.24190246545038016,7.192661924767959,frequency
6437,11,0.1773296358713519,9.295328674336782,frequency
6438,11,0.18574289435615482,7.825248747625896,frequency
6439,10,0.1776668231737343,8.149620502648064,frequency
6440,3,0.17044820327572038,8.27775599401134,frequency
6441,9,0.14577550906802197,9.035414315659972,frequency
6442,11,0.22143893299058215,8.108974994787639,frequency
6443,9,0.20195750508594326,7.359913125272008,frequency
6444,11,0.29994923253935585,5.4431236108418695,frequency
6445,11,0.4522871338016104,3.783389077127404,frequency
6447,11,0.2534676959823903,6.6897037145138665,frequency
6448,4,0.21705766279324706,5.70642961462941,frequency
6449,9,0.25225516364890604,5.987899402263345,frequency
6450,4,0.16881532938016827,7.219792604931022,frequency
6451,10,0.207280597839157,7.036998916980025,frequency
6452,6,0.17491171920644663,7.4552079953407615,frequency
6453,3,0.21654304927853416,7.13107616474982,frequency
6454,10,0.3468271669059913,5.318278738825741,frequency
6455,10,0.30630747312524287,5.350292785353616,frequency
6456,10,0.42230571779323695,4.330456087859524,frequency
6457,10,0.3278006860944593,4.6293489588904855,frequency
6459,9,0.22731186499052863,7.300083511998112,frequency
6460,5,0.20025527804608806,7.746449727319488,frequency
6461,5,0.2509076763485477,5.999841685407023,frequency
6477,2,0.30186208559259137,4.761235316540439,frequency
6478,2,0.27896900082307974,5.010563145137849,frequency
6479,1,0.2825578786285071,4.805177931658415,frequency
6480,2,0.2524175936900938,4.917399209690989,frequency
6481,2,0.3025070350473266,4.492675361765196,frequency
6482,1,0.316181330928432,4.423148346250783,frequency
6483,1,0.4244109638384491,3.8434909646487094,frequency
6485,1,0.34925315689082337,4.557781198718583,frequency
6486,1,0.3116869953035781,4.562850952985924,frequency
6487,1,0.3159083035682288,5.108865977122229,frequency
6488,3,0.22273408297772027,6.111396340165984,frequency
6489,1,0.310805866115481,4.914035199385574,frequency
6490,1,0.2682881818317965,5.457436181215162,frequency
6491,3,0.43053697793811574,4.078477007065216,frequency
6492,1,0.24805303304122056,5.606734356663588,frequency
6493,3,0.2906347002965469,5.738784759948202,frequency
6496,3,0.2814472553976379,5.25494413154383,frequency
6497,3,0.1858466020440922,7.284468446953339,frequency
6498,1,0.26226082150264357,5.9153958862762,frequency
6499,3,0.37050131853658863,5.0772887064441345,frequency
6500,3,0.26919094192538223,5.571316617109545,frequency
6501,3,0.2564189017210729,5.958355393267762,frequency
6502,1,0.22537033344071342,5.6342611456056755,frequency
6503,1,0.19799570990577517,6.680084203125553,frequency
6504,2,0.2114738340250818,7.078972997220367,frequency
6505,3,0.24110915432763766,5.403121797942095,frequency
6506,11,0.23219030566861254,6.538550495386898,frequency
6509,1,0.2463979039639828,7.367416825899756,frequency
6510,1,0.2880913226848994,6.238009979948343,frequency
6511,1,0.27590532638450727,6.248888814187087,frequency
6512,1,0.2347654712620549,6.521402593498223,frequency
6513,1,0.2355748102573848,7.4360638350246555,frequency
6514,1,0.27401911277698954,5.796137658276171,frequency
6515,1,0.2603973492544368,6.155127785150136,frequency
6516,1,0.19755100008092782,6.916343064558819,frequency
6517,3,0.24192436718828778,6.7769265664816505,frequency
6518,1,0.1985952766691165,7.425236436007439,frequency
6519,1,0.1884900718108328,7.755090596174847,frequency
6520,3,0.20424474245275628,6.848493185655171,frequency
6521,4,0.2419024654503802,6.072478060716927,frequency
6522,4,0.18399276539902495,7.138074217979014,frequency
6523,4,0.2536277389640066,6.443938340286771,frequency
6524,11,0.24163677212801093,6.739346446046367,frequency
6525,4,0.18554707588505132,7.115956363564952,frequency
6526,4,0.1952518304859108,7.215533870215429,frequency
6527,11,0.16362424271130893,8.633383987307868,frequency
6528,11,0.16362424271130893,8.633383987307868,frequency
6529,11,0.17659976918901807,9.578048661774016,frequency
6530,11,0.18536034583244618,8.643963771292698,frequency
6531,12,0.23240624895139755,7.8440997161115815,frequency
6532,11,0.25630404390824835,6.4004893339511675,frequency
6534,11,0.4160589713402098,4.395710977502008,frequency
6535,11,0.19354088873127367,8.619812168069945,frequency
6536,9,0.20265024651037009,6.79065795423266,frequency
6537,9,0.2730761942458224,5.6980785276729895,frequency
6538,9,0.31195840554592724,4.528598827482077,frequency
6539,10,0.27824976550071645,5.215196554892565,frequency
6540,10,0.2434118578087159,6.967207092666108,frequency
6541,3,0.17147947803673552,9.35659957928398,frequency
6542,10,0.3792495189223862,5.2080880681077195,frequency
6543,10,0.3097020437332567,5.643390829414736,frequency
6544,10,0.24457345937196337,5.919568888091994,frequency
6546,11,0.2534839207261668,6.054386859635331,frequency
6547,11,0.2532229940702524,7.1558095603472704,frequency
6548,5,0.2215569447566812,8.571022578842188,frequency
6549,5,0.1722634837675838,8.950960850058111,frequency
6567,1,0.3636110665518675,4.3369478136160176,frequency
6569,1,0.32930623591311486,4.608315921831033,frequency
6570,1,0.3602484754090173,4.659913369158374,frequency
6571,1,0.36017651305007115,4.156334292734748,frequency
6573,1,0.3135097469186459,4.163102926152292,frequency
6574,1,0.31508024448654254,4.483849392273974,frequency
6575,1,0.29299753074747514,4.752991931976791,frequency
6576,1,0.2785922723872866,4.808755264415164,frequency
6577,1,0.23015732566674113,6.30546463322061,frequency
6578,3,0.40503281263752744,4.407192911429059,frequency
6579,3,0.32822324335367936,5.263553074323354,frequency
6580,3,0.3822157352999949,4.697853510617068,frequency
6583,2,0.22377997334826252,6.949854315204355,frequency
6584,3,0.23085427569366845,6.261605789147725,frequency
6585,3,0.3679790138302843,5.024757654800416,frequency
6586,3,0.2201415998719539,6.908330409680627,frequency
6587,3,0.2409325217906257,5.869674648770505,frequency
6588,3,0.2561203830513892,5.6085722704616305,frequency
6589,1,0.2291326404623376,6.306269811091399,frequency
6590,1,0.19755100008092782,6.916343064558819,frequency
6591,11,0.21263596698877693,6.790827606688034,frequency
6592,2,0.2471806052934508,5.5876652133219995,frequency
6593,2,0.2201548479318011,7.257090456882994,frequency
6594,2,0.2869036600379213,6.3514623196335895,frequency
6595,2,0.2857456101097249,6.507422443129241,frequency
6596,1,0.28142492615706965,6.349563231400304,frequency
6597,1,0.2769466229013755,6.551617511911047,frequency
6598,1,0.2570582294090038,6.925602588111817,frequency
6599,1,0.31247681910532416,5.922614376523979,frequency
6600,1,0.2603973492544368,6.7841950256594545,frequency
6601,11,0.2400130561425958,6.936020608255336,frequency
6602,1,0.2466680305671235,6.062608275376739,frequency
6603,1,0.2758125580150257,6.281494361567228,frequency
6604,1,0.22500957215990466,6.965042814888668,frequency
6605,3,0.27159284780759163,6.28166983740399,frequency
6606,4,0.22497069395062175,7.031215660725997,frequency
6607,4,0.1924517566734626,7.714116620534002,frequency
6608,4,0.2635889726426597,6.6463891674586995,frequency
6609,4,0.24055300522353826,6.393727750093132,frequency
6610,4,0.296689922848925,5.654769749505552,frequency
6611,4,0.26654758816788754,6.536176343067352,frequency
6612,11,0.1943578058253473,7.258380743328486,frequency
6613,11,0.21264446097589088,6.85094788801351,frequency
6614,11,0.23221448173949757,6.490662192584847,frequency
6615,11,0.20396984924623116,7.7252067454771245,frequency
6616,11,0.25420082679460837,7.371050938948995,frequency
6617,11,0.17043211967338392,8.604775363852239,frequency
6618,9,0.14546136529652817,9.388015508309936,frequency
6619,4,0.16894397184128396,8.941839187329832,frequency
6620,11,0.25329299615848316,7.364248566599718,frequency
6621,11,0.3374752131564616,5.3542672892921255,frequency
6622,6,0.1657407201074089,9.548712542850176,frequency
6623,2,0.1321522311748262,8.48630384674359,frequency
6624,11,0.27193133047210305,6.040666671086554,frequency
6625,4,0.19290449825345155,7.429332559697739,frequency
6626,10,0.25976891978665145,6.5158076477263585,frequency
6627,9,0.2172786196375121,6.140646887577033,frequency
6628,2,0.17698544765531704,7.210583257193465,frequency
6629,3,0.17709481359807452,9.05107747852093,frequency
6631,10,0.34671503756317956,5.36511567381941,frequency
6632,11,0.18551845414999846,8.094830870385609,frequency
6634,11,0.31240649788582997,5.415362798396027,frequency
6635,11,0.16112844161128442,8.36244776893758,frequency
6636,5,0.1808006299022387,8.97328402539247,frequency
6637,5,0.172948639693059,9.622931627753859,frequency
6650,12,0.3092026104935647,4.807453058962213,frequency
6651,2,0.24033480891491402,5.219999122505444,frequency
6656,1,0.4031443469227013,4.031184276341152,frequency
6657,1,0.41064047180563795,3.7289511245336615,frequency
6662,1,0.4201297961971991,3.7260918239232494,frequency
6663,1,0.4110065707863358,3.908858020371514,frequency
6664,1,0.43527622869549204,3.8949491265814853,frequency
6665,1,0.2378508250951733,5.764699383397259,frequency
6666,10,0.2922884853539249,5.026712913470107,frequency
6667,3,0.23331665038475052,5.642115444145508,frequency
6668,3,0.2786974574048548,5.113000913789826,frequency
6669,2,0.27829604632645294,5.967651289435147,frequency
6670,12,0.21650225441777968,6.491873882209373,frequency
6671,1,0.23477901889092923,6.771583381339318,frequency
6672,3,0.24565488863953283,5.6215961335055,frequency
6673,12,0.28892919796931626,5.555003815823447,frequency
6674,1,0.33180746927534355,5.429262777431505,frequency
6675,1,0.271419138752707,5.828647362918226,frequency
6676,3,0.30743256632398286,5.495824073477728,frequency
6677,1,0.22548153032426027,7.392248479088166,frequency
6678,1,0.20580834284528382,7.211750226226733,frequency
6679,2,0.22165410088724127,6.253607134287836,frequency
6680,2,0.176441575056403,7.663994653390027,frequency
6681,2,0.21092394796911998,7.765461248000936,frequency
6682,2,0.25082001115933994,7.055151258485709,frequency
6684,1,0.3291155669182985,5.908080190755877,frequency
6685,1,0.2577803627478376,6.6463694780776805,frequency
6686,1,0.2588527408992878,7.248100940615913,frequency
6687,1,0.2483942898900847,7.147303823598185,frequency
6688,1,0.2466680305671235,6.415718374081683,frequency
6689,1,0.2907660743226454,6.184851127122704,frequency
6690,1,0.30958840176133895,5.615504206456308,frequency
6691,3,0.24227364691611122,6.7300414379303355,frequency
6692,4,0.21962538694162315,6.5486124219069275,frequency
6693,4,0.21962538694162315,6.5486124219069275,frequency
6694,11,0.22406953387160997,6.736568339571702,frequency
6695,4,0.1922014919409971,7.215465060095801,frequency
6696,2,0.17576951635512572,7.616560098909368,frequency
6697,2,0.1668621078247236,7.624061306955414,frequency
6698,4,0.29795418009381264,5.881460666905418,frequency
6699,4,0.2534676959823903,7.069500107709857,frequency
6700,4,0.20336066143568665,7.157969913071429,frequency
6701,4,0.2223469960696238,6.349086011329875,frequency
6702,11,0.18536034583244618,8.9772361033841,frequency
6703,11,0.145775509068022,9.438122350173305,frequency
6704,11,0.16978421077949177,8.55662823118706,frequency
6705,11,0.22552161248786343,7.023132083800848,frequency
6706,11,0.23837769268716671,7.7549052020396445,frequency
6707,11,0.22434245524826762,7.009435022165683,frequency
6708,11,0.2815572704413422,6.45762916278584,frequency
6709,9,0.19093793537087228,7.542313978407181,frequency
6710,9,0.20360186530541954,8.309117583297812,frequency
6711,11,0.4362354496383065,4.003350282881209,frequency
6712,10,0.3484988027261005,3.9483879670920805,frequency
6713,10,0.186170081916804,8.027366884812837,frequency
6714,9,0.17803529563991166,8.69638483472817,frequency
6715,5,0.14920895836781367,8.069236625346871,frequency
6716,4,0.21395476324764248,6.600096332451332,frequency
6718,9,0.19091338815998343,7.560909384082662,frequency
6719,11,0.3012414800389484,6.07579234721958,frequency
6721,1,0.26450157780767247,6.091542142373239,frequency
6722,11,0.31245579749261726,5.094217843817919,frequency
6723,11,0.2036063760548067,7.968727161786207,frequency
6724,6,0.19042932710050436,8.614807711665351,frequency
6751,11,0.2545606201986546,5.151430529510972,frequency
6752,3,0.23336606450929706,5.638748246436449,frequency
6753,10,0.23487177054595612,5.802509498571719,frequency
6754,10,0.34467887654556867,4.502678550262114,frequency
6755,3,0.2188005065818979,6.334256577869267,frequency
6756,11,0.25322441584951527,6.039955139811486,frequency
6757,2,0.29353579971439386,5.619104039687428,frequency
6759,12,0.24426625185194517,5.877344198818477,frequency
6760,12,0.24426625185194517,5.877344198818477,frequency
6761,1,0.3346525114440318,4.624049641569745,frequency
6762,1,0.2951442108803248,4.947126596735912,frequency
6763,3,0.2707763194638369,6.338521092389083,frequency
6764,3,0.36003232973679383,5.063491822481425,frequency
6765,3,0.2539369524554026,5.9152401631916005,frequency
6766,2,0.2227119641630972,6.759363122112638,frequency
6767,2,0.22192058793055927,6.469563225047724,frequency
6768,2,0.2508078936437845,5.7614527407223255,frequency
6769,2,0.22218771652146,6.490982388126512,frequency
6770,1,0.28111828393885685,5.860192296057542,frequency
6771,1,0.2676723287172073,6.127768161004493,frequency
6772,1,0.2693651660437257,6.668068576943473,frequency
6773,1,0.20678044912812596,7.790177364118353,frequency
6774,1,0.20719931092876792,7.388359435869738,frequency
6775,1,0.20719931092876792,7.388359435869738,frequency
6776,1,0.2610760274716415,6.613552395028965,frequency
6777,1,0.29191534142338854,5.520631991058689,frequency
6778,1,0.22004416970318935,6.777088912888875,frequency
6779,1,0.22004416970318935,6.777088912888875,frequency
6780,4,0.21320026919225912,8.355295689664334,frequency
6781,4,0.23774798362297703,7.007299518240972,frequency
6782,4,0.20033512577087567,6.819878112652295,frequency
6783,9,0.22406953387160994,7.314260033748357,frequency
6784,2,0.15119021898371904,9.253235757956977,frequency
6785,2,0.16667014684617434,8.282876942506592,frequency
6786,4,0.20357395416952964,6.4932007953863184,frequency
6787,3,0.20569920879310288,6.649374669622145,frequency
6788,10,0.25713798907829827,6.903792285003075,frequency
6789,4,0.19482915549432978,7.987254917688374,frequency
6790,4,0.2041026698278528,7.079459892297831,frequency
6791,4,0.20425005157829584,6.769783579418369,frequency
6792,4,0.20425005157829584,6.769783579418369,frequency
6793,11,0.27101397384504833,6.078413985234164,frequency
6794,11,0.2380409563569588,6.125274371160672,frequency
6795,4,0.15593875398827095,7.371565565248706,frequency
6796,11,0.16051197216052515,10.286859422628718,frequency
6797,9,0.1456172229407217,8.92799500113586,frequency
6798,9,0.19177374572221864,6.396365173584693,frequency
6799,10,0.2797058062608567,5.181790032609449,frequency
6800,9,0.14515566654845527,9.375483944457905,frequency
6801,9,0.1895910954307877,8.494293977670136,frequency
6802,4,0.21371805039539027,6.813005734813184,frequency
6803,4,0.21222242206485778,6.731856895423933,frequency
6804,4,0.18434142447916962,7.335412322173997,frequency
6805,10,0.25441742470084505,6.438509845264039,frequency
6806,9,0.15198357474054705,10.457533024337609,frequency
6810,11,0.2691899828697284,6.496103760051836,frequency
6838,1,0.2851195859863073,5.331641347760904,frequency
6839,1,0.33372734768050344,4.901894869538988,frequency
6840,1,0.22975651148130954,6.300883188681739,frequency
6841,3,0.25588216375442496,5.6424587526527,frequency
6842,1,0.2845047390560618,5.3794208955949205,frequency
6843,1,0.2980074612989722,5.023757823264189,frequency
6844,3,0.25423040015102016,6.109448768720643,frequency
6845,2,0.3012344455962949,5.054561651775763,frequency
6850,1,0.3148033148886275,5.148451137191973,frequency
6851,3,0.27285179784393393,5.607825897431998,frequency
6852,3,0.26565465328857735,6.145575713280111,frequency
6853,3,0.2681912063764039,5.583039881367064,frequency
6855,11,0.22375563833613787,6.972162939523823,frequency
6856,2,0.22936607785084467,6.258745786992903,frequency
6857,2,0.23489893538141074,6.168685770614987,frequency
6859,2,0.2637826349295116,5.502504212303998,frequency
6860,1,0.22566252366562295,7.347219329586932,frequency
6861,1,0.22566252366562295,7.347219329586932,frequency
6862,1,0.22686679328999312,7.173879790308937,frequency
6863,1,0.31834944059764364,5.656625469794946,frequency
6864,3,0.26509632291000385,5.998959308183206,frequency
6865,3,0.2536353351745244,6.321076217402119,frequency
6866,3,0.25229278478151396,6.912430536576618,frequency
6867,4,0.2016921970362328,7.6385310871733845,frequency
6868,4,0.2016921970362328,7.6385310871733845,frequency
6869,4,0.22520363826769635,8.04522188972224,frequency
6870,4,0.25272398978892974,7.348752377370527,frequency
6871,4,0.2883923670874609,5.729675346163161,frequency
6872,4,0.23868660622075868,7.004788456104522,frequency
6873,3,0.18488221123624426,8.063492324551763,frequency
6874,3,0.2086719797995739,6.593559460164985,frequency
6875,11,0.2541672406667585,5.810892426285369,frequency
6876,11,0.24002182016546958,6.654964201425664,frequency
6877,4,0.21456436931079323,6.495144843803269,frequency
6878,4,0.21456436931079323,6.495144843803269,frequency
6879,4,0.16168544830965212,7.089099009078179,frequency
6880,11,0.2694757471827535,5.896101006302432,frequency
6881,4,0.22671323066353696,6.704143676452955,frequency
6882,4,0.23767246111619392,6.988929929745613,frequency
6883,12,0.19512808645080798,9.105508564353517,frequency
6884,9,0.15215097394990898,9.95768508433011,frequency
6885,4,0.15989159357833763,8.372290198092811,frequency
6886,10,0.20548139338063406,8.079522337946118,frequency
6887,11,0.1525025407697264,9.084294663439193,frequency
6888,6,0.1653253367564684,9.520998877336536,frequency
6889,6,0.24852298998201908,6.385176633326294,frequency
6890,3,0.18550305975306755,8.113238242114875,frequency
6891,4,0.22097143594414254,6.908117780604877,frequency
6892,4,0.2829898621444064,6.216035743822722,frequency
6893,4,0.16948940221476172,9.57589906645498,frequency
6894,10,0.28745935762253483,5.724773730644975,frequency
6895,9,0.2819020156098293,6.447386169911889,frequency
6896,9,0.26563927508422713,6.115304175650355,frequency
6897,4,0.13832422872059463,8.645504714363913,frequency
6913,2,0.27490173624415043,4.880686123676591,frequency
6920,1,0.38202357719270846,3.745995417686442,frequency
6922,1,0.3940356180848616,3.565222003935194,frequency
6923,1,0.32917311514316655,4.644795359927711,frequency
6924,1,0.32917311514316655,4.644795359927711,frequency
6925,1,0.37935824453269384,4.381478025597427,frequency
6926,1,0.23865150693227954,5.5347717164551655,frequency
6928,1,0.33305439447645085,4.943828773469583,frequency
6929,1,0.33047024372362716,4.765390742823898,frequency
6930,1,0.28549528492850473,5.608189787689985,frequency
6931,2,0.22296903142425598,5.341691550889608,frequency
6932,11,0.25289073612449775,5.483921134006972,frequency
6933,1,0.2606387662014253,5.673228809649782,frequency
6935,1,0.19938602123919158,7.184030200088669,frequency
6936,1,0.31564707949696463,5.9465412259329025,frequency
6937,1,0.2947575620445442,5.708391620268556,frequency
6938,3,0.3388308059066364,4.777304084595469,frequency
6939,3,0.31121221134993465,5.47332076340209,frequency
6940,1,0.20881244583766795,6.830602629076728,frequency
6941,1,0.2244605562242076,5.882814007228484,frequency
6942,11,0.21313953511269051,6.345762730311709,frequency
6943,1,0.24660147821010875,5.241236203505219,frequency
6944,1,0.27360387359766586,5.035119685502051,frequency
6945,2,0.3017049305226417,4.422555246795818,frequency
6946,2,0.22296903142425595,6.093231062708501,frequency
6947,2,0.223509004743069,6.972094699609309,frequency
6948,1,0.19916540569580174,8.362199368919994,frequency
6949,1,0.1739850324844431,8.230237209235913,frequency
6950,1,0.22715221245424605,7.864428447962795,frequency
6951,1,0.207628784282238,7.083517147337349,frequency
6952,3,0.266525262612982,6.300155092397016,frequency
6953,3,0.3070417499252899,6.250931885255124,frequency
6954,3,0.3070417499252899,6.250931885255124,frequency
6955,4,0.23147831323652196,7.558697267351821,frequency
6956,4,0.2140159628807002,8.011152388606519,frequency
6957,4,0.19038714554524258,7.987822323483712,frequency
6958,4,0.2121347727384083,7.28450247625072,frequency
6959,9,0.20199841911395736,7.697815869758854,frequency
6960,9,0.21318879143778352,6.82106374078171,frequency
6961,9,0.17924724107627832,7.055208761687228,frequency
6962,11,0.2258109605102026,7.026292103642595,frequency
6963,11,0.21400439713395444,7.067256506885307,frequency
6964,11,0.23930684145479575,6.411323995699879,frequency
6965,4,0.24000727294766505,5.613880416677046,frequency
6966,4,0.1777059773828756,7.63228222598521,frequency
6967,11,0.20455602045560203,6.881865645390437,frequency
6968,3,0.19590991457416518,6.926460018770565,frequency
6969,4,0.1451039482644903,7.4980277983468495,frequency
6970,9,0.1690998698804483,8.105171929477217,frequency
6971,4,0.17949097791407517,7.81450415912498,frequency
6972,4,0.22643451410927176,7.287281142427226,frequency
6973,4,0.25311936567376503,7.080534110325371,frequency
6974,6,0.17543284195970585,9.976614777545416,frequency
6975,9,0.15253616267016573,9.986420845019433,frequency
6976,8,0.18632891215950673,9.156293117027344,frequency
6977,4,0.16190138733680398,8.045854926573798,frequency
6978,3,0.23293272060324924,6.869297475676826,frequency
6979,3,0.2319162599691225,7.068828309345021,frequency
6980,4,0.31873792659368966,4.880488329503488,frequency
6981,3,0.2446277572341031,6.09830028450256,frequency
6982,4,0.14612546125461257,8.163201699274454,frequency
6983,9,0.29084499283904375,6.069956147719845,frequency
6984,9,0.20397651179561144,6.801971011805175,frequency
6985,11,0.19376343341738977,8.289496252857358,frequency
7007,1,0.40142903485331566,3.6621287987390447,frequency
7008,1,0.2663856085720001,5.630031078289357,frequency
7009,1,0.2915195320107444,5.252069342544048,frequency
7010,2,0.2478443884234489,5.175427480025145,frequency
7011,1,0.2572584026071186,5.760744617495559,frequency
7012,2,0.26487783388793623,5.189881265250391,frequency
7013,1,0.3635272839387376,4.020476176039801,frequency
7014,1,0.33079070620743717,4.076247201190273,frequency
7015,2,0.2637658822208195,5.262903889974462,frequency
7016,1,0.27442004617077925,4.670481286526665,frequency
7017,1,0.35038917408529,4.334235964880088,frequency
7018,1,0.2939337062508012,4.6481177837568435,frequency
7019,1,0.37036143715892056,4.429661797859854,frequency
7021,1,0.29395156718591253,5.677540380350006,frequency
7022,1,0.23514696500064095,5.509192456841269,frequency
7023,1,0.23739901527361257,6.6272228294472955,frequency
7027,1,0.35276331635016217,4.945268756185043,frequency
7028,1,0.24745295165661071,6.035828392489458,frequency
7029,1,0.290673603605254,5.471703160124258,frequency
7030,2,0.2354849616963547,5.742066184281668,frequency
7031,2,0.23518492429829868,5.20393935230782,frequency
7032,1,0.259708246829389,5.2126549716724515,frequency
7033,1,0.27360387359766597,5.0629059526252265,frequency
7034,2,0.2491528102119292,5.8351684104195245,frequency
7035,1,0.2229969172260797,7.37470113985339,frequency
7036,1,0.18171323734036962,7.372629162338266,frequency
7037,1,0.28525388260730955,6.410445644797849,frequency
7038,1,0.208415975537032,6.93722334342598,frequency
7039,3,0.35536701681730937,4.956036899815047,frequency
7040,3,0.35536701681730937,4.956036899815047,frequency
7041,3,0.18573791324991668,8.713414040634387,frequency
7042,3,0.18553300797529798,8.692484119291983,frequency
7043,4,0.23171127827103086,7.80081540551107,frequency
7044,4,0.2557214444387043,6.622752103500701,frequency
7045,4,0.23932130388543357,7.044033501237968,frequency
7046,3,0.25936829716414145,5.799586878514482,frequency
7047,2,0.19870517230917162,6.669429819491395,frequency
7048,9,0.16889312381542837,8.957869771570563,frequency
7049,11,0.23830176965042907,6.707842613353798,frequency
7050,11,0.20285757301829355,7.984183307151042,frequency
7051,11,0.2035959080181877,7.398366427224957,frequency
7052,4,0.18474815035650158,8.33842681868966,frequency
7053,4,0.20405752220175002,8.018887957184068,frequency
7054,11,0.2553981889946599,6.02545631797698,frequency
7055,4,0.20382120827712955,7.6946857153920725,frequency
7056,4,0.22728577168111117,6.23810940325225,frequency
7057,4,0.22400245028548718,6.669319108181071,frequency
7058,4,0.1794801310910968,7.059301113136407,frequency
7059,2,0.1871541966811674,8.637277505172197,frequency
7060,11,0.23767246111619392,6.988929929745613,frequency
7061,4,0.2270186602459369,8.051494791900026,frequency
7062,4,0.19178612940720652,7.525637681367033,frequency
7063,3,0.23028237585199612,7.0811363890302985,frequency
7064,11,0.16151398972183703,8.801304721840397,frequency
7065,3,0.26768534238822866,6.080201977393289,frequency
7066,3,0.2942380964723569,5.750689509109477,frequency
7067,4,0.26917534462600945,5.7349015231998095,frequency
7068,4,0.23970944309927364,5.613887211512296,frequency
7069,4,0.18050870635427116,7.440920393894754,frequency
7070,9,0.31917980462327117,5.507296317914403,frequency
7071,9,0.20397651179561144,6.801971011805175,frequency
7094,1,0.34245143071187634,4.759476628180853,frequency
7095,1,0.27818087555006776,5.637702051472735,frequency
7097,11,0.2023569676117927,6.421970330103262,frequency
7098,1,0.23805249147204866,7.028355558451661,frequency
7099,11,0.22488354838426702,6.198042629385591,frequency
7100,11,0.28037576846031637,5.3540881978730255,frequency
7102,1,0.31291126259671453,5.101988693191363,frequency
7103,1,0.3302195041459912,4.679041310742602,frequency
7104,1,0.43282821315588277,3.7054099099655518,frequency
7110,1,0.2505617782353768,5.394733182364522,frequency
7111,1,0.3152442561848829,5.929305110330251,frequency
7115,11,0.20214520938513544,7.3442846816079435,frequency
7116,1,0.2357723770527368,6.357591695603263,frequency
7117,1,0.22468470223860562,6.159995574778711,frequency
7118,2,0.22322669281552993,5.863994731994582,frequency
7119,2,0.2521417537741303,5.652572186927472,frequency
7120,1,0.2603231833487664,4.829366815124338,frequency
7121,1,0.2753918697696893,5.995037057674429,frequency
7122,1,0.22355081881985966,5.838937224812106,frequency
7123,1,0.2948167108510833,5.898780321168832,frequency
7124,1,0.20033863251553963,6.516868536477875,frequency
7125,1,0.21015142504837578,7.446510042393828,frequency
7126,1,0.19943012781275415,6.970675208198154,frequency
7127,3,0.23241766868048172,6.65322489744562,frequency
7128,3,0.2326749096109627,7.8346841902043485,frequency
7129,3,0.18573791324991668,8.713414040634387,frequency
7130,3,0.18509473422995107,9.0487911165848,frequency
7131,3,0.2054813933806341,8.47533118506919,frequency
7132,4,0.25449488502273465,6.892140217107366,frequency
7133,4,0.26687092362718284,6.766834447274928,frequency
7134,3,0.25807095520719664,6.93290417187503,frequency
7135,4,0.1690998698804483,7.7251782841575825,frequency
7136,11,0.19091338815998343,8.008736272516046,frequency
7137,11,0.1841853152029459,8.048619973144095,frequency
7138,9,0.13257694323971364,8.69291901261212,frequency
7139,11,0.17996953952361353,7.8499920017455995,frequency
7140,12,0.20674771206119383,6.860322863286579,frequency
7141,4,0.22671323066353696,6.43924864592009,frequency
7142,4,0.22671323066353696,6.43924864592009,frequency
7143,4,0.21398126939024037,6.331768869941903,frequency
7144,4,0.213992832637202,6.826213134052359,frequency
7145,2,0.19786578870920882,6.641422702086138,frequency
7146,4,0.1889723455104131,6.361484879002897,frequency
7147,9,0.1911899087149438,7.549442335740468,frequency
7148,9,0.25383325581486244,6.726213493812619,frequency
7149,3,0.21046386592013053,6.5756288581058575,frequency
7150,3,0.3477621542137671,5.326063013257173,frequency
7151,3,0.28048328515306503,6.876460816933991,frequency
7152,3,0.30630747312524287,6.1776049848951295,frequency
7153,4,0.27924687962767086,6.170550264843247,frequency
7154,4,0.24295918178003664,7.226114234313038,frequency
7155,4,0.24295918178003664,7.226114234313038,frequency
7156,3,0.21829929618091615,7.094865297702527,frequency
7157,4,0.18050870635427116,7.440920393894754,frequency
7182,1,0.2909076337029494,5.390324295351503,frequency
7183,11,0.2116100348721243,5.775381739740977,frequency
7184,1,0.23611860127072795,6.423928701622097,frequency
7185,1,0.2577311932502454,6.070986396138065,frequency
7186,11,0.16909104088262275,7.051538768886687,frequency
7187,11,0.1953689990455365,6.243138302675446,frequency
7188,2,0.22097950450134782,5.936725416806023,frequency
7190,1,0.32985057251432326,4.889508679942206,frequency
7198,12,0.2449937387190351,5.893770275606476,frequency
7199,10,0.261754523306586,4.860517551769528,frequency
7202,11,0.18016831689028034,6.44214845228014,frequency
7206,10,0.21151596622157753,6.261625980324018,frequency
7207,10,0.24252830726671984,5.772895032383487,frequency
7208,1,0.2161153661335086,6.146756407396322,frequency
7209,1,0.2500893682938316,6.125839270446351,frequency
7210,1,0.2506314357878376,5.808013865891383,frequency
7211,1,0.2787461465325996,5.600233055551305,frequency
7212,1,0.1998833478413682,6.716916720599186,frequency
7213,4,0.20382120827712952,5.933092277618002,frequency
7214,3,0.18573791324991665,7.049355403471076,frequency
7215,1,0.19920941470699569,7.208492276535198,frequency
7216,3,0.1869226439245562,8.309465970147048,frequency
7217,4,0.18578901686645238,8.061325197480954,frequency
7218,3,0.1942895571116297,8.744227227259364,frequency
7219,3,0.2665127480992088,7.453787538524215,frequency
7220,4,0.23970944309927367,6.665615856536791,frequency
7221,4,0.2545379750089988,6.189408016553017,frequency
7222,9,0.1802043114662152,7.470713111190835,frequency
7223,4,0.1807338891255401,7.065138920318969,frequency
7224,11,0.15287377462134646,9.121771949584042,frequency
7225,3,0.19427958182254199,7.754319592122852,frequency
7226,8,0.14902892164812503,8.728839107714744,frequency
7227,12,0.21774657613074,7.074495370273414,frequency
7228,11,0.18098168855306054,7.070246500750957,frequency
7229,11,0.22643451410927184,6.70248065090236,frequency
7230,4,0.16956610738769048,7.374996842156494,frequency
7231,11,0.36150952268986597,4.42983956098481,frequency
7232,2,0.16724735938145585,7.049560460982888,frequency
7233,2,0.2221639457193517,7.233728666274716,frequency
7234,9,0.22373035503896263,7.260181060296322,frequency
7235,9,0.21426492916231996,8.384025019882866,frequency
7236,9,0.28262631495391916,6.438100143134334,frequency
7237,9,0.25455118421331124,6.3874157698519065,frequency
7238,3,0.2593912805045243,6.1999917231569555,frequency
7239,3,0.21804143017661132,7.779443668263842,frequency
7240,4,0.3061540047417793,5.82777822660914,frequency
7241,4,0.24243560882754697,6.427664655381268,frequency
7242,4,0.2311778565899928,6.941695190638389,frequency
7243,4,0.22787432385775122,7.031920278002129,frequency
7267,1,0.3592027160846778,3.692660142470843,frequency
7268,1,0.3436428136948479,4.326251336995569,frequency
7269,1,0.39646809321385407,4.376675783087686,frequency
7270,1,0.26008235039568844,5.580394884339323,frequency
7271,1,0.23450940284124835,6.715726673421584,frequency
7272,1,0.23450940284124835,6.715726673421584,frequency
7273,1,0.2462284134377886,6.099114953781639,frequency
7274,1,0.23715491819572743,6.8468586910517475,frequency
7275,11,0.20211668973129535,6.862233308322768,frequency
7277,1,0.259899165610166,5.362838516913226,frequency
7289,1,0.33180746927534355,5.429262777431505,frequency
7295,1,0.23741066613838915,6.112199725751199,frequency
7296,1,0.16656822085082382,7.780267225606821,frequency
7297,1,0.22738176921846706,6.603976413006485,frequency
7298,1,0.20901481269153432,7.112563987727932,frequency
7299,3,0.23292125020568127,6.879737007132193,frequency
7300,3,0.29348815124635613,5.496903110303692,frequency
7301,1,0.23482592660561327,5.519321943617289,frequency
7302,1,0.24983388495076383,5.185998696964223,frequency
7303,11,0.21375603558650927,6.581450805445187,frequency
7304,11,0.19395798652113846,8.020261419050525,frequency
7305,11,0.16958547166263954,8.125274439667628,frequency
7306,3,0.2562256233550719,7.171524826717961,frequency
7307,4,0.23905825535768183,5.248526061865035,frequency
7308,3,0.2866927296420887,5.497856352498469,frequency
7309,3,0.20620362647988227,7.170026303664948,frequency
7310,12,0.2101132745983564,7.042188405808569,frequency
7311,9,0.1610821886911758,8.844277962223801,frequency
7312,11,0.16027123837401755,8.050176029194185,frequency
7313,4,0.16008550514292927,8.798737773580907,frequency
7314,4,0.16944376608494732,8.736966442325745,frequency
7315,11,0.21558059774620286,6.329720502603429,frequency
7316,10,0.1952045637987535,8.08099510879546,frequency
7317,4,0.21317731491906391,7.058869139740138,frequency
7318,11,0.23828743017661683,5.901451678368318,frequency
7319,11,0.25418355509423857,6.070668488225629,frequency
7320,9,0.1906376663206789,7.996952670380627,frequency
7321,9,0.2537471702330001,5.842865274680487,frequency
7322,9,0.16910949829598954,8.990803612447424,frequency
7323,9,0.2150269909465108,8.046071267877707,frequency
7324,9,0.255643975298456,6.093267263210326,frequency
7325,8,0.23061717868095558,7.405737991716495,frequency
7326,3,0.2797058062608568,6.181099515321331,frequency
7327,4,0.2685328342420051,6.088612247180378,frequency
7328,4,0.2548459340489613,6.036508427980531,frequency
7329,4,0.24243560882754697,6.427664655381268,frequency
7353,2,0.41763477640957053,2.9558456698409854,frequency
7354,2,0.41763477640957053,2.9558456698409854,frequency
7355,1,0.4495007813217085,3.4498673502114743,frequency
7356,1,0.44132525521113286,3.89320172181688,frequency
7357,1,0.2919153414233886,4.66533677716704,frequency
7358,1,0.1973344244536988,6.7004902841333625,frequency
7360,1,0.22132763101181338,7.125003795819255,frequency
7361,2,0.25283351316036945,6.1933233126671015,frequency
7362,2,0.3188153366021918,5.516093128289208,frequency
7363,2,0.2631058480327322,6.086325141224258,frequency
7365,11,0.25231067220063513,5.667230772571109,frequency
7379,11,0.23668104255695996,6.350909914563063,frequency
7382,3,0.23076355570786689,6.013182707014441,frequency
7383,3,0.27357887402213904,6.545429182289781,frequency
7384,11,0.22096157206618935,6.562264910033097,frequency
7385,1,0.2387945503011156,7.029505766314741,frequency
7386,1,0.2649741188070002,5.412612422764414,frequency
7387,3,0.3286597017147679,5.372149927575225,frequency
7388,3,0.3264514507744297,5.046589407473816,frequency
7389,3,0.27074532097693366,6.090509357489512,frequency
7390,11,0.21400439713395444,6.362166689368372,frequency
7391,3,0.22832888873190524,6.771070621000845,frequency
7392,3,0.2289961859553415,6.780789793122456,frequency
7393,3,0.30588159213632105,5.392196386807579,frequency
7394,3,0.3049096379148917,5.640726601334511,frequency
7395,3,0.2693730371382813,5.455891553760856,frequency
7396,3,0.34439046191321127,5.359939491601297,frequency
7397,3,0.30892666317095996,6.041392024193771,frequency
7398,4,0.18049773618159168,7.044655371404084,frequency
7399,9,0.18517399124312697,8.959066008620882,frequency
7400,9,0.16008550514292924,9.22061252901205,frequency
7401,3,0.18488221123624426,8.351214326239619,frequency
7402,4,0.1943578058253473,7.779665709948167,frequency
7403,4,0.16877005547707474,7.751992687196222,frequency
7404,4,0.20240136579783424,7.949278240553134,frequency
7405,11,0.19003639360021973,6.749646252267926,frequency
7406,11,0.36338829368649767,4.2553010455198015,frequency
7407,4,0.24002182016546955,7.342965407271519,frequency
7408,4,0.26654758816788754,7.011883673790863,frequency
7409,4,0.18417674887654567,8.306121157617303,frequency
7410,4,0.18418531520294584,8.344533295486913,frequency
7411,9,0.25562747286831466,5.596593722117781,frequency
7412,9,0.2829736846324863,6.226788118012693,frequency
7413,9,0.18674840839424664,6.374417085113048,frequency
7414,3,0.24481345697649343,6.58595137463471,frequency
7443,1,0.38835344860407817,4.290833953555225,frequency
7444,1,0.4157892474966694,4.000524212946709,frequency
7445,1,0.2481203712970376,6.695840266100229,frequency
7448,1,0.22617204070555072,6.760065524963523,frequency
7449,1,0.206156607821452,6.985766609516916,frequency
7450,2,0.2634062129710699,5.986090846693594,frequency
7451,2,0.22912818260498888,6.907131333326346,frequency
7452,2,0.3487884425422352,5.131121716061723,frequency
7453,11,0.23366140338455005,5.500250092819461,frequency
7470,3,0.2445734593719634,6.9718572451061585,frequency
7471,3,0.29676322786383974,6.032720982974432,frequency
7474,3,0.25543643203876837,6.777548386036595,frequency
7475,3,0.28584017177657045,6.070779500288793,frequency
7476,3,0.35948911874837797,5.0523749103494575,frequency
7477,3,0.3453333491618785,5.183676279119272,frequency
7478,11,0.17950182604818116,7.436741546132683,frequency
7479,11,0.18978744958990043,7.521780924307901,frequency
7480,3,0.3017904853052598,5.894926901955134,frequency
7481,3,0.22705074337663786,6.418055731578265,frequency
7482,3,0.24104401029467862,6.089665404542251,frequency
7483,3,0.32468886007304787,5.3190462522420345,frequency
7484,3,0.21603978126431678,7.0841987268205555,frequency
7485,9,0.2264345141092718,6.702480650902364,frequency
7486,9,0.2518816658816696,7.092164161800935,frequency
7487,11,0.2041026698278528,7.642967128606135,frequency
7488,4,0.21374449791567518,7.641147112090592,frequency
7489,4,0.14511103788891266,8.660229125121303,frequency
7490,12,0.20238250533533003,7.237270304731389,frequency
7491,4,0.2026240285939994,7.141589213229077,frequency
7492,4,0.240649023122968,5.872960860395277,frequency
7493,11,0.17026399518445265,7.689667102994736,frequency
7494,11,0.22728577168111117,6.227579525768685,frequency
7495,4,0.19331885466079898,8.266998750458148,frequency
7496,4,0.2026892908995804,8.27939156963593,frequency
7497,4,0.1930757444136644,7.243825133380703,frequency
7498,9,0.24186354701025312,7.222650753091366,frequency
7499,9,0.2826263149539192,7.001228912224774,frequency
7500,9,0.23727730286809942,5.46353979221988,frequency
7530,1,0.4172375074614699,3.9086887155168193,frequency
7531,3,0.25659804160902705,5.254812893708925,frequency
7532,3,0.24180326910713243,6.456901479382911,frequency
7533,1,0.2980884540117417,5.307818937207605,frequency
7535,1,0.2583343644782515,6.2419227386383085,frequency
7536,3,0.22014159987195395,6.525505993074698,frequency
7537,11,0.18092322998110535,7.491044412762836,frequency
7538,3,0.2508669398616777,6.236348293272334,frequency
7539,2,0.23518492429829868,6.123572761336217,frequency
7540,2,0.20362302619117323,6.332177886444254,frequency
7541,12,0.25404068301352095,5.184118496831782,frequency
7553,11,0.29661360651892255,5.398345349057322,frequency
7556,11,0.21914610226062245,6.785478366925511,frequency
7558,3,0.2854976666126872,5.9582002787497,frequency
7559,3,0.2854976666126872,5.9582002787497,frequency
7560,3,0.2670645007660219,6.830514686870326,frequency
7561,3,0.27287412022614516,5.838434170788948,frequency
7562,3,0.2343199198513827,6.349161375358834,frequency
7563,3,0.2791372170361552,6.482209074317378,frequency
7565,4,0.16890272870077225,7.6715310518649185,frequency
7566,11,0.2126849908139105,6.796965992903658,frequency
7567,11,0.22345892001736917,6.702633404444612,frequency
7568,11,0.2367417821686895,6.9774173487972195,frequency
7569,2,0.19704593109641227,6.975945415834367,frequency
7570,2,0.24749730199162076,6.300889584831777,frequency
7571,11,0.19004855391732256,7.5296705196710825,frequency
7572,11,0.23963266950734793,6.736913696349384,frequency
7573,9,0.25391939982687317,7.424390185494579,frequency
7574,4,0.25197892539896666,4.82518000435578,frequency
7575,11,0.24273034864904625,6.349771449531564,frequency
7576,11,0.2545379750089988,6.385039810368346,frequency
7577,12,0.1765288857484534,7.841085110932302,frequency
7578,11,0.17641488573941644,7.898433272269761,frequency
7579,4,0.2678643902702995,5.683597678126345,frequency
7580,10,0.20545907941767347,6.648802508804535,frequency
7581,11,0.16945101669566343,9.020317495033535,frequency
7582,4,0.15709298635353858,8.020545942116097,frequency
7583,4,0.19043954987015482,6.694105936070736,frequency
7584,9,0.16089457223607387,8.836542673581764,frequency
7585,9,0.20338155022688767,7.135896993202127,frequency
7586,9,0.240600879802552,6.43323517579054,frequency
7617,1,0.32860320339972915,4.0490295685744435,frequency
7618,1,0.46830666752368055,3.6920368969939186,frequency
7619,3,0.3036276244304927,5.215302052559194,frequency
7620,1,0.4076237745853629,4.22146990410877,frequency
7621,1,0.3306318408443993,4.552183327550599,frequency
7622,1,0.3121708666756731,4.838883864916249,frequency
7623,3,0.25423040015102016,5.722393200499435,frequency
7624,1,0.24866881394990203,6.288061490807259,frequency
7625,3,0.2815899603287785,5.895114570799654,frequency
7626,2,0.18369407622203812,6.984302918619163,frequency
7627,2,0.21165489065988893,6.356151988278814,frequency
7628,11,0.2616529637979048,5.372645903035631,frequency
7641,4,0.20216887002842765,7.105493352870307,frequency
7644,11,0.2895247877513682,5.314374788645382,frequency
7646,3,0.30988691778926136,5.8618421613820235,frequency
7647,3,0.24430186958389444,6.101604342244362,frequency
7648,3,0.2717798405309748,5.646810052670596,frequency
7649,11,0.1949942352036895,6.820605956029338,frequency
7650,3,0.18653449037684072,7.54473573720261,frequency
7651,11,0.19526145805083703,6.977392488743329,frequency
7652,11,0.23964717134861313,6.695803960502689,frequency
7653,4,0.22440974266687677,6.432786345782778,frequency
7654,4,0.21274546608828626,6.765056959675083,frequency
7655,11,0.201395728465567,7.6741246229102416,frequency
7656,2,0.2102108033637679,7.100977554285138,frequency
7657,4,0.17778485069255356,7.340930128604592,frequency
7658,11,0.251979160038427,6.668561779347416,frequency
7659,11,0.38703365733933665,4.7617337606697365,frequency
7660,11,0.3155319617008409,5.757736675248714,frequency
7661,9,0.2976458915847389,5.576369665462465,frequency
7662,11,0.24195322237700712,6.505086404088719,frequency
7663,11,0.19442197183827198,8.17843939945971,frequency
7664,4,0.20290219117120528,7.367798531555024,frequency
7665,11,0.22671323066353696,6.450450386642437,frequency
7666,11,0.20456658745738196,7.253905749828506,frequency
7667,4,0.203866251383562,6.848353157219204,frequency
7668,4,0.20455602045560203,6.662880506505023,frequency
7669,11,0.2719126583582243,5.73428299719334,frequency
7670,9,0.17954840854819695,6.99790875686659,frequency
7671,8,0.23490136570561457,7.027263142133058,frequency
7672,9,0.16089457223607387,8.836542673581764,frequency
7705,12,0.3510438827480407,4.041991321738583,frequency
7707,1,0.3645562889562115,4.598892640969153,frequency
7709,1,0.35235204855842184,4.5962795190577985,frequency
7711,3,0.21995521048181343,6.960254287794283,frequency
7713,3,0.23055875396267286,6.402910069890401,frequency
7714,3,0.26998355847045047,5.831535545226765,frequency
7715,3,0.22363475181564618,6.269326616555964,frequency
7716,12,0.260225392827225,5.759443886663839,frequency
7717,12,0.260225392827225,5.759443886663839,frequency
7733,3,0.29616596080056945,6.1841479636510295,frequency
7734,3,0.272565413962575,6.391735134511964,frequency
7736,11,0.2701375245579568,5.055843107059584,frequency
7737,11,0.20550077841203945,5.712282691744786,frequency
7738,11,0.19478801686579172,6.607989305645061,frequency
7739,11,0.2147762515882344,6.56195022672304,frequency
7740,11,0.21401596288070018,6.539314667042186,frequency
7741,4,0.23742725719312024,6.3618394843936725,frequency
7743,4,0.20205741138520586,7.200549354251127,frequency
7744,11,0.201395728465567,8.216948532848384,frequency
7745,11,0.217330971492823,6.548199495136137,frequency
7746,11,0.3091072994139032,6.18122407713931,frequency
7747,11,0.31454363275810365,6.31644244877151,frequency
7748,11,0.29799005378357074,6.35525964602653,frequency
7749,11,0.2883903180712876,6.512510843656559,frequency
7750,11,0.21042263378219003,7.730341451640517,frequency
7751,11,0.26687092362718284,6.766834447274928,frequency
7752,10,0.16330993209805503,8.147558782091455,frequency
7753,9,0.22729881758695902,6.746272374153853,frequency
7754,12,0.20551814034325439,7.374128039676347,frequency
7755,11,0.24033501244158523,6.685652188297629,frequency
7756,11,0.2403495994173343,7.00949577857448,frequency
7757,11,0.20394849785407726,7.704749946935165,frequency
7758,9,0.17954840854819695,6.99790875686659,frequency
7793,1,0.2651251854723362,4.793158632376967,frequency
7794,1,0.45876855997887395,3.588726814126084,frequency
7795,1,0.38369127107799184,4.315051086050753,frequency
7796,4,0.24034959941733433,5.21953174174915,frequency
7798,4,0.224287910748994,6.41341932550678,frequency
7801,11,0.22122615646395685,5.949821392703714,frequency
7802,11,0.20294644843715234,6.420908462188485,frequency
7803,12,0.25153199458770137,5.687006827379093,frequency
7804,11,0.2433640477934454,5.542233692960412,frequency
7805,11,0.2442877648482004,6.437378627674112,frequency
7821,3,0.24366891785770378,6.3111865898372645,frequency
7822,3,0.27949173712528824,6.113946286278496,frequency
7823,3,0.27949173712528824,6.113946286278496,frequency
7824,11,0.22815659839253308,5.79113100308056,frequency
7825,11,0.2042838458359048,6.267263029579868,frequency
7826,11,0.18452610625025925,7.0956591414190076,frequency
7827,11,0.23018568538794423,6.8715520155845535,frequency
7828,11,0.282348914810484,5.928689273176174,frequency
7829,11,0.3169419900115252,5.262743992103099,frequency
7831,9,0.2512756464126362,6.66000077248958,frequency
7832,9,0.1887261796548622,7.895345471922715,frequency
7833,11,0.201395728465567,7.696470891396527,frequency
7834,11,0.2535001475472034,7.456748182906885,frequency
7835,11,0.29876343294567936,6.358549305732156,frequency
7836,11,0.29799005378357074,6.35525964602653,frequency
7837,11,0.28164205854740976,6.388390662002494,frequency
7838,11,0.25391939982687317,6.6468241425617265,frequency
7839,11,0.24134468051708055,7.694802615091963,frequency
7840,9,0.18517399124312697,8.66907863234408,frequency
7841,12,0.19547473912594276,7.701581462209542,frequency
7842,12,0.19547473912594276,7.701581462209542,frequency
7843,11,0.2826956025128498,6.94580455078726,frequency
7882,1,0.27541663122777116,4.974628038220046,frequency
7883,1,0.3504799855098714,3.837039132466212,frequency
7885,4,0.2173468759398597,5.173409789251866,frequency
7889,1,0.20699982153163432,6.557793302549542,frequency
7890,11,0.23861048631068596,5.673822819808665,frequency
7891,12,0.215598852503744,6.050921305039528,frequency
7892,11,0.2258565605887072,5.850284411317767,frequency
7893,11,0.2526458621641192,5.960653287427208,frequency
7899,11,0.33423706622365223,4.177387621288688,frequency
7900,11,0.4334693746785111,3.999778349892402,frequency
7907,3,0.2924673777395724,5.96292654936875,frequency
7911,11,0.25570823432172746,6.220493758406419,frequency
7912,11,0.26883180361700976,6.078609659906054,frequency
7913,11,0.2667947947737404,6.535331293328712,frequency
7914,11,0.2671187306233626,6.546136896491425,frequency
7915,11,0.26680917523821546,6.5357076362218525,frequency
7916,11,0.2527719914434906,6.6813777608975045,frequency
7918,4,0.1787940322701424,8.208108072027901,frequency
7919,9,0.2020711588516278,7.221468741008046,frequency
7920,11,0.21625816717784602,7.465735581331397,frequency
7921,11,0.1892794494932263,7.487191135778752,frequency
7922,11,0.25465419118356325,6.656594577316015,frequency
7923,11,0.21426492916231993,7.634013040646897,frequency
7924,11,0.2745376322510136,7.026820162737944,frequency
7925,11,0.241395203615873,7.673045890517313,frequency
7926,11,0.20241171135511501,8.63742812192713,frequency
7927,11,0.2026343969267865,7.706154513857761,frequency
7928,11,0.2026343969267865,7.706154513857761,frequency
7929,12,0.19547473912594276,7.701581462209542,frequency
7969,1,0.31884815175781445,4.260648937502838,frequency
7970,4,0.24216874370564118,6.0188697811887355,frequency
7972,4,0.35920099680710227,3.655225247321816,frequency
7978,11,0.23924477867721333,5.913703787910969,frequency
7979,3,0.24259128472285565,6.172055515552339,frequency
7980,11,0.30320233657775025,5.223800648032916,frequency
7981,12,0.2623158307645412,5.000148962249913,frequency
7987,11,0.33363163459157563,3.9575408270808112,frequency
7988,11,0.3716838469991105,4.518684818660362,frequency
7998,11,0.23217861794519346,6.369007009210218,frequency
7999,11,0.2837570580985411,5.95674937140299,frequency
8000,11,0.31683461997798784,5.322538459362874,frequency
8001,11,0.2811288372112352,6.201998000687583,frequency
8002,11,0.28010276645474363,5.772398656296659,frequency
8003,11,0.2032883056219392,7.260716767790646,frequency
8004,4,0.19070245280595866,6.68322904180791,frequency
8005,11,0.17974625620889947,8.268752991943519,frequency
8006,11,0.2322383527993714,6.710597209102787,frequency
8007,11,0.2532445857713437,6.520579270075091,frequency
8008,2,0.24224502009224316,5.386476168695098,frequency
8009,11,0.2689562291793323,6.043849260021536,frequency
8010,11,0.25183947048564254,7.043339028317771,frequency
8011,11,0.2395020905540942,6.9360863034129085,frequency
8012,11,0.33577737273577074,5.360394691901969,frequency
8013,11,0.2643018628104684,6.293374703186776,frequency
8014,11,0.2524340073820933,6.856521627929127,frequency
8015,11,0.2812133674382772,6.977265195529202,frequency
8056,1,0.3544415206115328,3.999195398940884,frequency
8057,4,0.2801708220621925,5.382780064183078,frequency
8067,11,0.23016427911629167,6.210526454819429,frequency
8068,11,0.21420358707891668,6.370842730404677,frequency
8069,1,0.27195318846988414,4.855704434993098,frequency
8076,11,0.41881228179950875,4.128907482346975,frequency
8085,11,0.2221096200442578,7.644749679155726,frequency
8086,11,0.23218950874099975,7.780042788218536,frequency
8087,11,0.29876343294567936,6.128649496894873,frequency
8088,11,0.24108021039727454,6.967794592818762,frequency
8089,11,0.3149939934626524,5.124500155816349,frequency
8090,11,0.26933122548527644,6.754848709815152,frequency
8091,11,0.1802731411229135,7.781601698362019,frequency
8092,9,0.17026399518445265,7.688538773567842,frequency
8093,11,0.19038714554524255,7.987822323483714,frequency
8094,11,0.25181671167948116,6.52748647287567,frequency
8095,4,0.23231633330535184,6.235430159895834,frequency
8096,11,0.26774693330320987,6.061840762039986,frequency
8097,11,0.2326476687947009,5.822647654356668,frequency
8098,11,0.20330222109805238,7.731192908711525,frequency
8099,11,0.22906501518635022,7.292383916396858,frequency
8100,11,0.2868375552969665,5.844445959879955,frequency
8143,12,0.3721044019266711,4.041396518371131,frequency
8144,1,0.2839064225917965,6.054789023005314,frequency
8154,11,0.21312806389641317,6.335847827899443,frequency
8155,3,0.2108390836713594,6.263343455716039,frequency
8156,2,0.15899634722979586,7.953870517985187,frequency
8157,2,0.2197541252293945,7.6062569369009925,frequency
8171,11,0.1782114642130942,7.937334355170373,frequency
8173,11,0.24239651866285986,6.556601896164406,frequency
8174,11,0.23142103576734974,6.914497033743383,frequency
8176,11,0.2668235572530124,5.905537769568434,frequency
8178,11,0.19059738357077788,7.527255085063746,frequency
8179,11,0.19091338815998343,7.5609093840826604,frequency
8180,11,0.19150788277396266,7.516356187707074,frequency
8182,4,0.2174310919140525,6.075934906728913,frequency
8183,4,0.298067080146926,5.605751841795497,frequency
8184,4,0.19045176183910992,6.081743160781651,frequency
8185,11,0.2356581766246132,6.206810678111836,frequency
8186,11,0.2373803941865489,7.3475121682226305,frequency
8228,1,0.28258740137847516,4.7139363106322865,frequency
8231,1,0.24770071364852808,6.008197419401628,frequency
8242,12,0.27844852496441863,5.019300605556604,frequency
8243,3,0.3644899188738083,4.576481269285454,frequency
8244,11,0.193907719464401,6.822001768814928,frequency
8259,11,0.25394289777896417,6.395869267758847,frequency
8261,11,0.3106398494304718,5.192061588052701,frequency
8262,11,0.23117785658999274,6.709142429121588,frequency
8265,11,0.2147146164237638,6.591141360792751,frequency
8266,1,0.21065474633674222,6.6076066609819755,frequency
8267,3,0.2601528949941059,6.921982112442139,frequency
8270,4,0.1790257453341498,8.217041849134434,frequency
8271,4,0.23845366411754085,6.079302171346801,frequency
8272,4,0.1901773708138567,6.6898509619030255,frequency
8315,1,0.413029738557668,3.4875276872204437,frequency
8316,3,0.2919652350647844,4.286684514640352,frequency
8319,2,0.30891521920861975,4.484388563617026,frequency
8329,3,0.3269247654121364,4.847265601730048,frequency
8330,3,0.33624977002116285,4.48654185030672,frequency
8331,3,0.26299821569375803,5.025785427498379,frequency
8347,3,0.21753133399607125,6.858167761773625,frequency
8348,11,0.2746208414340828,6.23009060571546,frequency
8349,11,0.20378667165380868,7.147459680981673,frequency
8352,10,0.2714289313316855,5.457500196666857,frequency
8353,3,0.23266346458969567,7.090388539258327,frequency
8356,11,0.23390813098240645,6.292610632166721,frequency
8404,1,0.30460741025148785,3.992866130652876,frequency
8408,12,0.261592610328159,5.094744474168608,frequency
8409,3,0.2015667598296666,6.681205567675588,frequency
8415,3,0.3024739550613788,5.6601247506881744,frequency
8416,1,0.2405191466398261,5.398498108835651,frequency
8418,3,0.2740544057075574,5.068971220316714,frequency
8419,11,0.29187335136618636,3.9126159571361048,frequency
8427,11,0.2025898964590441,6.23450893386845,frequency
8428,3,0.26508394222319176,5.570636159956025,frequency
8429,3,0.2631325431984858,5.453667577564239,frequency
8433,11,0.24050283401097577,5.747596657345266,frequency
8436,11,0.24211789632415048,6.394718228081455,frequency
8439,10,0.22923489617540435,6.478255335839436,frequency
8440,10,0.23261434753012933,6.66935033426077,frequency
8441,11,0.2139547632476425,7.375635341443207,frequency
8442,2,0.19870517230917162,7.044192699081,frequency
8443,2,0.19870517230917162,7.044192699081,frequency
8496,1,0.30576967547984274,5.227094769184909,frequency
8497,3,0.22923489617540435,5.744871836308821,frequency
8502,3,0.36791841320599805,4.34953396189487,frequency
8504,3,0.2791632515904284,5.443885688674889,frequency
8505,3,0.2832111280812457,5.572378079883332,frequency
8506,12,0.27821608443462925,5.159387455067864,frequency
8514,2,0.3085205147661528,4.505946803553595,frequency
8515,3,0.32449504192558604,4.3449619807908775,frequency
8521,3,0.3231502413392802,4.438303301642118,frequency
8525,11,0.20235696761179267,7.380811366759231,frequency
8527,11,0.160848453466623,8.439591861785066,frequency
8585,3,0.2600761399620809,5.329281876068626,frequency
8586,2,0.2488169577787081,5.613957179963452,frequency
8590,4,0.32061249590954743,5.234750132613384,frequency
8592,3,0.24367908732756918,5.998603458677857,frequency
8593,3,0.2630535104062815,5.117327105299872,frequency
8594,1,0.36733612599937693,3.9127248304894224,frequency
8602,11,0.31676785965131343,4.552755880637903,frequency
8610,3,0.32571282897203274,5.5358757883576,frequency
8673,3,0.2719287922394198,4.891086575042907,frequency
8674,3,0.27625192158166206,4.957221418499107,frequency
8679,4,0.2421687437056412,6.018869781188734,frequency
8680,3,0.29405981879983323,4.851103043302822,frequency
8681,12,0.3039456670802586,4.8340405676022655,frequency
8689,11,0.356530090003572,4.556214917345148,frequency
8690,2,0.22270002197181332,5.6944516678872565,frequency
8691,3,0.24165114785229788,6.052401348965452,frequency
8697,3,0.32542429764417474,5.878151759092743,frequency
8698,3,0.32542429764417474,5.878151759092743,frequency
8757,3,0.29730559888568714,4.909144505553239,frequency
8758,1,0.24898093318364903,5.739687680496433,frequency
8759,3,0.37432478992123797,4.422847205395965,frequency
8760,3,0.5735011873393839,2.444655797207128,frequency
8761,3,0.38785466699832877,3.809465666857404,frequency
8767,4,0.2829736846324863,4.790345513662248,frequency
8768,12,0.2717642253009929,5.124660218749497,frequency
8769,1,0.31833447690585387,4.357207388472494,frequency
8776,11,0.2814198424908603,5.718909001547606,frequency
8777,11,0.34093844167025406,4.459775885627241,frequency
8778,2,0.25106867851885406,5.382922082041507,frequency
8779,3,0.26389357440079475,5.801676471772367,frequency
8780,3,0.26302785620474756,5.370089743351527,frequency
8844,3,0.3244778812885801,4.154447829846852,frequency
8846,3,0.3624828759255178,4.294702360716349,frequency
8847,3,0.38822525526099144,4.314297619165026,frequency
8855,3,0.46174496644295304,3.147167393412226,frequency
8856,3,0.26877545222085425,5.100837216497922,frequency
8857,11,0.3205251801259648,5.523271153570689,frequency
8863,11,0.25410810184774596,6.121800181149425,frequency
8864,11,0.25410810184774596,6.121800181149425,frequency
8865,2,0.2946436728783856,4.82160964179655,frequency
8866,3,0.3084925732238373,5.09166531018579,frequency
8867,3,0.23271192754126802,6.775490090130624,frequency
8928,4,0.23793246709853844,5.442386874789618,frequency
8929,4,0.23731932648436035,5.843756114178452,frequency
8931,2,0.42917200149207085,3.3753433632599243,frequency
8942,3,0.25713798907829827,6.903792285003075,frequency
8943,4,0.18573418253679994,7.164084194080225,frequency
8944,4,0.2550587596566038,6.258832236721558,frequency
8945,11,0.3355141616072278,3.541923502657657,frequency
8950,11,0.2753037169506106,5.967346425281188,frequency
8951,11,0.255002355897597,5.737601047062097,frequency
8952,11,0.255609362897284,5.555908791257993,frequency
8953,4,0.2667947947737404,5.720757518579386,frequency
8955,3,0.23076355570786689,6.0729202303706495,frequency
9030,3,0.2834921591240731,5.9504420997202105,frequency
9031,3,0.26621899496941326,5.806916050940268,frequency
9032,1,0.2713937601271647,4.607883936870421,frequency
9033,1,0.2713937601271647,4.607883936870421,frequency
9038,11,0.25441058257766996,6.15050360559264,frequency
9039,3,0.28691732171046697,5.7448653673383285,frequency
9040,2,0.23547161044576848,5.732473969501801,frequency
9041,3,0.3625060264235795,4.035903135457489,frequency
9116,3,0.4364401534843421,3.756546363622446,frequency
9120,1,0.3068886017778534,4.746927025856287,frequency
9121,1,0.22872637164467624,5.954416149216997,frequency
9125,11,0.24546212182773733,7.335913034201443,frequency
9126,3,0.29095500947070335,5.429864094490971,frequency
9127,3,0.29095500947070335,5.429864094490971,frequency
9204,3,0.4877941078858469,3.3340940916186463,frequency
9207,3,0.35452976999805763,3.947748164487515,frequency
9208,3,0.2658973274985432,5.334122703036061,frequency
9209,2,0.20218763506485488,6.9164944185175425,frequency
9212,11,0.2958513031961999,5.391803191052029,frequency
9213,11,0.24546212182773733,7.335913034201443,frequency
9295,3,0.4897879292518725,3.2781521282929207,frequency
9296,3,0.19500829838592496,7.085266156667299,frequency
9297,3,0.21991131200066222,6.5108064525977305,frequency
9383,3,0.4897879292518725,3.2781521282929207,frequency
9467,3,0.49151125976917953,3.384870766603182,frequency
